2026-09-14 17:50:21 [SYSTEM] Starting ModBusBridgeService
2026-09-14 17:50:21 [LOG] Parameters set: IP=127.0.0.1, port=502
2026-09-14 17:50:21 [LOG] Attempting to connect to PLC...
2026-09-14 17:50:21 Server is running on port 12345
2026-09-14 17:50:21 [SYSTEM] Starting event loop
2026-09-14 17:50:22 Client connected: 127.0.0.1:61621
2026-09-14 17:50:25 [ERROR] Socket error: Connection refused
2026-09-14 17:50:25 [LOG] Socket error: Connection refused
2026-09-14 17:50:25 [LOG] PLC reconnect will be attempted every 3000 ms
2026-09-14 17:50:28 [LOG] Trying to reconnect to PLC...
2026-09-14 17:50:32 [ERROR] Socket error: Connection refused
2026-09-14 17:50:32 [LOG] Socket error: Connection refused
2026-09-14 17:50:34 [LOG] Trying to reconnect to PLC...
2026-09-14 17:50:37 Client disconnected
2026-09-14 17:50:37 [LOG] Disconnected from PLC
2026-09-14 17:50:37 Server stopped
2026-09-14 17:50:37 [SYSTEM] Application stopped
2026-09-14 17:51:17 [SYSTEM] Starting ModBusBridgeService
2026-09-14 17:51:17 [LOG] Parameters set: IP=127.0.0.1, port=502
2026-09-14 17:51:17 [LOG] Attempting to connect to PLC...
2026-09-14 17:51:17 Server is running on port 12345
2026-09-14 17:51:17 [SYSTEM] Starting event loop
2026-09-14 17:51:17 Client connected: 127.0.0.1:61637
2026-09-14 17:51:21 [ERROR] Socket error: Connection refused
2026-09-14 17:51:21 [LOG] Socket error: Connection refused
2026-09-14 17:51:21 [LOG] PLC reconnect will be attempted every 3000 ms
2026-09-14 17:51:24 [LOG] Trying to reconnect to PLC...
2026-09-14 17:51:28 [ERROR] Socket error: Connection refused
2026-09-14 17:51:28 [LOG] Socket error: Connection refused
2026-09-14 17:51:30 [LOG] Trying to reconnect to PLC...
2026-09-14 17:51:34 [ERROR] Socket error: Connection refused
2026-09-14 17:51:34 [LOG] Socket error: Connection refused
2026-09-14 17:51:36 [LOG] Trying to reconnect to PLC...
2026-09-14 17:51:40 [ERROR] Socket error: Connection refused
2026-09-14 17:51:40 [LOG] Socket error: Connection refused
2026-09-14 17:51:42 [LOG] Trying to reconnect to PLC...
2026-09-14 17:51:46 [ERROR] Socket error: Connection refused
2026-09-14 17:51:46 [LOG] Socket error: Connection refused
2026-09-14 17:51:48 [LOG] Trying to reconnect to PLC...
2026-09-14 17:51:52 [ERROR] Socket error: Connection refused
2026-09-14 17:51:52 [LOG] Socket error: Connection refused
2026-09-14 17:51:54 [LOG] Trying to reconnect to PLC...
2026-09-14 17:51:58 [ERROR] Socket error: Connection refused
2026-09-14 17:51:58 [LOG] Socket error: Connection refused
2026-09-14 17:52:00 [LOG] Trying to reconnect to PLC...
2026-09-14 17:52:04 [ERROR] Socket error: Connection refused
2026-09-14 17:52:04 [LOG] Socket error: Connection refused
2026-09-14 17:52:06 [LOG] Trying to reconnect to PLC...
2026-09-14 17:52:10 [ERROR] Socket error: Connection refused
2026-09-14 17:52:10 [LOG] Socket error: Connection refused
2026-09-14 17:52:12 [LOG] Trying to reconnect to PLC...
2026-09-14 17:52:16 [ERROR] Socket error: Connection refused
2026-09-14 17:52:16 [LOG] Socket error: Connection refused
2026-09-14 17:52:18 [LOG] Trying to reconnect to PLC...
2026-09-14 17:52:22 [ERROR] Socket error: Connection refused
2026-09-14 17:52:22 [LOG] Socket error: Connection refused
2026-09-14 17:52:24 [LOG] Trying to reconnect to PLC...
2026-09-14 17:52:28 [ERROR] Socket error: Connection refused
2026-09-14 17:52:28 [LOG] Socket error: Connection refused
2026-09-14 17:52:30 [LOG] Trying to reconnect to PLC...
2026-09-14 17:52:34 [ERROR] Socket error: Connection refused
2026-09-14 17:52:34 [LOG] Socket error: Connection refused
2026-09-14 17:52:36 [LOG] Trying to reconnect to PLC...
2026-09-14 17:52:40 [ERROR] Socket error: Connection refused
2026-09-14 17:52:40 [LOG] Socket error: Connection refused
2026-09-14 17:52:42 [LOG] Trying to reconnect to PLC...
2026-09-14 17:52:46 [ERROR] Socket error: Connection refused
2026-09-14 17:52:46 [LOG] Socket error: Connection refused
2026-09-14 17:52:48 [LOG] Trying to reconnect to PLC...
2026-09-14 17:52:52 [ERROR] Socket error: Connection refused
2026-09-14 17:52:52 [LOG] Socket error: Connection refused
2026-09-14 17:52:54 Client disconnected
2026-09-14 17:52:54 [LOG] Disconnected from PLC
2026-09-14 17:52:54 Server stopped
2026-09-14 17:52:54 [SYSTEM] Application stopped
2026-09-14 18:00:53 [SYSTEM] Starting ModBusBridgeService
2026-09-14 18:00:53 [LOG] Parameters set: IP=127.0.0.1, port=502
2026-09-14 18:00:53 [LOG] Attempting to connect to PLC...
2026-09-14 18:00:53 Server is running on port 12345
2026-09-14 18:00:53 [SYSTEM] Starting event loop
2026-09-14 18:00:54 Client connected: 127.0.0.1:61937
2026-09-14 18:00:57 [ERROR] Socket error: Connection refused
2026-09-14 18:00:57 [LOG] Socket error: Connection refused
2026-09-14 18:00:57 [LOG] PLC reconnect will be attempted every 3000 ms
2026-09-14 18:00:58 Client disconnected
2026-09-14 18:00:58 [LOG] Disconnected from PLC
2026-09-14 18:00:58 Server stopped
2026-09-14 18:00:58 [SYSTEM] Application stopped
2026-09-14 18:10:22 [SYSTEM] Starting ModBusBridgeService
2026-09-14 18:10:22 [LOG] Parameters set: IP=127.0.0.1, port=502
2026-09-14 18:10:22 [LOG] Attempting to connect to PLC...
2026-09-14 18:10:22 Server is running on port 12345
2026-09-14 18:10:22 [SYSTEM] Starting event loop
2026-09-14 18:10:23 Client connected: 127.0.0.1:62121
2026-09-14 18:10:26 [ERROR] Socket error: Connection refused
2026-09-14 18:10:26 [LOG] Socket error: Connection refused
2026-09-14 18:10:26 [LOG] PLC reconnect will be attempted every 3000 ms
2026-09-14 18:10:29 Client disconnected
2026-09-14 18:10:29 [LOG] Disconnected from PLC
2026-09-14 18:10:29 Server stopped
2026-09-14 18:10:29 [SYSTEM] Application stopped
2026-09-14 18:10:33 [SYSTEM] Starting ModBusBridgeService
2026-09-14 18:10:33 [LOG] Parameters set: IP=127.0.0.1, port=502
2026-09-14 18:10:33 [LOG] Attempting to connect to PLC...
2026-09-14 18:10:33 Server is running on port 12345
2026-09-14 18:10:33 [SYSTEM] Starting event loop
2026-09-14 18:10:33 Client connected: 127.0.0.1:62126
2026-09-14 18:10:37 [ERROR] Socket error: Connection refused
2026-09-14 18:10:37 [LOG] Socket error: Connection refused
2026-09-14 18:10:37 [LOG] PLC reconnect will be attempted every 3000 ms
2026-09-14 18:10:40 [LOG] Trying to reconnect to PLC...
2026-09-14 18:10:44 [ERROR] Socket error: Connection refused
2026-09-14 18:10:44 [LOG] Socket error: Connection refused
2026-09-14 18:10:46 [LOG] Trying to reconnect to PLC...
2026-09-14 18:10:50 [ERROR] Socket error: Connection refused
2026-09-14 18:10:50 [LOG] Socket error: Connection refused
2026-09-14 18:10:52 [LOG] Trying to reconnect to PLC...
2026-09-14 18:10:56 [ERROR] Socket error: Connection refused
2026-09-14 18:10:56 [LOG] Socket error: Connection refused
2026-09-14 18:10:58 [LOG] Trying to reconnect to PLC...
2026-09-14 18:11:02 [ERROR] Socket error: Connection refused
2026-09-14 18:11:02 [LOG] Socket error: Connection refused
2026-09-14 18:11:04 [LOG] Trying to reconnect to PLC...
2026-09-14 18:11:08 [ERROR] Socket error: Connection refused
2026-09-14 18:11:08 [LOG] Socket error: Connection refused
2026-09-14 18:11:10 [LOG] Trying to reconnect to PLC...
2026-09-14 18:11:11 Client disconnected
2026-09-14 18:11:11 [LOG] Disconnected from PLC
2026-09-14 18:11:11 Server stopped
2026-09-14 18:11:11 [SYSTEM] Application stopped
2026-09-14 18:15:34 [SYSTEM] Starting ModBusBridgeService
2026-09-14 18:15:34 [LOG] Parameters set: IP=127.0.0.1, port=502
2026-09-14 18:15:34 [LOG] Attempting to connect to PLC...
2026-09-14 18:15:34 Server is running on port 12345
2026-09-14 18:15:34 [SYSTEM] Starting event loop
2026-09-14 18:15:35 Client connected: 127.0.0.1:62278
2026-09-14 18:15:38 Client disconnected
2026-09-14 18:15:38 [LOG] Disconnected from PLC
2026-09-14 18:15:38 Server stopped
2026-09-14 18:15:38 [SYSTEM] Application stopped
2026-09-14 18:15:43 [SYSTEM] Starting ModBusBridgeService
2026-09-14 18:15:43 [LOG] Parameters set: IP=127.0.0.1, port=502
2026-09-14 18:15:43 [LOG] Attempting to connect to PLC...
2026-09-14 18:15:43 Server is running on port 12345
2026-09-14 18:15:43 [SYSTEM] Starting event loop
2026-09-14 18:15:43 Client connected: 127.0.0.1:62282
2026-09-14 18:15:45 Client disconnected
2026-09-14 18:15:45 [LOG] Disconnected from PLC
2026-09-14 18:15:45 Server stopped
2026-09-14 18:15:45 [SYSTEM] Application stopped
2026-09-14 18:28:52 [SYSTEM] Starting ModBusBridgeService
2026-09-14 18:28:52 [LOG] Parameters set: IP=127.0.0.1, port=502
2026-09-14 18:28:52 [LOG] Attempting to connect to PLC...
2026-09-14 18:28:52 Server is running on port 12345
2026-09-14 18:28:52 [SYSTEM] Starting event loop
2026-09-14 18:28:52 Client connected: 127.0.0.1:62666
2026-09-14 18:28:54 Client disconnected
2026-09-14 18:28:54 [LOG] Disconnected from PLC
2026-09-14 18:28:54 Server stopped
2026-09-14 18:28:54 [SYSTEM] Application stopped
2026-09-14 18:28:57 [SYSTEM] Starting ModBusBridgeService
2026-09-14 18:28:57 [LOG] Parameters set: IP=127.0.0.1, port=502
2026-09-14 18:28:57 [LOG] Attempting to connect to PLC...
2026-09-14 18:28:57 Server is running on port 12345
2026-09-14 18:28:57 [SYSTEM] Starting event loop
2026-09-14 18:28:58 Client connected: 127.0.0.1:62670
2026-09-14 18:28:59 Client disconnected
2026-09-14 18:28:59 [LOG] Disconnected from PLC
2026-09-14 18:28:59 Server stopped
2026-09-14 18:28:59 [SYSTEM] Application stopped
2026-09-14 18:35:55 [SYSTEM] Starting ModBusBridgeService
2026-09-14 18:35:55 [LOG] Parameters set: IP=127.0.0.1, port=502
2026-09-14 18:35:55 [LOG] Attempting to connect to PLC...
2026-09-14 18:35:55 Server is running on port 12345
2026-09-14 18:35:55 [SYSTEM] Starting event loop
2026-09-14 18:35:56 Client connected: 127.0.0.1:62880
2026-09-14 18:35:57 Client disconnected
2026-09-14 18:35:57 [LOG] Disconnected from PLC
2026-09-14 18:35:57 Server stopped
2026-09-14 18:35:57 [SYSTEM] Application stopped
2026-09-14 18:38:04 [SYSTEM] Starting ModBusBridgeService
2026-09-14 18:38:04 [LOG] Parameters set: IP=127.0.0.1, port=502
2026-09-14 18:38:04 [LOG] Attempting to connect to PLC...
2026-09-14 18:38:04 Server is running on port 12345
2026-09-14 18:38:04 [SYSTEM] Starting event loop
2026-09-14 18:38:05 Client connected: 127.0.0.1:62908
2026-09-14 18:38:06 Client disconnected
2026-09-14 18:38:06 [LOG] Disconnected from PLC
2026-09-14 18:38:06 Server stopped
2026-09-14 18:38:06 [SYSTEM] Application stopped
2026-09-14 18:51:56 [SYSTEM] Starting ModBusBridgeService
2026-09-14 18:51:56 [LOG] Parameters set: IP=127.0.0.1, port=502
2026-09-14 18:51:56 [LOG] Attempting to connect to PLC...
2026-09-14 18:51:56 Server is running on port 12345
2026-09-14 18:51:56 [SYSTEM] Starting event loop
2026-09-14 18:51:57 Client connected: 127.0.0.1:63239
2026-09-14 18:51:57 Client disconnected
2026-09-14 18:51:57 [LOG] Disconnected from PLC
2026-09-14 18:51:57 Server stopped
2026-09-14 18:51:57 [SYSTEM] Application stopped
2026-09-14 18:56:54 [SYSTEM] Starting ModBusBridgeService
2026-09-14 18:56:54 [LOG] Parameters set: IP=127.0.0.1, port=502
2026-09-14 18:56:54 [LOG] Attempting to connect to PLC...
2026-09-14 18:56:54 Server is running on port 12345
2026-09-14 18:56:54 [SYSTEM] Starting event loop
2026-09-14 18:56:54 Client connected: 127.0.0.1:63365
2026-09-14 18:56:55 Client disconnected
2026-09-14 18:56:55 [LOG] Disconnected from PLC
2026-09-14 18:56:55 Server stopped
2026-09-14 18:56:55 [SYSTEM] Application stopped
2026-09-14 19:00:02 [SYSTEM] Starting ModBusBridgeService
2026-09-14 19:00:02 [LOG] Parameters set: IP=127.0.0.1, port=502
2026-09-14 19:00:02 [LOG] Attempting to connect to PLC...
2026-09-14 19:00:02 Server is running on port 12345
2026-09-14 19:00:02 [SYSTEM] Starting event loop
2026-09-14 19:00:03 Client connected: 127.0.0.1:63406
2026-09-14 19:00:04 Client disconnected
2026-09-14 19:00:04 [LOG] Disconnected from PLC
2026-09-14 19:00:04 Server stopped
2026-09-14 19:00:04 [SYSTEM] Application stopped
2026-09-15 12:54:58 [SYSTEM] Starting ModBusBridgeService
2026-09-15 12:54:58 [LOG] Parameters set: IP=127.0.0.1, port=502
2026-09-15 12:54:58 [LOG] Attempting to connect to PLC...
2026-09-15 12:54:58 Server is running on port 12345
2026-09-15 12:54:58 [SYSTEM] Starting event loop
2026-09-15 12:54:59 Client connected: 127.0.0.1:56667
2026-09-15 12:54:59 Received 16 bytes
2026-09-15 12:55:00 Client disconnected
2026-09-15 12:55:00 [LOG] Disconnected from PLC
2026-09-15 12:55:00 Server stopped
2026-09-15 12:55:00 [SYSTEM] Application stopped
2026-09-15 13:15:16 [SYSTEM] Starting ModBusBridgeService
2026-09-15 13:15:16 [LOG] Parameters set: IP=127.0.0.1, port=502
2026-09-15 13:15:16 [LOG] Attempting to connect to PLC...
2026-09-15 13:15:16 Server is running on port 12345
2026-09-15 13:15:16 [SYSTEM] Starting event loop
2026-09-15 13:15:16 Client connected: 127.0.0.1:57286
2026-09-15 13:15:16 Received 16 bytes
2026-09-15 13:15:18 Client disconnected
2026-09-15 13:15:18 [LOG] Disconnected from PLC
2026-09-15 13:15:18 Server stopped
2026-09-15 13:15:18 [SYSTEM] Application stopped
2026-09-15 13:58:45 [SYSTEM] Starting ModBusBridgeService
2026-09-15 13:58:45 [LOG] Parameters set: IP=127.0.0.1, port=502
2026-09-15 13:58:45 [LOG] Attempting to connect to PLC...
2026-09-15 13:58:45 Server is running on port 12345
2026-09-15 13:58:45 [SYSTEM] Starting event loop
2026-09-15 13:58:45 Client connected: 127.0.0.1:58512
2026-09-15 13:58:45 Received 16 bytes
2026-09-15 13:58:46 Client disconnected
2026-09-15 13:58:46 [LOG] Disconnected from PLC
2026-09-15 13:58:46 Server stopped
2026-09-15 13:58:46 [SYSTEM] Application stopped
2026-09-15 14:12:05 [SYSTEM] Starting ModBusBridgeService
2026-09-15 14:12:05 [LOG] Parameters set: IP=127.0.0.1, port=502
2026-09-15 14:12:05 [LOG] Attempting to connect to PLC...
2026-09-15 14:12:05 Server is running on port 12345
2026-09-15 14:12:05 [SYSTEM] Starting event loop
2026-09-15 14:12:05 Client connected: 127.0.0.1:58965
2026-09-15 14:12:05 Received 16 bytes
2026-09-15 14:12:06 Client disconnected
2026-09-15 14:12:06 [LOG] Disconnected from PLC
2026-09-15 14:12:06 Server stopped
2026-09-15 14:12:06 [SYSTEM] Application stopped
2026-09-15 14:59:18 [SYSTEM] Starting ModBusBridgeService
2026-09-15 14:59:18 [LOG] Parameters set: IP=127.0.0.1, port=502
2026-09-15 14:59:18 [LOG] Attempting to connect to PLC...
2026-09-15 14:59:18 Server is running on port 12345
2026-09-15 14:59:18 [SYSTEM] Starting event loop
2026-09-15 14:59:18 Client connected: 127.0.0.1:60208
2026-09-15 14:59:18 Received 16 bytes
2026-09-15 14:59:19 Client disconnected
2026-09-15 14:59:19 [LOG] Disconnected from PLC
2026-09-15 14:59:19 Server stopped
2026-09-15 14:59:19 [SYSTEM] Application stopped
2026-09-15 15:29:31 [SYSTEM] Starting ModBusBridgeService
2026-09-15 15:29:31 [LOG] Parameters set: IP=127.0.0.1, port=502
2026-09-15 15:29:31 [LOG] Attempting to connect to PLC...
2026-09-15 15:29:31 Server is running on port 12345
2026-09-15 15:29:31 [SYSTEM] Starting event loop
2026-09-15 15:29:31 Client connected: 127.0.0.1:60822
2026-09-15 15:29:31 Received 16 bytes
2026-09-15 15:29:32 Client disconnected
2026-09-15 15:29:32 [LOG] Disconnected from PLC
2026-09-15 15:29:32 Server stopped
2026-09-15 15:29:32 [SYSTEM] Application stopped
2026-09-15 15:29:32 [SYSTEM] Starting ModBusBridgeService
2026-09-15 15:29:32 [LOG] Parameters set: IP=127.0.0.1, port=502
2026-09-15 15:29:32 [LOG] Attempting to connect to PLC...
2026-09-15 15:29:32 Server is running on port 12345
2026-09-15 15:29:32 [SYSTEM] Starting event loop
2026-09-15 15:29:33 Client connected: 127.0.0.1:60825
2026-09-15 15:29:33 Received 16 bytes
2026-09-15 15:29:33 Client disconnected
2026-09-15 15:29:33 [LOG] Disconnected from PLC
2026-09-15 15:29:33 Server stopped
2026-09-15 15:29:33 [SYSTEM] Application stopped
2026-09-15 16:21:53 [SYSTEM] Starting ModBusBridgeService
2026-09-15 16:21:53 [LOG] Parameters set: IP=127.0.0.1, port=502
2026-09-15 16:21:53 [LOG] Attempting to connect to PLC...
2026-09-15 16:21:53 Server is running on port 12345
2026-09-15 16:21:53 [SYSTEM] Starting event loop
2026-09-15 16:21:53 Client connected: 127.0.0.1:62338
2026-09-15 16:21:53 Received 16 bytes
2026-09-15 16:21:54 Client disconnected
2026-09-15 16:21:54 [LOG] Disconnected from PLC
2026-09-15 16:21:54 Server stopped
2026-09-15 16:21:54 [SYSTEM] Application stopped
2026-09-16 09:40:38 [SYSTEM] Starting ModBusBridgeService
2026-09-16 09:40:38 [LOG] Parameters set: IP=127.0.0.1, port=502
2026-09-16 09:40:38 [LOG] Attempting to connect to PLC...
2026-09-16 09:40:38 Server is running on port 12345
2026-09-16 09:40:38 [SYSTEM] Starting event loop
2026-09-16 09:40:38 Client connected: 127.0.0.1:50564
2026-09-16 09:40:38 Received 16 bytes
2026-09-16 09:40:42 [ERROR] Socket error: Connection refused
2026-09-16 09:40:42 [LOG] Socket error: Connection refused
2026-09-16 09:40:42 [LOG] PLC reconnect will be attempted every 3000 ms
2026-09-16 09:40:45 [LOG] Trying to reconnect to PLC...
2026-09-16 09:40:49 [ERROR] Socket error: Connection refused
2026-09-16 09:40:49 [LOG] Socket error: Connection refused
2026-09-16 09:40:51 [LOG] Trying to reconnect to PLC...
2026-09-16 09:40:55 [LOG] PLC reconnect timer stopped
2026-09-16 09:40:55 [LOG] Connection to PLC established
2026-09-16 09:40:55 [SYSTEM] Connection to PLC established
2026-09-16 09:40:58 [LOG] Request sent, transaction 1, function 0x03, 12 bytes
2026-09-16 09:41:00 [ERROR] Socket error: Network operation timed out
2026-09-16 09:41:00 [LOG] Socket error: Network operation timed out
2026-09-16 09:41:00 [ERROR] Failed waiting for Modbus response: Network operation timed out
2026-09-16 09:41:00 [LOG] Failed waiting for Modbus response: Network operation timed out
2026-09-16 09:41:00 [LOG] PLC reconnect will be attempted every 3000 ms
2026-09-16 09:41:00 [SYSTEM] Communication with PLC lost
2026-09-16 09:41:00 [ERROR] No connection to PLC
2026-09-16 09:41:00 [ERROR] No connection to PLC
2026-09-16 09:41:00 [ERROR] No connection to PLC
2026-09-16 09:41:00 [ERROR] No connection to PLC
2026-09-16 09:41:00 [ERROR] No connection to PLC
2026-09-16 09:41:00 [ERROR] No connection to PLC
2026-09-16 09:41:00 [ERROR] No connection to PLC
2026-09-16 09:41:00 [ERROR] No connection to PLC
2026-09-16 09:41:00 Broadcast sent to client 127.0.0.1:50564, 33 bytes
2026-09-16 09:41:03 [LOG] Trying to reconnect to PLC...
2026-09-16 09:41:03 [LOG] PLC reconnect timer stopped
2026-09-16 09:41:03 [LOG] Connection to PLC established
2026-09-16 09:41:03 [SYSTEM] Connection to PLC established
2026-09-16 09:41:07 [ERROR] Socket error: The remote host closed the connection
2026-09-16 09:41:07 [LOG] Socket error: The remote host closed the connection
2026-09-16 09:41:07 [LOG] Connection to PLC lost
2026-09-16 09:41:07 [SYSTEM] Communication with PLC lost
2026-09-16 09:41:07 [LOG] PLC reconnect will be attempted every 3000 ms
2026-09-16 09:41:10 [LOG] Trying to reconnect to PLC...
2026-09-16 09:41:10 [LOG] PLC reconnect timer stopped
2026-09-16 09:41:10 [LOG] Connection to PLC established
2026-09-16 09:41:10 [SYSTEM] Connection to PLC established
2026-09-16 09:41:18 [LOG] Request sent, transaction 2, function 0x03, 12 bytes
2026-09-16 09:41:20 [ERROR] Socket error: Network operation timed out
2026-09-16 09:41:20 [LOG] Socket error: Network operation timed out
2026-09-16 09:41:20 [ERROR] Failed waiting for Modbus response: Network operation timed out
2026-09-16 09:41:20 [LOG] Failed waiting for Modbus response: Network operation timed out
2026-09-16 09:41:20 [LOG] PLC reconnect will be attempted every 3000 ms
2026-09-16 09:41:20 [SYSTEM] Communication with PLC lost
2026-09-16 09:41:20 [ERROR] No connection to PLC
2026-09-16 09:41:20 [ERROR] No connection to PLC
2026-09-16 09:41:20 [ERROR] No connection to PLC
2026-09-16 09:41:20 [ERROR] No connection to PLC
2026-09-16 09:41:20 [ERROR] No connection to PLC
2026-09-16 09:41:20 [ERROR] No connection to PLC
2026-09-16 09:41:20 [ERROR] No connection to PLC
2026-09-16 09:41:20 [ERROR] No connection to PLC
2026-09-16 09:41:20 Broadcast sent to client 127.0.0.1:50564, 33 bytes
2026-09-16 09:41:23 [LOG] Trying to reconnect to PLC...
2026-09-16 09:41:23 [LOG] PLC reconnect timer stopped
2026-09-16 09:41:23 [LOG] Connection to PLC established
2026-09-16 09:41:23 [SYSTEM] Connection to PLC established
2026-09-16 09:41:28 [LOG] Request sent, transaction 3, function 0x06, 12 bytes
2026-09-16 09:41:30 [ERROR] Socket error: Network operation timed out
2026-09-16 09:41:30 [LOG] Socket error: Network operation timed out
2026-09-16 09:41:30 [ERROR] Failed waiting for Modbus response: Network operation timed out
2026-09-16 09:41:30 [LOG] Failed waiting for Modbus response: Network operation timed out
2026-09-16 09:41:30 [LOG] PLC reconnect will be attempted every 3000 ms
2026-09-16 09:41:30 [SYSTEM] Communication with PLC lost
2026-09-16 09:41:33 [LOG] Trying to reconnect to PLC...
2026-09-16 09:41:33 [LOG] PLC reconnect timer stopped
2026-09-16 09:41:33 [LOG] Connection to PLC established
2026-09-16 09:41:33 [SYSTEM] Connection to PLC established
2026-09-16 09:41:38 [LOG] Request sent, transaction 4, function 0x03, 12 bytes
2026-09-16 09:41:40 [ERROR] Socket error: Network operation timed out
2026-09-16 09:41:40 [LOG] Socket error: Network operation timed out
2026-09-16 09:41:40 [ERROR] Failed waiting for Modbus response: Network operation timed out
2026-09-16 09:41:40 [LOG] Failed waiting for Modbus response: Network operation timed out
2026-09-16 09:41:40 [LOG] PLC reconnect will be attempted every 3000 ms
2026-09-16 09:41:40 [SYSTEM] Communication with PLC lost
2026-09-16 09:41:40 [ERROR] No connection to PLC
2026-09-16 09:41:40 [ERROR] No connection to PLC
2026-09-16 09:41:40 [ERROR] No connection to PLC
2026-09-16 09:41:40 [ERROR] No connection to PLC
2026-09-16 09:41:40 [ERROR] No connection to PLC
2026-09-16 09:41:40 [ERROR] No connection to PLC
2026-09-16 09:41:40 [ERROR] No connection to PLC
2026-09-16 09:41:40 [ERROR] No connection to PLC
2026-09-16 09:41:40 Broadcast sent to client 127.0.0.1:50564, 33 bytes
2026-09-16 09:41:43 [LOG] Trying to reconnect to PLC...
2026-09-16 09:41:43 [LOG] PLC reconnect timer stopped
2026-09-16 09:41:43 [LOG] Connection to PLC established
2026-09-16 09:41:43 [SYSTEM] Connection to PLC established
2026-09-16 09:41:48 [LOG] Request sent, transaction 5, function 0x06, 12 bytes
2026-09-16 09:41:50 [ERROR] Socket error: Network operation timed out
2026-09-16 09:41:50 [LOG] Socket error: Network operation timed out
2026-09-16 09:41:50 [ERROR] Failed waiting for Modbus response: Network operation timed out
2026-09-16 09:41:50 [LOG] Failed waiting for Modbus response: Network operation timed out
2026-09-16 09:41:50 [LOG] PLC reconnect will be attempted every 3000 ms
2026-09-16 09:41:50 [SYSTEM] Communication with PLC lost
2026-09-16 09:41:53 [LOG] Trying to reconnect to PLC...
2026-09-16 09:41:53 [LOG] PLC reconnect timer stopped
2026-09-16 09:41:53 [LOG] Connection to PLC established
2026-09-16 09:41:53 [SYSTEM] Connection to PLC established
2026-09-16 09:41:58 [LOG] Request sent, transaction 6, function 0x03, 12 bytes
2026-09-16 09:42:00 [ERROR] Socket error: Network operation timed out
2026-09-16 09:42:00 [LOG] Socket error: Network operation timed out
2026-09-16 09:42:00 [ERROR] Failed waiting for Modbus response: Network operation timed out
2026-09-16 09:42:00 [LOG] Failed waiting for Modbus response: Network operation timed out
2026-09-16 09:42:00 [LOG] PLC reconnect will be attempted every 3000 ms
2026-09-16 09:42:00 [SYSTEM] Communication with PLC lost
2026-09-16 09:42:00 [ERROR] No connection to PLC
2026-09-16 09:42:00 [ERROR] No connection to PLC
2026-09-16 09:42:00 [ERROR] No connection to PLC
2026-09-16 09:42:00 [ERROR] No connection to PLC
2026-09-16 09:42:00 [ERROR] No connection to PLC
2026-09-16 09:42:00 [ERROR] No connection to PLC
2026-09-16 09:42:00 [ERROR] No connection to PLC
2026-09-16 09:42:00 [ERROR] No connection to PLC
2026-09-16 09:42:00 Broadcast sent to client 127.0.0.1:50564, 33 bytes
2026-09-16 09:42:03 [LOG] Trying to reconnect to PLC...
2026-09-16 09:42:03 [LOG] PLC reconnect timer stopped
2026-09-16 09:42:03 [LOG] Connection to PLC established
2026-09-16 09:42:03 [SYSTEM] Connection to PLC established
2026-09-16 09:42:08 [LOG] Request sent, transaction 7, function 0x06, 12 bytes
2026-09-16 09:42:10 [ERROR] Socket error: Network operation timed out
2026-09-16 09:42:10 [LOG] Socket error: Network operation timed out
2026-09-16 09:42:10 [ERROR] Failed waiting for Modbus response: Network operation timed out
2026-09-16 09:42:10 [LOG] Failed waiting for Modbus response: Network operation timed out
2026-09-16 09:42:10 [LOG] PLC reconnect will be attempted every 3000 ms
2026-09-16 09:42:10 [SYSTEM] Communication with PLC lost
2026-09-16 09:42:13 [LOG] Trying to reconnect to PLC...
2026-09-16 09:42:13 [LOG] PLC reconnect timer stopped
2026-09-16 09:42:13 [LOG] Connection to PLC established
2026-09-16 09:42:13 [SYSTEM] Connection to PLC established
2026-09-16 09:42:18 [LOG] Request sent, transaction 8, function 0x03, 12 bytes
2026-09-16 09:42:20 [ERROR] Socket error: Network operation timed out
2026-09-16 09:42:20 [LOG] Socket error: Network operation timed out
2026-09-16 09:42:20 [ERROR] Failed waiting for Modbus response: Network operation timed out
2026-09-16 09:42:20 [LOG] Failed waiting for Modbus response: Network operation timed out
2026-09-16 09:42:20 [LOG] PLC reconnect will be attempted every 3000 ms
2026-09-16 09:42:20 [SYSTEM] Communication with PLC lost
2026-09-16 09:42:20 [ERROR] No connection to PLC
2026-09-16 09:42:20 [ERROR] No connection to PLC
2026-09-16 09:42:20 [ERROR] No connection to PLC
2026-09-16 09:42:20 [ERROR] No connection to PLC
2026-09-16 09:42:20 [ERROR] No connection to PLC
2026-09-16 09:42:20 [ERROR] No connection to PLC
2026-09-16 09:42:20 [ERROR] No connection to PLC
2026-09-16 09:42:20 [ERROR] No connection to PLC
2026-09-16 09:42:20 Broadcast sent to client 127.0.0.1:50564, 33 bytes
2026-09-16 09:42:23 [LOG] Trying to reconnect to PLC...
2026-09-16 09:42:23 [LOG] PLC reconnect timer stopped
2026-09-16 09:42:23 [LOG] Connection to PLC established
2026-09-16 09:42:23 [SYSTEM] Connection to PLC established
2026-09-16 09:42:24 [ERROR] Socket error: The remote host closed the connection
2026-09-16 09:42:24 [LOG] Socket error: The remote host closed the connection
2026-09-16 09:42:24 [LOG] Connection to PLC lost
2026-09-16 09:42:24 [SYSTEM] Communication with PLC lost
2026-09-16 09:42:24 [LOG] PLC reconnect will be attempted every 3000 ms
2026-09-16 09:42:27 [LOG] Trying to reconnect to PLC...
2026-09-16 09:42:31 [ERROR] Socket error: Connection refused
2026-09-16 09:42:31 [LOG] Socket error: Connection refused
2026-09-16 09:42:33 [LOG] Trying to reconnect to PLC...
2026-09-16 09:42:37 [ERROR] Socket error: Connection refused
2026-09-16 09:42:37 [LOG] Socket error: Connection refused
2026-09-16 09:42:39 [LOG] Trying to reconnect to PLC...
2026-09-16 09:42:43 [ERROR] Socket error: Connection refused
2026-09-16 09:42:43 [LOG] Socket error: Connection refused
2026-09-16 09:42:45 [LOG] Trying to reconnect to PLC...
2026-09-16 09:42:49 [ERROR] Socket error: Connection refused
2026-09-16 09:42:49 [LOG] Socket error: Connection refused
2026-09-16 09:42:51 [LOG] Trying to reconnect to PLC...
2026-09-16 09:42:55 [ERROR] Socket error: Connection refused
2026-09-16 09:42:55 [LOG] Socket error: Connection refused
2026-09-16 09:42:57 [LOG] Trying to reconnect to PLC...
2026-09-16 09:43:01 [ERROR] Socket error: Connection refused
2026-09-16 09:43:01 [LOG] Socket error: Connection refused
2026-09-16 09:43:03 [LOG] Trying to reconnect to PLC...
2026-09-16 09:43:07 [ERROR] Socket error: Connection refused
2026-09-16 09:43:07 [LOG] Socket error: Connection refused
2026-09-16 09:43:09 [LOG] Trying to reconnect to PLC...
2026-09-16 09:43:13 [ERROR] Socket error: Connection refused
2026-09-16 09:43:13 [LOG] Socket error: Connection refused
2026-09-16 09:43:15 [LOG] Trying to reconnect to PLC...
2026-09-16 09:43:19 [ERROR] Socket error: Connection refused
2026-09-16 09:43:19 [LOG] Socket error: Connection refused
2026-09-16 09:43:21 [LOG] Trying to reconnect to PLC...
2026-09-16 09:43:25 [ERROR] Socket error: Connection refused
2026-09-16 09:43:25 [LOG] Socket error: Connection refused
2026-09-16 09:43:27 [LOG] Trying to reconnect to PLC...
2026-09-16 09:43:31 [ERROR] Socket error: Connection refused
2026-09-16 09:43:31 [LOG] Socket error: Connection refused
2026-09-16 09:43:33 [LOG] Trying to reconnect to PLC...
2026-09-16 09:43:37 [ERROR] Socket error: Connection refused
2026-09-16 09:43:37 [LOG] Socket error: Connection refused
2026-09-16 09:43:39 [LOG] Trying to reconnect to PLC...
2026-09-16 09:43:43 [ERROR] Socket error: Connection refused
2026-09-16 09:43:43 [LOG] Socket error: Connection refused
2026-09-16 09:43:45 [LOG] Trying to reconnect to PLC...
2026-09-16 09:43:49 [ERROR] Socket error: Connection refused
2026-09-16 09:43:49 [LOG] Socket error: Connection refused
2026-09-16 09:43:51 [LOG] Trying to reconnect to PLC...
2026-09-16 09:43:55 [ERROR] Socket error: Connection refused
2026-09-16 09:43:55 [LOG] Socket error: Connection refused
2026-09-16 09:43:57 [LOG] Trying to reconnect to PLC...
2026-09-16 09:44:01 [ERROR] Socket error: Connection refused
2026-09-16 09:44:01 [LOG] Socket error: Connection refused
2026-09-16 09:44:03 [LOG] Trying to reconnect to PLC...
2026-09-16 09:44:07 [ERROR] Socket error: Connection refused
2026-09-16 09:44:07 [LOG] Socket error: Connection refused
2026-09-16 09:44:09 [LOG] Trying to reconnect to PLC...
2026-09-16 09:44:13 [ERROR] Socket error: Connection refused
2026-09-16 09:44:13 [LOG] Socket error: Connection refused
2026-09-16 09:44:15 [LOG] Trying to reconnect to PLC...
2026-09-16 09:44:19 [ERROR] Socket error: Connection refused
2026-09-16 09:44:19 [LOG] Socket error: Connection refused
2026-09-16 09:44:21 [LOG] Trying to reconnect to PLC...
2026-09-16 09:44:25 [ERROR] Socket error: Connection refused
2026-09-16 09:44:25 [LOG] Socket error: Connection refused
2026-09-16 09:44:27 [LOG] Trying to reconnect to PLC...
2026-09-16 09:44:31 [ERROR] Socket error: Connection refused
2026-09-16 09:44:31 [LOG] Socket error: Connection refused
2026-09-16 09:44:33 [LOG] Trying to reconnect to PLC...
2026-09-16 09:44:37 [ERROR] Socket error: Connection refused
2026-09-16 09:44:37 [LOG] Socket error: Connection refused
2026-09-16 09:44:39 [LOG] Trying to reconnect to PLC...
2026-09-16 09:44:43 [ERROR] Socket error: Connection refused
2026-09-16 09:44:43 [LOG] Socket error: Connection refused
2026-09-16 09:44:45 [LOG] Trying to reconnect to PLC...
2026-09-16 09:44:47 Client disconnected
2026-09-16 09:44:47 [LOG] Disconnected from PLC
2026-09-16 09:44:47 Server stopped
2026-09-16 09:44:47 [SYSTEM] Application stopped
2026-09-16 13:11:45 [SYSTEM] Starting ModBusBridgeService
2026-09-16 13:11:45 [LOG] Parameters set: IP=127.0.0.1, port=502
2026-09-16 13:11:45 [LOG] Attempting to connect to PLC...
2026-09-16 13:11:45 Server is running on port 12345
2026-09-16 13:11:45 [SYSTEM] Starting event loop
2026-09-16 13:11:45 [LOG] Connection to PLC established
2026-09-16 13:11:45 [SYSTEM] Connection to PLC established
2026-09-16 13:11:45 Client connected: 127.0.0.1:53475
2026-09-16 13:11:45 Received 16 bytes
2026-09-16 13:11:45 [LOG] Request sent, transaction 1, function 0x03, 12 bytes
2026-09-16 13:11:47 [ERROR] Socket error: Network operation timed out
2026-09-16 13:11:47 [LOG] Socket error: Network operation timed out
2026-09-16 13:11:47 [ERROR] Failed waiting for Modbus response: Network operation timed out
2026-09-16 13:11:47 [LOG] Failed waiting for Modbus response: Network operation timed out
2026-09-16 13:11:47 [LOG] PLC reconnect will be attempted every 3000 ms
2026-09-16 13:11:47 [SYSTEM] Communication with PLC lost
2026-09-16 13:11:47 [ERROR] No connection to PLC
2026-09-16 13:11:47 [ERROR] No connection to PLC
2026-09-16 13:11:47 [ERROR] No connection to PLC
2026-09-16 13:11:47 [ERROR] No connection to PLC
2026-09-16 13:11:47 [ERROR] No connection to PLC
2026-09-16 13:11:47 [ERROR] No connection to PLC
2026-09-16 13:11:47 [ERROR] No connection to PLC
2026-09-16 13:11:47 [ERROR] No connection to PLC
2026-09-16 13:11:47 Broadcast sent to client 127.0.0.1:53475, 33 bytes
2026-09-16 13:11:50 [LOG] Trying to reconnect to PLC...
2026-09-16 13:11:50 [LOG] PLC reconnect timer stopped
2026-09-16 13:11:50 [LOG] Connection to PLC established
2026-09-16 13:11:50 [SYSTEM] Connection to PLC established
2026-09-16 13:11:55 [LOG] Request sent, transaction 2, function 0x06, 12 bytes
2026-09-16 13:11:57 [ERROR] Socket error: Network operation timed out
2026-09-16 13:11:57 [LOG] Socket error: Network operation timed out
2026-09-16 13:11:57 [ERROR] Failed waiting for Modbus response: Network operation timed out
2026-09-16 13:11:57 [LOG] Failed waiting for Modbus response: Network operation timed out
2026-09-16 13:11:57 [LOG] PLC reconnect will be attempted every 3000 ms
2026-09-16 13:11:57 [SYSTEM] Communication with PLC lost
2026-09-16 13:12:00 [LOG] Trying to reconnect to PLC...
2026-09-16 13:12:00 [LOG] PLC reconnect timer stopped
2026-09-16 13:12:00 [LOG] Connection to PLC established
2026-09-16 13:12:00 [SYSTEM] Connection to PLC established
2026-09-16 13:12:05 [LOG] Request sent, transaction 3, function 0x03, 12 bytes
2026-09-16 13:12:05 [LOG] Response received, transaction 3, function 0x83, 2 bytes PDU
2026-09-16 13:12:05 [ERROR] Modbus Exception 0x02: Illegal Data Address
2026-09-16 13:12:05 [LOG] Modbus Exception 0x02: Illegal Data Address
2026-09-16 13:12:05 [LOG] Request sent, transaction 4, function 0x03, 12 bytes
2026-09-16 13:12:05 [LOG] Response received, transaction 4, function 0x83, 2 bytes PDU
2026-09-16 13:12:05 [ERROR] Modbus Exception 0x02: Illegal Data Address
2026-09-16 13:12:05 [LOG] Modbus Exception 0x02: Illegal Data Address
2026-09-16 13:12:05 [LOG] Request sent, transaction 5, function 0x03, 12 bytes
2026-09-16 13:12:05 [LOG] Response received, transaction 5, function 0x83, 2 bytes PDU
2026-09-16 13:12:05 [ERROR] Modbus Exception 0x02: Illegal Data Address
2026-09-16 13:12:05 [LOG] Modbus Exception 0x02: Illegal Data Address
2026-09-16 13:12:05 [LOG] Request sent, transaction 6, function 0x03, 12 bytes
2026-09-16 13:12:05 [LOG] Response received, transaction 6, function 0x83, 2 bytes PDU
2026-09-16 13:12:05 [ERROR] Modbus Exception 0x02: Illegal Data Address
2026-09-16 13:12:05 [LOG] Modbus Exception 0x02: Illegal Data Address
2026-09-16 13:12:05 [LOG] Request sent, transaction 7, function 0x03, 12 bytes
2026-09-16 13:12:05 [LOG] Response received, transaction 7, function 0x83, 2 bytes PDU
2026-09-16 13:12:05 [ERROR] Modbus Exception 0x02: Illegal Data Address
2026-09-16 13:12:05 [LOG] Modbus Exception 0x02: Illegal Data Address
2026-09-16 13:12:05 [LOG] Request sent, transaction 8, function 0x03, 12 bytes
2026-09-16 13:12:05 [LOG] Response received, transaction 8, function 0x83, 2 bytes PDU
2026-09-16 13:12:05 [ERROR] Modbus Exception 0x02: Illegal Data Address
2026-09-16 13:12:05 [LOG] Modbus Exception 0x02: Illegal Data Address
2026-09-16 13:12:05 [LOG] Request sent, transaction 9, function 0x03, 12 bytes
2026-09-16 13:12:05 [LOG] Response received, transaction 9, function 0x83, 2 bytes PDU
2026-09-16 13:12:05 [ERROR] Modbus Exception 0x02: Illegal Data Address
2026-09-16 13:12:05 [LOG] Modbus Exception 0x02: Illegal Data Address
2026-09-16 13:12:05 [LOG] Request sent, transaction 10, function 0x03, 12 bytes
2026-09-16 13:12:05 [LOG] Response received, transaction 10, function 0x83, 2 bytes PDU
2026-09-16 13:12:05 [ERROR] Modbus Exception 0x02: Illegal Data Address
2026-09-16 13:12:05 [LOG] Modbus Exception 0x02: Illegal Data Address
2026-09-16 13:12:05 [LOG] Request sent, transaction 11, function 0x03, 12 bytes
2026-09-16 13:12:05 [LOG] Response received, transaction 11, function 0x83, 2 bytes PDU
2026-09-16 13:12:05 [ERROR] Modbus Exception 0x02: Illegal Data Address
2026-09-16 13:12:05 [LOG] Modbus Exception 0x02: Illegal Data Address
2026-09-16 13:12:05 Broadcast sent to client 127.0.0.1:53475, 33 bytes
2026-09-16 13:12:05 [LOG] Request sent, transaction 12, function 0x06, 12 bytes
2026-09-16 13:12:05 [LOG] Response received, transaction 12, function 0x86, 2 bytes PDU
2026-09-16 13:12:05 [ERROR] Modbus Exception 0x02: Illegal Data Address
2026-09-16 13:12:05 [LOG] Modbus Exception 0x02: Illegal Data Address
2026-09-16 13:12:15 [LOG] Request sent, transaction 13, function 0x06, 12 bytes
2026-09-16 13:12:15 [LOG] Response received, transaction 13, function 0x86, 2 bytes PDU
2026-09-16 13:12:15 [ERROR] Modbus Exception 0x02: Illegal Data Address
2026-09-16 13:12:15 [LOG] Modbus Exception 0x02: Illegal Data Address
2026-09-16 13:12:25 [LOG] Request sent, transaction 14, function 0x03, 12 bytes
2026-09-16 13:12:25 [LOG] Response received, transaction 14, function 0x83, 2 bytes PDU
2026-09-16 13:12:25 [ERROR] Modbus Exception 0x02: Illegal Data Address
2026-09-16 13:12:25 [LOG] Modbus Exception 0x02: Illegal Data Address
2026-09-16 13:12:25 [LOG] Request sent, transaction 15, function 0x03, 12 bytes
2026-09-16 13:12:25 [LOG] Response received, transaction 15, function 0x83, 2 bytes PDU
2026-09-16 13:12:25 [ERROR] Modbus Exception 0x02: Illegal Data Address
2026-09-16 13:12:25 [LOG] Modbus Exception 0x02: Illegal Data Address
2026-09-16 13:12:25 [LOG] Request sent, transaction 16, function 0x03, 12 bytes
2026-09-16 13:12:25 [LOG] Response received, transaction 16, function 0x83, 2 bytes PDU
2026-09-16 13:12:25 [ERROR] Modbus Exception 0x02: Illegal Data Address
2026-09-16 13:12:25 [LOG] Modbus Exception 0x02: Illegal Data Address
2026-09-16 13:12:25 [LOG] Request sent, transaction 17, function 0x03, 12 bytes
2026-09-16 13:12:25 [LOG] Response received, transaction 17, function 0x83, 2 bytes PDU
2026-09-16 13:12:25 [ERROR] Modbus Exception 0x02: Illegal Data Address
2026-09-16 13:12:25 [LOG] Modbus Exception 0x02: Illegal Data Address
2026-09-16 13:12:25 [LOG] Request sent, transaction 18, function 0x03, 12 bytes
2026-09-16 13:12:25 [LOG] Response received, transaction 18, function 0x83, 2 bytes PDU
2026-09-16 13:12:25 [ERROR] Modbus Exception 0x02: Illegal Data Address
2026-09-16 13:12:25 [LOG] Modbus Exception 0x02: Illegal Data Address
2026-09-16 13:12:25 [LOG] Request sent, transaction 19, function 0x03, 12 bytes
2026-09-16 13:12:25 [LOG] Response received, transaction 19, function 0x83, 2 bytes PDU
2026-09-16 13:12:25 [ERROR] Modbus Exception 0x02: Illegal Data Address
2026-09-16 13:12:25 [LOG] Modbus Exception 0x02: Illegal Data Address
2026-09-16 13:12:25 [LOG] Request sent, transaction 20, function 0x03, 12 bytes
2026-09-16 13:12:25 [LOG] Response received, transaction 20, function 0x83, 2 bytes PDU
2026-09-16 13:12:25 [ERROR] Modbus Exception 0x02: Illegal Data Address
2026-09-16 13:12:25 [LOG] Modbus Exception 0x02: Illegal Data Address
2026-09-16 13:12:25 [LOG] Request sent, transaction 21, function 0x03, 12 bytes
2026-09-16 13:12:25 [LOG] Response received, transaction 21, function 0x83, 2 bytes PDU
2026-09-16 13:12:25 [ERROR] Modbus Exception 0x02: Illegal Data Address
2026-09-16 13:12:25 [LOG] Modbus Exception 0x02: Illegal Data Address
2026-09-16 13:12:25 [LOG] Request sent, transaction 22, function 0x03, 12 bytes
2026-09-16 13:12:25 [LOG] Response received, transaction 22, function 0x83, 2 bytes PDU
2026-09-16 13:12:25 [ERROR] Modbus Exception 0x02: Illegal Data Address
2026-09-16 13:12:25 [LOG] Modbus Exception 0x02: Illegal Data Address
2026-09-16 13:12:25 Broadcast sent to client 127.0.0.1:53475, 33 bytes
2026-09-16 13:12:25 [LOG] Request sent, transaction 23, function 0x06, 12 bytes
2026-09-16 13:12:25 [LOG] Response received, transaction 23, function 0x86, 2 bytes PDU
2026-09-16 13:12:25 [ERROR] Modbus Exception 0x02: Illegal Data Address
2026-09-16 13:12:25 [LOG] Modbus Exception 0x02: Illegal Data Address
2026-09-16 13:12:35 [LOG] Request sent, transaction 24, function 0x06, 12 bytes
2026-09-16 13:12:35 [LOG] Response received, transaction 24, function 0x06, 5 bytes PDU
2026-09-16 13:12:35 [LOG] Recording 0x234b = 1
2026-09-16 13:12:36 [ERROR] Socket error: The remote host closed the connection
2026-09-16 13:12:36 [LOG] Socket error: The remote host closed the connection
2026-09-16 13:12:36 [LOG] Connection to PLC lost
2026-09-16 13:12:36 [SYSTEM] Communication with PLC lost
2026-09-16 13:12:36 [LOG] PLC reconnect will be attempted every 3000 ms
2026-09-16 13:12:39 [LOG] Trying to reconnect to PLC...
2026-09-16 13:12:43 [ERROR] Socket error: Connection refused
2026-09-16 13:12:43 [LOG] Socket error: Connection refused
2026-09-16 13:12:45 [LOG] Trying to reconnect to PLC...
2026-09-16 13:12:49 [ERROR] Socket error: Connection refused
2026-09-16 13:12:49 [LOG] Socket error: Connection refused
2026-09-16 13:12:51 [LOG] Trying to reconnect to PLC...
2026-09-16 13:12:55 [ERROR] Socket error: Connection refused
2026-09-16 13:12:55 [LOG] Socket error: Connection refused
2026-09-16 13:12:57 [LOG] Trying to reconnect to PLC...
2026-09-16 13:13:01 [ERROR] Socket error: Connection refused
2026-09-16 13:13:01 [LOG] Socket error: Connection refused
2026-09-16 13:13:03 [LOG] Trying to reconnect to PLC...
2026-09-16 13:13:07 [ERROR] Socket error: Connection refused
2026-09-16 13:13:07 [LOG] Socket error: Connection refused
2026-09-16 13:13:09 [LOG] Trying to reconnect to PLC...
2026-09-16 13:13:13 [ERROR] Socket error: Connection refused
2026-09-16 13:13:13 [LOG] Socket error: Connection refused
2026-09-16 13:13:15 [LOG] Trying to reconnect to PLC...
2026-09-16 13:13:19 [ERROR] Socket error: Connection refused
2026-09-16 13:13:19 [LOG] Socket error: Connection refused
2026-09-16 13:13:21 [LOG] Trying to reconnect to PLC...
2026-09-16 13:13:25 [ERROR] Socket error: Connection refused
2026-09-16 13:13:25 [LOG] Socket error: Connection refused
2026-09-16 13:13:27 [LOG] Trying to reconnect to PLC...
2026-09-16 13:13:31 [ERROR] Socket error: Connection refused
2026-09-16 13:13:31 [LOG] Socket error: Connection refused
2026-09-16 13:13:33 [LOG] Trying to reconnect to PLC...
2026-09-16 13:13:37 Client disconnected
2026-09-16 13:13:37 [ERROR] Socket error: Connection refused
2026-09-16 13:13:37 [LOG] Socket error: Connection refused
2026-09-16 13:13:37 [LOG] Disconnected from PLC
2026-09-16 13:13:37 Server stopped
2026-09-16 13:13:37 [SYSTEM] Application stopped
2026-09-16 13:18:08 [SYSTEM] Starting ModBusBridgeService
2026-09-16 13:18:08 [LOG] Parameters set: IP=127.0.0.1, port=502
2026-09-16 13:18:08 [LOG] Attempting to connect to PLC...
2026-09-16 13:18:08 Server is running on port 12345
2026-09-16 13:18:08 [SYSTEM] Starting event loop
2026-09-16 13:18:08 Client connected: 127.0.0.1:53710
2026-09-16 13:18:08 Received 178 bytes
2026-09-16 13:18:12 Received 162 bytes
2026-09-16 13:18:12 [ERROR] Socket error: Connection refused
2026-09-16 13:18:12 [LOG] Socket error: Connection refused
2026-09-16 13:18:12 [LOG] PLC reconnect will be attempted every 3000 ms
2026-09-16 13:18:15 [LOG] Trying to reconnect to PLC...
2026-09-16 13:18:19 [ERROR] Socket error: Connection refused
2026-09-16 13:18:19 [LOG] Socket error: Connection refused
2026-09-16 13:18:21 [LOG] Trying to reconnect to PLC...
2026-09-16 13:18:22 Received 162 bytes
2026-09-16 13:18:25 [ERROR] Socket error: Connection refused
2026-09-16 13:18:25 [LOG] Socket error: Connection refused
2026-09-16 13:18:27 [LOG] Trying to reconnect to PLC...
2026-09-16 13:18:31 [ERROR] Socket error: Connection refused
2026-09-16 13:18:31 [LOG] Socket error: Connection refused
2026-09-16 13:18:32 Received 162 bytes
2026-09-16 13:18:33 [LOG] Trying to reconnect to PLC...
2026-09-16 13:18:37 [ERROR] Socket error: Connection refused
2026-09-16 13:18:37 [LOG] Socket error: Connection refused
2026-09-16 13:18:39 [LOG] Trying to reconnect to PLC...
2026-09-16 13:18:43 Received 162 bytes
2026-09-16 13:18:43 [ERROR] Socket error: Connection refused
2026-09-16 13:18:43 [LOG] Socket error: Connection refused
2026-09-16 13:18:45 [LOG] Trying to reconnect to PLC...
2026-09-16 13:18:49 [ERROR] Socket error: Connection refused
2026-09-16 13:18:49 [LOG] Socket error: Connection refused
2026-09-16 13:18:51 [LOG] Trying to reconnect to PLC...
2026-09-16 13:18:53 Received 162 bytes
2026-09-16 13:18:55 [ERROR] Socket error: Connection refused
2026-09-16 13:18:55 [LOG] Socket error: Connection refused
2026-09-16 13:18:57 [LOG] Trying to reconnect to PLC...
2026-09-16 13:19:01 [ERROR] Socket error: Connection refused
2026-09-16 13:19:01 [LOG] Socket error: Connection refused
2026-09-16 13:19:03 Received 162 bytes
2026-09-16 13:19:03 [LOG] Trying to reconnect to PLC...
2026-09-16 13:19:07 [ERROR] Socket error: Connection refused
2026-09-16 13:19:07 [LOG] Socket error: Connection refused
2026-09-16 13:19:09 [LOG] Trying to reconnect to PLC...
2026-09-16 13:19:13 Received 162 bytes
2026-09-16 13:19:13 [ERROR] Socket error: Connection refused
2026-09-16 13:19:13 [LOG] Socket error: Connection refused
2026-09-16 13:19:15 [LOG] Trying to reconnect to PLC...
2026-09-16 13:19:19 [ERROR] Socket error: Connection refused
2026-09-16 13:19:19 [LOG] Socket error: Connection refused
2026-09-16 13:19:21 [LOG] Trying to reconnect to PLC...
2026-09-16 13:19:23 Received 162 bytes
2026-09-16 13:19:25 [ERROR] Socket error: Connection refused
2026-09-16 13:19:25 [LOG] Socket error: Connection refused
2026-09-16 13:19:27 [LOG] Trying to reconnect to PLC...
2026-09-16 13:19:31 [ERROR] Socket error: Connection refused
2026-09-16 13:19:31 [LOG] Socket error: Connection refused
2026-09-16 13:19:33 [LOG] Trying to reconnect to PLC...
2026-09-16 13:19:37 [ERROR] Socket error: Connection refused
2026-09-16 13:19:37 [LOG] Socket error: Connection refused
2026-09-16 13:19:39 [LOG] Trying to reconnect to PLC...
2026-09-16 13:19:43 [ERROR] Socket error: Connection refused
2026-09-16 13:19:43 [LOG] Socket error: Connection refused
2026-09-16 13:19:43 Received 163 bytes
2026-09-16 13:19:45 [LOG] Trying to reconnect to PLC...
2026-09-16 13:19:49 [ERROR] Socket error: Connection refused
2026-09-16 13:19:49 [LOG] Socket error: Connection refused
2026-09-16 13:19:51 [LOG] Trying to reconnect to PLC...
2026-09-16 13:19:54 Received 163 bytes
2026-09-16 13:19:55 [ERROR] Socket error: Connection refused
2026-09-16 13:19:55 [LOG] Socket error: Connection refused
2026-09-16 13:19:57 [LOG] Trying to reconnect to PLC...
2026-09-16 13:20:01 [ERROR] Socket error: Connection refused
2026-09-16 13:20:01 [LOG] Socket error: Connection refused
2026-09-16 13:20:03 [LOG] Trying to reconnect to PLC...
2026-09-16 13:20:04 Received 163 bytes
2026-09-16 13:20:07 [ERROR] Socket error: Connection refused
2026-09-16 13:20:07 [LOG] Socket error: Connection refused
2026-09-16 13:20:09 [LOG] Trying to reconnect to PLC...
2026-09-16 13:20:13 [ERROR] Socket error: Connection refused
2026-09-16 13:20:13 [LOG] Socket error: Connection refused
2026-09-16 13:20:14 Received 163 bytes
2026-09-16 13:20:15 [LOG] Trying to reconnect to PLC...
2026-09-16 13:20:19 [ERROR] Socket error: Connection refused
2026-09-16 13:20:20 [LOG] Socket error: Connection refused
2026-09-16 13:20:21 [LOG] Trying to reconnect to PLC...
2026-09-16 13:20:24 Received 163 bytes
2026-09-16 13:20:26 [ERROR] Socket error: Connection refused
2026-09-16 13:20:26 [LOG] Socket error: Connection refused
2026-09-16 13:20:27 [LOG] Trying to reconnect to PLC...
2026-09-16 13:20:32 [ERROR] Socket error: Connection refused
2026-09-16 13:20:32 [LOG] Socket error: Connection refused
2026-09-16 13:20:34 [LOG] Trying to reconnect to PLC...
2026-09-16 13:20:34 Received 163 bytes
2026-09-16 13:20:38 [ERROR] Socket error: Connection refused
2026-09-16 13:20:38 [LOG] Socket error: Connection refused
2026-09-16 13:20:40 [LOG] Trying to reconnect to PLC...
2026-09-16 13:20:44 [ERROR] Socket error: Connection refused
2026-09-16 13:20:44 [LOG] Socket error: Connection refused
2026-09-16 13:20:44 Received 163 bytes
2026-09-16 13:20:46 [LOG] Trying to reconnect to PLC...
2026-09-16 13:20:50 [ERROR] Socket error: Connection refused
2026-09-16 13:20:50 [LOG] Socket error: Connection refused
2026-09-16 13:20:52 [LOG] Trying to reconnect to PLC...
2026-09-16 13:20:54 Received 163 bytes
2026-09-16 13:20:56 [ERROR] Socket error: Connection refused
2026-09-16 13:20:56 [LOG] Socket error: Connection refused
2026-09-16 13:20:58 [LOG] Trying to reconnect to PLC...
2026-09-16 13:21:02 [ERROR] Socket error: Connection refused
2026-09-16 13:21:02 [LOG] Socket error: Connection refused
2026-09-16 13:21:04 [LOG] Trying to reconnect to PLC...
2026-09-16 13:21:05 Received 163 bytes
2026-09-16 13:21:08 [ERROR] Socket error: Connection refused
2026-09-16 13:21:08 [LOG] Socket error: Connection refused
2026-09-16 13:21:10 [LOG] Trying to reconnect to PLC...
2026-09-16 13:21:14 [ERROR] Socket error: Connection refused
2026-09-16 13:21:14 [LOG] Socket error: Connection refused
2026-09-16 13:21:16 [LOG] Trying to reconnect to PLC...
2026-09-16 13:21:20 [ERROR] Socket error: Connection refused
2026-09-16 13:21:20 [LOG] Socket error: Connection refused
2026-09-16 13:21:22 [LOG] Trying to reconnect to PLC...
2026-09-16 13:21:25 Received 163 bytes
2026-09-16 13:21:26 [ERROR] Socket error: Connection refused
2026-09-16 13:21:26 [LOG] Socket error: Connection refused
2026-09-16 13:21:28 [LOG] Trying to reconnect to PLC...
2026-09-16 13:21:32 [ERROR] Socket error: Connection refused
2026-09-16 13:21:32 [LOG] Socket error: Connection refused
2026-09-16 13:21:34 [LOG] Trying to reconnect to PLC...
2026-09-16 13:21:35 Received 163 bytes
2026-09-16 13:21:38 [ERROR] Socket error: Connection refused
2026-09-16 13:21:38 [LOG] Socket error: Connection refused
2026-09-16 13:21:40 [LOG] Trying to reconnect to PLC...
2026-09-16 13:21:44 [ERROR] Socket error: Connection refused
2026-09-16 13:21:44 [LOG] Socket error: Connection refused
2026-09-16 13:21:45 Received 163 bytes
2026-09-16 13:21:46 [LOG] Trying to reconnect to PLC...
2026-09-16 13:21:50 [ERROR] Socket error: Connection refused
2026-09-16 13:21:50 [LOG] Socket error: Connection refused
2026-09-16 13:21:52 [LOG] Trying to reconnect to PLC...
2026-09-16 13:21:55 Received 163 bytes
2026-09-16 13:21:56 [ERROR] Socket error: Connection refused
2026-09-16 13:21:56 [LOG] Socket error: Connection refused
2026-09-16 13:21:58 [LOG] Trying to reconnect to PLC...
2026-09-16 13:21:58 [LOG] PLC reconnect timer stopped
2026-09-16 13:21:58 [LOG] Connection to PLC established
2026-09-16 13:21:58 [SYSTEM] Connection to PLC established
2026-09-16 13:21:58 [LOG] Request sent, transaction 1, function 0x06, 12 bytes
2026-09-16 13:22:00 [ERROR] Socket error: Network operation timed out
2026-09-16 13:22:00 [LOG] Socket error: Network operation timed out
2026-09-16 13:22:00 [ERROR] Failed waiting for Modbus response: Network operation timed out
2026-09-16 13:22:00 [LOG] Failed waiting for Modbus response: Network operation timed out
2026-09-16 13:22:00 [LOG] PLC reconnect will be attempted every 3000 ms
2026-09-16 13:22:00 [SYSTEM] Communication with PLC lost
2026-09-16 13:22:03 [LOG] Trying to reconnect to PLC...
2026-09-16 13:22:03 [LOG] PLC reconnect timer stopped
2026-09-16 13:22:03 [LOG] Connection to PLC established
2026-09-16 13:22:03 [SYSTEM] Connection to PLC established
2026-09-16 13:22:06 Received 163 bytes
2026-09-16 13:22:06 [LOG] Request sent, transaction 2, function 0x10, 17 bytes
2026-09-16 13:22:08 [ERROR] Socket error: Network operation timed out
2026-09-16 13:22:08 [LOG] Socket error: Network operation timed out
2026-09-16 13:22:08 [ERROR] Failed waiting for Modbus response: Network operation timed out
2026-09-16 13:22:08 [LOG] Failed waiting for Modbus response: Network operation timed out
2026-09-16 13:22:08 [LOG] PLC reconnect will be attempted every 3000 ms
2026-09-16 13:22:08 [SYSTEM] Communication with PLC lost
2026-09-16 13:22:08 [ERROR] No connection to PLC
2026-09-16 13:22:08 [ERROR] No connection to PLC
2026-09-16 13:22:08 [ERROR] No connection to PLC
2026-09-16 13:22:08 [ERROR] No connection to PLC
2026-09-16 13:22:08 [ERROR] No connection to PLC
2026-09-16 13:22:08 [ERROR] No connection to PLC
2026-09-16 13:22:11 [LOG] Trying to reconnect to PLC...
2026-09-16 13:22:11 [LOG] PLC reconnect timer stopped
2026-09-16 13:22:11 [LOG] Connection to PLC established
2026-09-16 13:22:11 [SYSTEM] Connection to PLC established
2026-09-16 13:22:16 Received 163 bytes
2026-09-16 13:22:16 [LOG] Request sent, transaction 3, function 0x10, 17 bytes
2026-09-16 13:22:18 [ERROR] Socket error: Network operation timed out
2026-09-16 13:22:18 [LOG] Socket error: Network operation timed out
2026-09-16 13:22:18 [ERROR] Failed waiting for Modbus response: Network operation timed out
2026-09-16 13:22:18 [LOG] Failed waiting for Modbus response: Network operation timed out
2026-09-16 13:22:18 [LOG] PLC reconnect will be attempted every 3000 ms
2026-09-16 13:22:18 [SYSTEM] Communication with PLC lost
2026-09-16 13:22:18 [ERROR] No connection to PLC
2026-09-16 13:22:18 [ERROR] No connection to PLC
2026-09-16 13:22:18 [ERROR] No connection to PLC
2026-09-16 13:22:18 [ERROR] No connection to PLC
2026-09-16 13:22:18 [ERROR] No connection to PLC
2026-09-16 13:22:18 [ERROR] No connection to PLC
2026-09-16 13:22:21 [LOG] Trying to reconnect to PLC...
2026-09-16 13:22:21 [LOG] PLC reconnect timer stopped
2026-09-16 13:22:21 [LOG] Connection to PLC established
2026-09-16 13:22:21 [SYSTEM] Connection to PLC established
2026-09-16 13:22:26 Received 163 bytes
2026-09-16 13:22:26 [LOG] Request sent, transaction 4, function 0x10, 17 bytes
2026-09-16 13:22:28 [ERROR] Socket error: Network operation timed out
2026-09-16 13:22:28 [LOG] Socket error: Network operation timed out
2026-09-16 13:22:28 [ERROR] Failed waiting for Modbus response: Network operation timed out
2026-09-16 13:22:28 [LOG] Failed waiting for Modbus response: Network operation timed out
2026-09-16 13:22:28 [LOG] PLC reconnect will be attempted every 3000 ms
2026-09-16 13:22:28 [SYSTEM] Communication with PLC lost
2026-09-16 13:22:28 [ERROR] No connection to PLC
2026-09-16 13:22:28 [ERROR] No connection to PLC
2026-09-16 13:22:28 [ERROR] No connection to PLC
2026-09-16 13:22:28 [ERROR] No connection to PLC
2026-09-16 13:22:28 [ERROR] No connection to PLC
2026-09-16 13:22:28 [ERROR] No connection to PLC
2026-09-16 13:22:31 [LOG] Trying to reconnect to PLC...
2026-09-16 13:22:31 [LOG] PLC reconnect timer stopped
2026-09-16 13:22:31 [LOG] Connection to PLC established
2026-09-16 13:22:31 [SYSTEM] Connection to PLC established
2026-09-16 13:22:36 Received 163 bytes
2026-09-16 13:22:36 [LOG] Request sent, transaction 5, function 0x10, 17 bytes
2026-09-16 13:22:38 [ERROR] Socket error: Network operation timed out
2026-09-16 13:22:38 [LOG] Socket error: Network operation timed out
2026-09-16 13:22:38 [ERROR] Failed waiting for Modbus response: Network operation timed out
2026-09-16 13:22:38 [LOG] Failed waiting for Modbus response: Network operation timed out
2026-09-16 13:22:38 [LOG] PLC reconnect will be attempted every 3000 ms
2026-09-16 13:22:38 [SYSTEM] Communication with PLC lost
2026-09-16 13:22:38 [ERROR] No connection to PLC
2026-09-16 13:22:38 [ERROR] No connection to PLC
2026-09-16 13:22:38 [ERROR] No connection to PLC
2026-09-16 13:22:38 [ERROR] No connection to PLC
2026-09-16 13:22:38 [ERROR] No connection to PLC
2026-09-16 13:22:38 [ERROR] No connection to PLC
2026-09-16 13:22:41 [LOG] Trying to reconnect to PLC...
2026-09-16 13:22:41 [LOG] PLC reconnect timer stopped
2026-09-16 13:22:41 [LOG] Connection to PLC established
2026-09-16 13:22:41 [SYSTEM] Connection to PLC established
2026-09-16 13:22:46 Received 163 bytes
2026-09-16 13:22:46 [LOG] Request sent, transaction 6, function 0x10, 17 bytes
2026-09-16 13:22:48 [ERROR] Socket error: Network operation timed out
2026-09-16 13:22:48 [LOG] Socket error: Network operation timed out
2026-09-16 13:22:48 [ERROR] Failed waiting for Modbus response: Network operation timed out
2026-09-16 13:22:48 [LOG] Failed waiting for Modbus response: Network operation timed out
2026-09-16 13:22:48 [LOG] PLC reconnect will be attempted every 3000 ms
2026-09-16 13:22:48 [SYSTEM] Communication with PLC lost
2026-09-16 13:22:48 [ERROR] No connection to PLC
2026-09-16 13:22:48 [ERROR] No connection to PLC
2026-09-16 13:22:48 [ERROR] No connection to PLC
2026-09-16 13:22:48 [ERROR] No connection to PLC
2026-09-16 13:22:48 [ERROR] No connection to PLC
2026-09-16 13:22:48 [ERROR] No connection to PLC
2026-09-16 13:22:51 [LOG] Trying to reconnect to PLC...
2026-09-16 13:22:51 [LOG] PLC reconnect timer stopped
2026-09-16 13:22:51 [LOG] Connection to PLC established
2026-09-16 13:22:51 [SYSTEM] Connection to PLC established
2026-09-16 13:22:58 [LOG] Request sent, transaction 7, function 0x06, 12 bytes
2026-09-16 13:23:00 [ERROR] Socket error: Network operation timed out
2026-09-16 13:23:00 [LOG] Socket error: Network operation timed out
2026-09-16 13:23:00 [ERROR] Failed waiting for Modbus response: Network operation timed out
2026-09-16 13:23:00 [LOG] Failed waiting for Modbus response: Network operation timed out
2026-09-16 13:23:00 [LOG] PLC reconnect will be attempted every 3000 ms
2026-09-16 13:23:00 [SYSTEM] Communication with PLC lost
2026-09-16 13:23:03 [LOG] Trying to reconnect to PLC...
2026-09-16 13:23:03 [LOG] PLC reconnect timer stopped
2026-09-16 13:23:03 [LOG] Connection to PLC established
2026-09-16 13:23:03 [SYSTEM] Connection to PLC established
2026-09-16 13:23:07 Received 163 bytes
2026-09-16 13:23:07 [LOG] Request sent, transaction 8, function 0x10, 17 bytes
2026-09-16 13:23:09 [ERROR] Socket error: Network operation timed out
2026-09-16 13:23:09 [LOG] Socket error: Network operation timed out
2026-09-16 13:23:09 [ERROR] Failed waiting for Modbus response: Network operation timed out
2026-09-16 13:23:09 [LOG] Failed waiting for Modbus response: Network operation timed out
2026-09-16 13:23:09 [LOG] PLC reconnect will be attempted every 3000 ms
2026-09-16 13:23:09 [SYSTEM] Communication with PLC lost
2026-09-16 13:23:09 [ERROR] No connection to PLC
2026-09-16 13:23:09 [ERROR] No connection to PLC
2026-09-16 13:23:09 [ERROR] No connection to PLC
2026-09-16 13:23:09 [ERROR] No connection to PLC
2026-09-16 13:23:09 [ERROR] No connection to PLC
2026-09-16 13:23:09 [ERROR] No connection to PLC
2026-09-16 13:23:12 [LOG] Trying to reconnect to PLC...
2026-09-16 13:23:12 [LOG] PLC reconnect timer stopped
2026-09-16 13:23:12 [LOG] Connection to PLC established
2026-09-16 13:23:12 [SYSTEM] Connection to PLC established
2026-09-16 13:23:17 Received 163 bytes
2026-09-16 13:23:17 [LOG] Request sent, transaction 9, function 0x10, 17 bytes
2026-09-16 13:23:19 [ERROR] Socket error: Network operation timed out
2026-09-16 13:23:19 [LOG] Socket error: Network operation timed out
2026-09-16 13:23:19 [ERROR] Failed waiting for Modbus response: Network operation timed out
2026-09-16 13:23:19 [LOG] Failed waiting for Modbus response: Network operation timed out
2026-09-16 13:23:19 [LOG] PLC reconnect will be attempted every 3000 ms
2026-09-16 13:23:19 [SYSTEM] Communication with PLC lost
2026-09-16 13:23:19 [ERROR] No connection to PLC
2026-09-16 13:23:19 [ERROR] No connection to PLC
2026-09-16 13:23:19 [ERROR] No connection to PLC
2026-09-16 13:23:19 [ERROR] No connection to PLC
2026-09-16 13:23:19 [ERROR] No connection to PLC
2026-09-16 13:23:19 [ERROR] No connection to PLC
2026-09-16 13:23:22 [LOG] Trying to reconnect to PLC...
2026-09-16 13:23:22 [LOG] PLC reconnect timer stopped
2026-09-16 13:23:22 [LOG] Connection to PLC established
2026-09-16 13:23:22 [SYSTEM] Connection to PLC established
2026-09-16 13:23:27 Received 163 bytes
2026-09-16 13:23:27 [LOG] Request sent, transaction 10, function 0x10, 17 bytes
2026-09-16 13:23:29 [ERROR] Socket error: Network operation timed out
2026-09-16 13:23:29 [LOG] Socket error: Network operation timed out
2026-09-16 13:23:29 [ERROR] Failed waiting for Modbus response: Network operation timed out
2026-09-16 13:23:29 [LOG] Failed waiting for Modbus response: Network operation timed out
2026-09-16 13:23:29 [LOG] PLC reconnect will be attempted every 3000 ms
2026-09-16 13:23:29 [SYSTEM] Communication with PLC lost
2026-09-16 13:23:29 [ERROR] No connection to PLC
2026-09-16 13:23:29 [ERROR] No connection to PLC
2026-09-16 13:23:29 [ERROR] No connection to PLC
2026-09-16 13:23:29 [ERROR] No connection to PLC
2026-09-16 13:23:29 [ERROR] No connection to PLC
2026-09-16 13:23:29 [ERROR] No connection to PLC
2026-09-16 13:23:32 [LOG] Trying to reconnect to PLC...
2026-09-16 13:23:32 [LOG] PLC reconnect timer stopped
2026-09-16 13:23:32 [LOG] Connection to PLC established
2026-09-16 13:23:32 [SYSTEM] Connection to PLC established
2026-09-16 13:23:37 Received 163 bytes
2026-09-16 13:23:37 [LOG] Request sent, transaction 11, function 0x10, 17 bytes
2026-09-16 13:23:39 [ERROR] Socket error: Network operation timed out
2026-09-16 13:23:39 [LOG] Socket error: Network operation timed out
2026-09-16 13:23:39 [ERROR] Failed waiting for Modbus response: Network operation timed out
2026-09-16 13:23:39 [LOG] Failed waiting for Modbus response: Network operation timed out
2026-09-16 13:23:39 [LOG] PLC reconnect will be attempted every 3000 ms
2026-09-16 13:23:39 [SYSTEM] Communication with PLC lost
2026-09-16 13:23:39 [ERROR] No connection to PLC
2026-09-16 13:23:39 [ERROR] No connection to PLC
2026-09-16 13:23:39 [ERROR] No connection to PLC
2026-09-16 13:23:39 [ERROR] No connection to PLC
2026-09-16 13:23:39 [ERROR] No connection to PLC
2026-09-16 13:23:39 [ERROR] No connection to PLC
2026-09-16 13:23:42 [LOG] Trying to reconnect to PLC...
2026-09-16 13:23:42 [LOG] PLC reconnect timer stopped
2026-09-16 13:23:42 [LOG] Connection to PLC established
2026-09-16 13:23:42 [SYSTEM] Connection to PLC established
2026-09-16 13:23:46 [ERROR] Socket error: The remote host closed the connection
2026-09-16 13:23:46 [LOG] Socket error: The remote host closed the connection
2026-09-16 13:23:46 [LOG] Connection to PLC lost
2026-09-16 13:23:46 [SYSTEM] Communication with PLC lost
2026-09-16 13:23:46 [LOG] PLC reconnect will be attempted every 3000 ms
2026-09-16 13:23:47 Received 163 bytes
2026-09-16 13:23:49 [LOG] Trying to reconnect to PLC...
2026-09-16 13:23:53 [ERROR] Socket error: Connection refused
2026-09-16 13:23:53 [LOG] Socket error: Connection refused
2026-09-16 13:23:55 [LOG] Trying to reconnect to PLC...
2026-09-16 13:23:57 Received 163 bytes
2026-09-16 13:23:59 [ERROR] Socket error: Connection refused
2026-09-16 13:23:59 [LOG] Socket error: Connection refused
2026-09-16 13:24:01 [LOG] Trying to reconnect to PLC...
2026-09-16 13:24:05 [ERROR] Socket error: Connection refused
2026-09-16 13:24:05 [LOG] Socket error: Connection refused
2026-09-16 13:24:07 [LOG] Trying to reconnect to PLC...
2026-09-16 13:24:07 Received 163 bytes
2026-09-16 13:24:11 [ERROR] Socket error: Connection refused
2026-09-16 13:24:11 [LOG] Socket error: Connection refused
2026-09-16 13:24:13 [LOG] Trying to reconnect to PLC...
2026-09-16 13:24:17 [ERROR] Socket error: Connection refused
2026-09-16 13:24:17 [LOG] Socket error: Connection refused
2026-09-16 13:24:18 Received 163 bytes
2026-09-16 13:24:19 [LOG] Trying to reconnect to PLC...
2026-09-16 13:24:23 [ERROR] Socket error: Connection refused
2026-09-16 13:24:23 [LOG] Socket error: Connection refused
2026-09-16 13:24:25 [LOG] Trying to reconnect to PLC...
2026-09-16 13:24:28 Received 163 bytes
2026-09-16 13:24:29 [ERROR] Socket error: Connection refused
2026-09-16 13:24:29 [LOG] Socket error: Connection refused
2026-09-16 13:24:31 [LOG] Trying to reconnect to PLC...
2026-09-16 13:24:35 [ERROR] Socket error: Connection refused
2026-09-16 13:24:35 [LOG] Socket error: Connection refused
2026-09-16 13:24:37 [LOG] Trying to reconnect to PLC...
2026-09-16 13:24:41 [ERROR] Socket error: Connection refused
2026-09-16 13:24:41 [LOG] Socket error: Connection refused
2026-09-16 13:24:43 [LOG] Trying to reconnect to PLC...
2026-09-16 13:24:46 [LOG] PLC reconnect timer stopped
2026-09-16 13:24:46 [LOG] Connection to PLC established
2026-09-16 13:24:46 [SYSTEM] Connection to PLC established
2026-09-16 13:24:48 Received 163 bytes
2026-09-16 13:24:48 [LOG] Request sent, transaction 12, function 0x10, 17 bytes
2026-09-16 13:24:48 [LOG] Response received, transaction 12, function 0x10, 5 bytes PDU
2026-09-16 13:24:48 [LOG] Writing 32-bit 0x236f = 2600022
2026-09-16 13:24:48 [LOG] Request sent, transaction 13, function 0x10, 17 bytes
2026-09-16 13:24:48 [LOG] Response received, transaction 13, function 0x10, 5 bytes PDU
2026-09-16 13:24:48 [LOG] Writing 32-bit 0x2381 = 1103416525
2026-09-16 13:24:48 [LOG] Request sent, transaction 14, function 0x10, 17 bytes
2026-09-16 13:24:48 [LOG] Response received, transaction 14, function 0x10, 5 bytes PDU
2026-09-16 13:24:48 [LOG] Writing 32-bit 0x2393 = 1022739087
2026-09-16 13:24:48 [LOG] Request sent, transaction 15, function 0x06, 12 bytes
2026-09-16 13:24:48 [LOG] Response received, transaction 15, function 0x06, 5 bytes PDU
2026-09-16 13:24:48 [LOG] Recording 0x2408 = 1
2026-09-16 13:24:48 [LOG] Request sent, transaction 16, function 0x06, 12 bytes
2026-09-16 13:24:48 [LOG] Response received, transaction 16, function 0x06, 5 bytes PDU
2026-09-16 13:24:48 [LOG] Recording 0x2411 = 1
2026-09-16 13:24:48 [LOG] Request sent, transaction 17, function 0x06, 12 bytes
2026-09-16 13:24:48 [LOG] Response received, transaction 17, function 0x06, 5 bytes PDU
2026-09-16 13:24:48 [LOG] Recording 0x241a = 1
2026-09-16 13:24:48 [LOG] Request sent, transaction 18, function 0x06, 12 bytes
2026-09-16 13:24:48 [LOG] Response received, transaction 18, function 0x06, 5 bytes PDU
2026-09-16 13:24:48 [LOG] Recording 0x2423 = 1
2026-09-16 13:24:48 [LOG] Request sent, transaction 19, function 0x03, 12 bytes
2026-09-16 13:24:48 [LOG] Response received, transaction 19, function 0x03, 4 bytes PDU
2026-09-16 13:24:48 [LOG] Reading 0x242c = 0
2026-09-16 13:24:48 [LOG] Request sent, transaction 20, function 0x03, 12 bytes
2026-09-16 13:24:48 [LOG] Response received, transaction 20, function 0x03, 4 bytes PDU
2026-09-16 13:24:48 [LOG] Reading 0x242d = 0
2026-09-16 13:24:48 [LOG] Request sent, transaction 21, function 0x03, 12 bytes
2026-09-16 13:24:48 [LOG] Response received, transaction 21, function 0x03, 4 bytes PDU
2026-09-16 13:24:48 [LOG] Reading 0x242e = 0
2026-09-16 13:24:48 [LOG] Request sent, transaction 22, function 0x03, 12 bytes
2026-09-16 13:24:48 [LOG] Response received, transaction 22, function 0x03, 4 bytes PDU
2026-09-16 13:24:48 [LOG] Reading 0x242f = 0
2026-09-16 13:24:48 [LOG] Request sent, transaction 23, function 0x03, 12 bytes
2026-09-16 13:24:48 [LOG] Response received, transaction 23, function 0x03, 4 bytes PDU
2026-09-16 13:24:48 [LOG] Reading 0x2430 = 0
2026-09-16 13:24:48 [LOG] Request sent, transaction 24, function 0x03, 12 bytes
2026-09-16 13:24:48 [LOG] Response received, transaction 24, function 0x03, 4 bytes PDU
2026-09-16 13:24:48 [LOG] Reading 0x2431 = 0
2026-09-16 13:24:48 [LOG] Request sent, transaction 25, function 0x03, 12 bytes
2026-09-16 13:24:48 [LOG] Response received, transaction 25, function 0x03, 4 bytes PDU
2026-09-16 13:24:48 [LOG] Reading 0x2432 = 0
2026-09-16 13:24:48 [LOG] Request sent, transaction 26, function 0x03, 12 bytes
2026-09-16 13:24:48 [LOG] Response received, transaction 26, function 0x03, 4 bytes PDU
2026-09-16 13:24:48 [LOG] Reading 0x2433 = 0
2026-09-16 13:24:48 [LOG] Request sent, transaction 27, function 0x03, 12 bytes
2026-09-16 13:24:48 [LOG] Response received, transaction 27, function 0x03, 4 bytes PDU
2026-09-16 13:24:48 [LOG] Reading 0x2434 = 0
2026-09-16 13:24:48 Broadcast sent to client 127.0.0.1:53710, 266 bytes
2026-09-16 13:24:48 [LOG] Request sent, transaction 28, function 0x03, 12 bytes
2026-09-16 13:24:48 [LOG] Response received, transaction 28, function 0x03, 4 bytes PDU
2026-09-16 13:24:48 [LOG] Reading 0x242c = 0
2026-09-16 13:24:48 [LOG] Request sent, transaction 29, function 0x03, 12 bytes
2026-09-16 13:24:48 [LOG] Response received, transaction 29, function 0x03, 4 bytes PDU
2026-09-16 13:24:48 [LOG] Reading 0x242d = 0
2026-09-16 13:24:48 [LOG] Request sent, transaction 30, function 0x03, 12 bytes
2026-09-16 13:24:48 [LOG] Response received, transaction 30, function 0x03, 4 bytes PDU
2026-09-16 13:24:48 [LOG] Reading 0x242e = 0
2026-09-16 13:24:48 [LOG] Request sent, transaction 31, function 0x03, 12 bytes
2026-09-16 13:24:48 [LOG] Response received, transaction 31, function 0x03, 4 bytes PDU
2026-09-16 13:24:48 [LOG] Reading 0x242f = 0
2026-09-16 13:24:48 [LOG] Request sent, transaction 32, function 0x03, 12 bytes
2026-09-16 13:24:48 [LOG] Response received, transaction 32, function 0x03, 4 bytes PDU
2026-09-16 13:24:48 [LOG] Reading 0x2430 = 0
2026-09-16 13:24:48 [LOG] Request sent, transaction 33, function 0x03, 12 bytes
2026-09-16 13:24:48 [LOG] Response received, transaction 33, function 0x03, 4 bytes PDU
2026-09-16 13:24:48 [LOG] Reading 0x2431 = 0
2026-09-16 13:24:48 [LOG] Request sent, transaction 34, function 0x03, 12 bytes
2026-09-16 13:24:48 [LOG] Response received, transaction 34, function 0x03, 4 bytes PDU
2026-09-16 13:24:48 [LOG] Reading 0x2432 = 0
2026-09-16 13:24:48 [LOG] Request sent, transaction 35, function 0x03, 12 bytes
2026-09-16 13:24:48 [LOG] Response received, transaction 35, function 0x03, 4 bytes PDU
2026-09-16 13:24:48 [LOG] Reading 0x2433 = 0
2026-09-16 13:24:48 [LOG] Request sent, transaction 36, function 0x03, 12 bytes
2026-09-16 13:24:48 [LOG] Response received, transaction 36, function 0x03, 4 bytes PDU
2026-09-16 13:24:48 [LOG] Reading 0x2434 = 0
2026-09-16 13:24:48 Broadcast sent to client 127.0.0.1:53710, 266 bytes
2026-09-16 13:24:48 [LOG] Request sent, transaction 37, function 0x06, 12 bytes
2026-09-16 13:24:48 [LOG] Response received, transaction 37, function 0x06, 5 bytes PDU
2026-09-16 13:24:48 [LOG] Recording 0x234b = 1
2026-09-16 13:24:58 Received 163 bytes
2026-09-16 13:24:58 [LOG] Request sent, transaction 38, function 0x10, 17 bytes
2026-09-16 13:24:58 [LOG] Response received, transaction 38, function 0x10, 5 bytes PDU
2026-09-16 13:24:58 [LOG] Writing 32-bit 0x236f = 2600022
2026-09-16 13:24:58 [LOG] Request sent, transaction 39, function 0x10, 17 bytes
2026-09-16 13:24:58 [LOG] Response received, transaction 39, function 0x10, 5 bytes PDU
2026-09-16 13:24:58 [LOG] Writing 32-bit 0x2381 = 1103416525
2026-09-16 13:24:58 [LOG] Request sent, transaction 40, function 0x10, 17 bytes
2026-09-16 13:24:58 [LOG] Response received, transaction 40, function 0x10, 5 bytes PDU
2026-09-16 13:24:58 [LOG] Writing 32-bit 0x2393 = 1022739087
2026-09-16 13:24:58 [LOG] Request sent, transaction 41, function 0x06, 12 bytes
2026-09-16 13:24:58 [LOG] Response received, transaction 41, function 0x06, 5 bytes PDU
2026-09-16 13:24:58 [LOG] Recording 0x2408 = 1
2026-09-16 13:24:58 [LOG] Request sent, transaction 42, function 0x06, 12 bytes
2026-09-16 13:24:58 [LOG] Response received, transaction 42, function 0x06, 5 bytes PDU
2026-09-16 13:24:58 [LOG] Recording 0x2411 = 1
2026-09-16 13:24:58 [LOG] Request sent, transaction 43, function 0x06, 12 bytes
2026-09-16 13:24:58 [LOG] Response received, transaction 43, function 0x06, 5 bytes PDU
2026-09-16 13:24:58 [LOG] Recording 0x241a = 1
2026-09-16 13:24:58 [LOG] Request sent, transaction 44, function 0x06, 12 bytes
2026-09-16 13:24:58 [LOG] Response received, transaction 44, function 0x06, 5 bytes PDU
2026-09-16 13:24:58 [LOG] Recording 0x2423 = 1
2026-09-16 13:24:58 [LOG] Request sent, transaction 45, function 0x03, 12 bytes
2026-09-16 13:24:58 [LOG] Response received, transaction 45, function 0x03, 4 bytes PDU
2026-09-16 13:24:58 [LOG] Reading 0x242c = 0
2026-09-16 13:24:58 [LOG] Request sent, transaction 46, function 0x03, 12 bytes
2026-09-16 13:24:58 [LOG] Response received, transaction 46, function 0x03, 4 bytes PDU
2026-09-16 13:24:58 [LOG] Reading 0x242d = 0
2026-09-16 13:24:58 [LOG] Request sent, transaction 47, function 0x03, 12 bytes
2026-09-16 13:24:58 [LOG] Response received, transaction 47, function 0x03, 4 bytes PDU
2026-09-16 13:24:58 [LOG] Reading 0x242e = 0
2026-09-16 13:24:58 [LOG] Request sent, transaction 48, function 0x03, 12 bytes
2026-09-16 13:24:58 [LOG] Response received, transaction 48, function 0x03, 4 bytes PDU
2026-09-16 13:24:58 [LOG] Reading 0x242f = 0
2026-09-16 13:24:58 [LOG] Request sent, transaction 49, function 0x03, 12 bytes
2026-09-16 13:24:58 [LOG] Response received, transaction 49, function 0x03, 4 bytes PDU
2026-09-16 13:24:58 [LOG] Reading 0x2430 = 0
2026-09-16 13:24:58 [LOG] Request sent, transaction 50, function 0x03, 12 bytes
2026-09-16 13:24:58 [LOG] Response received, transaction 50, function 0x03, 4 bytes PDU
2026-09-16 13:24:58 [LOG] Reading 0x2431 = 0
2026-09-16 13:24:58 [LOG] Request sent, transaction 51, function 0x03, 12 bytes
2026-09-16 13:24:58 [LOG] Response received, transaction 51, function 0x03, 4 bytes PDU
2026-09-16 13:24:58 [LOG] Reading 0x2432 = 0
2026-09-16 13:24:58 [LOG] Request sent, transaction 52, function 0x03, 12 bytes
2026-09-16 13:24:58 [LOG] Response received, transaction 52, function 0x03, 4 bytes PDU
2026-09-16 13:24:58 [LOG] Reading 0x2433 = 0
2026-09-16 13:24:58 [LOG] Request sent, transaction 53, function 0x03, 12 bytes
2026-09-16 13:24:58 [LOG] Response received, transaction 53, function 0x03, 4 bytes PDU
2026-09-16 13:24:58 [LOG] Reading 0x2434 = 0
2026-09-16 13:24:58 Broadcast sent to client 127.0.0.1:53710, 266 bytes
2026-09-16 13:25:08 [LOG] Request sent, transaction 54, function 0x03, 12 bytes
2026-09-16 13:25:08 [LOG] Response received, transaction 54, function 0x03, 4 bytes PDU
2026-09-16 13:25:08 [LOG] Reading 0x242c = 0
2026-09-16 13:25:08 [LOG] Request sent, transaction 55, function 0x03, 12 bytes
2026-09-16 13:25:08 [LOG] Response received, transaction 55, function 0x03, 4 bytes PDU
2026-09-16 13:25:08 [LOG] Reading 0x242d = 0
2026-09-16 13:25:08 [LOG] Request sent, transaction 56, function 0x03, 12 bytes
2026-09-16 13:25:08 [LOG] Response received, transaction 56, function 0x03, 4 bytes PDU
2026-09-16 13:25:08 [LOG] Reading 0x242e = 0
2026-09-16 13:25:08 [LOG] Request sent, transaction 57, function 0x03, 12 bytes
2026-09-16 13:25:08 [LOG] Response received, transaction 57, function 0x03, 4 bytes PDU
2026-09-16 13:25:08 [LOG] Reading 0x242f = 0
2026-09-16 13:25:08 [LOG] Request sent, transaction 58, function 0x03, 12 bytes
2026-09-16 13:25:08 [LOG] Response received, transaction 58, function 0x03, 4 bytes PDU
2026-09-16 13:25:08 [LOG] Reading 0x2430 = 0
2026-09-16 13:25:08 [LOG] Request sent, transaction 59, function 0x03, 12 bytes
2026-09-16 13:25:08 [LOG] Response received, transaction 59, function 0x03, 4 bytes PDU
2026-09-16 13:25:08 [LOG] Reading 0x2431 = 0
2026-09-16 13:25:08 [LOG] Request sent, transaction 60, function 0x03, 12 bytes
2026-09-16 13:25:08 [LOG] Response received, transaction 60, function 0x03, 4 bytes PDU
2026-09-16 13:25:08 [LOG] Reading 0x2432 = 0
2026-09-16 13:25:08 [LOG] Request sent, transaction 61, function 0x03, 12 bytes
2026-09-16 13:25:08 [LOG] Response received, transaction 61, function 0x03, 4 bytes PDU
2026-09-16 13:25:08 [LOG] Reading 0x2433 = 0
2026-09-16 13:25:08 [LOG] Request sent, transaction 62, function 0x03, 12 bytes
2026-09-16 13:25:08 [LOG] Response received, transaction 62, function 0x03, 4 bytes PDU
2026-09-16 13:25:08 [LOG] Reading 0x2434 = 0
2026-09-16 13:25:08 Broadcast sent to client 127.0.0.1:53710, 266 bytes
2026-09-16 13:25:08 Received 163 bytes
2026-09-16 13:25:08 [LOG] Request sent, transaction 63, function 0x10, 17 bytes
2026-09-16 13:25:08 [LOG] Response received, transaction 63, function 0x10, 5 bytes PDU
2026-09-16 13:25:08 [LOG] Writing 32-bit 0x236f = 2600022
2026-09-16 13:25:08 [LOG] Request sent, transaction 64, function 0x10, 17 bytes
2026-09-16 13:25:08 [LOG] Response received, transaction 64, function 0x10, 5 bytes PDU
2026-09-16 13:25:08 [LOG] Writing 32-bit 0x2381 = 1103416525
2026-09-16 13:25:08 [LOG] Request sent, transaction 65, function 0x10, 17 bytes
2026-09-16 13:25:08 [LOG] Response received, transaction 65, function 0x10, 5 bytes PDU
2026-09-16 13:25:08 [LOG] Writing 32-bit 0x2393 = 1022739087
2026-09-16 13:25:08 [LOG] Request sent, transaction 66, function 0x06, 12 bytes
2026-09-16 13:25:08 [LOG] Response received, transaction 66, function 0x06, 5 bytes PDU
2026-09-16 13:25:08 [LOG] Recording 0x2408 = 1
2026-09-16 13:25:08 [LOG] Request sent, transaction 67, function 0x06, 12 bytes
2026-09-16 13:25:08 [LOG] Response received, transaction 67, function 0x06, 5 bytes PDU
2026-09-16 13:25:08 [LOG] Recording 0x2411 = 1
2026-09-16 13:25:08 [LOG] Request sent, transaction 68, function 0x06, 12 bytes
2026-09-16 13:25:08 [LOG] Response received, transaction 68, function 0x06, 5 bytes PDU
2026-09-16 13:25:08 [LOG] Recording 0x241a = 1
2026-09-16 13:25:08 [LOG] Request sent, transaction 69, function 0x06, 12 bytes
2026-09-16 13:25:08 [LOG] Response received, transaction 69, function 0x06, 5 bytes PDU
2026-09-16 13:25:08 [LOG] Recording 0x2423 = 1
2026-09-16 13:25:08 [LOG] Request sent, transaction 70, function 0x03, 12 bytes
2026-09-16 13:25:08 [LOG] Response received, transaction 70, function 0x03, 4 bytes PDU
2026-09-16 13:25:08 [LOG] Reading 0x242c = 0
2026-09-16 13:25:08 [LOG] Request sent, transaction 71, function 0x03, 12 bytes
2026-09-16 13:25:08 [LOG] Response received, transaction 71, function 0x03, 4 bytes PDU
2026-09-16 13:25:08 [LOG] Reading 0x242d = 0
2026-09-16 13:25:08 [LOG] Request sent, transaction 72, function 0x03, 12 bytes
2026-09-16 13:25:08 [LOG] Response received, transaction 72, function 0x03, 4 bytes PDU
2026-09-16 13:25:08 [LOG] Reading 0x242e = 0
2026-09-16 13:25:08 [LOG] Request sent, transaction 73, function 0x03, 12 bytes
2026-09-16 13:25:08 [LOG] Response received, transaction 73, function 0x03, 4 bytes PDU
2026-09-16 13:25:08 [LOG] Reading 0x242f = 0
2026-09-16 13:25:08 [LOG] Request sent, transaction 74, function 0x03, 12 bytes
2026-09-16 13:25:08 [LOG] Response received, transaction 74, function 0x03, 4 bytes PDU
2026-09-16 13:25:08 [LOG] Reading 0x2430 = 0
2026-09-16 13:25:08 [LOG] Request sent, transaction 75, function 0x03, 12 bytes
2026-09-16 13:25:08 [LOG] Response received, transaction 75, function 0x03, 4 bytes PDU
2026-09-16 13:25:08 [LOG] Reading 0x2431 = 0
2026-09-16 13:25:08 [LOG] Request sent, transaction 76, function 0x03, 12 bytes
2026-09-16 13:25:08 [LOG] Response received, transaction 76, function 0x03, 4 bytes PDU
2026-09-16 13:25:08 [LOG] Reading 0x2432 = 0
2026-09-16 13:25:08 [LOG] Request sent, transaction 77, function 0x03, 12 bytes
2026-09-16 13:25:09 [LOG] Response received, transaction 77, function 0x03, 4 bytes PDU
2026-09-16 13:25:09 [LOG] Reading 0x2433 = 0
2026-09-16 13:25:09 [LOG] Request sent, transaction 78, function 0x03, 12 bytes
2026-09-16 13:25:09 [LOG] Response received, transaction 78, function 0x03, 4 bytes PDU
2026-09-16 13:25:09 [LOG] Reading 0x2434 = 0
2026-09-16 13:25:09 Broadcast sent to client 127.0.0.1:53710, 266 bytes
2026-09-16 13:25:13 [ERROR] Socket error: The remote host closed the connection
2026-09-16 13:25:13 [LOG] Socket error: The remote host closed the connection
2026-09-16 13:25:13 [LOG] Connection to PLC lost
2026-09-16 13:25:13 [SYSTEM] Communication with PLC lost
2026-09-16 13:25:13 [LOG] PLC reconnect will be attempted every 3000 ms
2026-09-16 13:25:16 [LOG] Trying to reconnect to PLC...
2026-09-16 13:25:19 Received 163 bytes
2026-09-16 13:25:20 [ERROR] Socket error: Connection refused
2026-09-16 13:25:20 [LOG] Socket error: Connection refused
2026-09-16 13:25:22 [LOG] Trying to reconnect to PLC...
2026-09-16 13:25:26 [ERROR] Socket error: Connection refused
2026-09-16 13:25:26 [LOG] Socket error: Connection refused
2026-09-16 13:25:28 [LOG] Trying to reconnect to PLC...
2026-09-16 13:25:29 Received 163 bytes
2026-09-16 13:25:32 [ERROR] Socket error: Connection refused
2026-09-16 13:25:32 [LOG] Socket error: Connection refused
2026-09-16 13:25:34 [LOG] Trying to reconnect to PLC...
2026-09-16 13:25:38 [ERROR] Socket error: Connection refused
2026-09-16 13:25:38 [LOG] Socket error: Connection refused
2026-09-16 13:25:39 Received 163 bytes
2026-09-16 13:25:40 [LOG] Trying to reconnect to PLC...
2026-09-16 13:25:44 [ERROR] Socket error: Connection refused
2026-09-16 13:25:44 [LOG] Socket error: Connection refused
2026-09-16 13:25:46 [LOG] Trying to reconnect to PLC...
2026-09-16 13:25:46 [LOG] PLC reconnect timer stopped
2026-09-16 13:25:46 [LOG] Connection to PLC established
2026-09-16 13:25:46 [SYSTEM] Connection to PLC established
2026-09-16 13:25:48 [LOG] Request sent, transaction 79, function 0x03, 12 bytes
2026-09-16 13:25:48 [LOG] Response received, transaction 79, function 0x03, 4 bytes PDU
2026-09-16 13:25:48 [LOG] Reading 0x242c = 0
2026-09-16 13:25:48 [LOG] Request sent, transaction 80, function 0x03, 12 bytes
2026-09-16 13:25:48 [LOG] Response received, transaction 80, function 0x03, 4 bytes PDU
2026-09-16 13:25:48 [LOG] Reading 0x242d = 0
2026-09-16 13:25:48 [LOG] Request sent, transaction 81, function 0x03, 12 bytes
2026-09-16 13:25:48 [LOG] Response received, transaction 81, function 0x03, 4 bytes PDU
2026-09-16 13:25:48 [LOG] Reading 0x242e = 0
2026-09-16 13:25:48 [LOG] Request sent, transaction 82, function 0x03, 12 bytes
2026-09-16 13:25:48 [LOG] Response received, transaction 82, function 0x03, 4 bytes PDU
2026-09-16 13:25:48 [LOG] Reading 0x242f = 0
2026-09-16 13:25:48 [LOG] Request sent, transaction 83, function 0x03, 12 bytes
2026-09-16 13:25:48 [LOG] Response received, transaction 83, function 0x03, 4 bytes PDU
2026-09-16 13:25:48 [LOG] Reading 0x2430 = 0
2026-09-16 13:25:48 [LOG] Request sent, transaction 84, function 0x03, 12 bytes
2026-09-16 13:25:48 [LOG] Response received, transaction 84, function 0x03, 4 bytes PDU
2026-09-16 13:25:48 [LOG] Reading 0x2431 = 0
2026-09-16 13:25:48 [LOG] Request sent, transaction 85, function 0x03, 12 bytes
2026-09-16 13:25:48 [LOG] Response received, transaction 85, function 0x03, 4 bytes PDU
2026-09-16 13:25:48 [LOG] Reading 0x2432 = 0
2026-09-16 13:25:48 [LOG] Request sent, transaction 86, function 0x03, 12 bytes
2026-09-16 13:25:48 [LOG] Response received, transaction 86, function 0x03, 4 bytes PDU
2026-09-16 13:25:48 [LOG] Reading 0x2433 = 0
2026-09-16 13:25:48 [LOG] Request sent, transaction 87, function 0x03, 12 bytes
2026-09-16 13:25:48 [LOG] Response received, transaction 87, function 0x03, 4 bytes PDU
2026-09-16 13:25:48 [LOG] Reading 0x2434 = 0
2026-09-16 13:25:48 Broadcast sent to client 127.0.0.1:53710, 266 bytes
2026-09-16 13:25:48 [LOG] Request sent, transaction 88, function 0x06, 12 bytes
2026-09-16 13:25:48 [LOG] Response received, transaction 88, function 0x06, 5 bytes PDU
2026-09-16 13:25:48 [LOG] Recording 0x234b = 1
2026-09-16 13:25:49 Received 163 bytes
2026-09-16 13:25:49 [LOG] Request sent, transaction 89, function 0x10, 17 bytes
2026-09-16 13:25:49 [LOG] Response received, transaction 89, function 0x10, 5 bytes PDU
2026-09-16 13:25:49 [LOG] Writing 32-bit 0x236f = 2600022
2026-09-16 13:25:49 [LOG] Request sent, transaction 90, function 0x10, 17 bytes
2026-09-16 13:25:49 [LOG] Response received, transaction 90, function 0x10, 5 bytes PDU
2026-09-16 13:25:49 [LOG] Writing 32-bit 0x2381 = 1103416525
2026-09-16 13:25:49 [LOG] Request sent, transaction 91, function 0x10, 17 bytes
2026-09-16 13:25:49 [LOG] Response received, transaction 91, function 0x10, 5 bytes PDU
2026-09-16 13:25:49 [LOG] Writing 32-bit 0x2393 = 1017370378
2026-09-16 13:25:49 [LOG] Request sent, transaction 92, function 0x06, 12 bytes
2026-09-16 13:25:49 [LOG] Response received, transaction 92, function 0x06, 5 bytes PDU
2026-09-16 13:25:49 [LOG] Recording 0x2408 = 1
2026-09-16 13:25:49 [LOG] Request sent, transaction 93, function 0x06, 12 bytes
2026-09-16 13:25:49 [LOG] Response received, transaction 93, function 0x06, 5 bytes PDU
2026-09-16 13:25:49 [LOG] Recording 0x2411 = 1
2026-09-16 13:25:49 [LOG] Request sent, transaction 94, function 0x06, 12 bytes
2026-09-16 13:25:49 [LOG] Response received, transaction 94, function 0x06, 5 bytes PDU
2026-09-16 13:25:49 [LOG] Recording 0x241a = 1
2026-09-16 13:25:49 [LOG] Request sent, transaction 95, function 0x06, 12 bytes
2026-09-16 13:25:49 [LOG] Response received, transaction 95, function 0x06, 5 bytes PDU
2026-09-16 13:25:49 [LOG] Recording 0x2423 = 1
2026-09-16 13:25:49 [LOG] Request sent, transaction 96, function 0x03, 12 bytes
2026-09-16 13:25:49 [LOG] Response received, transaction 96, function 0x03, 4 bytes PDU
2026-09-16 13:25:49 [LOG] Reading 0x242c = 0
2026-09-16 13:25:49 [LOG] Request sent, transaction 97, function 0x03, 12 bytes
2026-09-16 13:25:49 [LOG] Response received, transaction 97, function 0x03, 4 bytes PDU
2026-09-16 13:25:49 [LOG] Reading 0x242d = 0
2026-09-16 13:25:49 [LOG] Request sent, transaction 98, function 0x03, 12 bytes
2026-09-16 13:25:49 [LOG] Response received, transaction 98, function 0x03, 4 bytes PDU
2026-09-16 13:25:49 [LOG] Reading 0x242e = 0
2026-09-16 13:25:49 [LOG] Request sent, transaction 99, function 0x03, 12 bytes
2026-09-16 13:25:49 [LOG] Response received, transaction 99, function 0x03, 4 bytes PDU
2026-09-16 13:25:49 [LOG] Reading 0x242f = 0
2026-09-16 13:25:49 [LOG] Request sent, transaction 100, function 0x03, 12 bytes
2026-09-16 13:25:49 [LOG] Response received, transaction 100, function 0x03, 4 bytes PDU
2026-09-16 13:25:49 [LOG] Reading 0x2430 = 0
2026-09-16 13:25:49 [LOG] Request sent, transaction 101, function 0x03, 12 bytes
2026-09-16 13:25:49 [LOG] Response received, transaction 101, function 0x03, 4 bytes PDU
2026-09-16 13:25:49 [LOG] Reading 0x2431 = 0
2026-09-16 13:25:49 [LOG] Request sent, transaction 102, function 0x03, 12 bytes
2026-09-16 13:25:49 [LOG] Response received, transaction 102, function 0x03, 4 bytes PDU
2026-09-16 13:25:49 [LOG] Reading 0x2432 = 0
2026-09-16 13:25:49 [LOG] Request sent, transaction 103, function 0x03, 12 bytes
2026-09-16 13:25:49 [LOG] Response received, transaction 103, function 0x03, 4 bytes PDU
2026-09-16 13:25:49 [LOG] Reading 0x2433 = 0
2026-09-16 13:25:49 [LOG] Request sent, transaction 104, function 0x03, 12 bytes
2026-09-16 13:25:49 [LOG] Response received, transaction 104, function 0x03, 4 bytes PDU
2026-09-16 13:25:49 [LOG] Reading 0x2434 = 0
2026-09-16 13:25:49 Broadcast sent to client 127.0.0.1:53710, 266 bytes
2026-09-16 13:25:59 Received 163 bytes
2026-09-16 13:25:59 [LOG] Request sent, transaction 105, function 0x10, 17 bytes
2026-09-16 13:25:59 [LOG] Response received, transaction 105, function 0x10, 5 bytes PDU
2026-09-16 13:25:59 [LOG] Writing 32-bit 0x236f = 2600022
2026-09-16 13:25:59 [LOG] Request sent, transaction 106, function 0x10, 17 bytes
2026-09-16 13:25:59 [LOG] Response received, transaction 106, function 0x10, 5 bytes PDU
2026-09-16 13:25:59 [LOG] Writing 32-bit 0x2381 = 1103416525
2026-09-16 13:25:59 [LOG] Request sent, transaction 107, function 0x10, 17 bytes
2026-09-16 13:25:59 [LOG] Response received, transaction 107, function 0x10, 5 bytes PDU
2026-09-16 13:25:59 [LOG] Writing 32-bit 0x2393 = 1017370378
2026-09-16 13:25:59 [LOG] Request sent, transaction 108, function 0x06, 12 bytes
2026-09-16 13:25:59 [LOG] Response received, transaction 108, function 0x06, 5 bytes PDU
2026-09-16 13:25:59 [LOG] Recording 0x2408 = 1
2026-09-16 13:25:59 [LOG] Request sent, transaction 109, function 0x06, 12 bytes
2026-09-16 13:25:59 [LOG] Response received, transaction 109, function 0x06, 5 bytes PDU
2026-09-16 13:25:59 [LOG] Recording 0x2411 = 1
2026-09-16 13:25:59 [LOG] Request sent, transaction 110, function 0x06, 12 bytes
2026-09-16 13:25:59 [LOG] Response received, transaction 110, function 0x06, 5 bytes PDU
2026-09-16 13:25:59 [LOG] Recording 0x241a = 1
2026-09-16 13:25:59 [LOG] Request sent, transaction 111, function 0x06, 12 bytes
2026-09-16 13:25:59 [LOG] Response received, transaction 111, function 0x06, 5 bytes PDU
2026-09-16 13:25:59 [LOG] Recording 0x2423 = 1
2026-09-16 13:25:59 [LOG] Request sent, transaction 112, function 0x03, 12 bytes
2026-09-16 13:25:59 [LOG] Response received, transaction 112, function 0x03, 4 bytes PDU
2026-09-16 13:25:59 [LOG] Reading 0x242c = 0
2026-09-16 13:25:59 [LOG] Request sent, transaction 113, function 0x03, 12 bytes
2026-09-16 13:25:59 [LOG] Response received, transaction 113, function 0x03, 4 bytes PDU
2026-09-16 13:25:59 [LOG] Reading 0x242d = 0
2026-09-16 13:25:59 [LOG] Request sent, transaction 114, function 0x03, 12 bytes
2026-09-16 13:25:59 [LOG] Response received, transaction 114, function 0x03, 4 bytes PDU
2026-09-16 13:25:59 [LOG] Reading 0x242e = 0
2026-09-16 13:25:59 [LOG] Request sent, transaction 115, function 0x03, 12 bytes
2026-09-16 13:25:59 [LOG] Response received, transaction 115, function 0x03, 4 bytes PDU
2026-09-16 13:25:59 [LOG] Reading 0x242f = 0
2026-09-16 13:25:59 [LOG] Request sent, transaction 116, function 0x03, 12 bytes
2026-09-16 13:25:59 [LOG] Response received, transaction 116, function 0x03, 4 bytes PDU
2026-09-16 13:25:59 [LOG] Reading 0x2430 = 0
2026-09-16 13:25:59 [LOG] Request sent, transaction 117, function 0x03, 12 bytes
2026-09-16 13:25:59 [LOG] Response received, transaction 117, function 0x03, 4 bytes PDU
2026-09-16 13:25:59 [LOG] Reading 0x2431 = 0
2026-09-16 13:25:59 [LOG] Request sent, transaction 118, function 0x03, 12 bytes
2026-09-16 13:25:59 [LOG] Response received, transaction 118, function 0x03, 4 bytes PDU
2026-09-16 13:25:59 [LOG] Reading 0x2432 = 0
2026-09-16 13:25:59 [LOG] Request sent, transaction 119, function 0x03, 12 bytes
2026-09-16 13:25:59 [LOG] Response received, transaction 119, function 0x03, 4 bytes PDU
2026-09-16 13:25:59 [LOG] Reading 0x2433 = 0
2026-09-16 13:25:59 [LOG] Request sent, transaction 120, function 0x03, 12 bytes
2026-09-16 13:25:59 [LOG] Response received, transaction 120, function 0x03, 4 bytes PDU
2026-09-16 13:25:59 [LOG] Reading 0x2434 = 0
2026-09-16 13:25:59 Broadcast sent to client 127.0.0.1:53710, 266 bytes
2026-09-16 13:26:08 [LOG] Request sent, transaction 121, function 0x03, 12 bytes
2026-09-16 13:26:08 [LOG] Response received, transaction 121, function 0x03, 4 bytes PDU
2026-09-16 13:26:08 [LOG] Reading 0x242c = 0
2026-09-16 13:26:08 [LOG] Request sent, transaction 122, function 0x03, 12 bytes
2026-09-16 13:26:08 [LOG] Response received, transaction 122, function 0x03, 4 bytes PDU
2026-09-16 13:26:08 [LOG] Reading 0x242d = 0
2026-09-16 13:26:08 [LOG] Request sent, transaction 123, function 0x03, 12 bytes
2026-09-16 13:26:08 [LOG] Response received, transaction 123, function 0x03, 4 bytes PDU
2026-09-16 13:26:08 [LOG] Reading 0x242e = 0
2026-09-16 13:26:08 [LOG] Request sent, transaction 124, function 0x03, 12 bytes
2026-09-16 13:26:08 [LOG] Response received, transaction 124, function 0x03, 4 bytes PDU
2026-09-16 13:26:08 [LOG] Reading 0x242f = 0
2026-09-16 13:26:08 [LOG] Request sent, transaction 125, function 0x03, 12 bytes
2026-09-16 13:26:08 [LOG] Response received, transaction 125, function 0x03, 4 bytes PDU
2026-09-16 13:26:08 [LOG] Reading 0x2430 = 0
2026-09-16 13:26:08 [LOG] Request sent, transaction 126, function 0x03, 12 bytes
2026-09-16 13:26:08 [LOG] Response received, transaction 126, function 0x03, 4 bytes PDU
2026-09-16 13:26:08 [LOG] Reading 0x2431 = 0
2026-09-16 13:26:08 [LOG] Request sent, transaction 127, function 0x03, 12 bytes
2026-09-16 13:26:08 [LOG] Response received, transaction 127, function 0x03, 4 bytes PDU
2026-09-16 13:26:08 [LOG] Reading 0x2432 = 0
2026-09-16 13:26:08 [LOG] Request sent, transaction 128, function 0x03, 12 bytes
2026-09-16 13:26:08 [LOG] Response received, transaction 128, function 0x03, 4 bytes PDU
2026-09-16 13:26:08 [LOG] Reading 0x2433 = 0
2026-09-16 13:26:08 [LOG] Request sent, transaction 129, function 0x03, 12 bytes
2026-09-16 13:26:08 [LOG] Response received, transaction 129, function 0x03, 4 bytes PDU
2026-09-16 13:26:08 [LOG] Reading 0x2434 = 0
2026-09-16 13:26:08 Broadcast sent to client 127.0.0.1:53710, 266 bytes
2026-09-16 13:26:09 Received 163 bytes
2026-09-16 13:26:09 [LOG] Request sent, transaction 130, function 0x10, 17 bytes
2026-09-16 13:26:09 [LOG] Response received, transaction 130, function 0x10, 5 bytes PDU
2026-09-16 13:26:09 [LOG] Writing 32-bit 0x236f = 2600022
2026-09-16 13:26:09 [LOG] Request sent, transaction 131, function 0x10, 17 bytes
2026-09-16 13:26:09 [LOG] Response received, transaction 131, function 0x10, 5 bytes PDU
2026-09-16 13:26:09 [LOG] Writing 32-bit 0x2381 = 1103416525
2026-09-16 13:26:09 [LOG] Request sent, transaction 132, function 0x10, 17 bytes
2026-09-16 13:26:09 [LOG] Response received, transaction 132, function 0x10, 5 bytes PDU
2026-09-16 13:26:09 [LOG] Writing 32-bit 0x2393 = 1017370378
2026-09-16 13:26:09 [LOG] Request sent, transaction 133, function 0x06, 12 bytes
2026-09-16 13:26:09 [LOG] Response received, transaction 133, function 0x06, 5 bytes PDU
2026-09-16 13:26:09 [LOG] Recording 0x2408 = 1
2026-09-16 13:26:09 [LOG] Request sent, transaction 134, function 0x06, 12 bytes
2026-09-16 13:26:09 [LOG] Response received, transaction 134, function 0x06, 5 bytes PDU
2026-09-16 13:26:09 [LOG] Recording 0x2411 = 1
2026-09-16 13:26:09 [LOG] Request sent, transaction 135, function 0x06, 12 bytes
2026-09-16 13:26:09 [LOG] Response received, transaction 135, function 0x06, 5 bytes PDU
2026-09-16 13:26:09 [LOG] Recording 0x241a = 1
2026-09-16 13:26:09 [LOG] Request sent, transaction 136, function 0x06, 12 bytes
2026-09-16 13:26:09 [LOG] Response received, transaction 136, function 0x06, 5 bytes PDU
2026-09-16 13:26:09 [LOG] Recording 0x2423 = 1
2026-09-16 13:26:09 [LOG] Request sent, transaction 137, function 0x03, 12 bytes
2026-09-16 13:26:09 [LOG] Response received, transaction 137, function 0x03, 4 bytes PDU
2026-09-16 13:26:09 [LOG] Reading 0x242c = 0
2026-09-16 13:26:09 [LOG] Request sent, transaction 138, function 0x03, 12 bytes
2026-09-16 13:26:09 [LOG] Response received, transaction 138, function 0x03, 4 bytes PDU
2026-09-16 13:26:09 [LOG] Reading 0x242d = 0
2026-09-16 13:26:09 [LOG] Request sent, transaction 139, function 0x03, 12 bytes
2026-09-16 13:26:09 [LOG] Response received, transaction 139, function 0x03, 4 bytes PDU
2026-09-16 13:26:09 [LOG] Reading 0x242e = 0
2026-09-16 13:26:09 [LOG] Request sent, transaction 140, function 0x03, 12 bytes
2026-09-16 13:26:09 [LOG] Response received, transaction 140, function 0x03, 4 bytes PDU
2026-09-16 13:26:09 [LOG] Reading 0x242f = 0
2026-09-16 13:26:09 [LOG] Request sent, transaction 141, function 0x03, 12 bytes
2026-09-16 13:26:09 [LOG] Response received, transaction 141, function 0x03, 4 bytes PDU
2026-09-16 13:26:09 [LOG] Reading 0x2430 = 0
2026-09-16 13:26:09 [LOG] Request sent, transaction 142, function 0x03, 12 bytes
2026-09-16 13:26:09 [LOG] Response received, transaction 142, function 0x03, 4 bytes PDU
2026-09-16 13:26:09 [LOG] Reading 0x2431 = 0
2026-09-16 13:26:09 [LOG] Request sent, transaction 143, function 0x03, 12 bytes
2026-09-16 13:26:09 [LOG] Response received, transaction 143, function 0x03, 4 bytes PDU
2026-09-16 13:26:09 [LOG] Reading 0x2432 = 0
2026-09-16 13:26:09 [LOG] Request sent, transaction 144, function 0x03, 12 bytes
2026-09-16 13:26:09 [LOG] Response received, transaction 144, function 0x03, 4 bytes PDU
2026-09-16 13:26:09 [LOG] Reading 0x2433 = 0
2026-09-16 13:26:09 [LOG] Request sent, transaction 145, function 0x03, 12 bytes
2026-09-16 13:26:09 [LOG] Response received, transaction 145, function 0x03, 4 bytes PDU
2026-09-16 13:26:09 [LOG] Reading 0x2434 = 0
2026-09-16 13:26:09 Broadcast sent to client 127.0.0.1:53710, 266 bytes
2026-09-16 13:26:28 [LOG] Request sent, transaction 146, function 0x03, 12 bytes
2026-09-16 13:26:28 [LOG] Response received, transaction 146, function 0x03, 4 bytes PDU
2026-09-16 13:26:28 [LOG] Reading 0x242c = 0
2026-09-16 13:26:28 [LOG] Request sent, transaction 147, function 0x03, 12 bytes
2026-09-16 13:26:28 [LOG] Response received, transaction 147, function 0x03, 4 bytes PDU
2026-09-16 13:26:28 [LOG] Reading 0x242d = 0
2026-09-16 13:26:28 [LOG] Request sent, transaction 148, function 0x03, 12 bytes
2026-09-16 13:26:28 [LOG] Response received, transaction 148, function 0x03, 4 bytes PDU
2026-09-16 13:26:28 [LOG] Reading 0x242e = 0
2026-09-16 13:26:28 [LOG] Request sent, transaction 149, function 0x03, 12 bytes
2026-09-16 13:26:28 [LOG] Response received, transaction 149, function 0x03, 4 bytes PDU
2026-09-16 13:26:28 [LOG] Reading 0x242f = 0
2026-09-16 13:26:28 [LOG] Request sent, transaction 150, function 0x03, 12 bytes
2026-09-16 13:26:28 [LOG] Response received, transaction 150, function 0x03, 4 bytes PDU
2026-09-16 13:26:28 [LOG] Reading 0x2430 = 0
2026-09-16 13:26:28 [LOG] Request sent, transaction 151, function 0x03, 12 bytes
2026-09-16 13:26:28 [LOG] Response received, transaction 151, function 0x03, 4 bytes PDU
2026-09-16 13:26:28 [LOG] Reading 0x2431 = 0
2026-09-16 13:26:28 [LOG] Request sent, transaction 152, function 0x03, 12 bytes
2026-09-16 13:26:28 [LOG] Response received, transaction 152, function 0x03, 4 bytes PDU
2026-09-16 13:26:28 [LOG] Reading 0x2432 = 0
2026-09-16 13:26:28 [LOG] Request sent, transaction 153, function 0x03, 12 bytes
2026-09-16 13:26:28 [LOG] Response received, transaction 153, function 0x03, 4 bytes PDU
2026-09-16 13:26:28 [LOG] Reading 0x2433 = 0
2026-09-16 13:26:28 [LOG] Request sent, transaction 154, function 0x03, 12 bytes
2026-09-16 13:26:28 [LOG] Response received, transaction 154, function 0x03, 4 bytes PDU
2026-09-16 13:26:28 [LOG] Reading 0x2434 = 0
2026-09-16 13:26:28 Broadcast sent to client 127.0.0.1:53710, 266 bytes
2026-09-16 13:26:30 Received 163 bytes
2026-09-16 13:26:30 [LOG] Request sent, transaction 155, function 0x10, 17 bytes
2026-09-16 13:26:30 [LOG] Response received, transaction 155, function 0x10, 5 bytes PDU
2026-09-16 13:26:30 [LOG] Writing 32-bit 0x236f = 2600022
2026-09-16 13:26:30 [LOG] Request sent, transaction 156, function 0x10, 17 bytes
2026-09-16 13:26:30 [LOG] Response received, transaction 156, function 0x10, 5 bytes PDU
2026-09-16 13:26:30 [LOG] Writing 32-bit 0x2381 = 1103416525
2026-09-16 13:26:30 [LOG] Request sent, transaction 157, function 0x10, 17 bytes
2026-09-16 13:26:30 [LOG] Response received, transaction 157, function 0x10, 5 bytes PDU
2026-09-16 13:26:30 [LOG] Writing 32-bit 0x2393 = 1017370378
2026-09-16 13:26:30 [LOG] Request sent, transaction 158, function 0x06, 12 bytes
2026-09-16 13:26:30 [LOG] Response received, transaction 158, function 0x06, 5 bytes PDU
2026-09-16 13:26:30 [LOG] Recording 0x2408 = 1
2026-09-16 13:26:30 [LOG] Request sent, transaction 159, function 0x06, 12 bytes
2026-09-16 13:26:30 [LOG] Response received, transaction 159, function 0x06, 5 bytes PDU
2026-09-16 13:26:30 [LOG] Recording 0x2411 = 1
2026-09-16 13:26:30 [LOG] Request sent, transaction 160, function 0x06, 12 bytes
2026-09-16 13:26:30 [LOG] Response received, transaction 160, function 0x06, 5 bytes PDU
2026-09-16 13:26:30 [LOG] Recording 0x241a = 1
2026-09-16 13:26:30 [LOG] Request sent, transaction 161, function 0x06, 12 bytes
2026-09-16 13:26:30 [LOG] Response received, transaction 161, function 0x06, 5 bytes PDU
2026-09-16 13:26:30 [LOG] Recording 0x2423 = 1
2026-09-16 13:26:30 [LOG] Request sent, transaction 162, function 0x03, 12 bytes
2026-09-16 13:26:30 [LOG] Response received, transaction 162, function 0x03, 4 bytes PDU
2026-09-16 13:26:30 [LOG] Reading 0x242c = 0
2026-09-16 13:26:30 [LOG] Request sent, transaction 163, function 0x03, 12 bytes
2026-09-16 13:26:30 [LOG] Response received, transaction 163, function 0x03, 4 bytes PDU
2026-09-16 13:26:30 [LOG] Reading 0x242d = 0
2026-09-16 13:26:30 [LOG] Request sent, transaction 164, function 0x03, 12 bytes
2026-09-16 13:26:30 [LOG] Response received, transaction 164, function 0x03, 4 bytes PDU
2026-09-16 13:26:30 [LOG] Reading 0x242e = 0
2026-09-16 13:26:30 [LOG] Request sent, transaction 165, function 0x03, 12 bytes
2026-09-16 13:26:30 [LOG] Response received, transaction 165, function 0x03, 4 bytes PDU
2026-09-16 13:26:30 [LOG] Reading 0x242f = 0
2026-09-16 13:26:30 [LOG] Request sent, transaction 166, function 0x03, 12 bytes
2026-09-16 13:26:30 [LOG] Response received, transaction 166, function 0x03, 4 bytes PDU
2026-09-16 13:26:30 [LOG] Reading 0x2430 = 0
2026-09-16 13:26:30 [LOG] Request sent, transaction 167, function 0x03, 12 bytes
2026-09-16 13:26:30 [LOG] Response received, transaction 167, function 0x03, 4 bytes PDU
2026-09-16 13:26:30 [LOG] Reading 0x2431 = 0
2026-09-16 13:26:30 [LOG] Request sent, transaction 168, function 0x03, 12 bytes
2026-09-16 13:26:30 [LOG] Response received, transaction 168, function 0x03, 4 bytes PDU
2026-09-16 13:26:30 [LOG] Reading 0x2432 = 0
2026-09-16 13:26:30 [LOG] Request sent, transaction 169, function 0x03, 12 bytes
2026-09-16 13:26:30 [LOG] Response received, transaction 169, function 0x03, 4 bytes PDU
2026-09-16 13:26:30 [LOG] Reading 0x2433 = 0
2026-09-16 13:26:30 [LOG] Request sent, transaction 170, function 0x03, 12 bytes
2026-09-16 13:26:30 [LOG] Response received, transaction 170, function 0x03, 4 bytes PDU
2026-09-16 13:26:30 [LOG] Reading 0x2434 = 0
2026-09-16 13:26:30 Broadcast sent to client 127.0.0.1:53710, 266 bytes
2026-09-16 13:26:40 Received 163 bytes
2026-09-16 13:26:40 [LOG] Request sent, transaction 171, function 0x10, 17 bytes
2026-09-16 13:26:40 [LOG] Response received, transaction 171, function 0x10, 5 bytes PDU
2026-09-16 13:26:40 [LOG] Writing 32-bit 0x236f = 2600022
2026-09-16 13:26:40 [LOG] Request sent, transaction 172, function 0x10, 17 bytes
2026-09-16 13:26:40 [LOG] Response received, transaction 172, function 0x10, 5 bytes PDU
2026-09-16 13:26:40 [LOG] Writing 32-bit 0x2381 = 1103416525
2026-09-16 13:26:40 [LOG] Request sent, transaction 173, function 0x10, 17 bytes
2026-09-16 13:26:40 [LOG] Response received, transaction 173, function 0x10, 5 bytes PDU
2026-09-16 13:26:40 [LOG] Writing 32-bit 0x2393 = 1017370378
2026-09-16 13:26:40 [LOG] Request sent, transaction 174, function 0x06, 12 bytes
2026-09-16 13:26:40 [LOG] Response received, transaction 174, function 0x06, 5 bytes PDU
2026-09-16 13:26:40 [LOG] Recording 0x2408 = 1
2026-09-16 13:26:40 [LOG] Request sent, transaction 175, function 0x06, 12 bytes
2026-09-16 13:26:40 [LOG] Response received, transaction 175, function 0x06, 5 bytes PDU
2026-09-16 13:26:40 [LOG] Recording 0x2411 = 1
2026-09-16 13:26:40 [LOG] Request sent, transaction 176, function 0x06, 12 bytes
2026-09-16 13:26:40 [LOG] Response received, transaction 176, function 0x06, 5 bytes PDU
2026-09-16 13:26:40 [LOG] Recording 0x241a = 1
2026-09-16 13:26:40 [LOG] Request sent, transaction 177, function 0x06, 12 bytes
2026-09-16 13:26:40 [LOG] Response received, transaction 177, function 0x06, 5 bytes PDU
2026-09-16 13:26:40 [LOG] Recording 0x2423 = 1
2026-09-16 13:26:40 [LOG] Request sent, transaction 178, function 0x03, 12 bytes
2026-09-16 13:26:40 [LOG] Response received, transaction 178, function 0x03, 4 bytes PDU
2026-09-16 13:26:40 [LOG] Reading 0x242c = 0
2026-09-16 13:26:40 [LOG] Request sent, transaction 179, function 0x03, 12 bytes
2026-09-16 13:26:40 [LOG] Response received, transaction 179, function 0x03, 4 bytes PDU
2026-09-16 13:26:40 [LOG] Reading 0x242d = 0
2026-09-16 13:26:40 [LOG] Request sent, transaction 180, function 0x03, 12 bytes
2026-09-16 13:26:40 [LOG] Response received, transaction 180, function 0x03, 4 bytes PDU
2026-09-16 13:26:40 [LOG] Reading 0x242e = 0
2026-09-16 13:26:40 [LOG] Request sent, transaction 181, function 0x03, 12 bytes
2026-09-16 13:26:40 [LOG] Response received, transaction 181, function 0x03, 4 bytes PDU
2026-09-16 13:26:40 [LOG] Reading 0x242f = 0
2026-09-16 13:26:40 [LOG] Request sent, transaction 182, function 0x03, 12 bytes
2026-09-16 13:26:40 [LOG] Response received, transaction 182, function 0x03, 4 bytes PDU
2026-09-16 13:26:40 [LOG] Reading 0x2430 = 0
2026-09-16 13:26:40 [LOG] Request sent, transaction 183, function 0x03, 12 bytes
2026-09-16 13:26:40 [LOG] Response received, transaction 183, function 0x03, 4 bytes PDU
2026-09-16 13:26:40 [LOG] Reading 0x2431 = 0
2026-09-16 13:26:40 [LOG] Request sent, transaction 184, function 0x03, 12 bytes
2026-09-16 13:26:40 [LOG] Response received, transaction 184, function 0x03, 4 bytes PDU
2026-09-16 13:26:40 [LOG] Reading 0x2432 = 0
2026-09-16 13:26:40 [LOG] Request sent, transaction 185, function 0x03, 12 bytes
2026-09-16 13:26:40 [LOG] Response received, transaction 185, function 0x03, 4 bytes PDU
2026-09-16 13:26:40 [LOG] Reading 0x2433 = 0
2026-09-16 13:26:40 [LOG] Request sent, transaction 186, function 0x03, 12 bytes
2026-09-16 13:26:40 [LOG] Response received, transaction 186, function 0x03, 4 bytes PDU
2026-09-16 13:26:40 [LOG] Reading 0x2434 = 0
2026-09-16 13:26:40 Broadcast sent to client 127.0.0.1:53710, 266 bytes
2026-09-16 13:26:48 [LOG] Request sent, transaction 187, function 0x03, 12 bytes
2026-09-16 13:26:48 [LOG] Response received, transaction 187, function 0x03, 4 bytes PDU
2026-09-16 13:26:48 [LOG] Reading 0x242c = 0
2026-09-16 13:26:48 [LOG] Request sent, transaction 188, function 0x03, 12 bytes
2026-09-16 13:26:48 [LOG] Response received, transaction 188, function 0x03, 4 bytes PDU
2026-09-16 13:26:48 [LOG] Reading 0x242d = 0
2026-09-16 13:26:48 [LOG] Request sent, transaction 189, function 0x03, 12 bytes
2026-09-16 13:26:48 [LOG] Response received, transaction 189, function 0x03, 4 bytes PDU
2026-09-16 13:26:48 [LOG] Reading 0x242e = 0
2026-09-16 13:26:48 [LOG] Request sent, transaction 190, function 0x03, 12 bytes
2026-09-16 13:26:48 [LOG] Response received, transaction 190, function 0x03, 4 bytes PDU
2026-09-16 13:26:48 [LOG] Reading 0x242f = 0
2026-09-16 13:26:48 [LOG] Request sent, transaction 191, function 0x03, 12 bytes
2026-09-16 13:26:48 [LOG] Response received, transaction 191, function 0x03, 4 bytes PDU
2026-09-16 13:26:48 [LOG] Reading 0x2430 = 0
2026-09-16 13:26:48 [LOG] Request sent, transaction 192, function 0x03, 12 bytes
2026-09-16 13:26:48 [LOG] Response received, transaction 192, function 0x03, 4 bytes PDU
2026-09-16 13:26:48 [LOG] Reading 0x2431 = 0
2026-09-16 13:26:48 [LOG] Request sent, transaction 193, function 0x03, 12 bytes
2026-09-16 13:26:48 [LOG] Response received, transaction 193, function 0x03, 4 bytes PDU
2026-09-16 13:26:48 [LOG] Reading 0x2432 = 0
2026-09-16 13:26:48 [LOG] Request sent, transaction 194, function 0x03, 12 bytes
2026-09-16 13:26:48 [LOG] Response received, transaction 194, function 0x03, 4 bytes PDU
2026-09-16 13:26:48 [LOG] Reading 0x2433 = 0
2026-09-16 13:26:48 [LOG] Request sent, transaction 195, function 0x03, 12 bytes
2026-09-16 13:26:48 [LOG] Response received, transaction 195, function 0x03, 4 bytes PDU
2026-09-16 13:26:48 [LOG] Reading 0x2434 = 0
2026-09-16 13:26:48 Broadcast sent to client 127.0.0.1:53710, 266 bytes
2026-09-16 13:26:50 Received 163 bytes
2026-09-16 13:26:50 [LOG] Request sent, transaction 196, function 0x10, 17 bytes
2026-09-16 13:26:50 [LOG] Response received, transaction 196, function 0x10, 5 bytes PDU
2026-09-16 13:26:50 [LOG] Writing 32-bit 0x236f = 2600022
2026-09-16 13:26:50 [LOG] Request sent, transaction 197, function 0x10, 17 bytes
2026-09-16 13:26:50 [LOG] Response received, transaction 197, function 0x10, 5 bytes PDU
2026-09-16 13:26:50 [LOG] Writing 32-bit 0x2381 = 1103416525
2026-09-16 13:26:50 [LOG] Request sent, transaction 198, function 0x10, 17 bytes
2026-09-16 13:26:50 [LOG] Response received, transaction 198, function 0x10, 5 bytes PDU
2026-09-16 13:26:50 [LOG] Writing 32-bit 0x2393 = 1017370378
2026-09-16 13:26:50 [LOG] Request sent, transaction 199, function 0x06, 12 bytes
2026-09-16 13:26:50 [LOG] Response received, transaction 199, function 0x06, 5 bytes PDU
2026-09-16 13:26:50 [LOG] Recording 0x2408 = 1
2026-09-16 13:26:50 [LOG] Request sent, transaction 200, function 0x06, 12 bytes
2026-09-16 13:26:50 [LOG] Response received, transaction 200, function 0x06, 5 bytes PDU
2026-09-16 13:26:50 [LOG] Recording 0x2411 = 1
2026-09-16 13:26:50 [LOG] Request sent, transaction 201, function 0x06, 12 bytes
2026-09-16 13:26:50 [LOG] Response received, transaction 201, function 0x06, 5 bytes PDU
2026-09-16 13:26:50 [LOG] Recording 0x241a = 1
2026-09-16 13:26:50 [LOG] Request sent, transaction 202, function 0x06, 12 bytes
2026-09-16 13:26:50 [LOG] Response received, transaction 202, function 0x06, 5 bytes PDU
2026-09-16 13:26:50 [LOG] Recording 0x2423 = 1
2026-09-16 13:26:50 [LOG] Request sent, transaction 203, function 0x03, 12 bytes
2026-09-16 13:26:50 [LOG] Response received, transaction 203, function 0x03, 4 bytes PDU
2026-09-16 13:26:50 [LOG] Reading 0x242c = 0
2026-09-16 13:26:50 [LOG] Request sent, transaction 204, function 0x03, 12 bytes
2026-09-16 13:26:50 [LOG] Response received, transaction 204, function 0x03, 4 bytes PDU
2026-09-16 13:26:50 [LOG] Reading 0x242d = 0
2026-09-16 13:26:50 [LOG] Request sent, transaction 205, function 0x03, 12 bytes
2026-09-16 13:26:50 [LOG] Response received, transaction 205, function 0x03, 4 bytes PDU
2026-09-16 13:26:50 [LOG] Reading 0x242e = 0
2026-09-16 13:26:50 [LOG] Request sent, transaction 206, function 0x03, 12 bytes
2026-09-16 13:26:50 [LOG] Response received, transaction 206, function 0x03, 4 bytes PDU
2026-09-16 13:26:50 [LOG] Reading 0x242f = 0
2026-09-16 13:26:50 [LOG] Request sent, transaction 207, function 0x03, 12 bytes
2026-09-16 13:26:50 [LOG] Response received, transaction 207, function 0x03, 4 bytes PDU
2026-09-16 13:26:50 [LOG] Reading 0x2430 = 0
2026-09-16 13:26:50 [LOG] Request sent, transaction 208, function 0x03, 12 bytes
2026-09-16 13:26:50 [LOG] Response received, transaction 208, function 0x03, 4 bytes PDU
2026-09-16 13:26:50 [LOG] Reading 0x2431 = 0
2026-09-16 13:26:50 [LOG] Request sent, transaction 209, function 0x03, 12 bytes
2026-09-16 13:26:50 [LOG] Response received, transaction 209, function 0x03, 4 bytes PDU
2026-09-16 13:26:50 [LOG] Reading 0x2432 = 0
2026-09-16 13:26:50 [LOG] Request sent, transaction 210, function 0x03, 12 bytes
2026-09-16 13:26:50 [LOG] Response received, transaction 210, function 0x03, 4 bytes PDU
2026-09-16 13:26:50 [LOG] Reading 0x2433 = 0
2026-09-16 13:26:50 [LOG] Request sent, transaction 211, function 0x03, 12 bytes
2026-09-16 13:26:50 [LOG] Response received, transaction 211, function 0x03, 4 bytes PDU
2026-09-16 13:26:50 [LOG] Reading 0x2434 = 0
2026-09-16 13:26:50 Broadcast sent to client 127.0.0.1:53710, 266 bytes
2026-09-16 13:27:00 Received 163 bytes
2026-09-16 13:27:00 [LOG] Request sent, transaction 212, function 0x10, 17 bytes
2026-09-16 13:27:00 [LOG] Response received, transaction 212, function 0x10, 5 bytes PDU
2026-09-16 13:27:00 [LOG] Writing 32-bit 0x236f = 2600022
2026-09-16 13:27:00 [LOG] Request sent, transaction 213, function 0x10, 17 bytes
2026-09-16 13:27:00 [LOG] Response received, transaction 213, function 0x10, 5 bytes PDU
2026-09-16 13:27:00 [LOG] Writing 32-bit 0x2381 = 1103416525
2026-09-16 13:27:00 [LOG] Request sent, transaction 214, function 0x10, 17 bytes
2026-09-16 13:27:00 [LOG] Response received, transaction 214, function 0x10, 5 bytes PDU
2026-09-16 13:27:00 [LOG] Writing 32-bit 0x2393 = 1017370378
2026-09-16 13:27:00 [LOG] Request sent, transaction 215, function 0x06, 12 bytes
2026-09-16 13:27:00 [LOG] Response received, transaction 215, function 0x06, 5 bytes PDU
2026-09-16 13:27:00 [LOG] Recording 0x2408 = 1
2026-09-16 13:27:00 [LOG] Request sent, transaction 216, function 0x06, 12 bytes
2026-09-16 13:27:00 [LOG] Response received, transaction 216, function 0x06, 5 bytes PDU
2026-09-16 13:27:00 [LOG] Recording 0x2411 = 1
2026-09-16 13:27:00 [LOG] Request sent, transaction 217, function 0x06, 12 bytes
2026-09-16 13:27:00 [LOG] Response received, transaction 217, function 0x06, 5 bytes PDU
2026-09-16 13:27:00 [LOG] Recording 0x241a = 1
2026-09-16 13:27:00 [LOG] Request sent, transaction 218, function 0x06, 12 bytes
2026-09-16 13:27:00 [LOG] Response received, transaction 218, function 0x06, 5 bytes PDU
2026-09-16 13:27:00 [LOG] Recording 0x2423 = 1
2026-09-16 13:27:00 [LOG] Request sent, transaction 219, function 0x03, 12 bytes
2026-09-16 13:27:00 [LOG] Response received, transaction 219, function 0x03, 4 bytes PDU
2026-09-16 13:27:00 [LOG] Reading 0x242c = 1
2026-09-16 13:27:00 [LOG] Request sent, transaction 220, function 0x03, 12 bytes
2026-09-16 13:27:00 [LOG] Response received, transaction 220, function 0x03, 4 bytes PDU
2026-09-16 13:27:00 [LOG] Reading 0x242d = 0
2026-09-16 13:27:00 [LOG] Request sent, transaction 221, function 0x03, 12 bytes
2026-09-16 13:27:00 [LOG] Response received, transaction 221, function 0x03, 4 bytes PDU
2026-09-16 13:27:00 [LOG] Reading 0x242e = 0
2026-09-16 13:27:00 [LOG] Request sent, transaction 222, function 0x03, 12 bytes
2026-09-16 13:27:00 [LOG] Response received, transaction 222, function 0x03, 4 bytes PDU
2026-09-16 13:27:00 [LOG] Reading 0x242f = 0
2026-09-16 13:27:00 [LOG] Request sent, transaction 223, function 0x03, 12 bytes
2026-09-16 13:27:00 [LOG] Response received, transaction 223, function 0x03, 4 bytes PDU
2026-09-16 13:27:00 [LOG] Reading 0x2430 = 0
2026-09-16 13:27:00 [LOG] Request sent, transaction 224, function 0x03, 12 bytes
2026-09-16 13:27:00 [LOG] Response received, transaction 224, function 0x03, 4 bytes PDU
2026-09-16 13:27:00 [LOG] Reading 0x2431 = 0
2026-09-16 13:27:00 [LOG] Request sent, transaction 225, function 0x03, 12 bytes
2026-09-16 13:27:00 [LOG] Response received, transaction 225, function 0x03, 4 bytes PDU
2026-09-16 13:27:00 [LOG] Reading 0x2432 = 0
2026-09-16 13:27:00 [LOG] Request sent, transaction 226, function 0x03, 12 bytes
2026-09-16 13:27:00 [LOG] Response received, transaction 226, function 0x03, 4 bytes PDU
2026-09-16 13:27:00 [LOG] Reading 0x2433 = 0
2026-09-16 13:27:00 [LOG] Request sent, transaction 227, function 0x03, 12 bytes
2026-09-16 13:27:00 [LOG] Response received, transaction 227, function 0x03, 4 bytes PDU
2026-09-16 13:27:00 [LOG] Reading 0x2434 = 0
2026-09-16 13:27:00 Broadcast sent to client 127.0.0.1:53710, 266 bytes
2026-09-16 13:27:00 Received 184 bytes
2026-09-16 13:27:00 [LOG] Request sent, transaction 228, function 0x06, 12 bytes
2026-09-16 13:27:00 [LOG] Response received, transaction 228, function 0x06, 5 bytes PDU
2026-09-16 13:27:00 [LOG] Recording 0x2435 = 0
2026-09-16 13:27:00 [LOG] Request sent, transaction 229, function 0x06, 12 bytes
2026-09-16 13:27:00 [LOG] Response received, transaction 229, function 0x06, 5 bytes PDU
2026-09-16 13:27:00 [LOG] Recording 0x23a5 = 0
2026-09-16 13:27:00 [LOG] Request sent, transaction 230, function 0x10, 17 bytes
2026-09-16 13:27:00 [LOG] Response received, transaction 230, function 0x10, 5 bytes PDU
2026-09-16 13:27:00 [LOG] Writing 32-bit 0x23ae = 0
2026-09-16 13:27:00 [LOG] Request sent, transaction 231, function 0x10, 17 bytes
2026-09-16 13:27:00 [LOG] Response received, transaction 231, function 0x10, 5 bytes PDU
2026-09-16 13:27:00 [LOG] Writing 32-bit 0x245f = 0
2026-09-16 13:27:00 [LOG] Request sent, transaction 232, function 0x06, 12 bytes
2026-09-16 13:27:00 [LOG] Response received, transaction 232, function 0x06, 5 bytes PDU
2026-09-16 13:27:00 [LOG] Recording 0x23c0 = 0
2026-09-16 13:27:00 [LOG] Request sent, transaction 233, function 0x10, 17 bytes
2026-09-16 13:27:00 [LOG] Response received, transaction 233, function 0x10, 5 bytes PDU
2026-09-16 13:27:00 [LOG] Writing 32-bit 0x23c9 = 0
2026-09-16 13:27:00 [LOG] Request sent, transaction 234, function 0x10, 17 bytes
2026-09-16 13:27:00 [LOG] Response received, transaction 234, function 0x10, 5 bytes PDU
2026-09-16 13:27:00 [LOG] Writing 32-bit 0x2471 = 0
2026-09-16 13:27:00 [LOG] Request sent, transaction 235, function 0x03, 12 bytes
2026-09-16 13:27:00 [LOG] Response received, transaction 235, function 0x03, 4 bytes PDU
2026-09-16 13:27:00 [LOG] Reading 0x242c = 1
2026-09-16 13:27:00 [LOG] Request sent, transaction 236, function 0x03, 12 bytes
2026-09-16 13:27:00 [LOG] Response received, transaction 236, function 0x03, 4 bytes PDU
2026-09-16 13:27:00 [LOG] Reading 0x242d = 0
2026-09-16 13:27:00 [LOG] Request sent, transaction 237, function 0x03, 12 bytes
2026-09-16 13:27:00 [LOG] Response received, transaction 237, function 0x03, 4 bytes PDU
2026-09-16 13:27:00 [LOG] Reading 0x242e = 0
2026-09-16 13:27:00 [LOG] Request sent, transaction 238, function 0x03, 12 bytes
2026-09-16 13:27:00 [LOG] Response received, transaction 238, function 0x03, 4 bytes PDU
2026-09-16 13:27:00 [LOG] Reading 0x242f = 0
2026-09-16 13:27:00 [LOG] Request sent, transaction 239, function 0x03, 12 bytes
2026-09-16 13:27:00 [LOG] Response received, transaction 239, function 0x03, 4 bytes PDU
2026-09-16 13:27:00 [LOG] Reading 0x2430 = 0
2026-09-16 13:27:00 [LOG] Request sent, transaction 240, function 0x03, 12 bytes
2026-09-16 13:27:00 [LOG] Response received, transaction 240, function 0x03, 4 bytes PDU
2026-09-16 13:27:00 [LOG] Reading 0x2431 = 0
2026-09-16 13:27:00 [LOG] Request sent, transaction 241, function 0x03, 12 bytes
2026-09-16 13:27:00 [LOG] Response received, transaction 241, function 0x03, 4 bytes PDU
2026-09-16 13:27:00 [LOG] Reading 0x2432 = 0
2026-09-16 13:27:00 [LOG] Request sent, transaction 242, function 0x03, 12 bytes
2026-09-16 13:27:00 [LOG] Response received, transaction 242, function 0x03, 4 bytes PDU
2026-09-16 13:27:00 [LOG] Reading 0x2433 = 0
2026-09-16 13:27:00 [LOG] Request sent, transaction 243, function 0x03, 12 bytes
2026-09-16 13:27:00 [LOG] Response received, transaction 243, function 0x03, 4 bytes PDU
2026-09-16 13:27:00 [LOG] Reading 0x2434 = 0
2026-09-16 13:27:00 Broadcast sent to client 127.0.0.1:53710, 266 bytes
2026-09-16 13:27:08 [LOG] Request sent, transaction 244, function 0x03, 12 bytes
2026-09-16 13:27:08 [LOG] Response received, transaction 244, function 0x03, 4 bytes PDU
2026-09-16 13:27:08 [LOG] Reading 0x242c = 1
2026-09-16 13:27:08 [LOG] Request sent, transaction 245, function 0x03, 12 bytes
2026-09-16 13:27:08 [LOG] Response received, transaction 245, function 0x03, 4 bytes PDU
2026-09-16 13:27:08 [LOG] Reading 0x242d = 0
2026-09-16 13:27:08 [LOG] Request sent, transaction 246, function 0x03, 12 bytes
2026-09-16 13:27:08 [LOG] Response received, transaction 246, function 0x03, 4 bytes PDU
2026-09-16 13:27:08 [LOG] Reading 0x242e = 0
2026-09-16 13:27:08 [LOG] Request sent, transaction 247, function 0x03, 12 bytes
2026-09-16 13:27:08 [LOG] Response received, transaction 247, function 0x03, 4 bytes PDU
2026-09-16 13:27:08 [LOG] Reading 0x242f = 0
2026-09-16 13:27:08 [LOG] Request sent, transaction 248, function 0x03, 12 bytes
2026-09-16 13:27:08 [LOG] Response received, transaction 248, function 0x03, 4 bytes PDU
2026-09-16 13:27:08 [LOG] Reading 0x2430 = 0
2026-09-16 13:27:08 [LOG] Request sent, transaction 249, function 0x03, 12 bytes
2026-09-16 13:27:08 [LOG] Response received, transaction 249, function 0x03, 4 bytes PDU
2026-09-16 13:27:08 [LOG] Reading 0x2431 = 0
2026-09-16 13:27:08 [LOG] Request sent, transaction 250, function 0x03, 12 bytes
2026-09-16 13:27:08 [LOG] Response received, transaction 250, function 0x03, 4 bytes PDU
2026-09-16 13:27:08 [LOG] Reading 0x2432 = 0
2026-09-16 13:27:08 [LOG] Request sent, transaction 251, function 0x03, 12 bytes
2026-09-16 13:27:08 [LOG] Response received, transaction 251, function 0x03, 4 bytes PDU
2026-09-16 13:27:08 [LOG] Reading 0x2433 = 0
2026-09-16 13:27:08 [LOG] Request sent, transaction 252, function 0x03, 12 bytes
2026-09-16 13:27:08 [LOG] Response received, transaction 252, function 0x03, 4 bytes PDU
2026-09-16 13:27:08 [LOG] Reading 0x2434 = 0
2026-09-16 13:27:08 Broadcast sent to client 127.0.0.1:53710, 266 bytes
2026-09-16 13:27:10 Received 163 bytes
2026-09-16 13:27:10 [LOG] Request sent, transaction 253, function 0x10, 17 bytes
2026-09-16 13:27:10 [LOG] Response received, transaction 253, function 0x10, 5 bytes PDU
2026-09-16 13:27:10 [LOG] Writing 32-bit 0x236f = 2600022
2026-09-16 13:27:10 [LOG] Request sent, transaction 254, function 0x10, 17 bytes
2026-09-16 13:27:10 [LOG] Response received, transaction 254, function 0x10, 5 bytes PDU
2026-09-16 13:27:10 [LOG] Writing 32-bit 0x2381 = 1103416525
2026-09-16 13:27:10 [LOG] Request sent, transaction 255, function 0x10, 17 bytes
2026-09-16 13:27:10 [LOG] Response received, transaction 255, function 0x10, 5 bytes PDU
2026-09-16 13:27:10 [LOG] Writing 32-bit 0x2393 = 1017370378
2026-09-16 13:27:10 [LOG] Request sent, transaction 256, function 0x06, 12 bytes
2026-09-16 13:27:10 [LOG] Response received, transaction 256, function 0x06, 5 bytes PDU
2026-09-16 13:27:10 [LOG] Recording 0x2408 = 1
2026-09-16 13:27:10 [LOG] Request sent, transaction 257, function 0x06, 12 bytes
2026-09-16 13:27:10 [LOG] Response received, transaction 257, function 0x06, 5 bytes PDU
2026-09-16 13:27:10 [LOG] Recording 0x2411 = 1
2026-09-16 13:27:10 [LOG] Request sent, transaction 258, function 0x06, 12 bytes
2026-09-16 13:27:10 [LOG] Response received, transaction 258, function 0x06, 5 bytes PDU
2026-09-16 13:27:10 [LOG] Recording 0x241a = 1
2026-09-16 13:27:10 [LOG] Request sent, transaction 259, function 0x06, 12 bytes
2026-09-16 13:27:10 [LOG] Response received, transaction 259, function 0x06, 5 bytes PDU
2026-09-16 13:27:10 [LOG] Recording 0x2423 = 1
2026-09-16 13:27:10 [LOG] Request sent, transaction 260, function 0x03, 12 bytes
2026-09-16 13:27:10 [LOG] Response received, transaction 260, function 0x03, 4 bytes PDU
2026-09-16 13:27:10 [LOG] Reading 0x242c = 1
2026-09-16 13:27:10 [LOG] Request sent, transaction 261, function 0x03, 12 bytes
2026-09-16 13:27:10 [LOG] Response received, transaction 261, function 0x03, 4 bytes PDU
2026-09-16 13:27:10 [LOG] Reading 0x242d = 0
2026-09-16 13:27:10 [LOG] Request sent, transaction 262, function 0x03, 12 bytes
2026-09-16 13:27:10 [LOG] Response received, transaction 262, function 0x03, 4 bytes PDU
2026-09-16 13:27:10 [LOG] Reading 0x242e = 0
2026-09-16 13:27:10 [LOG] Request sent, transaction 263, function 0x03, 12 bytes
2026-09-16 13:27:10 [LOG] Response received, transaction 263, function 0x03, 4 bytes PDU
2026-09-16 13:27:10 [LOG] Reading 0x242f = 0
2026-09-16 13:27:10 [LOG] Request sent, transaction 264, function 0x03, 12 bytes
2026-09-16 13:27:10 [LOG] Response received, transaction 264, function 0x03, 4 bytes PDU
2026-09-16 13:27:10 [LOG] Reading 0x2430 = 0
2026-09-16 13:27:10 [LOG] Request sent, transaction 265, function 0x03, 12 bytes
2026-09-16 13:27:10 [LOG] Response received, transaction 265, function 0x03, 4 bytes PDU
2026-09-16 13:27:10 [LOG] Reading 0x2431 = 0
2026-09-16 13:27:10 [LOG] Request sent, transaction 266, function 0x03, 12 bytes
2026-09-16 13:27:10 [LOG] Response received, transaction 266, function 0x03, 4 bytes PDU
2026-09-16 13:27:10 [LOG] Reading 0x2432 = 0
2026-09-16 13:27:10 [LOG] Request sent, transaction 267, function 0x03, 12 bytes
2026-09-16 13:27:10 [LOG] Response received, transaction 267, function 0x03, 4 bytes PDU
2026-09-16 13:27:10 [LOG] Reading 0x2433 = 0
2026-09-16 13:27:10 [LOG] Request sent, transaction 268, function 0x03, 12 bytes
2026-09-16 13:27:10 [LOG] Response received, transaction 268, function 0x03, 4 bytes PDU
2026-09-16 13:27:10 [LOG] Reading 0x2434 = 0
2026-09-16 13:27:10 Broadcast sent to client 127.0.0.1:53710, 266 bytes
2026-09-16 13:27:28 [LOG] Request sent, transaction 269, function 0x03, 12 bytes
2026-09-16 13:27:28 [LOG] Response received, transaction 269, function 0x03, 4 bytes PDU
2026-09-16 13:27:28 [LOG] Reading 0x242c = 1
2026-09-16 13:27:28 [LOG] Request sent, transaction 270, function 0x03, 12 bytes
2026-09-16 13:27:28 [LOG] Response received, transaction 270, function 0x03, 4 bytes PDU
2026-09-16 13:27:28 [LOG] Reading 0x242d = 0
2026-09-16 13:27:28 [LOG] Request sent, transaction 271, function 0x03, 12 bytes
2026-09-16 13:27:28 [LOG] Response received, transaction 271, function 0x03, 4 bytes PDU
2026-09-16 13:27:28 [LOG] Reading 0x242e = 0
2026-09-16 13:27:28 [LOG] Request sent, transaction 272, function 0x03, 12 bytes
2026-09-16 13:27:28 [LOG] Response received, transaction 272, function 0x03, 4 bytes PDU
2026-09-16 13:27:28 [LOG] Reading 0x242f = 0
2026-09-16 13:27:28 [LOG] Request sent, transaction 273, function 0x03, 12 bytes
2026-09-16 13:27:28 [LOG] Response received, transaction 273, function 0x03, 4 bytes PDU
2026-09-16 13:27:28 [LOG] Reading 0x2430 = 0
2026-09-16 13:27:28 [LOG] Request sent, transaction 274, function 0x03, 12 bytes
2026-09-16 13:27:28 [LOG] Response received, transaction 274, function 0x03, 4 bytes PDU
2026-09-16 13:27:28 [LOG] Reading 0x2431 = 0
2026-09-16 13:27:28 [LOG] Request sent, transaction 275, function 0x03, 12 bytes
2026-09-16 13:27:28 [LOG] Response received, transaction 275, function 0x03, 4 bytes PDU
2026-09-16 13:27:28 [LOG] Reading 0x2432 = 0
2026-09-16 13:27:28 [LOG] Request sent, transaction 276, function 0x03, 12 bytes
2026-09-16 13:27:28 [LOG] Response received, transaction 276, function 0x03, 4 bytes PDU
2026-09-16 13:27:28 [LOG] Reading 0x2433 = 0
2026-09-16 13:27:28 [LOG] Request sent, transaction 277, function 0x03, 12 bytes
2026-09-16 13:27:28 [LOG] Response received, transaction 277, function 0x03, 4 bytes PDU
2026-09-16 13:27:28 [LOG] Reading 0x2434 = 0
2026-09-16 13:27:28 Broadcast sent to client 127.0.0.1:53710, 266 bytes
2026-09-16 13:27:48 [LOG] Request sent, transaction 278, function 0x03, 12 bytes
2026-09-16 13:27:48 [LOG] Response received, transaction 278, function 0x03, 4 bytes PDU
2026-09-16 13:27:48 [LOG] Reading 0x242c = 1
2026-09-16 13:27:48 [LOG] Request sent, transaction 279, function 0x03, 12 bytes
2026-09-16 13:27:48 [LOG] Response received, transaction 279, function 0x03, 4 bytes PDU
2026-09-16 13:27:48 [LOG] Reading 0x242d = 0
2026-09-16 13:27:48 [LOG] Request sent, transaction 280, function 0x03, 12 bytes
2026-09-16 13:27:48 [LOG] Response received, transaction 280, function 0x03, 4 bytes PDU
2026-09-16 13:27:48 [LOG] Reading 0x242e = 0
2026-09-16 13:27:48 [LOG] Request sent, transaction 281, function 0x03, 12 bytes
2026-09-16 13:27:48 [LOG] Response received, transaction 281, function 0x03, 4 bytes PDU
2026-09-16 13:27:48 [LOG] Reading 0x242f = 0
2026-09-16 13:27:48 [LOG] Request sent, transaction 282, function 0x03, 12 bytes
2026-09-16 13:27:48 [LOG] Response received, transaction 282, function 0x03, 4 bytes PDU
2026-09-16 13:27:48 [LOG] Reading 0x2430 = 0
2026-09-16 13:27:48 [LOG] Request sent, transaction 283, function 0x03, 12 bytes
2026-09-16 13:27:48 [LOG] Response received, transaction 283, function 0x03, 4 bytes PDU
2026-09-16 13:27:48 [LOG] Reading 0x2431 = 0
2026-09-16 13:27:48 [LOG] Request sent, transaction 284, function 0x03, 12 bytes
2026-09-16 13:27:48 [LOG] Response received, transaction 284, function 0x03, 4 bytes PDU
2026-09-16 13:27:48 [LOG] Reading 0x2432 = 0
2026-09-16 13:27:48 [LOG] Request sent, transaction 285, function 0x03, 12 bytes
2026-09-16 13:27:48 [LOG] Response received, transaction 285, function 0x03, 4 bytes PDU
2026-09-16 13:27:48 [LOG] Reading 0x2433 = 0
2026-09-16 13:27:48 [LOG] Request sent, transaction 286, function 0x03, 12 bytes
2026-09-16 13:27:48 [LOG] Response received, transaction 286, function 0x03, 4 bytes PDU
2026-09-16 13:27:48 [LOG] Reading 0x2434 = 0
2026-09-16 13:27:48 Broadcast sent to client 127.0.0.1:53710, 266 bytes
2026-09-16 13:28:08 [LOG] Request sent, transaction 287, function 0x03, 12 bytes
2026-09-16 13:28:08 [LOG] Response received, transaction 287, function 0x03, 4 bytes PDU
2026-09-16 13:28:08 [LOG] Reading 0x242c = 1
2026-09-16 13:28:08 [LOG] Request sent, transaction 288, function 0x03, 12 bytes
2026-09-16 13:28:08 [LOG] Response received, transaction 288, function 0x03, 4 bytes PDU
2026-09-16 13:28:08 [LOG] Reading 0x242d = 0
2026-09-16 13:28:08 [LOG] Request sent, transaction 289, function 0x03, 12 bytes
2026-09-16 13:28:08 [LOG] Response received, transaction 289, function 0x03, 4 bytes PDU
2026-09-16 13:28:08 [LOG] Reading 0x242e = 0
2026-09-16 13:28:08 [LOG] Request sent, transaction 290, function 0x03, 12 bytes
2026-09-16 13:28:08 [LOG] Response received, transaction 290, function 0x03, 4 bytes PDU
2026-09-16 13:28:08 [LOG] Reading 0x242f = 0
2026-09-16 13:28:08 [LOG] Request sent, transaction 291, function 0x03, 12 bytes
2026-09-16 13:28:08 [LOG] Response received, transaction 291, function 0x03, 4 bytes PDU
2026-09-16 13:28:08 [LOG] Reading 0x2430 = 0
2026-09-16 13:28:08 [LOG] Request sent, transaction 292, function 0x03, 12 bytes
2026-09-16 13:28:08 [LOG] Response received, transaction 292, function 0x03, 4 bytes PDU
2026-09-16 13:28:08 [LOG] Reading 0x2431 = 0
2026-09-16 13:28:08 [LOG] Request sent, transaction 293, function 0x03, 12 bytes
2026-09-16 13:28:08 [LOG] Response received, transaction 293, function 0x03, 4 bytes PDU
2026-09-16 13:28:08 [LOG] Reading 0x2432 = 0
2026-09-16 13:28:08 [LOG] Request sent, transaction 294, function 0x03, 12 bytes
2026-09-16 13:28:08 [LOG] Response received, transaction 294, function 0x03, 4 bytes PDU
2026-09-16 13:28:08 [LOG] Reading 0x2433 = 0
2026-09-16 13:28:08 [LOG] Request sent, transaction 295, function 0x03, 12 bytes
2026-09-16 13:28:08 [LOG] Response received, transaction 295, function 0x03, 4 bytes PDU
2026-09-16 13:28:08 [LOG] Reading 0x2434 = 0
2026-09-16 13:28:08 Broadcast sent to client 127.0.0.1:53710, 266 bytes
2026-09-16 13:28:28 [LOG] Request sent, transaction 296, function 0x03, 12 bytes
2026-09-16 13:28:28 [LOG] Response received, transaction 296, function 0x03, 4 bytes PDU
2026-09-16 13:28:28 [LOG] Reading 0x242c = 1
2026-09-16 13:28:28 [LOG] Request sent, transaction 297, function 0x03, 12 bytes
2026-09-16 13:28:28 [LOG] Response received, transaction 297, function 0x03, 4 bytes PDU
2026-09-16 13:28:28 [LOG] Reading 0x242d = 0
2026-09-16 13:28:28 [LOG] Request sent, transaction 298, function 0x03, 12 bytes
2026-09-16 13:28:28 [LOG] Response received, transaction 298, function 0x03, 4 bytes PDU
2026-09-16 13:28:28 [LOG] Reading 0x242e = 0
2026-09-16 13:28:28 [LOG] Request sent, transaction 299, function 0x03, 12 bytes
2026-09-16 13:28:28 [LOG] Response received, transaction 299, function 0x03, 4 bytes PDU
2026-09-16 13:28:28 [LOG] Reading 0x242f = 0
2026-09-16 13:28:28 [LOG] Request sent, transaction 300, function 0x03, 12 bytes
2026-09-16 13:28:28 [LOG] Response received, transaction 300, function 0x03, 4 bytes PDU
2026-09-16 13:28:28 [LOG] Reading 0x2430 = 0
2026-09-16 13:28:28 [LOG] Request sent, transaction 301, function 0x03, 12 bytes
2026-09-16 13:28:28 [LOG] Response received, transaction 301, function 0x03, 4 bytes PDU
2026-09-16 13:28:28 [LOG] Reading 0x2431 = 0
2026-09-16 13:28:28 [LOG] Request sent, transaction 302, function 0x03, 12 bytes
2026-09-16 13:28:28 [LOG] Response received, transaction 302, function 0x03, 4 bytes PDU
2026-09-16 13:28:28 [LOG] Reading 0x2432 = 0
2026-09-16 13:28:28 [LOG] Request sent, transaction 303, function 0x03, 12 bytes
2026-09-16 13:28:28 [LOG] Response received, transaction 303, function 0x03, 4 bytes PDU
2026-09-16 13:28:28 [LOG] Reading 0x2433 = 0
2026-09-16 13:28:28 [LOG] Request sent, transaction 304, function 0x03, 12 bytes
2026-09-16 13:28:28 [LOG] Response received, transaction 304, function 0x03, 4 bytes PDU
2026-09-16 13:28:28 [LOG] Reading 0x2434 = 0
2026-09-16 13:28:28 Broadcast sent to client 127.0.0.1:53710, 266 bytes
2026-09-16 13:28:48 [LOG] Request sent, transaction 305, function 0x03, 12 bytes
2026-09-16 13:28:48 [LOG] Response received, transaction 305, function 0x03, 4 bytes PDU
2026-09-16 13:28:48 [LOG] Reading 0x242c = 1
2026-09-16 13:28:48 [LOG] Request sent, transaction 306, function 0x03, 12 bytes
2026-09-16 13:28:48 [LOG] Response received, transaction 306, function 0x03, 4 bytes PDU
2026-09-16 13:28:48 [LOG] Reading 0x242d = 0
2026-09-16 13:28:48 [LOG] Request sent, transaction 307, function 0x03, 12 bytes
2026-09-16 13:28:48 [LOG] Response received, transaction 307, function 0x03, 4 bytes PDU
2026-09-16 13:28:48 [LOG] Reading 0x242e = 0
2026-09-16 13:28:48 [LOG] Request sent, transaction 308, function 0x03, 12 bytes
2026-09-16 13:28:48 [LOG] Response received, transaction 308, function 0x03, 4 bytes PDU
2026-09-16 13:28:48 [LOG] Reading 0x242f = 0
2026-09-16 13:28:48 [LOG] Request sent, transaction 309, function 0x03, 12 bytes
2026-09-16 13:28:48 [LOG] Response received, transaction 309, function 0x03, 4 bytes PDU
2026-09-16 13:28:48 [LOG] Reading 0x2430 = 0
2026-09-16 13:28:48 [LOG] Request sent, transaction 310, function 0x03, 12 bytes
2026-09-16 13:28:48 [LOG] Response received, transaction 310, function 0x03, 4 bytes PDU
2026-09-16 13:28:48 [LOG] Reading 0x2431 = 0
2026-09-16 13:28:48 [LOG] Request sent, transaction 311, function 0x03, 12 bytes
2026-09-16 13:28:48 [LOG] Response received, transaction 311, function 0x03, 4 bytes PDU
2026-09-16 13:28:48 [LOG] Reading 0x2432 = 0
2026-09-16 13:28:48 [LOG] Request sent, transaction 312, function 0x03, 12 bytes
2026-09-16 13:28:48 [LOG] Response received, transaction 312, function 0x03, 4 bytes PDU
2026-09-16 13:28:48 [LOG] Reading 0x2433 = 0
2026-09-16 13:28:48 [LOG] Request sent, transaction 313, function 0x03, 12 bytes
2026-09-16 13:28:48 [LOG] Response received, transaction 313, function 0x03, 4 bytes PDU
2026-09-16 13:28:48 [LOG] Reading 0x2434 = 0
2026-09-16 13:28:48 Broadcast sent to client 127.0.0.1:53710, 266 bytes
2026-09-16 13:29:08 [LOG] Request sent, transaction 314, function 0x03, 12 bytes
2026-09-16 13:29:08 [LOG] Response received, transaction 314, function 0x03, 4 bytes PDU
2026-09-16 13:29:08 [LOG] Reading 0x242c = 1
2026-09-16 13:29:08 [LOG] Request sent, transaction 315, function 0x03, 12 bytes
2026-09-16 13:29:08 [LOG] Response received, transaction 315, function 0x03, 4 bytes PDU
2026-09-16 13:29:08 [LOG] Reading 0x242d = 0
2026-09-16 13:29:08 [LOG] Request sent, transaction 316, function 0x03, 12 bytes
2026-09-16 13:29:08 [LOG] Response received, transaction 316, function 0x03, 4 bytes PDU
2026-09-16 13:29:08 [LOG] Reading 0x242e = 0
2026-09-16 13:29:08 [LOG] Request sent, transaction 317, function 0x03, 12 bytes
2026-09-16 13:29:08 [LOG] Response received, transaction 317, function 0x03, 4 bytes PDU
2026-09-16 13:29:08 [LOG] Reading 0x242f = 0
2026-09-16 13:29:08 [LOG] Request sent, transaction 318, function 0x03, 12 bytes
2026-09-16 13:29:08 [LOG] Response received, transaction 318, function 0x03, 4 bytes PDU
2026-09-16 13:29:08 [LOG] Reading 0x2430 = 0
2026-09-16 13:29:08 [LOG] Request sent, transaction 319, function 0x03, 12 bytes
2026-09-16 13:29:08 [LOG] Response received, transaction 319, function 0x03, 4 bytes PDU
2026-09-16 13:29:08 [LOG] Reading 0x2431 = 0
2026-09-16 13:29:08 [LOG] Request sent, transaction 320, function 0x03, 12 bytes
2026-09-16 13:29:08 [LOG] Response received, transaction 320, function 0x03, 4 bytes PDU
2026-09-16 13:29:08 [LOG] Reading 0x2432 = 0
2026-09-16 13:29:08 [LOG] Request sent, transaction 321, function 0x03, 12 bytes
2026-09-16 13:29:08 [LOG] Response received, transaction 321, function 0x03, 4 bytes PDU
2026-09-16 13:29:08 [LOG] Reading 0x2433 = 0
2026-09-16 13:29:08 [LOG] Request sent, transaction 322, function 0x03, 12 bytes
2026-09-16 13:29:08 [LOG] Response received, transaction 322, function 0x03, 4 bytes PDU
2026-09-16 13:29:08 [LOG] Reading 0x2434 = 0
2026-09-16 13:29:08 Broadcast sent to client 127.0.0.1:53710, 266 bytes
2026-09-16 13:29:28 [LOG] Request sent, transaction 323, function 0x03, 12 bytes
2026-09-16 13:29:28 [LOG] Response received, transaction 323, function 0x03, 4 bytes PDU
2026-09-16 13:29:28 [LOG] Reading 0x242c = 1
2026-09-16 13:29:28 [LOG] Request sent, transaction 324, function 0x03, 12 bytes
2026-09-16 13:29:28 [LOG] Response received, transaction 324, function 0x03, 4 bytes PDU
2026-09-16 13:29:28 [LOG] Reading 0x242d = 0
2026-09-16 13:29:28 [LOG] Request sent, transaction 325, function 0x03, 12 bytes
2026-09-16 13:29:28 [LOG] Response received, transaction 325, function 0x03, 4 bytes PDU
2026-09-16 13:29:28 [LOG] Reading 0x242e = 0
2026-09-16 13:29:28 [LOG] Request sent, transaction 326, function 0x03, 12 bytes
2026-09-16 13:29:28 [LOG] Response received, transaction 326, function 0x03, 4 bytes PDU
2026-09-16 13:29:28 [LOG] Reading 0x242f = 0
2026-09-16 13:29:28 [LOG] Request sent, transaction 327, function 0x03, 12 bytes
2026-09-16 13:29:28 [LOG] Response received, transaction 327, function 0x03, 4 bytes PDU
2026-09-16 13:29:28 [LOG] Reading 0x2430 = 0
2026-09-16 13:29:28 [LOG] Request sent, transaction 328, function 0x03, 12 bytes
2026-09-16 13:29:28 [LOG] Response received, transaction 328, function 0x03, 4 bytes PDU
2026-09-16 13:29:28 [LOG] Reading 0x2431 = 0
2026-09-16 13:29:28 [LOG] Request sent, transaction 329, function 0x03, 12 bytes
2026-09-16 13:29:28 [LOG] Response received, transaction 329, function 0x03, 4 bytes PDU
2026-09-16 13:29:28 [LOG] Reading 0x2432 = 0
2026-09-16 13:29:28 [LOG] Request sent, transaction 330, function 0x03, 12 bytes
2026-09-16 13:29:28 [LOG] Response received, transaction 330, function 0x03, 4 bytes PDU
2026-09-16 13:29:28 [LOG] Reading 0x2433 = 0
2026-09-16 13:29:28 [LOG] Request sent, transaction 331, function 0x03, 12 bytes
2026-09-16 13:29:28 [LOG] Response received, transaction 331, function 0x03, 4 bytes PDU
2026-09-16 13:29:28 [LOG] Reading 0x2434 = 0
2026-09-16 13:29:28 Broadcast sent to client 127.0.0.1:53710, 266 bytes
2026-09-16 13:29:48 [LOG] Request sent, transaction 332, function 0x03, 12 bytes
2026-09-16 13:29:48 [LOG] Response received, transaction 332, function 0x03, 4 bytes PDU
2026-09-16 13:29:48 [LOG] Reading 0x242c = 1
2026-09-16 13:29:48 [LOG] Request sent, transaction 333, function 0x03, 12 bytes
2026-09-16 13:29:48 [LOG] Response received, transaction 333, function 0x03, 4 bytes PDU
2026-09-16 13:29:48 [LOG] Reading 0x242d = 0
2026-09-16 13:29:48 [LOG] Request sent, transaction 334, function 0x03, 12 bytes
2026-09-16 13:29:48 [LOG] Response received, transaction 334, function 0x03, 4 bytes PDU
2026-09-16 13:29:48 [LOG] Reading 0x242e = 0
2026-09-16 13:29:48 [LOG] Request sent, transaction 335, function 0x03, 12 bytes
2026-09-16 13:29:48 [LOG] Response received, transaction 335, function 0x03, 4 bytes PDU
2026-09-16 13:29:48 [LOG] Reading 0x242f = 0
2026-09-16 13:29:48 [LOG] Request sent, transaction 336, function 0x03, 12 bytes
2026-09-16 13:29:48 [LOG] Response received, transaction 336, function 0x03, 4 bytes PDU
2026-09-16 13:29:48 [LOG] Reading 0x2430 = 0
2026-09-16 13:29:48 [LOG] Request sent, transaction 337, function 0x03, 12 bytes
2026-09-16 13:29:48 [LOG] Response received, transaction 337, function 0x03, 4 bytes PDU
2026-09-16 13:29:48 [LOG] Reading 0x2431 = 0
2026-09-16 13:29:48 [LOG] Request sent, transaction 338, function 0x03, 12 bytes
2026-09-16 13:29:48 [LOG] Response received, transaction 338, function 0x03, 4 bytes PDU
2026-09-16 13:29:48 [LOG] Reading 0x2432 = 0
2026-09-16 13:29:48 [LOG] Request sent, transaction 339, function 0x03, 12 bytes
2026-09-16 13:29:48 [LOG] Response received, transaction 339, function 0x03, 4 bytes PDU
2026-09-16 13:29:48 [LOG] Reading 0x2433 = 0
2026-09-16 13:29:48 [LOG] Request sent, transaction 340, function 0x03, 12 bytes
2026-09-16 13:29:48 [LOG] Response received, transaction 340, function 0x03, 4 bytes PDU
2026-09-16 13:29:48 [LOG] Reading 0x2434 = 0
2026-09-16 13:29:48 Broadcast sent to client 127.0.0.1:53710, 266 bytes
2026-09-16 13:30:08 [LOG] Request sent, transaction 341, function 0x03, 12 bytes
2026-09-16 13:30:08 [LOG] Response received, transaction 341, function 0x03, 4 bytes PDU
2026-09-16 13:30:08 [LOG] Reading 0x242c = 1
2026-09-16 13:30:08 [LOG] Request sent, transaction 342, function 0x03, 12 bytes
2026-09-16 13:30:08 [LOG] Response received, transaction 342, function 0x03, 4 bytes PDU
2026-09-16 13:30:08 [LOG] Reading 0x242d = 0
2026-09-16 13:30:08 [LOG] Request sent, transaction 343, function 0x03, 12 bytes
2026-09-16 13:30:08 [LOG] Response received, transaction 343, function 0x03, 4 bytes PDU
2026-09-16 13:30:08 [LOG] Reading 0x242e = 0
2026-09-16 13:30:08 [LOG] Request sent, transaction 344, function 0x03, 12 bytes
2026-09-16 13:30:08 [LOG] Response received, transaction 344, function 0x03, 4 bytes PDU
2026-09-16 13:30:08 [LOG] Reading 0x242f = 0
2026-09-16 13:30:08 [LOG] Request sent, transaction 345, function 0x03, 12 bytes
2026-09-16 13:30:08 [LOG] Response received, transaction 345, function 0x03, 4 bytes PDU
2026-09-16 13:30:08 [LOG] Reading 0x2430 = 0
2026-09-16 13:30:08 [LOG] Request sent, transaction 346, function 0x03, 12 bytes
2026-09-16 13:30:08 [LOG] Response received, transaction 346, function 0x03, 4 bytes PDU
2026-09-16 13:30:08 [LOG] Reading 0x2431 = 0
2026-09-16 13:30:08 [LOG] Request sent, transaction 347, function 0x03, 12 bytes
2026-09-16 13:30:08 [LOG] Response received, transaction 347, function 0x03, 4 bytes PDU
2026-09-16 13:30:08 [LOG] Reading 0x2432 = 0
2026-09-16 13:30:08 [LOG] Request sent, transaction 348, function 0x03, 12 bytes
2026-09-16 13:30:08 [LOG] Response received, transaction 348, function 0x03, 4 bytes PDU
2026-09-16 13:30:08 [LOG] Reading 0x2433 = 0
2026-09-16 13:30:08 [LOG] Request sent, transaction 349, function 0x03, 12 bytes
2026-09-16 13:30:08 [LOG] Response received, transaction 349, function 0x03, 4 bytes PDU
2026-09-16 13:30:08 [LOG] Reading 0x2434 = 0
2026-09-16 13:30:08 Broadcast sent to client 127.0.0.1:53710, 266 bytes
2026-09-16 13:30:28 [LOG] Request sent, transaction 350, function 0x03, 12 bytes
2026-09-16 13:30:28 [LOG] Response received, transaction 350, function 0x03, 4 bytes PDU
2026-09-16 13:30:28 [LOG] Reading 0x242c = 1
2026-09-16 13:30:28 [LOG] Request sent, transaction 351, function 0x03, 12 bytes
2026-09-16 13:30:28 [LOG] Response received, transaction 351, function 0x03, 4 bytes PDU
2026-09-16 13:30:28 [LOG] Reading 0x242d = 0
2026-09-16 13:30:28 [LOG] Request sent, transaction 352, function 0x03, 12 bytes
2026-09-16 13:30:28 [LOG] Response received, transaction 352, function 0x03, 4 bytes PDU
2026-09-16 13:30:28 [LOG] Reading 0x242e = 0
2026-09-16 13:30:28 [LOG] Request sent, transaction 353, function 0x03, 12 bytes
2026-09-16 13:30:28 [LOG] Response received, transaction 353, function 0x03, 4 bytes PDU
2026-09-16 13:30:28 [LOG] Reading 0x242f = 0
2026-09-16 13:30:28 [LOG] Request sent, transaction 354, function 0x03, 12 bytes
2026-09-16 13:30:28 [LOG] Response received, transaction 354, function 0x03, 4 bytes PDU
2026-09-16 13:30:28 [LOG] Reading 0x2430 = 0
2026-09-16 13:30:28 [LOG] Request sent, transaction 355, function 0x03, 12 bytes
2026-09-16 13:30:28 [LOG] Response received, transaction 355, function 0x03, 4 bytes PDU
2026-09-16 13:30:28 [LOG] Reading 0x2431 = 0
2026-09-16 13:30:28 [LOG] Request sent, transaction 356, function 0x03, 12 bytes
2026-09-16 13:30:28 [LOG] Response received, transaction 356, function 0x03, 4 bytes PDU
2026-09-16 13:30:28 [LOG] Reading 0x2432 = 0
2026-09-16 13:30:28 [LOG] Request sent, transaction 357, function 0x03, 12 bytes
2026-09-16 13:30:28 [LOG] Response received, transaction 357, function 0x03, 4 bytes PDU
2026-09-16 13:30:28 [LOG] Reading 0x2433 = 0
2026-09-16 13:30:28 [LOG] Request sent, transaction 358, function 0x03, 12 bytes
2026-09-16 13:30:28 [LOG] Response received, transaction 358, function 0x03, 4 bytes PDU
2026-09-16 13:30:28 [LOG] Reading 0x2434 = 0
2026-09-16 13:30:28 Broadcast sent to client 127.0.0.1:53710, 266 bytes
2026-09-16 13:30:48 [LOG] Request sent, transaction 359, function 0x03, 12 bytes
2026-09-16 13:30:48 [LOG] Response received, transaction 359, function 0x03, 4 bytes PDU
2026-09-16 13:30:48 [LOG] Reading 0x242c = 1
2026-09-16 13:30:48 [LOG] Request sent, transaction 360, function 0x03, 12 bytes
2026-09-16 13:30:48 [LOG] Response received, transaction 360, function 0x03, 4 bytes PDU
2026-09-16 13:30:48 [LOG] Reading 0x242d = 0
2026-09-16 13:30:48 [LOG] Request sent, transaction 361, function 0x03, 12 bytes
2026-09-16 13:30:48 [LOG] Response received, transaction 361, function 0x03, 4 bytes PDU
2026-09-16 13:30:48 [LOG] Reading 0x242e = 0
2026-09-16 13:30:48 [LOG] Request sent, transaction 362, function 0x03, 12 bytes
2026-09-16 13:30:48 [LOG] Response received, transaction 362, function 0x03, 4 bytes PDU
2026-09-16 13:30:48 [LOG] Reading 0x242f = 0
2026-09-16 13:30:48 [LOG] Request sent, transaction 363, function 0x03, 12 bytes
2026-09-16 13:30:48 [LOG] Response received, transaction 363, function 0x03, 4 bytes PDU
2026-09-16 13:30:48 [LOG] Reading 0x2430 = 0
2026-09-16 13:30:48 [LOG] Request sent, transaction 364, function 0x03, 12 bytes
2026-09-16 13:30:48 [LOG] Response received, transaction 364, function 0x03, 4 bytes PDU
2026-09-16 13:30:48 [LOG] Reading 0x2431 = 0
2026-09-16 13:30:48 [LOG] Request sent, transaction 365, function 0x03, 12 bytes
2026-09-16 13:30:48 [LOG] Response received, transaction 365, function 0x03, 4 bytes PDU
2026-09-16 13:30:48 [LOG] Reading 0x2432 = 0
2026-09-16 13:30:48 [LOG] Request sent, transaction 366, function 0x03, 12 bytes
2026-09-16 13:30:48 [LOG] Response received, transaction 366, function 0x03, 4 bytes PDU
2026-09-16 13:30:48 [LOG] Reading 0x2433 = 0
2026-09-16 13:30:48 [LOG] Request sent, transaction 367, function 0x03, 12 bytes
2026-09-16 13:30:48 [LOG] Response received, transaction 367, function 0x03, 4 bytes PDU
2026-09-16 13:30:48 [LOG] Reading 0x2434 = 0
2026-09-16 13:30:48 Broadcast sent to client 127.0.0.1:53710, 266 bytes
2026-09-16 13:31:08 [LOG] Request sent, transaction 368, function 0x03, 12 bytes
2026-09-16 13:31:08 [LOG] Response received, transaction 368, function 0x03, 4 bytes PDU
2026-09-16 13:31:08 [LOG] Reading 0x242c = 1
2026-09-16 13:31:08 [LOG] Request sent, transaction 369, function 0x03, 12 bytes
2026-09-16 13:31:08 [LOG] Response received, transaction 369, function 0x03, 4 bytes PDU
2026-09-16 13:31:08 [LOG] Reading 0x242d = 0
2026-09-16 13:31:08 [LOG] Request sent, transaction 370, function 0x03, 12 bytes
2026-09-16 13:31:08 [LOG] Response received, transaction 370, function 0x03, 4 bytes PDU
2026-09-16 13:31:08 [LOG] Reading 0x242e = 0
2026-09-16 13:31:08 [LOG] Request sent, transaction 371, function 0x03, 12 bytes
2026-09-16 13:31:08 [LOG] Response received, transaction 371, function 0x03, 4 bytes PDU
2026-09-16 13:31:08 [LOG] Reading 0x242f = 0
2026-09-16 13:31:08 [LOG] Request sent, transaction 372, function 0x03, 12 bytes
2026-09-16 13:31:08 [LOG] Response received, transaction 372, function 0x03, 4 bytes PDU
2026-09-16 13:31:08 [LOG] Reading 0x2430 = 0
2026-09-16 13:31:08 [LOG] Request sent, transaction 373, function 0x03, 12 bytes
2026-09-16 13:31:08 [LOG] Response received, transaction 373, function 0x03, 4 bytes PDU
2026-09-16 13:31:08 [LOG] Reading 0x2431 = 0
2026-09-16 13:31:08 [LOG] Request sent, transaction 374, function 0x03, 12 bytes
2026-09-16 13:31:08 [LOG] Response received, transaction 374, function 0x03, 4 bytes PDU
2026-09-16 13:31:08 [LOG] Reading 0x2432 = 0
2026-09-16 13:31:08 [LOG] Request sent, transaction 375, function 0x03, 12 bytes
2026-09-16 13:31:08 [LOG] Response received, transaction 375, function 0x03, 4 bytes PDU
2026-09-16 13:31:08 [LOG] Reading 0x2433 = 0
2026-09-16 13:31:08 [LOG] Request sent, transaction 376, function 0x03, 12 bytes
2026-09-16 13:31:08 [LOG] Response received, transaction 376, function 0x03, 4 bytes PDU
2026-09-16 13:31:08 [LOG] Reading 0x2434 = 0
2026-09-16 13:31:08 Broadcast sent to client 127.0.0.1:53710, 266 bytes
2026-09-16 13:31:28 [LOG] Request sent, transaction 377, function 0x03, 12 bytes
2026-09-16 13:31:28 [LOG] Response received, transaction 377, function 0x03, 4 bytes PDU
2026-09-16 13:31:28 [LOG] Reading 0x242c = 1
2026-09-16 13:31:28 [LOG] Request sent, transaction 378, function 0x03, 12 bytes
2026-09-16 13:31:28 [LOG] Response received, transaction 378, function 0x03, 4 bytes PDU
2026-09-16 13:31:28 [LOG] Reading 0x242d = 0
2026-09-16 13:31:28 [LOG] Request sent, transaction 379, function 0x03, 12 bytes
2026-09-16 13:31:28 [LOG] Response received, transaction 379, function 0x03, 4 bytes PDU
2026-09-16 13:31:28 [LOG] Reading 0x242e = 0
2026-09-16 13:31:28 [LOG] Request sent, transaction 380, function 0x03, 12 bytes
2026-09-16 13:31:28 [LOG] Response received, transaction 380, function 0x03, 4 bytes PDU
2026-09-16 13:31:28 [LOG] Reading 0x242f = 0
2026-09-16 13:31:28 [LOG] Request sent, transaction 381, function 0x03, 12 bytes
2026-09-16 13:31:28 [LOG] Response received, transaction 381, function 0x03, 4 bytes PDU
2026-09-16 13:31:28 [LOG] Reading 0x2430 = 0
2026-09-16 13:31:28 [LOG] Request sent, transaction 382, function 0x03, 12 bytes
2026-09-16 13:31:28 [LOG] Response received, transaction 382, function 0x03, 4 bytes PDU
2026-09-16 13:31:28 [LOG] Reading 0x2431 = 0
2026-09-16 13:31:28 [LOG] Request sent, transaction 383, function 0x03, 12 bytes
2026-09-16 13:31:28 [LOG] Response received, transaction 383, function 0x03, 4 bytes PDU
2026-09-16 13:31:28 [LOG] Reading 0x2432 = 0
2026-09-16 13:31:28 [LOG] Request sent, transaction 384, function 0x03, 12 bytes
2026-09-16 13:31:28 [LOG] Response received, transaction 384, function 0x03, 4 bytes PDU
2026-09-16 13:31:28 [LOG] Reading 0x2433 = 0
2026-09-16 13:31:28 [LOG] Request sent, transaction 385, function 0x03, 12 bytes
2026-09-16 13:31:28 [LOG] Response received, transaction 385, function 0x03, 4 bytes PDU
2026-09-16 13:31:28 [LOG] Reading 0x2434 = 0
2026-09-16 13:31:28 Broadcast sent to client 127.0.0.1:53710, 266 bytes
2026-09-16 13:31:48 [LOG] Request sent, transaction 386, function 0x03, 12 bytes
2026-09-16 13:31:48 [LOG] Response received, transaction 386, function 0x03, 4 bytes PDU
2026-09-16 13:31:48 [LOG] Reading 0x242c = 1
2026-09-16 13:31:48 [LOG] Request sent, transaction 387, function 0x03, 12 bytes
2026-09-16 13:31:48 [LOG] Response received, transaction 387, function 0x03, 4 bytes PDU
2026-09-16 13:31:48 [LOG] Reading 0x242d = 0
2026-09-16 13:31:48 [LOG] Request sent, transaction 388, function 0x03, 12 bytes
2026-09-16 13:31:48 [LOG] Response received, transaction 388, function 0x03, 4 bytes PDU
2026-09-16 13:31:48 [LOG] Reading 0x242e = 0
2026-09-16 13:31:48 [LOG] Request sent, transaction 389, function 0x03, 12 bytes
2026-09-16 13:31:48 [LOG] Response received, transaction 389, function 0x03, 4 bytes PDU
2026-09-16 13:31:48 [LOG] Reading 0x242f = 0
2026-09-16 13:31:48 [LOG] Request sent, transaction 390, function 0x03, 12 bytes
2026-09-16 13:31:48 [LOG] Response received, transaction 390, function 0x03, 4 bytes PDU
2026-09-16 13:31:48 [LOG] Reading 0x2430 = 0
2026-09-16 13:31:48 [LOG] Request sent, transaction 391, function 0x03, 12 bytes
2026-09-16 13:31:48 [LOG] Response received, transaction 391, function 0x03, 4 bytes PDU
2026-09-16 13:31:48 [LOG] Reading 0x2431 = 0
2026-09-16 13:31:48 [LOG] Request sent, transaction 392, function 0x03, 12 bytes
2026-09-16 13:31:48 [LOG] Response received, transaction 392, function 0x03, 4 bytes PDU
2026-09-16 13:31:48 [LOG] Reading 0x2432 = 0
2026-09-16 13:31:48 [LOG] Request sent, transaction 393, function 0x03, 12 bytes
2026-09-16 13:31:48 [LOG] Response received, transaction 393, function 0x03, 4 bytes PDU
2026-09-16 13:31:48 [LOG] Reading 0x2433 = 0
2026-09-16 13:31:48 [LOG] Request sent, transaction 394, function 0x03, 12 bytes
2026-09-16 13:31:48 [LOG] Response received, transaction 394, function 0x03, 4 bytes PDU
2026-09-16 13:31:48 [LOG] Reading 0x2434 = 0
2026-09-16 13:31:48 Broadcast sent to client 127.0.0.1:53710, 266 bytes
2026-09-16 13:32:08 [LOG] Request sent, transaction 395, function 0x03, 12 bytes
2026-09-16 13:32:08 [LOG] Response received, transaction 395, function 0x03, 4 bytes PDU
2026-09-16 13:32:08 [LOG] Reading 0x242c = 1
2026-09-16 13:32:08 [LOG] Request sent, transaction 396, function 0x03, 12 bytes
2026-09-16 13:32:08 [LOG] Response received, transaction 396, function 0x03, 4 bytes PDU
2026-09-16 13:32:08 [LOG] Reading 0x242d = 0
2026-09-16 13:32:08 [LOG] Request sent, transaction 397, function 0x03, 12 bytes
2026-09-16 13:32:08 [LOG] Response received, transaction 397, function 0x03, 4 bytes PDU
2026-09-16 13:32:08 [LOG] Reading 0x242e = 0
2026-09-16 13:32:08 [LOG] Request sent, transaction 398, function 0x03, 12 bytes
2026-09-16 13:32:08 [LOG] Response received, transaction 398, function 0x03, 4 bytes PDU
2026-09-16 13:32:08 [LOG] Reading 0x242f = 0
2026-09-16 13:32:08 [LOG] Request sent, transaction 399, function 0x03, 12 bytes
2026-09-16 13:32:08 [LOG] Response received, transaction 399, function 0x03, 4 bytes PDU
2026-09-16 13:32:08 [LOG] Reading 0x2430 = 0
2026-09-16 13:32:08 [LOG] Request sent, transaction 400, function 0x03, 12 bytes
2026-09-16 13:32:08 [LOG] Response received, transaction 400, function 0x03, 4 bytes PDU
2026-09-16 13:32:08 [LOG] Reading 0x2431 = 0
2026-09-16 13:32:08 [LOG] Request sent, transaction 401, function 0x03, 12 bytes
2026-09-16 13:32:08 [LOG] Response received, transaction 401, function 0x03, 4 bytes PDU
2026-09-16 13:32:08 [LOG] Reading 0x2432 = 0
2026-09-16 13:32:08 [LOG] Request sent, transaction 402, function 0x03, 12 bytes
2026-09-16 13:32:08 [LOG] Response received, transaction 402, function 0x03, 4 bytes PDU
2026-09-16 13:32:08 [LOG] Reading 0x2433 = 0
2026-09-16 13:32:08 [LOG] Request sent, transaction 403, function 0x03, 12 bytes
2026-09-16 13:32:08 [LOG] Response received, transaction 403, function 0x03, 4 bytes PDU
2026-09-16 13:32:08 [LOG] Reading 0x2434 = 0
2026-09-16 13:32:08 Broadcast sent to client 127.0.0.1:53710, 266 bytes
2026-09-16 13:32:19 [LOG] Request sent, transaction 404, function 0x06, 12 bytes
2026-09-16 13:32:19 [LOG] Response received, transaction 404, function 0x06, 5 bytes PDU
2026-09-16 13:32:19 [LOG] Recording 0x234b = 0
2026-09-16 13:32:28 [LOG] Request sent, transaction 405, function 0x03, 12 bytes
2026-09-16 13:32:28 [LOG] Response received, transaction 405, function 0x03, 4 bytes PDU
2026-09-16 13:32:28 [LOG] Reading 0x242c = 1
2026-09-16 13:32:28 [LOG] Request sent, transaction 406, function 0x03, 12 bytes
2026-09-16 13:32:28 [LOG] Response received, transaction 406, function 0x03, 4 bytes PDU
2026-09-16 13:32:28 [LOG] Reading 0x242d = 0
2026-09-16 13:32:28 [LOG] Request sent, transaction 407, function 0x03, 12 bytes
2026-09-16 13:32:28 [LOG] Response received, transaction 407, function 0x03, 4 bytes PDU
2026-09-16 13:32:28 [LOG] Reading 0x242e = 0
2026-09-16 13:32:28 [LOG] Request sent, transaction 408, function 0x03, 12 bytes
2026-09-16 13:32:28 [LOG] Response received, transaction 408, function 0x03, 4 bytes PDU
2026-09-16 13:32:28 [LOG] Reading 0x242f = 0
2026-09-16 13:32:28 [LOG] Request sent, transaction 409, function 0x03, 12 bytes
2026-09-16 13:32:28 [LOG] Response received, transaction 409, function 0x03, 4 bytes PDU
2026-09-16 13:32:28 [LOG] Reading 0x2430 = 0
2026-09-16 13:32:28 [LOG] Request sent, transaction 410, function 0x03, 12 bytes
2026-09-16 13:32:28 [LOG] Response received, transaction 410, function 0x03, 4 bytes PDU
2026-09-16 13:32:28 [LOG] Reading 0x2431 = 0
2026-09-16 13:32:28 [LOG] Request sent, transaction 411, function 0x03, 12 bytes
2026-09-16 13:32:28 [LOG] Response received, transaction 411, function 0x03, 4 bytes PDU
2026-09-16 13:32:28 [LOG] Reading 0x2432 = 0
2026-09-16 13:32:28 [LOG] Request sent, transaction 412, function 0x03, 12 bytes
2026-09-16 13:32:28 [LOG] Response received, transaction 412, function 0x03, 4 bytes PDU
2026-09-16 13:32:28 [LOG] Reading 0x2433 = 0
2026-09-16 13:32:28 [LOG] Request sent, transaction 413, function 0x03, 12 bytes
2026-09-16 13:32:28 [LOG] Response received, transaction 413, function 0x03, 4 bytes PDU
2026-09-16 13:32:28 [LOG] Reading 0x2434 = 0
2026-09-16 13:32:28 Broadcast sent to client 127.0.0.1:53710, 266 bytes
2026-09-16 13:32:48 [LOG] Request sent, transaction 414, function 0x03, 12 bytes
2026-09-16 13:32:48 [LOG] Response received, transaction 414, function 0x03, 4 bytes PDU
2026-09-16 13:32:48 [LOG] Reading 0x242c = 1
2026-09-16 13:32:48 [LOG] Request sent, transaction 415, function 0x03, 12 bytes
2026-09-16 13:32:48 [LOG] Response received, transaction 415, function 0x03, 4 bytes PDU
2026-09-16 13:32:48 [LOG] Reading 0x242d = 0
2026-09-16 13:32:48 [LOG] Request sent, transaction 416, function 0x03, 12 bytes
2026-09-16 13:32:48 [LOG] Response received, transaction 416, function 0x03, 4 bytes PDU
2026-09-16 13:32:48 [LOG] Reading 0x242e = 0
2026-09-16 13:32:48 [LOG] Request sent, transaction 417, function 0x03, 12 bytes
2026-09-16 13:32:48 [LOG] Response received, transaction 417, function 0x03, 4 bytes PDU
2026-09-16 13:32:48 [LOG] Reading 0x242f = 0
2026-09-16 13:32:48 [LOG] Request sent, transaction 418, function 0x03, 12 bytes
2026-09-16 13:32:48 [LOG] Response received, transaction 418, function 0x03, 4 bytes PDU
2026-09-16 13:32:48 [LOG] Reading 0x2430 = 0
2026-09-16 13:32:48 [LOG] Request sent, transaction 419, function 0x03, 12 bytes
2026-09-16 13:32:48 [LOG] Response received, transaction 419, function 0x03, 4 bytes PDU
2026-09-16 13:32:48 [LOG] Reading 0x2431 = 0
2026-09-16 13:32:48 [LOG] Request sent, transaction 420, function 0x03, 12 bytes
2026-09-16 13:32:48 [LOG] Response received, transaction 420, function 0x03, 4 bytes PDU
2026-09-16 13:32:48 [LOG] Reading 0x2432 = 0
2026-09-16 13:32:48 [LOG] Request sent, transaction 421, function 0x03, 12 bytes
2026-09-16 13:32:48 [LOG] Response received, transaction 421, function 0x03, 4 bytes PDU
2026-09-16 13:32:48 [LOG] Reading 0x2433 = 0
2026-09-16 13:32:48 [LOG] Request sent, transaction 422, function 0x03, 12 bytes
2026-09-16 13:32:48 [LOG] Response received, transaction 422, function 0x03, 4 bytes PDU
2026-09-16 13:32:48 [LOG] Reading 0x2434 = 0
2026-09-16 13:32:48 Broadcast sent to client 127.0.0.1:53710, 266 bytes
2026-09-16 13:33:08 [LOG] Request sent, transaction 423, function 0x03, 12 bytes
2026-09-16 13:33:08 [LOG] Response received, transaction 423, function 0x03, 4 bytes PDU
2026-09-16 13:33:08 [LOG] Reading 0x242c = 1
2026-09-16 13:33:08 [LOG] Request sent, transaction 424, function 0x03, 12 bytes
2026-09-16 13:33:08 [LOG] Response received, transaction 424, function 0x03, 4 bytes PDU
2026-09-16 13:33:08 [LOG] Reading 0x242d = 0
2026-09-16 13:33:08 [LOG] Request sent, transaction 425, function 0x03, 12 bytes
2026-09-16 13:33:08 [LOG] Response received, transaction 425, function 0x03, 4 bytes PDU
2026-09-16 13:33:08 [LOG] Reading 0x242e = 0
2026-09-16 13:33:08 [LOG] Request sent, transaction 426, function 0x03, 12 bytes
2026-09-16 13:33:08 [LOG] Response received, transaction 426, function 0x03, 4 bytes PDU
2026-09-16 13:33:08 [LOG] Reading 0x242f = 0
2026-09-16 13:33:08 [LOG] Request sent, transaction 427, function 0x03, 12 bytes
2026-09-16 13:33:08 [LOG] Response received, transaction 427, function 0x03, 4 bytes PDU
2026-09-16 13:33:08 [LOG] Reading 0x2430 = 0
2026-09-16 13:33:08 [LOG] Request sent, transaction 428, function 0x03, 12 bytes
2026-09-16 13:33:08 [LOG] Response received, transaction 428, function 0x03, 4 bytes PDU
2026-09-16 13:33:08 [LOG] Reading 0x2431 = 0
2026-09-16 13:33:08 [LOG] Request sent, transaction 429, function 0x03, 12 bytes
2026-09-16 13:33:08 [LOG] Response received, transaction 429, function 0x03, 4 bytes PDU
2026-09-16 13:33:08 [LOG] Reading 0x2432 = 0
2026-09-16 13:33:08 [LOG] Request sent, transaction 430, function 0x03, 12 bytes
2026-09-16 13:33:08 [LOG] Response received, transaction 430, function 0x03, 4 bytes PDU
2026-09-16 13:33:08 [LOG] Reading 0x2433 = 0
2026-09-16 13:33:08 [LOG] Request sent, transaction 431, function 0x03, 12 bytes
2026-09-16 13:33:08 [LOG] Response received, transaction 431, function 0x03, 4 bytes PDU
2026-09-16 13:33:08 [LOG] Reading 0x2434 = 0
2026-09-16 13:33:08 Broadcast sent to client 127.0.0.1:53710, 266 bytes
2026-09-16 13:33:28 [LOG] Request sent, transaction 432, function 0x03, 12 bytes
2026-09-16 13:33:28 [LOG] Response received, transaction 432, function 0x03, 4 bytes PDU
2026-09-16 13:33:28 [LOG] Reading 0x242c = 1
2026-09-16 13:33:28 [LOG] Request sent, transaction 433, function 0x03, 12 bytes
2026-09-16 13:33:28 [LOG] Response received, transaction 433, function 0x03, 4 bytes PDU
2026-09-16 13:33:28 [LOG] Reading 0x242d = 0
2026-09-16 13:33:28 [LOG] Request sent, transaction 434, function 0x03, 12 bytes
2026-09-16 13:33:28 [LOG] Response received, transaction 434, function 0x03, 4 bytes PDU
2026-09-16 13:33:28 [LOG] Reading 0x242e = 0
2026-09-16 13:33:28 [LOG] Request sent, transaction 435, function 0x03, 12 bytes
2026-09-16 13:33:28 [LOG] Response received, transaction 435, function 0x03, 4 bytes PDU
2026-09-16 13:33:28 [LOG] Reading 0x242f = 0
2026-09-16 13:33:28 [LOG] Request sent, transaction 436, function 0x03, 12 bytes
2026-09-16 13:33:28 [LOG] Response received, transaction 436, function 0x03, 4 bytes PDU
2026-09-16 13:33:28 [LOG] Reading 0x2430 = 0
2026-09-16 13:33:28 [LOG] Request sent, transaction 437, function 0x03, 12 bytes
2026-09-16 13:33:28 [LOG] Response received, transaction 437, function 0x03, 4 bytes PDU
2026-09-16 13:33:28 [LOG] Reading 0x2431 = 0
2026-09-16 13:33:28 [LOG] Request sent, transaction 438, function 0x03, 12 bytes
2026-09-16 13:33:28 [LOG] Response received, transaction 438, function 0x03, 4 bytes PDU
2026-09-16 13:33:28 [LOG] Reading 0x2432 = 0
2026-09-16 13:33:28 [LOG] Request sent, transaction 439, function 0x03, 12 bytes
2026-09-16 13:33:28 [LOG] Response received, transaction 439, function 0x03, 4 bytes PDU
2026-09-16 13:33:28 [LOG] Reading 0x2433 = 0
2026-09-16 13:33:28 [LOG] Request sent, transaction 440, function 0x03, 12 bytes
2026-09-16 13:33:28 [LOG] Response received, transaction 440, function 0x03, 4 bytes PDU
2026-09-16 13:33:28 [LOG] Reading 0x2434 = 0
2026-09-16 13:33:28 Broadcast sent to client 127.0.0.1:53710, 266 bytes
2026-09-16 13:33:48 [LOG] Request sent, transaction 441, function 0x03, 12 bytes
2026-09-16 13:33:48 [LOG] Response received, transaction 441, function 0x03, 4 bytes PDU
2026-09-16 13:33:48 [LOG] Reading 0x242c = 1
2026-09-16 13:33:48 [LOG] Request sent, transaction 442, function 0x03, 12 bytes
2026-09-16 13:33:48 [LOG] Response received, transaction 442, function 0x03, 4 bytes PDU
2026-09-16 13:33:48 [LOG] Reading 0x242d = 0
2026-09-16 13:33:48 [LOG] Request sent, transaction 443, function 0x03, 12 bytes
2026-09-16 13:33:48 [LOG] Response received, transaction 443, function 0x03, 4 bytes PDU
2026-09-16 13:33:48 [LOG] Reading 0x242e = 0
2026-09-16 13:33:48 [LOG] Request sent, transaction 444, function 0x03, 12 bytes
2026-09-16 13:33:48 [LOG] Response received, transaction 444, function 0x03, 4 bytes PDU
2026-09-16 13:33:48 [LOG] Reading 0x242f = 0
2026-09-16 13:33:48 [LOG] Request sent, transaction 445, function 0x03, 12 bytes
2026-09-16 13:33:48 [LOG] Response received, transaction 445, function 0x03, 4 bytes PDU
2026-09-16 13:33:48 [LOG] Reading 0x2430 = 0
2026-09-16 13:33:48 [LOG] Request sent, transaction 446, function 0x03, 12 bytes
2026-09-16 13:33:48 [LOG] Response received, transaction 446, function 0x03, 4 bytes PDU
2026-09-16 13:33:48 [LOG] Reading 0x2431 = 0
2026-09-16 13:33:48 [LOG] Request sent, transaction 447, function 0x03, 12 bytes
2026-09-16 13:33:48 [LOG] Response received, transaction 447, function 0x03, 4 bytes PDU
2026-09-16 13:33:48 [LOG] Reading 0x2432 = 0
2026-09-16 13:33:48 [LOG] Request sent, transaction 448, function 0x03, 12 bytes
2026-09-16 13:33:48 [LOG] Response received, transaction 448, function 0x03, 4 bytes PDU
2026-09-16 13:33:48 [LOG] Reading 0x2433 = 0
2026-09-16 13:33:48 [LOG] Request sent, transaction 449, function 0x03, 12 bytes
2026-09-16 13:33:48 [LOG] Response received, transaction 449, function 0x03, 4 bytes PDU
2026-09-16 13:33:48 [LOG] Reading 0x2434 = 0
2026-09-16 13:33:48 Broadcast sent to client 127.0.0.1:53710, 266 bytes
2026-09-16 13:34:08 [LOG] Request sent, transaction 450, function 0x03, 12 bytes
2026-09-16 13:34:08 [LOG] Response received, transaction 450, function 0x03, 4 bytes PDU
2026-09-16 13:34:08 [LOG] Reading 0x242c = 1
2026-09-16 13:34:08 [LOG] Request sent, transaction 451, function 0x03, 12 bytes
2026-09-16 13:34:08 [LOG] Response received, transaction 451, function 0x03, 4 bytes PDU
2026-09-16 13:34:08 [LOG] Reading 0x242d = 0
2026-09-16 13:34:08 [LOG] Request sent, transaction 452, function 0x03, 12 bytes
2026-09-16 13:34:08 [LOG] Response received, transaction 452, function 0x03, 4 bytes PDU
2026-09-16 13:34:08 [LOG] Reading 0x242e = 0
2026-09-16 13:34:08 [LOG] Request sent, transaction 453, function 0x03, 12 bytes
2026-09-16 13:34:08 [LOG] Response received, transaction 453, function 0x03, 4 bytes PDU
2026-09-16 13:34:08 [LOG] Reading 0x242f = 0
2026-09-16 13:34:08 [LOG] Request sent, transaction 454, function 0x03, 12 bytes
2026-09-16 13:34:08 [LOG] Response received, transaction 454, function 0x03, 4 bytes PDU
2026-09-16 13:34:08 [LOG] Reading 0x2430 = 0
2026-09-16 13:34:08 [LOG] Request sent, transaction 455, function 0x03, 12 bytes
2026-09-16 13:34:08 [LOG] Response received, transaction 455, function 0x03, 4 bytes PDU
2026-09-16 13:34:08 [LOG] Reading 0x2431 = 0
2026-09-16 13:34:08 [LOG] Request sent, transaction 456, function 0x03, 12 bytes
2026-09-16 13:34:08 [LOG] Response received, transaction 456, function 0x03, 4 bytes PDU
2026-09-16 13:34:08 [LOG] Reading 0x2432 = 0
2026-09-16 13:34:08 [LOG] Request sent, transaction 457, function 0x03, 12 bytes
2026-09-16 13:34:08 [LOG] Response received, transaction 457, function 0x03, 4 bytes PDU
2026-09-16 13:34:08 [LOG] Reading 0x2433 = 0
2026-09-16 13:34:08 [LOG] Request sent, transaction 458, function 0x03, 12 bytes
2026-09-16 13:34:08 [LOG] Response received, transaction 458, function 0x03, 4 bytes PDU
2026-09-16 13:34:08 [LOG] Reading 0x2434 = 0
2026-09-16 13:34:08 Broadcast sent to client 127.0.0.1:53710, 266 bytes
2026-09-16 13:34:28 [LOG] Request sent, transaction 459, function 0x03, 12 bytes
2026-09-16 13:34:28 [LOG] Response received, transaction 459, function 0x03, 4 bytes PDU
2026-09-16 13:34:28 [LOG] Reading 0x242c = 1
2026-09-16 13:34:28 [LOG] Request sent, transaction 460, function 0x03, 12 bytes
2026-09-16 13:34:28 [LOG] Response received, transaction 460, function 0x03, 4 bytes PDU
2026-09-16 13:34:28 [LOG] Reading 0x242d = 0
2026-09-16 13:34:28 [LOG] Request sent, transaction 461, function 0x03, 12 bytes
2026-09-16 13:34:28 [LOG] Response received, transaction 461, function 0x03, 4 bytes PDU
2026-09-16 13:34:28 [LOG] Reading 0x242e = 0
2026-09-16 13:34:28 [LOG] Request sent, transaction 462, function 0x03, 12 bytes
2026-09-16 13:34:28 [LOG] Response received, transaction 462, function 0x03, 4 bytes PDU
2026-09-16 13:34:28 [LOG] Reading 0x242f = 0
2026-09-16 13:34:28 [LOG] Request sent, transaction 463, function 0x03, 12 bytes
2026-09-16 13:34:28 [LOG] Response received, transaction 463, function 0x03, 4 bytes PDU
2026-09-16 13:34:28 [LOG] Reading 0x2430 = 0
2026-09-16 13:34:28 [LOG] Request sent, transaction 464, function 0x03, 12 bytes
2026-09-16 13:34:28 [LOG] Response received, transaction 464, function 0x03, 4 bytes PDU
2026-09-16 13:34:28 [LOG] Reading 0x2431 = 0
2026-09-16 13:34:28 [LOG] Request sent, transaction 465, function 0x03, 12 bytes
2026-09-16 13:34:28 [LOG] Response received, transaction 465, function 0x03, 4 bytes PDU
2026-09-16 13:34:28 [LOG] Reading 0x2432 = 0
2026-09-16 13:34:28 [LOG] Request sent, transaction 466, function 0x03, 12 bytes
2026-09-16 13:34:28 [LOG] Response received, transaction 466, function 0x03, 4 bytes PDU
2026-09-16 13:34:28 [LOG] Reading 0x2433 = 0
2026-09-16 13:34:28 [LOG] Request sent, transaction 467, function 0x03, 12 bytes
2026-09-16 13:34:28 [LOG] Response received, transaction 467, function 0x03, 4 bytes PDU
2026-09-16 13:34:28 [LOG] Reading 0x2434 = 0
2026-09-16 13:34:28 Broadcast sent to client 127.0.0.1:53710, 266 bytes
2026-09-16 13:34:48 [LOG] Request sent, transaction 468, function 0x03, 12 bytes
2026-09-16 13:34:48 [LOG] Response received, transaction 468, function 0x03, 4 bytes PDU
2026-09-16 13:34:48 [LOG] Reading 0x242c = 1
2026-09-16 13:34:48 [LOG] Request sent, transaction 469, function 0x03, 12 bytes
2026-09-16 13:34:48 [LOG] Response received, transaction 469, function 0x03, 4 bytes PDU
2026-09-16 13:34:48 [LOG] Reading 0x242d = 0
2026-09-16 13:34:48 [LOG] Request sent, transaction 470, function 0x03, 12 bytes
2026-09-16 13:34:48 [LOG] Response received, transaction 470, function 0x03, 4 bytes PDU
2026-09-16 13:34:48 [LOG] Reading 0x242e = 0
2026-09-16 13:34:48 [LOG] Request sent, transaction 471, function 0x03, 12 bytes
2026-09-16 13:34:48 [LOG] Response received, transaction 471, function 0x03, 4 bytes PDU
2026-09-16 13:34:48 [LOG] Reading 0x242f = 0
2026-09-16 13:34:48 [LOG] Request sent, transaction 472, function 0x03, 12 bytes
2026-09-16 13:34:48 [LOG] Response received, transaction 472, function 0x03, 4 bytes PDU
2026-09-16 13:34:48 [LOG] Reading 0x2430 = 0
2026-09-16 13:34:48 [LOG] Request sent, transaction 473, function 0x03, 12 bytes
2026-09-16 13:34:48 [LOG] Response received, transaction 473, function 0x03, 4 bytes PDU
2026-09-16 13:34:48 [LOG] Reading 0x2431 = 0
2026-09-16 13:34:48 [LOG] Request sent, transaction 474, function 0x03, 12 bytes
2026-09-16 13:34:48 [LOG] Response received, transaction 474, function 0x03, 4 bytes PDU
2026-09-16 13:34:48 [LOG] Reading 0x2432 = 0
2026-09-16 13:34:48 [LOG] Request sent, transaction 475, function 0x03, 12 bytes
2026-09-16 13:34:48 [LOG] Response received, transaction 475, function 0x03, 4 bytes PDU
2026-09-16 13:34:48 [LOG] Reading 0x2433 = 0
2026-09-16 13:34:48 [LOG] Request sent, transaction 476, function 0x03, 12 bytes
2026-09-16 13:34:48 [LOG] Response received, transaction 476, function 0x03, 4 bytes PDU
2026-09-16 13:34:48 [LOG] Reading 0x2434 = 0
2026-09-16 13:34:48 Broadcast sent to client 127.0.0.1:53710, 266 bytes
2026-09-16 13:35:08 [LOG] Request sent, transaction 477, function 0x03, 12 bytes
2026-09-16 13:35:08 [LOG] Response received, transaction 477, function 0x03, 4 bytes PDU
2026-09-16 13:35:08 [LOG] Reading 0x242c = 1
2026-09-16 13:35:08 [LOG] Request sent, transaction 478, function 0x03, 12 bytes
2026-09-16 13:35:08 [LOG] Response received, transaction 478, function 0x03, 4 bytes PDU
2026-09-16 13:35:08 [LOG] Reading 0x242d = 0
2026-09-16 13:35:08 [LOG] Request sent, transaction 479, function 0x03, 12 bytes
2026-09-16 13:35:08 [LOG] Response received, transaction 479, function 0x03, 4 bytes PDU
2026-09-16 13:35:08 [LOG] Reading 0x242e = 0
2026-09-16 13:35:08 [LOG] Request sent, transaction 480, function 0x03, 12 bytes
2026-09-16 13:35:08 [LOG] Response received, transaction 480, function 0x03, 4 bytes PDU
2026-09-16 13:35:08 [LOG] Reading 0x242f = 0
2026-09-16 13:35:08 [LOG] Request sent, transaction 481, function 0x03, 12 bytes
2026-09-16 13:35:08 [LOG] Response received, transaction 481, function 0x03, 4 bytes PDU
2026-09-16 13:35:08 [LOG] Reading 0x2430 = 0
2026-09-16 13:35:08 [LOG] Request sent, transaction 482, function 0x03, 12 bytes
2026-09-16 13:35:08 [LOG] Response received, transaction 482, function 0x03, 4 bytes PDU
2026-09-16 13:35:08 [LOG] Reading 0x2431 = 0
2026-09-16 13:35:08 [LOG] Request sent, transaction 483, function 0x03, 12 bytes
2026-09-16 13:35:08 [LOG] Response received, transaction 483, function 0x03, 4 bytes PDU
2026-09-16 13:35:08 [LOG] Reading 0x2432 = 0
2026-09-16 13:35:08 [LOG] Request sent, transaction 484, function 0x03, 12 bytes
2026-09-16 13:35:08 [LOG] Response received, transaction 484, function 0x03, 4 bytes PDU
2026-09-16 13:35:08 [LOG] Reading 0x2433 = 0
2026-09-16 13:35:08 [LOG] Request sent, transaction 485, function 0x03, 12 bytes
2026-09-16 13:35:08 [LOG] Response received, transaction 485, function 0x03, 4 bytes PDU
2026-09-16 13:35:08 [LOG] Reading 0x2434 = 0
2026-09-16 13:35:08 Broadcast sent to client 127.0.0.1:53710, 266 bytes
2026-09-16 13:35:28 [LOG] Request sent, transaction 486, function 0x03, 12 bytes
2026-09-16 13:35:28 [LOG] Response received, transaction 486, function 0x03, 4 bytes PDU
2026-09-16 13:35:28 [LOG] Reading 0x242c = 1
2026-09-16 13:35:28 [LOG] Request sent, transaction 487, function 0x03, 12 bytes
2026-09-16 13:35:28 [LOG] Response received, transaction 487, function 0x03, 4 bytes PDU
2026-09-16 13:35:28 [LOG] Reading 0x242d = 0
2026-09-16 13:35:28 [LOG] Request sent, transaction 488, function 0x03, 12 bytes
2026-09-16 13:35:28 [LOG] Response received, transaction 488, function 0x03, 4 bytes PDU
2026-09-16 13:35:28 [LOG] Reading 0x242e = 0
2026-09-16 13:35:28 [LOG] Request sent, transaction 489, function 0x03, 12 bytes
2026-09-16 13:35:28 [LOG] Response received, transaction 489, function 0x03, 4 bytes PDU
2026-09-16 13:35:28 [LOG] Reading 0x242f = 0
2026-09-16 13:35:28 [LOG] Request sent, transaction 490, function 0x03, 12 bytes
2026-09-16 13:35:28 [LOG] Response received, transaction 490, function 0x03, 4 bytes PDU
2026-09-16 13:35:28 [LOG] Reading 0x2430 = 0
2026-09-16 13:35:28 [LOG] Request sent, transaction 491, function 0x03, 12 bytes
2026-09-16 13:35:28 [LOG] Response received, transaction 491, function 0x03, 4 bytes PDU
2026-09-16 13:35:28 [LOG] Reading 0x2431 = 0
2026-09-16 13:35:28 [LOG] Request sent, transaction 492, function 0x03, 12 bytes
2026-09-16 13:35:28 [LOG] Response received, transaction 492, function 0x03, 4 bytes PDU
2026-09-16 13:35:28 [LOG] Reading 0x2432 = 0
2026-09-16 13:35:28 [LOG] Request sent, transaction 493, function 0x03, 12 bytes
2026-09-16 13:35:28 [LOG] Response received, transaction 493, function 0x03, 4 bytes PDU
2026-09-16 13:35:28 [LOG] Reading 0x2433 = 0
2026-09-16 13:35:28 [LOG] Request sent, transaction 494, function 0x03, 12 bytes
2026-09-16 13:35:28 [LOG] Response received, transaction 494, function 0x03, 4 bytes PDU
2026-09-16 13:35:28 [LOG] Reading 0x2434 = 0
2026-09-16 13:35:28 Broadcast sent to client 127.0.0.1:53710, 266 bytes
2026-09-16 13:35:48 [LOG] Request sent, transaction 495, function 0x03, 12 bytes
2026-09-16 13:35:48 [LOG] Response received, transaction 495, function 0x03, 4 bytes PDU
2026-09-16 13:35:48 [LOG] Reading 0x242c = 1
2026-09-16 13:35:48 [LOG] Request sent, transaction 496, function 0x03, 12 bytes
2026-09-16 13:35:48 [LOG] Response received, transaction 496, function 0x03, 4 bytes PDU
2026-09-16 13:35:48 [LOG] Reading 0x242d = 0
2026-09-16 13:35:48 [LOG] Request sent, transaction 497, function 0x03, 12 bytes
2026-09-16 13:35:48 [LOG] Response received, transaction 497, function 0x03, 4 bytes PDU
2026-09-16 13:35:48 [LOG] Reading 0x242e = 0
2026-09-16 13:35:48 [LOG] Request sent, transaction 498, function 0x03, 12 bytes
2026-09-16 13:35:48 [LOG] Response received, transaction 498, function 0x03, 4 bytes PDU
2026-09-16 13:35:48 [LOG] Reading 0x242f = 0
2026-09-16 13:35:48 [LOG] Request sent, transaction 499, function 0x03, 12 bytes
2026-09-16 13:35:48 [LOG] Response received, transaction 499, function 0x03, 4 bytes PDU
2026-09-16 13:35:48 [LOG] Reading 0x2430 = 0
2026-09-16 13:35:48 [LOG] Request sent, transaction 500, function 0x03, 12 bytes
2026-09-16 13:35:48 [LOG] Response received, transaction 500, function 0x03, 4 bytes PDU
2026-09-16 13:35:48 [LOG] Reading 0x2431 = 0
2026-09-16 13:35:48 [LOG] Request sent, transaction 501, function 0x03, 12 bytes
2026-09-16 13:35:48 [LOG] Response received, transaction 501, function 0x03, 4 bytes PDU
2026-09-16 13:35:48 [LOG] Reading 0x2432 = 0
2026-09-16 13:35:48 [LOG] Request sent, transaction 502, function 0x03, 12 bytes
2026-09-16 13:35:48 [LOG] Response received, transaction 502, function 0x03, 4 bytes PDU
2026-09-16 13:35:48 [LOG] Reading 0x2433 = 0
2026-09-16 13:35:48 [LOG] Request sent, transaction 503, function 0x03, 12 bytes
2026-09-16 13:35:48 [LOG] Response received, transaction 503, function 0x03, 4 bytes PDU
2026-09-16 13:35:48 [LOG] Reading 0x2434 = 0
2026-09-16 13:35:48 Broadcast sent to client 127.0.0.1:53710, 266 bytes
2026-09-16 13:36:08 [LOG] Request sent, transaction 504, function 0x03, 12 bytes
2026-09-16 13:36:08 [LOG] Response received, transaction 504, function 0x03, 4 bytes PDU
2026-09-16 13:36:08 [LOG] Reading 0x242c = 1
2026-09-16 13:36:08 [LOG] Request sent, transaction 505, function 0x03, 12 bytes
2026-09-16 13:36:08 [LOG] Response received, transaction 505, function 0x03, 4 bytes PDU
2026-09-16 13:36:08 [LOG] Reading 0x242d = 0
2026-09-16 13:36:08 [LOG] Request sent, transaction 506, function 0x03, 12 bytes
2026-09-16 13:36:08 [LOG] Response received, transaction 506, function 0x03, 4 bytes PDU
2026-09-16 13:36:08 [LOG] Reading 0x242e = 0
2026-09-16 13:36:08 [LOG] Request sent, transaction 507, function 0x03, 12 bytes
2026-09-16 13:36:08 [LOG] Response received, transaction 507, function 0x03, 4 bytes PDU
2026-09-16 13:36:08 [LOG] Reading 0x242f = 0
2026-09-16 13:36:08 [LOG] Request sent, transaction 508, function 0x03, 12 bytes
2026-09-16 13:36:08 [LOG] Response received, transaction 508, function 0x03, 4 bytes PDU
2026-09-16 13:36:08 [LOG] Reading 0x2430 = 0
2026-09-16 13:36:08 [LOG] Request sent, transaction 509, function 0x03, 12 bytes
2026-09-16 13:36:08 [LOG] Response received, transaction 509, function 0x03, 4 bytes PDU
2026-09-16 13:36:08 [LOG] Reading 0x2431 = 0
2026-09-16 13:36:08 [LOG] Request sent, transaction 510, function 0x03, 12 bytes
2026-09-16 13:36:08 [LOG] Response received, transaction 510, function 0x03, 4 bytes PDU
2026-09-16 13:36:08 [LOG] Reading 0x2432 = 0
2026-09-16 13:36:08 [LOG] Request sent, transaction 511, function 0x03, 12 bytes
2026-09-16 13:36:09 [LOG] Response received, transaction 511, function 0x03, 4 bytes PDU
2026-09-16 13:36:09 [LOG] Reading 0x2433 = 0
2026-09-16 13:36:09 [LOG] Request sent, transaction 512, function 0x03, 12 bytes
2026-09-16 13:36:09 [LOG] Response received, transaction 512, function 0x03, 4 bytes PDU
2026-09-16 13:36:09 [LOG] Reading 0x2434 = 0
2026-09-16 13:36:09 Broadcast sent to client 127.0.0.1:53710, 266 bytes
2026-09-16 13:36:28 [LOG] Request sent, transaction 513, function 0x03, 12 bytes
2026-09-16 13:36:28 [LOG] Response received, transaction 513, function 0x03, 4 bytes PDU
2026-09-16 13:36:28 [LOG] Reading 0x242c = 1
2026-09-16 13:36:28 [LOG] Request sent, transaction 514, function 0x03, 12 bytes
2026-09-16 13:36:28 [LOG] Response received, transaction 514, function 0x03, 4 bytes PDU
2026-09-16 13:36:28 [LOG] Reading 0x242d = 0
2026-09-16 13:36:28 [LOG] Request sent, transaction 515, function 0x03, 12 bytes
2026-09-16 13:36:28 [LOG] Response received, transaction 515, function 0x03, 4 bytes PDU
2026-09-16 13:36:28 [LOG] Reading 0x242e = 0
2026-09-16 13:36:28 [LOG] Request sent, transaction 516, function 0x03, 12 bytes
2026-09-16 13:36:28 [LOG] Response received, transaction 516, function 0x03, 4 bytes PDU
2026-09-16 13:36:28 [LOG] Reading 0x242f = 0
2026-09-16 13:36:28 [LOG] Request sent, transaction 517, function 0x03, 12 bytes
2026-09-16 13:36:28 [LOG] Response received, transaction 517, function 0x03, 4 bytes PDU
2026-09-16 13:36:28 [LOG] Reading 0x2430 = 0
2026-09-16 13:36:28 [LOG] Request sent, transaction 518, function 0x03, 12 bytes
2026-09-16 13:36:28 [LOG] Response received, transaction 518, function 0x03, 4 bytes PDU
2026-09-16 13:36:28 [LOG] Reading 0x2431 = 0
2026-09-16 13:36:28 [LOG] Request sent, transaction 519, function 0x03, 12 bytes
2026-09-16 13:36:29 [LOG] Response received, transaction 519, function 0x03, 4 bytes PDU
2026-09-16 13:36:29 [LOG] Reading 0x2432 = 0
2026-09-16 13:36:29 [LOG] Request sent, transaction 520, function 0x03, 12 bytes
2026-09-16 13:36:29 [LOG] Response received, transaction 520, function 0x03, 4 bytes PDU
2026-09-16 13:36:29 [LOG] Reading 0x2433 = 0
2026-09-16 13:36:29 [LOG] Request sent, transaction 521, function 0x03, 12 bytes
2026-09-16 13:36:29 [LOG] Response received, transaction 521, function 0x03, 4 bytes PDU
2026-09-16 13:36:29 [LOG] Reading 0x2434 = 0
2026-09-16 13:36:29 Broadcast sent to client 127.0.0.1:53710, 266 bytes
2026-09-16 13:36:48 [LOG] Request sent, transaction 522, function 0x03, 12 bytes
2026-09-16 13:36:48 [LOG] Response received, transaction 522, function 0x03, 4 bytes PDU
2026-09-16 13:36:48 [LOG] Reading 0x242c = 1
2026-09-16 13:36:48 [LOG] Request sent, transaction 523, function 0x03, 12 bytes
2026-09-16 13:36:48 [LOG] Response received, transaction 523, function 0x03, 4 bytes PDU
2026-09-16 13:36:48 [LOG] Reading 0x242d = 0
2026-09-16 13:36:48 [LOG] Request sent, transaction 524, function 0x03, 12 bytes
2026-09-16 13:36:48 [LOG] Response received, transaction 524, function 0x03, 4 bytes PDU
2026-09-16 13:36:48 [LOG] Reading 0x242e = 0
2026-09-16 13:36:48 [LOG] Request sent, transaction 525, function 0x03, 12 bytes
2026-09-16 13:36:48 [LOG] Response received, transaction 525, function 0x03, 4 bytes PDU
2026-09-16 13:36:48 [LOG] Reading 0x242f = 0
2026-09-16 13:36:48 [LOG] Request sent, transaction 526, function 0x03, 12 bytes
2026-09-16 13:36:48 [LOG] Response received, transaction 526, function 0x03, 4 bytes PDU
2026-09-16 13:36:48 [LOG] Reading 0x2430 = 0
2026-09-16 13:36:48 [LOG] Request sent, transaction 527, function 0x03, 12 bytes
2026-09-16 13:36:48 [LOG] Response received, transaction 527, function 0x03, 4 bytes PDU
2026-09-16 13:36:48 [LOG] Reading 0x2431 = 0
2026-09-16 13:36:48 [LOG] Request sent, transaction 528, function 0x03, 12 bytes
2026-09-16 13:36:48 [LOG] Response received, transaction 528, function 0x03, 4 bytes PDU
2026-09-16 13:36:48 [LOG] Reading 0x2432 = 0
2026-09-16 13:36:48 [LOG] Request sent, transaction 529, function 0x03, 12 bytes
2026-09-16 13:36:48 [LOG] Response received, transaction 529, function 0x03, 4 bytes PDU
2026-09-16 13:36:48 [LOG] Reading 0x2433 = 0
2026-09-16 13:36:48 [LOG] Request sent, transaction 530, function 0x03, 12 bytes
2026-09-16 13:36:48 [LOG] Response received, transaction 530, function 0x03, 4 bytes PDU
2026-09-16 13:36:48 [LOG] Reading 0x2434 = 0
2026-09-16 13:36:48 Broadcast sent to client 127.0.0.1:53710, 266 bytes
2026-09-16 13:37:08 [LOG] Request sent, transaction 531, function 0x03, 12 bytes
2026-09-16 13:37:08 [LOG] Response received, transaction 531, function 0x03, 4 bytes PDU
2026-09-16 13:37:08 [LOG] Reading 0x242c = 1
2026-09-16 13:37:08 [LOG] Request sent, transaction 532, function 0x03, 12 bytes
2026-09-16 13:37:08 [LOG] Response received, transaction 532, function 0x03, 4 bytes PDU
2026-09-16 13:37:08 [LOG] Reading 0x242d = 0
2026-09-16 13:37:09 [LOG] Request sent, transaction 533, function 0x03, 12 bytes
2026-09-16 13:37:09 [LOG] Response received, transaction 533, function 0x03, 4 bytes PDU
2026-09-16 13:37:09 [LOG] Reading 0x242e = 0
2026-09-16 13:37:09 [LOG] Request sent, transaction 534, function 0x03, 12 bytes
2026-09-16 13:37:09 [LOG] Response received, transaction 534, function 0x03, 4 bytes PDU
2026-09-16 13:37:09 [LOG] Reading 0x242f = 0
2026-09-16 13:37:09 [LOG] Request sent, transaction 535, function 0x03, 12 bytes
2026-09-16 13:37:09 [LOG] Response received, transaction 535, function 0x03, 4 bytes PDU
2026-09-16 13:37:09 [LOG] Reading 0x2430 = 0
2026-09-16 13:37:09 [LOG] Request sent, transaction 536, function 0x03, 12 bytes
2026-09-16 13:37:09 [LOG] Response received, transaction 536, function 0x03, 4 bytes PDU
2026-09-16 13:37:09 [LOG] Reading 0x2431 = 0
2026-09-16 13:37:09 [LOG] Request sent, transaction 537, function 0x03, 12 bytes
2026-09-16 13:37:09 [LOG] Response received, transaction 537, function 0x03, 4 bytes PDU
2026-09-16 13:37:09 [LOG] Reading 0x2432 = 0
2026-09-16 13:37:09 [LOG] Request sent, transaction 538, function 0x03, 12 bytes
2026-09-16 13:37:09 [LOG] Response received, transaction 538, function 0x03, 4 bytes PDU
2026-09-16 13:37:09 [LOG] Reading 0x2433 = 0
2026-09-16 13:37:09 [LOG] Request sent, transaction 539, function 0x03, 12 bytes
2026-09-16 13:37:09 [LOG] Response received, transaction 539, function 0x03, 4 bytes PDU
2026-09-16 13:37:09 [LOG] Reading 0x2434 = 0
2026-09-16 13:37:09 Broadcast sent to client 127.0.0.1:53710, 266 bytes
2026-09-16 13:37:29 [LOG] Request sent, transaction 540, function 0x03, 12 bytes
2026-09-16 13:37:29 [LOG] Response received, transaction 540, function 0x03, 4 bytes PDU
2026-09-16 13:37:29 [LOG] Reading 0x242c = 1
2026-09-16 13:37:29 [LOG] Request sent, transaction 541, function 0x03, 12 bytes
2026-09-16 13:37:29 [LOG] Response received, transaction 541, function 0x03, 4 bytes PDU
2026-09-16 13:37:29 [LOG] Reading 0x242d = 0
2026-09-16 13:37:29 [LOG] Request sent, transaction 542, function 0x03, 12 bytes
2026-09-16 13:37:29 [LOG] Response received, transaction 542, function 0x03, 4 bytes PDU
2026-09-16 13:37:29 [LOG] Reading 0x242e = 0
2026-09-16 13:37:29 [LOG] Request sent, transaction 543, function 0x03, 12 bytes
2026-09-16 13:37:29 [LOG] Response received, transaction 543, function 0x03, 4 bytes PDU
2026-09-16 13:37:29 [LOG] Reading 0x242f = 0
2026-09-16 13:37:29 [LOG] Request sent, transaction 544, function 0x03, 12 bytes
2026-09-16 13:37:29 [LOG] Response received, transaction 544, function 0x03, 4 bytes PDU
2026-09-16 13:37:29 [LOG] Reading 0x2430 = 0
2026-09-16 13:37:29 [LOG] Request sent, transaction 545, function 0x03, 12 bytes
2026-09-16 13:37:29 [LOG] Response received, transaction 545, function 0x03, 4 bytes PDU
2026-09-16 13:37:29 [LOG] Reading 0x2431 = 0
2026-09-16 13:37:29 [LOG] Request sent, transaction 546, function 0x03, 12 bytes
2026-09-16 13:37:29 [LOG] Response received, transaction 546, function 0x03, 4 bytes PDU
2026-09-16 13:37:29 [LOG] Reading 0x2432 = 0
2026-09-16 13:37:29 [LOG] Request sent, transaction 547, function 0x03, 12 bytes
2026-09-16 13:37:29 [LOG] Response received, transaction 547, function 0x03, 4 bytes PDU
2026-09-16 13:37:29 [LOG] Reading 0x2433 = 0
2026-09-16 13:37:29 [LOG] Request sent, transaction 548, function 0x03, 12 bytes
2026-09-16 13:37:29 [LOG] Response received, transaction 548, function 0x03, 4 bytes PDU
2026-09-16 13:37:29 [LOG] Reading 0x2434 = 0
2026-09-16 13:37:29 Broadcast sent to client 127.0.0.1:53710, 266 bytes
2026-09-16 13:37:49 [LOG] Request sent, transaction 549, function 0x03, 12 bytes
2026-09-16 13:37:49 [LOG] Response received, transaction 549, function 0x03, 4 bytes PDU
2026-09-16 13:37:49 [LOG] Reading 0x242c = 1
2026-09-16 13:37:49 [LOG] Request sent, transaction 550, function 0x03, 12 bytes
2026-09-16 13:37:49 [LOG] Response received, transaction 550, function 0x03, 4 bytes PDU
2026-09-16 13:37:49 [LOG] Reading 0x242d = 0
2026-09-16 13:37:49 [LOG] Request sent, transaction 551, function 0x03, 12 bytes
2026-09-16 13:37:49 [LOG] Response received, transaction 551, function 0x03, 4 bytes PDU
2026-09-16 13:37:49 [LOG] Reading 0x242e = 0
2026-09-16 13:37:49 [LOG] Request sent, transaction 552, function 0x03, 12 bytes
2026-09-16 13:37:49 [LOG] Response received, transaction 552, function 0x03, 4 bytes PDU
2026-09-16 13:37:49 [LOG] Reading 0x242f = 0
2026-09-16 13:37:49 [LOG] Request sent, transaction 553, function 0x03, 12 bytes
2026-09-16 13:37:49 [LOG] Response received, transaction 553, function 0x03, 4 bytes PDU
2026-09-16 13:37:49 [LOG] Reading 0x2430 = 0
2026-09-16 13:37:49 [LOG] Request sent, transaction 554, function 0x03, 12 bytes
2026-09-16 13:37:49 [LOG] Response received, transaction 554, function 0x03, 4 bytes PDU
2026-09-16 13:37:49 [LOG] Reading 0x2431 = 0
2026-09-16 13:37:49 [LOG] Request sent, transaction 555, function 0x03, 12 bytes
2026-09-16 13:37:49 [LOG] Response received, transaction 555, function 0x03, 4 bytes PDU
2026-09-16 13:37:49 [LOG] Reading 0x2432 = 0
2026-09-16 13:37:49 [LOG] Request sent, transaction 556, function 0x03, 12 bytes
2026-09-16 13:37:49 [LOG] Response received, transaction 556, function 0x03, 4 bytes PDU
2026-09-16 13:37:49 [LOG] Reading 0x2433 = 0
2026-09-16 13:37:49 [LOG] Request sent, transaction 557, function 0x03, 12 bytes
2026-09-16 13:37:49 [LOG] Response received, transaction 557, function 0x03, 4 bytes PDU
2026-09-16 13:37:49 [LOG] Reading 0x2434 = 0
2026-09-16 13:37:49 Broadcast sent to client 127.0.0.1:53710, 266 bytes
2026-09-16 13:38:09 [LOG] Request sent, transaction 558, function 0x03, 12 bytes
2026-09-16 13:38:09 [LOG] Response received, transaction 558, function 0x03, 4 bytes PDU
2026-09-16 13:38:09 [LOG] Reading 0x242c = 1
2026-09-16 13:38:09 [LOG] Request sent, transaction 559, function 0x03, 12 bytes
2026-09-16 13:38:09 [LOG] Response received, transaction 559, function 0x03, 4 bytes PDU
2026-09-16 13:38:09 [LOG] Reading 0x242d = 0
2026-09-16 13:38:09 [LOG] Request sent, transaction 560, function 0x03, 12 bytes
2026-09-16 13:38:09 [LOG] Response received, transaction 560, function 0x03, 4 bytes PDU
2026-09-16 13:38:09 [LOG] Reading 0x242e = 0
2026-09-16 13:38:09 [LOG] Request sent, transaction 561, function 0x03, 12 bytes
2026-09-16 13:38:09 [LOG] Response received, transaction 561, function 0x03, 4 bytes PDU
2026-09-16 13:38:09 [LOG] Reading 0x242f = 0
2026-09-16 13:38:09 [LOG] Request sent, transaction 562, function 0x03, 12 bytes
2026-09-16 13:38:09 [LOG] Response received, transaction 562, function 0x03, 4 bytes PDU
2026-09-16 13:38:09 [LOG] Reading 0x2430 = 0
2026-09-16 13:38:09 [LOG] Request sent, transaction 563, function 0x03, 12 bytes
2026-09-16 13:38:09 [LOG] Response received, transaction 563, function 0x03, 4 bytes PDU
2026-09-16 13:38:09 [LOG] Reading 0x2431 = 0
2026-09-16 13:38:09 [LOG] Request sent, transaction 564, function 0x03, 12 bytes
2026-09-16 13:38:09 [LOG] Response received, transaction 564, function 0x03, 4 bytes PDU
2026-09-16 13:38:09 [LOG] Reading 0x2432 = 0
2026-09-16 13:38:09 [LOG] Request sent, transaction 565, function 0x03, 12 bytes
2026-09-16 13:38:09 [LOG] Response received, transaction 565, function 0x03, 4 bytes PDU
2026-09-16 13:38:09 [LOG] Reading 0x2433 = 0
2026-09-16 13:38:09 [LOG] Request sent, transaction 566, function 0x03, 12 bytes
2026-09-16 13:38:09 [LOG] Response received, transaction 566, function 0x03, 4 bytes PDU
2026-09-16 13:38:09 [LOG] Reading 0x2434 = 0
2026-09-16 13:38:09 Broadcast sent to client 127.0.0.1:53710, 266 bytes
2026-09-16 13:38:29 [LOG] Request sent, transaction 567, function 0x03, 12 bytes
2026-09-16 13:38:29 [LOG] Response received, transaction 567, function 0x03, 4 bytes PDU
2026-09-16 13:38:29 [LOG] Reading 0x242c = 1
2026-09-16 13:38:29 [LOG] Request sent, transaction 568, function 0x03, 12 bytes
2026-09-16 13:38:29 [LOG] Response received, transaction 568, function 0x03, 4 bytes PDU
2026-09-16 13:38:29 [LOG] Reading 0x242d = 0
2026-09-16 13:38:29 [LOG] Request sent, transaction 569, function 0x03, 12 bytes
2026-09-16 13:38:29 [LOG] Response received, transaction 569, function 0x03, 4 bytes PDU
2026-09-16 13:38:29 [LOG] Reading 0x242e = 0
2026-09-16 13:38:29 [LOG] Request sent, transaction 570, function 0x03, 12 bytes
2026-09-16 13:38:29 [LOG] Response received, transaction 570, function 0x03, 4 bytes PDU
2026-09-16 13:38:29 [LOG] Reading 0x242f = 0
2026-09-16 13:38:29 [LOG] Request sent, transaction 571, function 0x03, 12 bytes
2026-09-16 13:38:29 [LOG] Response received, transaction 571, function 0x03, 4 bytes PDU
2026-09-16 13:38:29 [LOG] Reading 0x2430 = 0
2026-09-16 13:38:29 [LOG] Request sent, transaction 572, function 0x03, 12 bytes
2026-09-16 13:38:29 [LOG] Response received, transaction 572, function 0x03, 4 bytes PDU
2026-09-16 13:38:29 [LOG] Reading 0x2431 = 0
2026-09-16 13:38:29 [LOG] Request sent, transaction 573, function 0x03, 12 bytes
2026-09-16 13:38:29 [LOG] Response received, transaction 573, function 0x03, 4 bytes PDU
2026-09-16 13:38:29 [LOG] Reading 0x2432 = 0
2026-09-16 13:38:29 [LOG] Request sent, transaction 574, function 0x03, 12 bytes
2026-09-16 13:38:29 [LOG] Response received, transaction 574, function 0x03, 4 bytes PDU
2026-09-16 13:38:29 [LOG] Reading 0x2433 = 0
2026-09-16 13:38:29 [LOG] Request sent, transaction 575, function 0x03, 12 bytes
2026-09-16 13:38:29 [LOG] Response received, transaction 575, function 0x03, 4 bytes PDU
2026-09-16 13:38:29 [LOG] Reading 0x2434 = 0
2026-09-16 13:38:29 Broadcast sent to client 127.0.0.1:53710, 266 bytes
2026-09-16 13:38:49 [LOG] Request sent, transaction 576, function 0x03, 12 bytes
2026-09-16 13:38:49 [LOG] Response received, transaction 576, function 0x03, 4 bytes PDU
2026-09-16 13:38:49 [LOG] Reading 0x242c = 1
2026-09-16 13:38:49 [LOG] Request sent, transaction 577, function 0x03, 12 bytes
2026-09-16 13:38:49 [LOG] Response received, transaction 577, function 0x03, 4 bytes PDU
2026-09-16 13:38:49 [LOG] Reading 0x242d = 0
2026-09-16 13:38:49 [LOG] Request sent, transaction 578, function 0x03, 12 bytes
2026-09-16 13:38:49 [LOG] Response received, transaction 578, function 0x03, 4 bytes PDU
2026-09-16 13:38:49 [LOG] Reading 0x242e = 0
2026-09-16 13:38:49 [LOG] Request sent, transaction 579, function 0x03, 12 bytes
2026-09-16 13:38:49 [LOG] Response received, transaction 579, function 0x03, 4 bytes PDU
2026-09-16 13:38:49 [LOG] Reading 0x242f = 0
2026-09-16 13:38:49 [LOG] Request sent, transaction 580, function 0x03, 12 bytes
2026-09-16 13:38:49 [LOG] Response received, transaction 580, function 0x03, 4 bytes PDU
2026-09-16 13:38:49 [LOG] Reading 0x2430 = 0
2026-09-16 13:38:49 [LOG] Request sent, transaction 581, function 0x03, 12 bytes
2026-09-16 13:38:49 [LOG] Response received, transaction 581, function 0x03, 4 bytes PDU
2026-09-16 13:38:49 [LOG] Reading 0x2431 = 0
2026-09-16 13:38:49 [LOG] Request sent, transaction 582, function 0x03, 12 bytes
2026-09-16 13:38:49 [LOG] Response received, transaction 582, function 0x03, 4 bytes PDU
2026-09-16 13:38:49 [LOG] Reading 0x2432 = 0
2026-09-16 13:38:49 [LOG] Request sent, transaction 583, function 0x03, 12 bytes
2026-09-16 13:38:49 [LOG] Response received, transaction 583, function 0x03, 4 bytes PDU
2026-09-16 13:38:49 [LOG] Reading 0x2433 = 0
2026-09-16 13:38:49 [LOG] Request sent, transaction 584, function 0x03, 12 bytes
2026-09-16 13:38:49 [LOG] Response received, transaction 584, function 0x03, 4 bytes PDU
2026-09-16 13:38:49 [LOG] Reading 0x2434 = 0
2026-09-16 13:38:49 Broadcast sent to client 127.0.0.1:53710, 266 bytes
2026-09-16 13:39:09 [LOG] Request sent, transaction 585, function 0x03, 12 bytes
2026-09-16 13:39:09 [LOG] Response received, transaction 585, function 0x03, 4 bytes PDU
2026-09-16 13:39:09 [LOG] Reading 0x242c = 1
2026-09-16 13:39:09 [LOG] Request sent, transaction 586, function 0x03, 12 bytes
2026-09-16 13:39:09 [LOG] Response received, transaction 586, function 0x03, 4 bytes PDU
2026-09-16 13:39:09 [LOG] Reading 0x242d = 0
2026-09-16 13:39:09 [LOG] Request sent, transaction 587, function 0x03, 12 bytes
2026-09-16 13:39:09 [LOG] Response received, transaction 587, function 0x03, 4 bytes PDU
2026-09-16 13:39:09 [LOG] Reading 0x242e = 0
2026-09-16 13:39:09 [LOG] Request sent, transaction 588, function 0x03, 12 bytes
2026-09-16 13:39:09 [LOG] Response received, transaction 588, function 0x03, 4 bytes PDU
2026-09-16 13:39:09 [LOG] Reading 0x242f = 0
2026-09-16 13:39:09 [LOG] Request sent, transaction 589, function 0x03, 12 bytes
2026-09-16 13:39:09 [LOG] Response received, transaction 589, function 0x03, 4 bytes PDU
2026-09-16 13:39:09 [LOG] Reading 0x2430 = 0
2026-09-16 13:39:09 [LOG] Request sent, transaction 590, function 0x03, 12 bytes
2026-09-16 13:39:09 [LOG] Response received, transaction 590, function 0x03, 4 bytes PDU
2026-09-16 13:39:09 [LOG] Reading 0x2431 = 0
2026-09-16 13:39:09 [LOG] Request sent, transaction 591, function 0x03, 12 bytes
2026-09-16 13:39:09 [LOG] Response received, transaction 591, function 0x03, 4 bytes PDU
2026-09-16 13:39:09 [LOG] Reading 0x2432 = 0
2026-09-16 13:39:09 [LOG] Request sent, transaction 592, function 0x03, 12 bytes
2026-09-16 13:39:09 [LOG] Response received, transaction 592, function 0x03, 4 bytes PDU
2026-09-16 13:39:09 [LOG] Reading 0x2433 = 0
2026-09-16 13:39:09 [LOG] Request sent, transaction 593, function 0x03, 12 bytes
2026-09-16 13:39:09 [LOG] Response received, transaction 593, function 0x03, 4 bytes PDU
2026-09-16 13:39:09 [LOG] Reading 0x2434 = 0
2026-09-16 13:39:09 Broadcast sent to client 127.0.0.1:53710, 266 bytes
2026-09-16 13:39:29 [LOG] Request sent, transaction 594, function 0x03, 12 bytes
2026-09-16 13:39:29 [LOG] Response received, transaction 594, function 0x03, 4 bytes PDU
2026-09-16 13:39:29 [LOG] Reading 0x242c = 1
2026-09-16 13:39:29 [LOG] Request sent, transaction 595, function 0x03, 12 bytes
2026-09-16 13:39:29 [LOG] Response received, transaction 595, function 0x03, 4 bytes PDU
2026-09-16 13:39:29 [LOG] Reading 0x242d = 0
2026-09-16 13:39:29 [LOG] Request sent, transaction 596, function 0x03, 12 bytes
2026-09-16 13:39:29 [LOG] Response received, transaction 596, function 0x03, 4 bytes PDU
2026-09-16 13:39:29 [LOG] Reading 0x242e = 0
2026-09-16 13:39:29 [LOG] Request sent, transaction 597, function 0x03, 12 bytes
2026-09-16 13:39:29 [LOG] Response received, transaction 597, function 0x03, 4 bytes PDU
2026-09-16 13:39:29 [LOG] Reading 0x242f = 0
2026-09-16 13:39:29 [LOG] Request sent, transaction 598, function 0x03, 12 bytes
2026-09-16 13:39:29 [LOG] Response received, transaction 598, function 0x03, 4 bytes PDU
2026-09-16 13:39:29 [LOG] Reading 0x2430 = 0
2026-09-16 13:39:29 [LOG] Request sent, transaction 599, function 0x03, 12 bytes
2026-09-16 13:39:29 [LOG] Response received, transaction 599, function 0x03, 4 bytes PDU
2026-09-16 13:39:29 [LOG] Reading 0x2431 = 0
2026-09-16 13:39:29 [LOG] Request sent, transaction 600, function 0x03, 12 bytes
2026-09-16 13:39:29 [LOG] Response received, transaction 600, function 0x03, 4 bytes PDU
2026-09-16 13:39:29 [LOG] Reading 0x2432 = 0
2026-09-16 13:39:29 [LOG] Request sent, transaction 601, function 0x03, 12 bytes
2026-09-16 13:39:29 [LOG] Response received, transaction 601, function 0x03, 4 bytes PDU
2026-09-16 13:39:29 [LOG] Reading 0x2433 = 0
2026-09-16 13:39:29 [LOG] Request sent, transaction 602, function 0x03, 12 bytes
2026-09-16 13:39:29 [LOG] Response received, transaction 602, function 0x03, 4 bytes PDU
2026-09-16 13:39:29 [LOG] Reading 0x2434 = 0
2026-09-16 13:39:29 Broadcast sent to client 127.0.0.1:53710, 266 bytes
2026-09-16 13:39:49 [LOG] Request sent, transaction 603, function 0x03, 12 bytes
2026-09-16 13:39:49 [LOG] Response received, transaction 603, function 0x03, 4 bytes PDU
2026-09-16 13:39:49 [LOG] Reading 0x242c = 1
2026-09-16 13:39:49 [LOG] Request sent, transaction 604, function 0x03, 12 bytes
2026-09-16 13:39:49 [LOG] Response received, transaction 604, function 0x03, 4 bytes PDU
2026-09-16 13:39:49 [LOG] Reading 0x242d = 0
2026-09-16 13:39:49 [LOG] Request sent, transaction 605, function 0x03, 12 bytes
2026-09-16 13:39:49 [LOG] Response received, transaction 605, function 0x03, 4 bytes PDU
2026-09-16 13:39:49 [LOG] Reading 0x242e = 0
2026-09-16 13:39:49 [LOG] Request sent, transaction 606, function 0x03, 12 bytes
2026-09-16 13:39:49 [LOG] Response received, transaction 606, function 0x03, 4 bytes PDU
2026-09-16 13:39:49 [LOG] Reading 0x242f = 0
2026-09-16 13:39:49 [LOG] Request sent, transaction 607, function 0x03, 12 bytes
2026-09-16 13:39:49 [LOG] Response received, transaction 607, function 0x03, 4 bytes PDU
2026-09-16 13:39:49 [LOG] Reading 0x2430 = 0
2026-09-16 13:39:49 [LOG] Request sent, transaction 608, function 0x03, 12 bytes
2026-09-16 13:39:49 [LOG] Response received, transaction 608, function 0x03, 4 bytes PDU
2026-09-16 13:39:49 [LOG] Reading 0x2431 = 0
2026-09-16 13:39:49 [LOG] Request sent, transaction 609, function 0x03, 12 bytes
2026-09-16 13:39:49 [LOG] Response received, transaction 609, function 0x03, 4 bytes PDU
2026-09-16 13:39:49 [LOG] Reading 0x2432 = 0
2026-09-16 13:39:49 [LOG] Request sent, transaction 610, function 0x03, 12 bytes
2026-09-16 13:39:49 [LOG] Response received, transaction 610, function 0x03, 4 bytes PDU
2026-09-16 13:39:49 [LOG] Reading 0x2433 = 0
2026-09-16 13:39:49 [LOG] Request sent, transaction 611, function 0x03, 12 bytes
2026-09-16 13:39:49 [LOG] Response received, transaction 611, function 0x03, 4 bytes PDU
2026-09-16 13:39:49 [LOG] Reading 0x2434 = 0
2026-09-16 13:39:49 Broadcast sent to client 127.0.0.1:53710, 266 bytes
2026-09-16 13:40:09 [LOG] Request sent, transaction 612, function 0x03, 12 bytes
2026-09-16 13:40:09 [LOG] Response received, transaction 612, function 0x03, 4 bytes PDU
2026-09-16 13:40:09 [LOG] Reading 0x242c = 1
2026-09-16 13:40:09 [LOG] Request sent, transaction 613, function 0x03, 12 bytes
2026-09-16 13:40:09 [LOG] Response received, transaction 613, function 0x03, 4 bytes PDU
2026-09-16 13:40:09 [LOG] Reading 0x242d = 0
2026-09-16 13:40:09 [LOG] Request sent, transaction 614, function 0x03, 12 bytes
2026-09-16 13:40:09 [LOG] Response received, transaction 614, function 0x03, 4 bytes PDU
2026-09-16 13:40:09 [LOG] Reading 0x242e = 0
2026-09-16 13:40:09 [LOG] Request sent, transaction 615, function 0x03, 12 bytes
2026-09-16 13:40:09 [LOG] Response received, transaction 615, function 0x03, 4 bytes PDU
2026-09-16 13:40:09 [LOG] Reading 0x242f = 0
2026-09-16 13:40:09 [LOG] Request sent, transaction 616, function 0x03, 12 bytes
2026-09-16 13:40:09 [LOG] Response received, transaction 616, function 0x03, 4 bytes PDU
2026-09-16 13:40:09 [LOG] Reading 0x2430 = 0
2026-09-16 13:40:09 [LOG] Request sent, transaction 617, function 0x03, 12 bytes
2026-09-16 13:40:09 [LOG] Response received, transaction 617, function 0x03, 4 bytes PDU
2026-09-16 13:40:09 [LOG] Reading 0x2431 = 0
2026-09-16 13:40:09 [LOG] Request sent, transaction 618, function 0x03, 12 bytes
2026-09-16 13:40:09 [LOG] Response received, transaction 618, function 0x03, 4 bytes PDU
2026-09-16 13:40:09 [LOG] Reading 0x2432 = 0
2026-09-16 13:40:09 [LOG] Request sent, transaction 619, function 0x03, 12 bytes
2026-09-16 13:40:09 [LOG] Response received, transaction 619, function 0x03, 4 bytes PDU
2026-09-16 13:40:09 [LOG] Reading 0x2433 = 0
2026-09-16 13:40:09 [LOG] Request sent, transaction 620, function 0x03, 12 bytes
2026-09-16 13:40:09 [LOG] Response received, transaction 620, function 0x03, 4 bytes PDU
2026-09-16 13:40:09 [LOG] Reading 0x2434 = 0
2026-09-16 13:40:09 Broadcast sent to client 127.0.0.1:53710, 266 bytes
2026-09-16 13:40:29 [LOG] Request sent, transaction 621, function 0x03, 12 bytes
2026-09-16 13:40:29 [LOG] Response received, transaction 621, function 0x03, 4 bytes PDU
2026-09-16 13:40:29 [LOG] Reading 0x242c = 1
2026-09-16 13:40:29 [LOG] Request sent, transaction 622, function 0x03, 12 bytes
2026-09-16 13:40:29 [LOG] Response received, transaction 622, function 0x03, 4 bytes PDU
2026-09-16 13:40:29 [LOG] Reading 0x242d = 0
2026-09-16 13:40:29 [LOG] Request sent, transaction 623, function 0x03, 12 bytes
2026-09-16 13:40:29 [LOG] Response received, transaction 623, function 0x03, 4 bytes PDU
2026-09-16 13:40:29 [LOG] Reading 0x242e = 0
2026-09-16 13:40:29 [LOG] Request sent, transaction 624, function 0x03, 12 bytes
2026-09-16 13:40:29 [LOG] Response received, transaction 624, function 0x03, 4 bytes PDU
2026-09-16 13:40:29 [LOG] Reading 0x242f = 0
2026-09-16 13:40:29 [LOG] Request sent, transaction 625, function 0x03, 12 bytes
2026-09-16 13:40:29 [LOG] Response received, transaction 625, function 0x03, 4 bytes PDU
2026-09-16 13:40:29 [LOG] Reading 0x2430 = 0
2026-09-16 13:40:29 [LOG] Request sent, transaction 626, function 0x03, 12 bytes
2026-09-16 13:40:29 [LOG] Response received, transaction 626, function 0x03, 4 bytes PDU
2026-09-16 13:40:29 [LOG] Reading 0x2431 = 0
2026-09-16 13:40:29 [LOG] Request sent, transaction 627, function 0x03, 12 bytes
2026-09-16 13:40:29 [LOG] Response received, transaction 627, function 0x03, 4 bytes PDU
2026-09-16 13:40:29 [LOG] Reading 0x2432 = 0
2026-09-16 13:40:29 [LOG] Request sent, transaction 628, function 0x03, 12 bytes
2026-09-16 13:40:29 [LOG] Response received, transaction 628, function 0x03, 4 bytes PDU
2026-09-16 13:40:29 [LOG] Reading 0x2433 = 0
2026-09-16 13:40:29 [LOG] Request sent, transaction 629, function 0x03, 12 bytes
2026-09-16 13:40:29 [LOG] Response received, transaction 629, function 0x03, 4 bytes PDU
2026-09-16 13:40:29 [LOG] Reading 0x2434 = 0
2026-09-16 13:40:29 Broadcast sent to client 127.0.0.1:53710, 266 bytes
2026-09-16 13:40:49 [LOG] Request sent, transaction 630, function 0x03, 12 bytes
2026-09-16 13:40:49 [LOG] Response received, transaction 630, function 0x03, 4 bytes PDU
2026-09-16 13:40:49 [LOG] Reading 0x242c = 1
2026-09-16 13:40:49 [LOG] Request sent, transaction 631, function 0x03, 12 bytes
2026-09-16 13:40:49 [LOG] Response received, transaction 631, function 0x03, 4 bytes PDU
2026-09-16 13:40:49 [LOG] Reading 0x242d = 0
2026-09-16 13:40:49 [LOG] Request sent, transaction 632, function 0x03, 12 bytes
2026-09-16 13:40:49 [LOG] Response received, transaction 632, function 0x03, 4 bytes PDU
2026-09-16 13:40:49 [LOG] Reading 0x242e = 0
2026-09-16 13:40:49 [LOG] Request sent, transaction 633, function 0x03, 12 bytes
2026-09-16 13:40:49 [LOG] Response received, transaction 633, function 0x03, 4 bytes PDU
2026-09-16 13:40:49 [LOG] Reading 0x242f = 0
2026-09-16 13:40:49 [LOG] Request sent, transaction 634, function 0x03, 12 bytes
2026-09-16 13:40:49 [LOG] Response received, transaction 634, function 0x03, 4 bytes PDU
2026-09-16 13:40:49 [LOG] Reading 0x2430 = 0
2026-09-16 13:40:49 [LOG] Request sent, transaction 635, function 0x03, 12 bytes
2026-09-16 13:40:49 [LOG] Response received, transaction 635, function 0x03, 4 bytes PDU
2026-09-16 13:40:49 [LOG] Reading 0x2431 = 0
2026-09-16 13:40:49 [LOG] Request sent, transaction 636, function 0x03, 12 bytes
2026-09-16 13:40:49 [LOG] Response received, transaction 636, function 0x03, 4 bytes PDU
2026-09-16 13:40:49 [LOG] Reading 0x2432 = 0
2026-09-16 13:40:49 [LOG] Request sent, transaction 637, function 0x03, 12 bytes
2026-09-16 13:40:49 [LOG] Response received, transaction 637, function 0x03, 4 bytes PDU
2026-09-16 13:40:49 [LOG] Reading 0x2433 = 0
2026-09-16 13:40:49 [LOG] Request sent, transaction 638, function 0x03, 12 bytes
2026-09-16 13:40:49 [LOG] Response received, transaction 638, function 0x03, 4 bytes PDU
2026-09-16 13:40:49 [LOG] Reading 0x2434 = 0
2026-09-16 13:40:49 Broadcast sent to client 127.0.0.1:53710, 266 bytes
2026-09-16 13:41:09 [LOG] Request sent, transaction 639, function 0x03, 12 bytes
2026-09-16 13:41:09 [LOG] Response received, transaction 639, function 0x03, 4 bytes PDU
2026-09-16 13:41:09 [LOG] Reading 0x242c = 1
2026-09-16 13:41:09 [LOG] Request sent, transaction 640, function 0x03, 12 bytes
2026-09-16 13:41:09 [LOG] Response received, transaction 640, function 0x03, 4 bytes PDU
2026-09-16 13:41:09 [LOG] Reading 0x242d = 0
2026-09-16 13:41:09 [LOG] Request sent, transaction 641, function 0x03, 12 bytes
2026-09-16 13:41:09 [LOG] Response received, transaction 641, function 0x03, 4 bytes PDU
2026-09-16 13:41:09 [LOG] Reading 0x242e = 0
2026-09-16 13:41:09 [LOG] Request sent, transaction 642, function 0x03, 12 bytes
2026-09-16 13:41:09 [LOG] Response received, transaction 642, function 0x03, 4 bytes PDU
2026-09-16 13:41:09 [LOG] Reading 0x242f = 0
2026-09-16 13:41:09 [LOG] Request sent, transaction 643, function 0x03, 12 bytes
2026-09-16 13:41:09 [LOG] Response received, transaction 643, function 0x03, 4 bytes PDU
2026-09-16 13:41:09 [LOG] Reading 0x2430 = 0
2026-09-16 13:41:09 [LOG] Request sent, transaction 644, function 0x03, 12 bytes
2026-09-16 13:41:09 [LOG] Response received, transaction 644, function 0x03, 4 bytes PDU
2026-09-16 13:41:09 [LOG] Reading 0x2431 = 0
2026-09-16 13:41:09 [LOG] Request sent, transaction 645, function 0x03, 12 bytes
2026-09-16 13:41:09 [LOG] Response received, transaction 645, function 0x03, 4 bytes PDU
2026-09-16 13:41:09 [LOG] Reading 0x2432 = 0
2026-09-16 13:41:09 [LOG] Request sent, transaction 646, function 0x03, 12 bytes
2026-09-16 13:41:09 [LOG] Response received, transaction 646, function 0x03, 4 bytes PDU
2026-09-16 13:41:09 [LOG] Reading 0x2433 = 0
2026-09-16 13:41:09 [LOG] Request sent, transaction 647, function 0x03, 12 bytes
2026-09-16 13:41:09 [LOG] Response received, transaction 647, function 0x03, 4 bytes PDU
2026-09-16 13:41:09 [LOG] Reading 0x2434 = 0
2026-09-16 13:41:09 Broadcast sent to client 127.0.0.1:53710, 266 bytes
2026-09-16 13:41:29 [LOG] Request sent, transaction 648, function 0x03, 12 bytes
2026-09-16 13:41:29 [LOG] Response received, transaction 648, function 0x03, 4 bytes PDU
2026-09-16 13:41:29 [LOG] Reading 0x242c = 1
2026-09-16 13:41:29 [LOG] Request sent, transaction 649, function 0x03, 12 bytes
2026-09-16 13:41:29 [LOG] Response received, transaction 649, function 0x03, 4 bytes PDU
2026-09-16 13:41:29 [LOG] Reading 0x242d = 0
2026-09-16 13:41:29 [LOG] Request sent, transaction 650, function 0x03, 12 bytes
2026-09-16 13:41:29 [LOG] Response received, transaction 650, function 0x03, 4 bytes PDU
2026-09-16 13:41:29 [LOG] Reading 0x242e = 0
2026-09-16 13:41:29 [LOG] Request sent, transaction 651, function 0x03, 12 bytes
2026-09-16 13:41:29 [LOG] Response received, transaction 651, function 0x03, 4 bytes PDU
2026-09-16 13:41:29 [LOG] Reading 0x242f = 0
2026-09-16 13:41:29 [LOG] Request sent, transaction 652, function 0x03, 12 bytes
2026-09-16 13:41:29 [LOG] Response received, transaction 652, function 0x03, 4 bytes PDU
2026-09-16 13:41:29 [LOG] Reading 0x2430 = 0
2026-09-16 13:41:29 [LOG] Request sent, transaction 653, function 0x03, 12 bytes
2026-09-16 13:41:29 [LOG] Response received, transaction 653, function 0x03, 4 bytes PDU
2026-09-16 13:41:29 [LOG] Reading 0x2431 = 0
2026-09-16 13:41:29 [LOG] Request sent, transaction 654, function 0x03, 12 bytes
2026-09-16 13:41:29 [LOG] Response received, transaction 654, function 0x03, 4 bytes PDU
2026-09-16 13:41:29 [LOG] Reading 0x2432 = 0
2026-09-16 13:41:29 [LOG] Request sent, transaction 655, function 0x03, 12 bytes
2026-09-16 13:41:29 [LOG] Response received, transaction 655, function 0x03, 4 bytes PDU
2026-09-16 13:41:29 [LOG] Reading 0x2433 = 0
2026-09-16 13:41:29 [LOG] Request sent, transaction 656, function 0x03, 12 bytes
2026-09-16 13:41:29 [LOG] Response received, transaction 656, function 0x03, 4 bytes PDU
2026-09-16 13:41:29 [LOG] Reading 0x2434 = 0
2026-09-16 13:41:29 Broadcast sent to client 127.0.0.1:53710, 266 bytes
2026-09-16 13:41:49 [LOG] Request sent, transaction 657, function 0x03, 12 bytes
2026-09-16 13:41:49 [LOG] Response received, transaction 657, function 0x03, 4 bytes PDU
2026-09-16 13:41:49 [LOG] Reading 0x242c = 1
2026-09-16 13:41:49 [LOG] Request sent, transaction 658, function 0x03, 12 bytes
2026-09-16 13:41:49 [LOG] Response received, transaction 658, function 0x03, 4 bytes PDU
2026-09-16 13:41:49 [LOG] Reading 0x242d = 0
2026-09-16 13:41:49 [LOG] Request sent, transaction 659, function 0x03, 12 bytes
2026-09-16 13:41:49 [LOG] Response received, transaction 659, function 0x03, 4 bytes PDU
2026-09-16 13:41:49 [LOG] Reading 0x242e = 0
2026-09-16 13:41:49 [LOG] Request sent, transaction 660, function 0x03, 12 bytes
2026-09-16 13:41:49 [LOG] Response received, transaction 660, function 0x03, 4 bytes PDU
2026-09-16 13:41:49 [LOG] Reading 0x242f = 0
2026-09-16 13:41:49 [LOG] Request sent, transaction 661, function 0x03, 12 bytes
2026-09-16 13:41:49 [LOG] Response received, transaction 661, function 0x03, 4 bytes PDU
2026-09-16 13:41:49 [LOG] Reading 0x2430 = 0
2026-09-16 13:41:49 [LOG] Request sent, transaction 662, function 0x03, 12 bytes
2026-09-16 13:41:49 [LOG] Response received, transaction 662, function 0x03, 4 bytes PDU
2026-09-16 13:41:49 [LOG] Reading 0x2431 = 0
2026-09-16 13:41:49 [LOG] Request sent, transaction 663, function 0x03, 12 bytes
2026-09-16 13:41:49 [LOG] Response received, transaction 663, function 0x03, 4 bytes PDU
2026-09-16 13:41:49 [LOG] Reading 0x2432 = 0
2026-09-16 13:41:49 [LOG] Request sent, transaction 664, function 0x03, 12 bytes
2026-09-16 13:41:49 [LOG] Response received, transaction 664, function 0x03, 4 bytes PDU
2026-09-16 13:41:49 [LOG] Reading 0x2433 = 0
2026-09-16 13:41:49 [LOG] Request sent, transaction 665, function 0x03, 12 bytes
2026-09-16 13:41:49 [LOG] Response received, transaction 665, function 0x03, 4 bytes PDU
2026-09-16 13:41:49 [LOG] Reading 0x2434 = 0
2026-09-16 13:41:49 Broadcast sent to client 127.0.0.1:53710, 266 bytes
2026-09-16 13:42:09 [LOG] Request sent, transaction 666, function 0x03, 12 bytes
2026-09-16 13:42:09 [LOG] Response received, transaction 666, function 0x03, 4 bytes PDU
2026-09-16 13:42:09 [LOG] Reading 0x242c = 1
2026-09-16 13:42:09 [LOG] Request sent, transaction 667, function 0x03, 12 bytes
2026-09-16 13:42:09 [LOG] Response received, transaction 667, function 0x03, 4 bytes PDU
2026-09-16 13:42:09 [LOG] Reading 0x242d = 0
2026-09-16 13:42:09 [LOG] Request sent, transaction 668, function 0x03, 12 bytes
2026-09-16 13:42:09 [LOG] Response received, transaction 668, function 0x03, 4 bytes PDU
2026-09-16 13:42:09 [LOG] Reading 0x242e = 0
2026-09-16 13:42:09 [LOG] Request sent, transaction 669, function 0x03, 12 bytes
2026-09-16 13:42:09 [LOG] Response received, transaction 669, function 0x03, 4 bytes PDU
2026-09-16 13:42:09 [LOG] Reading 0x242f = 0
2026-09-16 13:42:09 [LOG] Request sent, transaction 670, function 0x03, 12 bytes
2026-09-16 13:42:09 [LOG] Response received, transaction 670, function 0x03, 4 bytes PDU
2026-09-16 13:42:09 [LOG] Reading 0x2430 = 0
2026-09-16 13:42:09 [LOG] Request sent, transaction 671, function 0x03, 12 bytes
2026-09-16 13:42:09 [LOG] Response received, transaction 671, function 0x03, 4 bytes PDU
2026-09-16 13:42:09 [LOG] Reading 0x2431 = 0
2026-09-16 13:42:09 [LOG] Request sent, transaction 672, function 0x03, 12 bytes
2026-09-16 13:42:09 [LOG] Response received, transaction 672, function 0x03, 4 bytes PDU
2026-09-16 13:42:09 [LOG] Reading 0x2432 = 0
2026-09-16 13:42:09 [LOG] Request sent, transaction 673, function 0x03, 12 bytes
2026-09-16 13:42:09 [LOG] Response received, transaction 673, function 0x03, 4 bytes PDU
2026-09-16 13:42:09 [LOG] Reading 0x2433 = 0
2026-09-16 13:42:09 [LOG] Request sent, transaction 674, function 0x03, 12 bytes
2026-09-16 13:42:09 [LOG] Response received, transaction 674, function 0x03, 4 bytes PDU
2026-09-16 13:42:09 [LOG] Reading 0x2434 = 0
2026-09-16 13:42:09 Broadcast sent to client 127.0.0.1:53710, 266 bytes
2026-09-16 13:42:29 [LOG] Request sent, transaction 675, function 0x03, 12 bytes
2026-09-16 13:42:29 [LOG] Response received, transaction 675, function 0x03, 4 bytes PDU
2026-09-16 13:42:29 [LOG] Reading 0x242c = 1
2026-09-16 13:42:29 [LOG] Request sent, transaction 676, function 0x03, 12 bytes
2026-09-16 13:42:29 [LOG] Response received, transaction 676, function 0x03, 4 bytes PDU
2026-09-16 13:42:29 [LOG] Reading 0x242d = 0
2026-09-16 13:42:29 [LOG] Request sent, transaction 677, function 0x03, 12 bytes
2026-09-16 13:42:29 [LOG] Response received, transaction 677, function 0x03, 4 bytes PDU
2026-09-16 13:42:29 [LOG] Reading 0x242e = 0
2026-09-16 13:42:29 [LOG] Request sent, transaction 678, function 0x03, 12 bytes
2026-09-16 13:42:29 [LOG] Response received, transaction 678, function 0x03, 4 bytes PDU
2026-09-16 13:42:29 [LOG] Reading 0x242f = 0
2026-09-16 13:42:29 [LOG] Request sent, transaction 679, function 0x03, 12 bytes
2026-09-16 13:42:29 [LOG] Response received, transaction 679, function 0x03, 4 bytes PDU
2026-09-16 13:42:29 [LOG] Reading 0x2430 = 0
2026-09-16 13:42:29 [LOG] Request sent, transaction 680, function 0x03, 12 bytes
2026-09-16 13:42:29 [LOG] Response received, transaction 680, function 0x03, 4 bytes PDU
2026-09-16 13:42:29 [LOG] Reading 0x2431 = 0
2026-09-16 13:42:29 [LOG] Request sent, transaction 681, function 0x03, 12 bytes
2026-09-16 13:42:29 [LOG] Response received, transaction 681, function 0x03, 4 bytes PDU
2026-09-16 13:42:29 [LOG] Reading 0x2432 = 0
2026-09-16 13:42:29 [LOG] Request sent, transaction 682, function 0x03, 12 bytes
2026-09-16 13:42:29 [LOG] Response received, transaction 682, function 0x03, 4 bytes PDU
2026-09-16 13:42:29 [LOG] Reading 0x2433 = 0
2026-09-16 13:42:29 [LOG] Request sent, transaction 683, function 0x03, 12 bytes
2026-09-16 13:42:29 [LOG] Response received, transaction 683, function 0x03, 4 bytes PDU
2026-09-16 13:42:29 [LOG] Reading 0x2434 = 0
2026-09-16 13:42:29 Broadcast sent to client 127.0.0.1:53710, 266 bytes
2026-09-16 13:42:49 [LOG] Request sent, transaction 684, function 0x03, 12 bytes
2026-09-16 13:42:49 [LOG] Response received, transaction 684, function 0x03, 4 bytes PDU
2026-09-16 13:42:49 [LOG] Reading 0x242c = 1
2026-09-16 13:42:49 [LOG] Request sent, transaction 685, function 0x03, 12 bytes
2026-09-16 13:42:49 [LOG] Response received, transaction 685, function 0x03, 4 bytes PDU
2026-09-16 13:42:49 [LOG] Reading 0x242d = 0
2026-09-16 13:42:49 [LOG] Request sent, transaction 686, function 0x03, 12 bytes
2026-09-16 13:42:49 [LOG] Response received, transaction 686, function 0x03, 4 bytes PDU
2026-09-16 13:42:49 [LOG] Reading 0x242e = 0
2026-09-16 13:42:49 [LOG] Request sent, transaction 687, function 0x03, 12 bytes
2026-09-16 13:42:49 [LOG] Response received, transaction 687, function 0x03, 4 bytes PDU
2026-09-16 13:42:49 [LOG] Reading 0x242f = 0
2026-09-16 13:42:49 [LOG] Request sent, transaction 688, function 0x03, 12 bytes
2026-09-16 13:42:49 [LOG] Response received, transaction 688, function 0x03, 4 bytes PDU
2026-09-16 13:42:49 [LOG] Reading 0x2430 = 0
2026-09-16 13:42:49 [LOG] Request sent, transaction 689, function 0x03, 12 bytes
2026-09-16 13:42:49 [LOG] Response received, transaction 689, function 0x03, 4 bytes PDU
2026-09-16 13:42:49 [LOG] Reading 0x2431 = 0
2026-09-16 13:42:49 [LOG] Request sent, transaction 690, function 0x03, 12 bytes
2026-09-16 13:42:49 [LOG] Response received, transaction 690, function 0x03, 4 bytes PDU
2026-09-16 13:42:49 [LOG] Reading 0x2432 = 0
2026-09-16 13:42:49 [LOG] Request sent, transaction 691, function 0x03, 12 bytes
2026-09-16 13:42:49 [LOG] Response received, transaction 691, function 0x03, 4 bytes PDU
2026-09-16 13:42:49 [LOG] Reading 0x2433 = 0
2026-09-16 13:42:49 [LOG] Request sent, transaction 692, function 0x03, 12 bytes
2026-09-16 13:42:49 [LOG] Response received, transaction 692, function 0x03, 4 bytes PDU
2026-09-16 13:42:49 [LOG] Reading 0x2434 = 0
2026-09-16 13:42:49 Broadcast sent to client 127.0.0.1:53710, 266 bytes
2026-09-16 13:43:09 [LOG] Request sent, transaction 693, function 0x03, 12 bytes
2026-09-16 13:43:09 [LOG] Response received, transaction 693, function 0x03, 4 bytes PDU
2026-09-16 13:43:09 [LOG] Reading 0x242c = 1
2026-09-16 13:43:09 [LOG] Request sent, transaction 694, function 0x03, 12 bytes
2026-09-16 13:43:09 [LOG] Response received, transaction 694, function 0x03, 4 bytes PDU
2026-09-16 13:43:09 [LOG] Reading 0x242d = 0
2026-09-16 13:43:09 [LOG] Request sent, transaction 695, function 0x03, 12 bytes
2026-09-16 13:43:09 [LOG] Response received, transaction 695, function 0x03, 4 bytes PDU
2026-09-16 13:43:09 [LOG] Reading 0x242e = 0
2026-09-16 13:43:09 [LOG] Request sent, transaction 696, function 0x03, 12 bytes
2026-09-16 13:43:09 [LOG] Response received, transaction 696, function 0x03, 4 bytes PDU
2026-09-16 13:43:09 [LOG] Reading 0x242f = 0
2026-09-16 13:43:09 [LOG] Request sent, transaction 697, function 0x03, 12 bytes
2026-09-16 13:43:09 [LOG] Response received, transaction 697, function 0x03, 4 bytes PDU
2026-09-16 13:43:09 [LOG] Reading 0x2430 = 0
2026-09-16 13:43:09 [LOG] Request sent, transaction 698, function 0x03, 12 bytes
2026-09-16 13:43:09 [LOG] Response received, transaction 698, function 0x03, 4 bytes PDU
2026-09-16 13:43:09 [LOG] Reading 0x2431 = 0
2026-09-16 13:43:09 [LOG] Request sent, transaction 699, function 0x03, 12 bytes
2026-09-16 13:43:09 [LOG] Response received, transaction 699, function 0x03, 4 bytes PDU
2026-09-16 13:43:09 [LOG] Reading 0x2432 = 0
2026-09-16 13:43:09 [LOG] Request sent, transaction 700, function 0x03, 12 bytes
2026-09-16 13:43:09 [LOG] Response received, transaction 700, function 0x03, 4 bytes PDU
2026-09-16 13:43:09 [LOG] Reading 0x2433 = 0
2026-09-16 13:43:09 [LOG] Request sent, transaction 701, function 0x03, 12 bytes
2026-09-16 13:43:09 [LOG] Response received, transaction 701, function 0x03, 4 bytes PDU
2026-09-16 13:43:09 [LOG] Reading 0x2434 = 0
2026-09-16 13:43:09 Broadcast sent to client 127.0.0.1:53710, 266 bytes
2026-09-16 13:43:29 [LOG] Request sent, transaction 702, function 0x03, 12 bytes
2026-09-16 13:43:29 [LOG] Response received, transaction 702, function 0x03, 4 bytes PDU
2026-09-16 13:43:29 [LOG] Reading 0x242c = 1
2026-09-16 13:43:29 [LOG] Request sent, transaction 703, function 0x03, 12 bytes
2026-09-16 13:43:29 [LOG] Response received, transaction 703, function 0x03, 4 bytes PDU
2026-09-16 13:43:29 [LOG] Reading 0x242d = 0
2026-09-16 13:43:29 [LOG] Request sent, transaction 704, function 0x03, 12 bytes
2026-09-16 13:43:29 [LOG] Response received, transaction 704, function 0x03, 4 bytes PDU
2026-09-16 13:43:29 [LOG] Reading 0x242e = 0
2026-09-16 13:43:29 [LOG] Request sent, transaction 705, function 0x03, 12 bytes
2026-09-16 13:43:29 [LOG] Response received, transaction 705, function 0x03, 4 bytes PDU
2026-09-16 13:43:29 [LOG] Reading 0x242f = 0
2026-09-16 13:43:29 [LOG] Request sent, transaction 706, function 0x03, 12 bytes
2026-09-16 13:43:29 [LOG] Response received, transaction 706, function 0x03, 4 bytes PDU
2026-09-16 13:43:29 [LOG] Reading 0x2430 = 0
2026-09-16 13:43:29 [LOG] Request sent, transaction 707, function 0x03, 12 bytes
2026-09-16 13:43:29 [LOG] Response received, transaction 707, function 0x03, 4 bytes PDU
2026-09-16 13:43:29 [LOG] Reading 0x2431 = 0
2026-09-16 13:43:29 [LOG] Request sent, transaction 708, function 0x03, 12 bytes
2026-09-16 13:43:29 [LOG] Response received, transaction 708, function 0x03, 4 bytes PDU
2026-09-16 13:43:29 [LOG] Reading 0x2432 = 0
2026-09-16 13:43:29 [LOG] Request sent, transaction 709, function 0x03, 12 bytes
2026-09-16 13:43:29 [LOG] Response received, transaction 709, function 0x03, 4 bytes PDU
2026-09-16 13:43:29 [LOG] Reading 0x2433 = 0
2026-09-16 13:43:29 [LOG] Request sent, transaction 710, function 0x03, 12 bytes
2026-09-16 13:43:29 [LOG] Response received, transaction 710, function 0x03, 4 bytes PDU
2026-09-16 13:43:29 [LOG] Reading 0x2434 = 0
2026-09-16 13:43:29 Broadcast sent to client 127.0.0.1:53710, 266 bytes
2026-09-16 13:43:49 [LOG] Request sent, transaction 711, function 0x03, 12 bytes
2026-09-16 13:43:49 [LOG] Response received, transaction 711, function 0x03, 4 bytes PDU
2026-09-16 13:43:49 [LOG] Reading 0x242c = 1
2026-09-16 13:43:49 [LOG] Request sent, transaction 712, function 0x03, 12 bytes
2026-09-16 13:43:49 [LOG] Response received, transaction 712, function 0x03, 4 bytes PDU
2026-09-16 13:43:49 [LOG] Reading 0x242d = 0
2026-09-16 13:43:49 [LOG] Request sent, transaction 713, function 0x03, 12 bytes
2026-09-16 13:43:49 [LOG] Response received, transaction 713, function 0x03, 4 bytes PDU
2026-09-16 13:43:49 [LOG] Reading 0x242e = 0
2026-09-16 13:43:49 [LOG] Request sent, transaction 714, function 0x03, 12 bytes
2026-09-16 13:43:49 [LOG] Response received, transaction 714, function 0x03, 4 bytes PDU
2026-09-16 13:43:49 [LOG] Reading 0x242f = 0
2026-09-16 13:43:49 [LOG] Request sent, transaction 715, function 0x03, 12 bytes
2026-09-16 13:43:49 [LOG] Response received, transaction 715, function 0x03, 4 bytes PDU
2026-09-16 13:43:49 [LOG] Reading 0x2430 = 0
2026-09-16 13:43:49 [LOG] Request sent, transaction 716, function 0x03, 12 bytes
2026-09-16 13:43:49 [LOG] Response received, transaction 716, function 0x03, 4 bytes PDU
2026-09-16 13:43:49 [LOG] Reading 0x2431 = 0
2026-09-16 13:43:49 [LOG] Request sent, transaction 717, function 0x03, 12 bytes
2026-09-16 13:43:49 [LOG] Response received, transaction 717, function 0x03, 4 bytes PDU
2026-09-16 13:43:49 [LOG] Reading 0x2432 = 0
2026-09-16 13:43:49 [LOG] Request sent, transaction 718, function 0x03, 12 bytes
2026-09-16 13:43:49 [LOG] Response received, transaction 718, function 0x03, 4 bytes PDU
2026-09-16 13:43:49 [LOG] Reading 0x2433 = 0
2026-09-16 13:43:49 [LOG] Request sent, transaction 719, function 0x03, 12 bytes
2026-09-16 13:43:49 [LOG] Response received, transaction 719, function 0x03, 4 bytes PDU
2026-09-16 13:43:49 [LOG] Reading 0x2434 = 0
2026-09-16 13:43:49 Broadcast sent to client 127.0.0.1:53710, 266 bytes
2026-09-16 13:44:09 [LOG] Request sent, transaction 720, function 0x03, 12 bytes
2026-09-16 13:44:09 [LOG] Response received, transaction 720, function 0x03, 4 bytes PDU
2026-09-16 13:44:09 [LOG] Reading 0x242c = 1
2026-09-16 13:44:09 [LOG] Request sent, transaction 721, function 0x03, 12 bytes
2026-09-16 13:44:09 [LOG] Response received, transaction 721, function 0x03, 4 bytes PDU
2026-09-16 13:44:09 [LOG] Reading 0x242d = 0
2026-09-16 13:44:09 [LOG] Request sent, transaction 722, function 0x03, 12 bytes
2026-09-16 13:44:09 [LOG] Response received, transaction 722, function 0x03, 4 bytes PDU
2026-09-16 13:44:09 [LOG] Reading 0x242e = 0
2026-09-16 13:44:09 [LOG] Request sent, transaction 723, function 0x03, 12 bytes
2026-09-16 13:44:09 [LOG] Response received, transaction 723, function 0x03, 4 bytes PDU
2026-09-16 13:44:09 [LOG] Reading 0x242f = 0
2026-09-16 13:44:09 [LOG] Request sent, transaction 724, function 0x03, 12 bytes
2026-09-16 13:44:09 [LOG] Response received, transaction 724, function 0x03, 4 bytes PDU
2026-09-16 13:44:09 [LOG] Reading 0x2430 = 0
2026-09-16 13:44:09 [LOG] Request sent, transaction 725, function 0x03, 12 bytes
2026-09-16 13:44:09 [LOG] Response received, transaction 725, function 0x03, 4 bytes PDU
2026-09-16 13:44:09 [LOG] Reading 0x2431 = 0
2026-09-16 13:44:09 [LOG] Request sent, transaction 726, function 0x03, 12 bytes
2026-09-16 13:44:09 [LOG] Response received, transaction 726, function 0x03, 4 bytes PDU
2026-09-16 13:44:09 [LOG] Reading 0x2432 = 0
2026-09-16 13:44:09 [LOG] Request sent, transaction 727, function 0x03, 12 bytes
2026-09-16 13:44:09 [LOG] Response received, transaction 727, function 0x03, 4 bytes PDU
2026-09-16 13:44:09 [LOG] Reading 0x2433 = 0
2026-09-16 13:44:09 [LOG] Request sent, transaction 728, function 0x03, 12 bytes
2026-09-16 13:44:09 [LOG] Response received, transaction 728, function 0x03, 4 bytes PDU
2026-09-16 13:44:09 [LOG] Reading 0x2434 = 0
2026-09-16 13:44:09 Broadcast sent to client 127.0.0.1:53710, 266 bytes
2026-09-16 13:44:29 [LOG] Request sent, transaction 729, function 0x03, 12 bytes
2026-09-16 13:44:29 [LOG] Response received, transaction 729, function 0x03, 4 bytes PDU
2026-09-16 13:44:29 [LOG] Reading 0x242c = 1
2026-09-16 13:44:29 [LOG] Request sent, transaction 730, function 0x03, 12 bytes
2026-09-16 13:44:29 [LOG] Response received, transaction 730, function 0x03, 4 bytes PDU
2026-09-16 13:44:29 [LOG] Reading 0x242d = 0
2026-09-16 13:44:29 [LOG] Request sent, transaction 731, function 0x03, 12 bytes
2026-09-16 13:44:29 [LOG] Response received, transaction 731, function 0x03, 4 bytes PDU
2026-09-16 13:44:29 [LOG] Reading 0x242e = 0
2026-09-16 13:44:29 [LOG] Request sent, transaction 732, function 0x03, 12 bytes
2026-09-16 13:44:29 [LOG] Response received, transaction 732, function 0x03, 4 bytes PDU
2026-09-16 13:44:29 [LOG] Reading 0x242f = 0
2026-09-16 13:44:29 [LOG] Request sent, transaction 733, function 0x03, 12 bytes
2026-09-16 13:44:29 [LOG] Response received, transaction 733, function 0x03, 4 bytes PDU
2026-09-16 13:44:29 [LOG] Reading 0x2430 = 0
2026-09-16 13:44:29 [LOG] Request sent, transaction 734, function 0x03, 12 bytes
2026-09-16 13:44:29 [LOG] Response received, transaction 734, function 0x03, 4 bytes PDU
2026-09-16 13:44:29 [LOG] Reading 0x2431 = 0
2026-09-16 13:44:29 [LOG] Request sent, transaction 735, function 0x03, 12 bytes
2026-09-16 13:44:29 [LOG] Response received, transaction 735, function 0x03, 4 bytes PDU
2026-09-16 13:44:29 [LOG] Reading 0x2432 = 0
2026-09-16 13:44:29 [LOG] Request sent, transaction 736, function 0x03, 12 bytes
2026-09-16 13:44:29 [LOG] Response received, transaction 736, function 0x03, 4 bytes PDU
2026-09-16 13:44:29 [LOG] Reading 0x2433 = 0
2026-09-16 13:44:29 [LOG] Request sent, transaction 737, function 0x03, 12 bytes
2026-09-16 13:44:29 [LOG] Response received, transaction 737, function 0x03, 4 bytes PDU
2026-09-16 13:44:29 [LOG] Reading 0x2434 = 0
2026-09-16 13:44:29 Broadcast sent to client 127.0.0.1:53710, 266 bytes
2026-09-16 13:44:49 [LOG] Request sent, transaction 738, function 0x03, 12 bytes
2026-09-16 13:44:49 [LOG] Response received, transaction 738, function 0x03, 4 bytes PDU
2026-09-16 13:44:49 [LOG] Reading 0x242c = 1
2026-09-16 13:44:49 [LOG] Request sent, transaction 739, function 0x03, 12 bytes
2026-09-16 13:44:49 [LOG] Response received, transaction 739, function 0x03, 4 bytes PDU
2026-09-16 13:44:49 [LOG] Reading 0x242d = 0
2026-09-16 13:44:49 [LOG] Request sent, transaction 740, function 0x03, 12 bytes
2026-09-16 13:44:49 [LOG] Response received, transaction 740, function 0x03, 4 bytes PDU
2026-09-16 13:44:49 [LOG] Reading 0x242e = 0
2026-09-16 13:44:49 [LOG] Request sent, transaction 741, function 0x03, 12 bytes
2026-09-16 13:44:49 [LOG] Response received, transaction 741, function 0x03, 4 bytes PDU
2026-09-16 13:44:49 [LOG] Reading 0x242f = 0
2026-09-16 13:44:49 [LOG] Request sent, transaction 742, function 0x03, 12 bytes
2026-09-16 13:44:49 [LOG] Response received, transaction 742, function 0x03, 4 bytes PDU
2026-09-16 13:44:49 [LOG] Reading 0x2430 = 0
2026-09-16 13:44:49 [LOG] Request sent, transaction 743, function 0x03, 12 bytes
2026-09-16 13:44:49 [LOG] Response received, transaction 743, function 0x03, 4 bytes PDU
2026-09-16 13:44:49 [LOG] Reading 0x2431 = 0
2026-09-16 13:44:49 [LOG] Request sent, transaction 744, function 0x03, 12 bytes
2026-09-16 13:44:49 [LOG] Response received, transaction 744, function 0x03, 4 bytes PDU
2026-09-16 13:44:49 [LOG] Reading 0x2432 = 0
2026-09-16 13:44:49 [LOG] Request sent, transaction 745, function 0x03, 12 bytes
2026-09-16 13:44:49 [LOG] Response received, transaction 745, function 0x03, 4 bytes PDU
2026-09-16 13:44:49 [LOG] Reading 0x2433 = 0
2026-09-16 13:44:49 [LOG] Request sent, transaction 746, function 0x03, 12 bytes
2026-09-16 13:44:49 [LOG] Response received, transaction 746, function 0x03, 4 bytes PDU
2026-09-16 13:44:49 [LOG] Reading 0x2434 = 0
2026-09-16 13:44:49 Broadcast sent to client 127.0.0.1:53710, 266 bytes
2026-09-16 13:45:09 [LOG] Request sent, transaction 747, function 0x03, 12 bytes
2026-09-16 13:45:09 [LOG] Response received, transaction 747, function 0x03, 4 bytes PDU
2026-09-16 13:45:09 [LOG] Reading 0x242c = 1
2026-09-16 13:45:09 [LOG] Request sent, transaction 748, function 0x03, 12 bytes
2026-09-16 13:45:09 [LOG] Response received, transaction 748, function 0x03, 4 bytes PDU
2026-09-16 13:45:09 [LOG] Reading 0x242d = 0
2026-09-16 13:45:09 [LOG] Request sent, transaction 749, function 0x03, 12 bytes
2026-09-16 13:45:09 [LOG] Response received, transaction 749, function 0x03, 4 bytes PDU
2026-09-16 13:45:09 [LOG] Reading 0x242e = 0
2026-09-16 13:45:09 [LOG] Request sent, transaction 750, function 0x03, 12 bytes
2026-09-16 13:45:09 [LOG] Response received, transaction 750, function 0x03, 4 bytes PDU
2026-09-16 13:45:09 [LOG] Reading 0x242f = 0
2026-09-16 13:45:09 [LOG] Request sent, transaction 751, function 0x03, 12 bytes
2026-09-16 13:45:09 [LOG] Response received, transaction 751, function 0x03, 4 bytes PDU
2026-09-16 13:45:09 [LOG] Reading 0x2430 = 0
2026-09-16 13:45:09 [LOG] Request sent, transaction 752, function 0x03, 12 bytes
2026-09-16 13:45:09 [LOG] Response received, transaction 752, function 0x03, 4 bytes PDU
2026-09-16 13:45:09 [LOG] Reading 0x2431 = 0
2026-09-16 13:45:09 [LOG] Request sent, transaction 753, function 0x03, 12 bytes
2026-09-16 13:45:09 [LOG] Response received, transaction 753, function 0x03, 4 bytes PDU
2026-09-16 13:45:09 [LOG] Reading 0x2432 = 0
2026-09-16 13:45:09 [LOG] Request sent, transaction 754, function 0x03, 12 bytes
2026-09-16 13:45:09 [LOG] Response received, transaction 754, function 0x03, 4 bytes PDU
2026-09-16 13:45:09 [LOG] Reading 0x2433 = 0
2026-09-16 13:45:09 [LOG] Request sent, transaction 755, function 0x03, 12 bytes
2026-09-16 13:45:09 [LOG] Response received, transaction 755, function 0x03, 4 bytes PDU
2026-09-16 13:45:09 [LOG] Reading 0x2434 = 0
2026-09-16 13:45:09 Broadcast sent to client 127.0.0.1:53710, 266 bytes
2026-09-16 13:45:29 [LOG] Request sent, transaction 756, function 0x03, 12 bytes
2026-09-16 13:45:29 [LOG] Response received, transaction 756, function 0x03, 4 bytes PDU
2026-09-16 13:45:29 [LOG] Reading 0x242c = 1
2026-09-16 13:45:29 [LOG] Request sent, transaction 757, function 0x03, 12 bytes
2026-09-16 13:45:29 [LOG] Response received, transaction 757, function 0x03, 4 bytes PDU
2026-09-16 13:45:29 [LOG] Reading 0x242d = 0
2026-09-16 13:45:29 [LOG] Request sent, transaction 758, function 0x03, 12 bytes
2026-09-16 13:45:29 [LOG] Response received, transaction 758, function 0x03, 4 bytes PDU
2026-09-16 13:45:29 [LOG] Reading 0x242e = 0
2026-09-16 13:45:29 [LOG] Request sent, transaction 759, function 0x03, 12 bytes
2026-09-16 13:45:29 [LOG] Response received, transaction 759, function 0x03, 4 bytes PDU
2026-09-16 13:45:29 [LOG] Reading 0x242f = 0
2026-09-16 13:45:29 [LOG] Request sent, transaction 760, function 0x03, 12 bytes
2026-09-16 13:45:29 [LOG] Response received, transaction 760, function 0x03, 4 bytes PDU
2026-09-16 13:45:29 [LOG] Reading 0x2430 = 0
2026-09-16 13:45:29 [LOG] Request sent, transaction 761, function 0x03, 12 bytes
2026-09-16 13:45:29 [LOG] Response received, transaction 761, function 0x03, 4 bytes PDU
2026-09-16 13:45:29 [LOG] Reading 0x2431 = 0
2026-09-16 13:45:29 [LOG] Request sent, transaction 762, function 0x03, 12 bytes
2026-09-16 13:45:29 [LOG] Response received, transaction 762, function 0x03, 4 bytes PDU
2026-09-16 13:45:29 [LOG] Reading 0x2432 = 0
2026-09-16 13:45:29 [LOG] Request sent, transaction 763, function 0x03, 12 bytes
2026-09-16 13:45:29 [LOG] Response received, transaction 763, function 0x03, 4 bytes PDU
2026-09-16 13:45:29 [LOG] Reading 0x2433 = 0
2026-09-16 13:45:29 [LOG] Request sent, transaction 764, function 0x03, 12 bytes
2026-09-16 13:45:29 [LOG] Response received, transaction 764, function 0x03, 4 bytes PDU
2026-09-16 13:45:29 [LOG] Reading 0x2434 = 0
2026-09-16 13:45:29 Broadcast sent to client 127.0.0.1:53710, 266 bytes
2026-09-16 13:45:49 [LOG] Request sent, transaction 765, function 0x03, 12 bytes
2026-09-16 13:45:49 [LOG] Response received, transaction 765, function 0x03, 4 bytes PDU
2026-09-16 13:45:49 [LOG] Reading 0x242c = 1
2026-09-16 13:45:49 [LOG] Request sent, transaction 766, function 0x03, 12 bytes
2026-09-16 13:45:49 [LOG] Response received, transaction 766, function 0x03, 4 bytes PDU
2026-09-16 13:45:49 [LOG] Reading 0x242d = 0
2026-09-16 13:45:49 [LOG] Request sent, transaction 767, function 0x03, 12 bytes
2026-09-16 13:45:49 [LOG] Response received, transaction 767, function 0x03, 4 bytes PDU
2026-09-16 13:45:49 [LOG] Reading 0x242e = 0
2026-09-16 13:45:49 [LOG] Request sent, transaction 768, function 0x03, 12 bytes
2026-09-16 13:45:49 [LOG] Response received, transaction 768, function 0x03, 4 bytes PDU
2026-09-16 13:45:49 [LOG] Reading 0x242f = 0
2026-09-16 13:45:49 [LOG] Request sent, transaction 769, function 0x03, 12 bytes
2026-09-16 13:45:49 [LOG] Response received, transaction 769, function 0x03, 4 bytes PDU
2026-09-16 13:45:49 [LOG] Reading 0x2430 = 0
2026-09-16 13:45:49 [LOG] Request sent, transaction 770, function 0x03, 12 bytes
2026-09-16 13:45:49 [LOG] Response received, transaction 770, function 0x03, 4 bytes PDU
2026-09-16 13:45:49 [LOG] Reading 0x2431 = 0
2026-09-16 13:45:49 [LOG] Request sent, transaction 771, function 0x03, 12 bytes
2026-09-16 13:45:49 [LOG] Response received, transaction 771, function 0x03, 4 bytes PDU
2026-09-16 13:45:49 [LOG] Reading 0x2432 = 0
2026-09-16 13:45:49 [LOG] Request sent, transaction 772, function 0x03, 12 bytes
2026-09-16 13:45:49 [LOG] Response received, transaction 772, function 0x03, 4 bytes PDU
2026-09-16 13:45:49 [LOG] Reading 0x2433 = 0
2026-09-16 13:45:49 [LOG] Request sent, transaction 773, function 0x03, 12 bytes
2026-09-16 13:45:49 [LOG] Response received, transaction 773, function 0x03, 4 bytes PDU
2026-09-16 13:45:49 [LOG] Reading 0x2434 = 0
2026-09-16 13:45:49 Broadcast sent to client 127.0.0.1:53710, 266 bytes
2026-09-16 13:46:09 [LOG] Request sent, transaction 774, function 0x03, 12 bytes
2026-09-16 13:46:09 [LOG] Response received, transaction 774, function 0x03, 4 bytes PDU
2026-09-16 13:46:09 [LOG] Reading 0x242c = 1
2026-09-16 13:46:09 [LOG] Request sent, transaction 775, function 0x03, 12 bytes
2026-09-16 13:46:09 [LOG] Response received, transaction 775, function 0x03, 4 bytes PDU
2026-09-16 13:46:09 [LOG] Reading 0x242d = 0
2026-09-16 13:46:09 [LOG] Request sent, transaction 776, function 0x03, 12 bytes
2026-09-16 13:46:09 [LOG] Response received, transaction 776, function 0x03, 4 bytes PDU
2026-09-16 13:46:09 [LOG] Reading 0x242e = 0
2026-09-16 13:46:09 [LOG] Request sent, transaction 777, function 0x03, 12 bytes
2026-09-16 13:46:09 [LOG] Response received, transaction 777, function 0x03, 4 bytes PDU
2026-09-16 13:46:09 [LOG] Reading 0x242f = 0
2026-09-16 13:46:09 [LOG] Request sent, transaction 778, function 0x03, 12 bytes
2026-09-16 13:46:09 [LOG] Response received, transaction 778, function 0x03, 4 bytes PDU
2026-09-16 13:46:09 [LOG] Reading 0x2430 = 0
2026-09-16 13:46:09 [LOG] Request sent, transaction 779, function 0x03, 12 bytes
2026-09-16 13:46:09 [LOG] Response received, transaction 779, function 0x03, 4 bytes PDU
2026-09-16 13:46:09 [LOG] Reading 0x2431 = 0
2026-09-16 13:46:09 [LOG] Request sent, transaction 780, function 0x03, 12 bytes
2026-09-16 13:46:09 [LOG] Response received, transaction 780, function 0x03, 4 bytes PDU
2026-09-16 13:46:09 [LOG] Reading 0x2432 = 0
2026-09-16 13:46:09 [LOG] Request sent, transaction 781, function 0x03, 12 bytes
2026-09-16 13:46:09 [LOG] Response received, transaction 781, function 0x03, 4 bytes PDU
2026-09-16 13:46:09 [LOG] Reading 0x2433 = 0
2026-09-16 13:46:09 [LOG] Request sent, transaction 782, function 0x03, 12 bytes
2026-09-16 13:46:09 [LOG] Response received, transaction 782, function 0x03, 4 bytes PDU
2026-09-16 13:46:09 [LOG] Reading 0x2434 = 0
2026-09-16 13:46:09 Broadcast sent to client 127.0.0.1:53710, 266 bytes
2026-09-16 13:46:29 [LOG] Request sent, transaction 783, function 0x03, 12 bytes
2026-09-16 13:46:29 [LOG] Response received, transaction 783, function 0x03, 4 bytes PDU
2026-09-16 13:46:29 [LOG] Reading 0x242c = 1
2026-09-16 13:46:29 [LOG] Request sent, transaction 784, function 0x03, 12 bytes
2026-09-16 13:46:29 [LOG] Response received, transaction 784, function 0x03, 4 bytes PDU
2026-09-16 13:46:29 [LOG] Reading 0x242d = 0
2026-09-16 13:46:29 [LOG] Request sent, transaction 785, function 0x03, 12 bytes
2026-09-16 13:46:29 [LOG] Response received, transaction 785, function 0x03, 4 bytes PDU
2026-09-16 13:46:29 [LOG] Reading 0x242e = 0
2026-09-16 13:46:29 [LOG] Request sent, transaction 786, function 0x03, 12 bytes
2026-09-16 13:46:29 [LOG] Response received, transaction 786, function 0x03, 4 bytes PDU
2026-09-16 13:46:29 [LOG] Reading 0x242f = 0
2026-09-16 13:46:29 [LOG] Request sent, transaction 787, function 0x03, 12 bytes
2026-09-16 13:46:29 [LOG] Response received, transaction 787, function 0x03, 4 bytes PDU
2026-09-16 13:46:29 [LOG] Reading 0x2430 = 0
2026-09-16 13:46:29 [LOG] Request sent, transaction 788, function 0x03, 12 bytes
2026-09-16 13:46:29 [LOG] Response received, transaction 788, function 0x03, 4 bytes PDU
2026-09-16 13:46:29 [LOG] Reading 0x2431 = 0
2026-09-16 13:46:29 [LOG] Request sent, transaction 789, function 0x03, 12 bytes
2026-09-16 13:46:29 [LOG] Response received, transaction 789, function 0x03, 4 bytes PDU
2026-09-16 13:46:29 [LOG] Reading 0x2432 = 0
2026-09-16 13:46:29 [LOG] Request sent, transaction 790, function 0x03, 12 bytes
2026-09-16 13:46:29 [LOG] Response received, transaction 790, function 0x03, 4 bytes PDU
2026-09-16 13:46:29 [LOG] Reading 0x2433 = 0
2026-09-16 13:46:29 [LOG] Request sent, transaction 791, function 0x03, 12 bytes
2026-09-16 13:46:29 [LOG] Response received, transaction 791, function 0x03, 4 bytes PDU
2026-09-16 13:46:29 [LOG] Reading 0x2434 = 0
2026-09-16 13:46:29 Broadcast sent to client 127.0.0.1:53710, 266 bytes
2026-09-16 13:46:49 [LOG] Request sent, transaction 792, function 0x03, 12 bytes
2026-09-16 13:46:49 [LOG] Response received, transaction 792, function 0x03, 4 bytes PDU
2026-09-16 13:46:49 [LOG] Reading 0x242c = 1
2026-09-16 13:46:49 [LOG] Request sent, transaction 793, function 0x03, 12 bytes
2026-09-16 13:46:49 [LOG] Response received, transaction 793, function 0x03, 4 bytes PDU
2026-09-16 13:46:49 [LOG] Reading 0x242d = 0
2026-09-16 13:46:49 [LOG] Request sent, transaction 794, function 0x03, 12 bytes
2026-09-16 13:46:49 [LOG] Response received, transaction 794, function 0x03, 4 bytes PDU
2026-09-16 13:46:49 [LOG] Reading 0x242e = 0
2026-09-16 13:46:49 [LOG] Request sent, transaction 795, function 0x03, 12 bytes
2026-09-16 13:46:49 [LOG] Response received, transaction 795, function 0x03, 4 bytes PDU
2026-09-16 13:46:49 [LOG] Reading 0x242f = 0
2026-09-16 13:46:49 [LOG] Request sent, transaction 796, function 0x03, 12 bytes
2026-09-16 13:46:49 [LOG] Response received, transaction 796, function 0x03, 4 bytes PDU
2026-09-16 13:46:49 [LOG] Reading 0x2430 = 0
2026-09-16 13:46:49 [LOG] Request sent, transaction 797, function 0x03, 12 bytes
2026-09-16 13:46:49 [LOG] Response received, transaction 797, function 0x03, 4 bytes PDU
2026-09-16 13:46:49 [LOG] Reading 0x2431 = 0
2026-09-16 13:46:49 [LOG] Request sent, transaction 798, function 0x03, 12 bytes
2026-09-16 13:46:49 [LOG] Response received, transaction 798, function 0x03, 4 bytes PDU
2026-09-16 13:46:49 [LOG] Reading 0x2432 = 0
2026-09-16 13:46:49 [LOG] Request sent, transaction 799, function 0x03, 12 bytes
2026-09-16 13:46:49 [LOG] Response received, transaction 799, function 0x03, 4 bytes PDU
2026-09-16 13:46:49 [LOG] Reading 0x2433 = 0
2026-09-16 13:46:49 [LOG] Request sent, transaction 800, function 0x03, 12 bytes
2026-09-16 13:46:49 [LOG] Response received, transaction 800, function 0x03, 4 bytes PDU
2026-09-16 13:46:49 [LOG] Reading 0x2434 = 0
2026-09-16 13:46:49 Broadcast sent to client 127.0.0.1:53710, 266 bytes
2026-09-16 13:47:09 [LOG] Request sent, transaction 801, function 0x03, 12 bytes
2026-09-16 13:47:09 [LOG] Response received, transaction 801, function 0x03, 4 bytes PDU
2026-09-16 13:47:09 [LOG] Reading 0x242c = 1
2026-09-16 13:47:09 [LOG] Request sent, transaction 802, function 0x03, 12 bytes
2026-09-16 13:47:09 [LOG] Response received, transaction 802, function 0x03, 4 bytes PDU
2026-09-16 13:47:09 [LOG] Reading 0x242d = 0
2026-09-16 13:47:09 [LOG] Request sent, transaction 803, function 0x03, 12 bytes
2026-09-16 13:47:09 [LOG] Response received, transaction 803, function 0x03, 4 bytes PDU
2026-09-16 13:47:09 [LOG] Reading 0x242e = 0
2026-09-16 13:47:09 [LOG] Request sent, transaction 804, function 0x03, 12 bytes
2026-09-16 13:47:09 [LOG] Response received, transaction 804, function 0x03, 4 bytes PDU
2026-09-16 13:47:09 [LOG] Reading 0x242f = 0
2026-09-16 13:47:09 [LOG] Request sent, transaction 805, function 0x03, 12 bytes
2026-09-16 13:47:09 [LOG] Response received, transaction 805, function 0x03, 4 bytes PDU
2026-09-16 13:47:09 [LOG] Reading 0x2430 = 0
2026-09-16 13:47:09 [LOG] Request sent, transaction 806, function 0x03, 12 bytes
2026-09-16 13:47:09 [LOG] Response received, transaction 806, function 0x03, 4 bytes PDU
2026-09-16 13:47:09 [LOG] Reading 0x2431 = 0
2026-09-16 13:47:09 [LOG] Request sent, transaction 807, function 0x03, 12 bytes
2026-09-16 13:47:09 [LOG] Response received, transaction 807, function 0x03, 4 bytes PDU
2026-09-16 13:47:09 [LOG] Reading 0x2432 = 0
2026-09-16 13:47:09 [LOG] Request sent, transaction 808, function 0x03, 12 bytes
2026-09-16 13:47:09 [LOG] Response received, transaction 808, function 0x03, 4 bytes PDU
2026-09-16 13:47:09 [LOG] Reading 0x2433 = 0
2026-09-16 13:47:09 [LOG] Request sent, transaction 809, function 0x03, 12 bytes
2026-09-16 13:47:09 [LOG] Response received, transaction 809, function 0x03, 4 bytes PDU
2026-09-16 13:47:09 [LOG] Reading 0x2434 = 0
2026-09-16 13:47:09 Broadcast sent to client 127.0.0.1:53710, 266 bytes
2026-09-16 13:47:29 [LOG] Request sent, transaction 810, function 0x03, 12 bytes
2026-09-16 13:47:29 [LOG] Response received, transaction 810, function 0x03, 4 bytes PDU
2026-09-16 13:47:29 [LOG] Reading 0x242c = 1
2026-09-16 13:47:29 [LOG] Request sent, transaction 811, function 0x03, 12 bytes
2026-09-16 13:47:29 [LOG] Response received, transaction 811, function 0x03, 4 bytes PDU
2026-09-16 13:47:29 [LOG] Reading 0x242d = 0
2026-09-16 13:47:29 [LOG] Request sent, transaction 812, function 0x03, 12 bytes
2026-09-16 13:47:29 [LOG] Response received, transaction 812, function 0x03, 4 bytes PDU
2026-09-16 13:47:29 [LOG] Reading 0x242e = 0
2026-09-16 13:47:29 [LOG] Request sent, transaction 813, function 0x03, 12 bytes
2026-09-16 13:47:29 [LOG] Response received, transaction 813, function 0x03, 4 bytes PDU
2026-09-16 13:47:29 [LOG] Reading 0x242f = 0
2026-09-16 13:47:29 [LOG] Request sent, transaction 814, function 0x03, 12 bytes
2026-09-16 13:47:29 [LOG] Response received, transaction 814, function 0x03, 4 bytes PDU
2026-09-16 13:47:29 [LOG] Reading 0x2430 = 0
2026-09-16 13:47:29 [LOG] Request sent, transaction 815, function 0x03, 12 bytes
2026-09-16 13:47:29 [LOG] Response received, transaction 815, function 0x03, 4 bytes PDU
2026-09-16 13:47:29 [LOG] Reading 0x2431 = 0
2026-09-16 13:47:29 [LOG] Request sent, transaction 816, function 0x03, 12 bytes
2026-09-16 13:47:29 [LOG] Response received, transaction 816, function 0x03, 4 bytes PDU
2026-09-16 13:47:29 [LOG] Reading 0x2432 = 0
2026-09-16 13:47:29 [LOG] Request sent, transaction 817, function 0x03, 12 bytes
2026-09-16 13:47:29 [LOG] Response received, transaction 817, function 0x03, 4 bytes PDU
2026-09-16 13:47:29 [LOG] Reading 0x2433 = 0
2026-09-16 13:47:29 [LOG] Request sent, transaction 818, function 0x03, 12 bytes
2026-09-16 13:47:29 [LOG] Response received, transaction 818, function 0x03, 4 bytes PDU
2026-09-16 13:47:29 [LOG] Reading 0x2434 = 0
2026-09-16 13:47:29 Broadcast sent to client 127.0.0.1:53710, 266 bytes
2026-09-16 13:47:49 [LOG] Request sent, transaction 819, function 0x03, 12 bytes
2026-09-16 13:47:49 [LOG] Response received, transaction 819, function 0x03, 4 bytes PDU
2026-09-16 13:47:49 [LOG] Reading 0x242c = 1
2026-09-16 13:47:49 [LOG] Request sent, transaction 820, function 0x03, 12 bytes
2026-09-16 13:47:49 [LOG] Response received, transaction 820, function 0x03, 4 bytes PDU
2026-09-16 13:47:49 [LOG] Reading 0x242d = 0
2026-09-16 13:47:49 [LOG] Request sent, transaction 821, function 0x03, 12 bytes
2026-09-16 13:47:49 [LOG] Response received, transaction 821, function 0x03, 4 bytes PDU
2026-09-16 13:47:49 [LOG] Reading 0x242e = 0
2026-09-16 13:47:49 [LOG] Request sent, transaction 822, function 0x03, 12 bytes
2026-09-16 13:47:49 [LOG] Response received, transaction 822, function 0x03, 4 bytes PDU
2026-09-16 13:47:49 [LOG] Reading 0x242f = 0
2026-09-16 13:47:49 [LOG] Request sent, transaction 823, function 0x03, 12 bytes
2026-09-16 13:47:49 [LOG] Response received, transaction 823, function 0x03, 4 bytes PDU
2026-09-16 13:47:49 [LOG] Reading 0x2430 = 0
2026-09-16 13:47:49 [LOG] Request sent, transaction 824, function 0x03, 12 bytes
2026-09-16 13:47:49 [LOG] Response received, transaction 824, function 0x03, 4 bytes PDU
2026-09-16 13:47:49 [LOG] Reading 0x2431 = 0
2026-09-16 13:47:49 [LOG] Request sent, transaction 825, function 0x03, 12 bytes
2026-09-16 13:47:49 [LOG] Response received, transaction 825, function 0x03, 4 bytes PDU
2026-09-16 13:47:49 [LOG] Reading 0x2432 = 0
2026-09-16 13:47:49 [LOG] Request sent, transaction 826, function 0x03, 12 bytes
2026-09-16 13:47:49 [LOG] Response received, transaction 826, function 0x03, 4 bytes PDU
2026-09-16 13:47:49 [LOG] Reading 0x2433 = 0
2026-09-16 13:47:49 [LOG] Request sent, transaction 827, function 0x03, 12 bytes
2026-09-16 13:47:49 [LOG] Response received, transaction 827, function 0x03, 4 bytes PDU
2026-09-16 13:47:49 [LOG] Reading 0x2434 = 0
2026-09-16 13:47:49 Broadcast sent to client 127.0.0.1:53710, 266 bytes
2026-09-16 13:48:09 [LOG] Request sent, transaction 828, function 0x03, 12 bytes
2026-09-16 13:48:09 [LOG] Response received, transaction 828, function 0x03, 4 bytes PDU
2026-09-16 13:48:09 [LOG] Reading 0x242c = 1
2026-09-16 13:48:09 [LOG] Request sent, transaction 829, function 0x03, 12 bytes
2026-09-16 13:48:09 [LOG] Response received, transaction 829, function 0x03, 4 bytes PDU
2026-09-16 13:48:09 [LOG] Reading 0x242d = 0
2026-09-16 13:48:09 [LOG] Request sent, transaction 830, function 0x03, 12 bytes
2026-09-16 13:48:09 [LOG] Response received, transaction 830, function 0x03, 4 bytes PDU
2026-09-16 13:48:09 [LOG] Reading 0x242e = 0
2026-09-16 13:48:09 [LOG] Request sent, transaction 831, function 0x03, 12 bytes
2026-09-16 13:48:09 [LOG] Response received, transaction 831, function 0x03, 4 bytes PDU
2026-09-16 13:48:09 [LOG] Reading 0x242f = 0
2026-09-16 13:48:09 [LOG] Request sent, transaction 832, function 0x03, 12 bytes
2026-09-16 13:48:09 [LOG] Response received, transaction 832, function 0x03, 4 bytes PDU
2026-09-16 13:48:09 [LOG] Reading 0x2430 = 0
2026-09-16 13:48:09 [LOG] Request sent, transaction 833, function 0x03, 12 bytes
2026-09-16 13:48:09 [LOG] Response received, transaction 833, function 0x03, 4 bytes PDU
2026-09-16 13:48:09 [LOG] Reading 0x2431 = 0
2026-09-16 13:48:09 [LOG] Request sent, transaction 834, function 0x03, 12 bytes
2026-09-16 13:48:09 [LOG] Response received, transaction 834, function 0x03, 4 bytes PDU
2026-09-16 13:48:09 [LOG] Reading 0x2432 = 0
2026-09-16 13:48:09 [LOG] Request sent, transaction 835, function 0x03, 12 bytes
2026-09-16 13:48:09 [LOG] Response received, transaction 835, function 0x03, 4 bytes PDU
2026-09-16 13:48:09 [LOG] Reading 0x2433 = 0
2026-09-16 13:48:09 [LOG] Request sent, transaction 836, function 0x03, 12 bytes
2026-09-16 13:48:09 [LOG] Response received, transaction 836, function 0x03, 4 bytes PDU
2026-09-16 13:48:09 [LOG] Reading 0x2434 = 0
2026-09-16 13:48:09 Broadcast sent to client 127.0.0.1:53710, 266 bytes
2026-09-16 13:48:29 [LOG] Request sent, transaction 837, function 0x03, 12 bytes
2026-09-16 13:48:29 [LOG] Response received, transaction 837, function 0x03, 4 bytes PDU
2026-09-16 13:48:29 [LOG] Reading 0x242c = 1
2026-09-16 13:48:29 [LOG] Request sent, transaction 838, function 0x03, 12 bytes
2026-09-16 13:48:29 [LOG] Response received, transaction 838, function 0x03, 4 bytes PDU
2026-09-16 13:48:29 [LOG] Reading 0x242d = 0
2026-09-16 13:48:29 [LOG] Request sent, transaction 839, function 0x03, 12 bytes
2026-09-16 13:48:29 [LOG] Response received, transaction 839, function 0x03, 4 bytes PDU
2026-09-16 13:48:29 [LOG] Reading 0x242e = 0
2026-09-16 13:48:29 [LOG] Request sent, transaction 840, function 0x03, 12 bytes
2026-09-16 13:48:29 [LOG] Response received, transaction 840, function 0x03, 4 bytes PDU
2026-09-16 13:48:29 [LOG] Reading 0x242f = 0
2026-09-16 13:48:29 [LOG] Request sent, transaction 841, function 0x03, 12 bytes
2026-09-16 13:48:29 [LOG] Response received, transaction 841, function 0x03, 4 bytes PDU
2026-09-16 13:48:29 [LOG] Reading 0x2430 = 0
2026-09-16 13:48:29 [LOG] Request sent, transaction 842, function 0x03, 12 bytes
2026-09-16 13:48:29 [LOG] Response received, transaction 842, function 0x03, 4 bytes PDU
2026-09-16 13:48:29 [LOG] Reading 0x2431 = 0
2026-09-16 13:48:29 [LOG] Request sent, transaction 843, function 0x03, 12 bytes
2026-09-16 13:48:29 [LOG] Response received, transaction 843, function 0x03, 4 bytes PDU
2026-09-16 13:48:29 [LOG] Reading 0x2432 = 0
2026-09-16 13:48:29 [LOG] Request sent, transaction 844, function 0x03, 12 bytes
2026-09-16 13:48:29 [LOG] Response received, transaction 844, function 0x03, 4 bytes PDU
2026-09-16 13:48:29 [LOG] Reading 0x2433 = 0
2026-09-16 13:48:29 [LOG] Request sent, transaction 845, function 0x03, 12 bytes
2026-09-16 13:48:29 [LOG] Response received, transaction 845, function 0x03, 4 bytes PDU
2026-09-16 13:48:29 [LOG] Reading 0x2434 = 0
2026-09-16 13:48:29 Broadcast sent to client 127.0.0.1:53710, 266 bytes
2026-09-16 13:48:49 [LOG] Request sent, transaction 846, function 0x03, 12 bytes
2026-09-16 13:48:49 [LOG] Response received, transaction 846, function 0x03, 4 bytes PDU
2026-09-16 13:48:49 [LOG] Reading 0x242c = 1
2026-09-16 13:48:49 [LOG] Request sent, transaction 847, function 0x03, 12 bytes
2026-09-16 13:48:49 [LOG] Response received, transaction 847, function 0x03, 4 bytes PDU
2026-09-16 13:48:49 [LOG] Reading 0x242d = 0
2026-09-16 13:48:49 [LOG] Request sent, transaction 848, function 0x03, 12 bytes
2026-09-16 13:48:49 [LOG] Response received, transaction 848, function 0x03, 4 bytes PDU
2026-09-16 13:48:49 [LOG] Reading 0x242e = 0
2026-09-16 13:48:49 [LOG] Request sent, transaction 849, function 0x03, 12 bytes
2026-09-16 13:48:49 [LOG] Response received, transaction 849, function 0x03, 4 bytes PDU
2026-09-16 13:48:49 [LOG] Reading 0x242f = 0
2026-09-16 13:48:49 [LOG] Request sent, transaction 850, function 0x03, 12 bytes
2026-09-16 13:48:49 [LOG] Response received, transaction 850, function 0x03, 4 bytes PDU
2026-09-16 13:48:49 [LOG] Reading 0x2430 = 0
2026-09-16 13:48:49 [LOG] Request sent, transaction 851, function 0x03, 12 bytes
2026-09-16 13:48:49 [LOG] Response received, transaction 851, function 0x03, 4 bytes PDU
2026-09-16 13:48:49 [LOG] Reading 0x2431 = 0
2026-09-16 13:48:49 [LOG] Request sent, transaction 852, function 0x03, 12 bytes
2026-09-16 13:48:49 [LOG] Response received, transaction 852, function 0x03, 4 bytes PDU
2026-09-16 13:48:49 [LOG] Reading 0x2432 = 0
2026-09-16 13:48:49 [LOG] Request sent, transaction 853, function 0x03, 12 bytes
2026-09-16 13:48:49 [LOG] Response received, transaction 853, function 0x03, 4 bytes PDU
2026-09-16 13:48:49 [LOG] Reading 0x2433 = 0
2026-09-16 13:48:49 [LOG] Request sent, transaction 854, function 0x03, 12 bytes
2026-09-16 13:48:49 [LOG] Response received, transaction 854, function 0x03, 4 bytes PDU
2026-09-16 13:48:49 [LOG] Reading 0x2434 = 0
2026-09-16 13:48:49 Broadcast sent to client 127.0.0.1:53710, 266 bytes
2026-09-16 13:49:09 [LOG] Request sent, transaction 855, function 0x03, 12 bytes
2026-09-16 13:49:09 [LOG] Response received, transaction 855, function 0x03, 4 bytes PDU
2026-09-16 13:49:09 [LOG] Reading 0x242c = 1
2026-09-16 13:49:09 [LOG] Request sent, transaction 856, function 0x03, 12 bytes
2026-09-16 13:49:09 [LOG] Response received, transaction 856, function 0x03, 4 bytes PDU
2026-09-16 13:49:09 [LOG] Reading 0x242d = 0
2026-09-16 13:49:09 [LOG] Request sent, transaction 857, function 0x03, 12 bytes
2026-09-16 13:49:09 [LOG] Response received, transaction 857, function 0x03, 4 bytes PDU
2026-09-16 13:49:09 [LOG] Reading 0x242e = 0
2026-09-16 13:49:09 [LOG] Request sent, transaction 858, function 0x03, 12 bytes
2026-09-16 13:49:09 [LOG] Response received, transaction 858, function 0x03, 4 bytes PDU
2026-09-16 13:49:09 [LOG] Reading 0x242f = 0
2026-09-16 13:49:09 [LOG] Request sent, transaction 859, function 0x03, 12 bytes
2026-09-16 13:49:09 [LOG] Response received, transaction 859, function 0x03, 4 bytes PDU
2026-09-16 13:49:09 [LOG] Reading 0x2430 = 0
2026-09-16 13:49:09 [LOG] Request sent, transaction 860, function 0x03, 12 bytes
2026-09-16 13:49:09 [LOG] Response received, transaction 860, function 0x03, 4 bytes PDU
2026-09-16 13:49:09 [LOG] Reading 0x2431 = 0
2026-09-16 13:49:09 [LOG] Request sent, transaction 861, function 0x03, 12 bytes
2026-09-16 13:49:09 [LOG] Response received, transaction 861, function 0x03, 4 bytes PDU
2026-09-16 13:49:09 [LOG] Reading 0x2432 = 0
2026-09-16 13:49:09 [LOG] Request sent, transaction 862, function 0x03, 12 bytes
2026-09-16 13:49:09 [LOG] Response received, transaction 862, function 0x03, 4 bytes PDU
2026-09-16 13:49:09 [LOG] Reading 0x2433 = 0
2026-09-16 13:49:09 [LOG] Request sent, transaction 863, function 0x03, 12 bytes
2026-09-16 13:49:09 [LOG] Response received, transaction 863, function 0x03, 4 bytes PDU
2026-09-16 13:49:09 [LOG] Reading 0x2434 = 0
2026-09-16 13:49:09 Broadcast sent to client 127.0.0.1:53710, 266 bytes
2026-09-16 13:49:29 [LOG] Request sent, transaction 864, function 0x03, 12 bytes
2026-09-16 13:49:29 [LOG] Response received, transaction 864, function 0x03, 4 bytes PDU
2026-09-16 13:49:29 [LOG] Reading 0x242c = 1
2026-09-16 13:49:29 [LOG] Request sent, transaction 865, function 0x03, 12 bytes
2026-09-16 13:49:29 [LOG] Response received, transaction 865, function 0x03, 4 bytes PDU
2026-09-16 13:49:29 [LOG] Reading 0x242d = 0
2026-09-16 13:49:29 [LOG] Request sent, transaction 866, function 0x03, 12 bytes
2026-09-16 13:49:29 [LOG] Response received, transaction 866, function 0x03, 4 bytes PDU
2026-09-16 13:49:29 [LOG] Reading 0x242e = 0
2026-09-16 13:49:29 [LOG] Request sent, transaction 867, function 0x03, 12 bytes
2026-09-16 13:49:29 [LOG] Response received, transaction 867, function 0x03, 4 bytes PDU
2026-09-16 13:49:29 [LOG] Reading 0x242f = 0
2026-09-16 13:49:29 [LOG] Request sent, transaction 868, function 0x03, 12 bytes
2026-09-16 13:49:29 [LOG] Response received, transaction 868, function 0x03, 4 bytes PDU
2026-09-16 13:49:29 [LOG] Reading 0x2430 = 0
2026-09-16 13:49:29 [LOG] Request sent, transaction 869, function 0x03, 12 bytes
2026-09-16 13:49:29 [LOG] Response received, transaction 869, function 0x03, 4 bytes PDU
2026-09-16 13:49:29 [LOG] Reading 0x2431 = 0
2026-09-16 13:49:29 [LOG] Request sent, transaction 870, function 0x03, 12 bytes
2026-09-16 13:49:29 [LOG] Response received, transaction 870, function 0x03, 4 bytes PDU
2026-09-16 13:49:29 [LOG] Reading 0x2432 = 0
2026-09-16 13:49:29 [LOG] Request sent, transaction 871, function 0x03, 12 bytes
2026-09-16 13:49:29 [LOG] Response received, transaction 871, function 0x03, 4 bytes PDU
2026-09-16 13:49:29 [LOG] Reading 0x2433 = 0
2026-09-16 13:49:29 [LOG] Request sent, transaction 872, function 0x03, 12 bytes
2026-09-16 13:49:29 [LOG] Response received, transaction 872, function 0x03, 4 bytes PDU
2026-09-16 13:49:29 [LOG] Reading 0x2434 = 0
2026-09-16 13:49:29 Broadcast sent to client 127.0.0.1:53710, 266 bytes
2026-09-16 13:49:49 [LOG] Request sent, transaction 873, function 0x03, 12 bytes
2026-09-16 13:49:49 [LOG] Response received, transaction 873, function 0x03, 4 bytes PDU
2026-09-16 13:49:49 [LOG] Reading 0x242c = 1
2026-09-16 13:49:49 [LOG] Request sent, transaction 874, function 0x03, 12 bytes
2026-09-16 13:49:49 [LOG] Response received, transaction 874, function 0x03, 4 bytes PDU
2026-09-16 13:49:49 [LOG] Reading 0x242d = 0
2026-09-16 13:49:49 [LOG] Request sent, transaction 875, function 0x03, 12 bytes
2026-09-16 13:49:49 [LOG] Response received, transaction 875, function 0x03, 4 bytes PDU
2026-09-16 13:49:49 [LOG] Reading 0x242e = 0
2026-09-16 13:49:49 [LOG] Request sent, transaction 876, function 0x03, 12 bytes
2026-09-16 13:49:49 [LOG] Response received, transaction 876, function 0x03, 4 bytes PDU
2026-09-16 13:49:49 [LOG] Reading 0x242f = 0
2026-09-16 13:49:49 [LOG] Request sent, transaction 877, function 0x03, 12 bytes
2026-09-16 13:49:49 [LOG] Response received, transaction 877, function 0x03, 4 bytes PDU
2026-09-16 13:49:49 [LOG] Reading 0x2430 = 0
2026-09-16 13:49:49 [LOG] Request sent, transaction 878, function 0x03, 12 bytes
2026-09-16 13:49:49 [LOG] Response received, transaction 878, function 0x03, 4 bytes PDU
2026-09-16 13:49:49 [LOG] Reading 0x2431 = 0
2026-09-16 13:49:49 [LOG] Request sent, transaction 879, function 0x03, 12 bytes
2026-09-16 13:49:49 [LOG] Response received, transaction 879, function 0x03, 4 bytes PDU
2026-09-16 13:49:49 [LOG] Reading 0x2432 = 0
2026-09-16 13:49:49 [LOG] Request sent, transaction 880, function 0x03, 12 bytes
2026-09-16 13:49:49 [LOG] Response received, transaction 880, function 0x03, 4 bytes PDU
2026-09-16 13:49:49 [LOG] Reading 0x2433 = 0
2026-09-16 13:49:49 [LOG] Request sent, transaction 881, function 0x03, 12 bytes
2026-09-16 13:49:49 [LOG] Response received, transaction 881, function 0x03, 4 bytes PDU
2026-09-16 13:49:49 [LOG] Reading 0x2434 = 0
2026-09-16 13:49:49 Broadcast sent to client 127.0.0.1:53710, 266 bytes
2026-09-16 13:50:09 [LOG] Request sent, transaction 882, function 0x03, 12 bytes
2026-09-16 13:50:09 [LOG] Response received, transaction 882, function 0x03, 4 bytes PDU
2026-09-16 13:50:09 [LOG] Reading 0x242c = 1
2026-09-16 13:50:09 [LOG] Request sent, transaction 883, function 0x03, 12 bytes
2026-09-16 13:50:09 [LOG] Response received, transaction 883, function 0x03, 4 bytes PDU
2026-09-16 13:50:09 [LOG] Reading 0x242d = 0
2026-09-16 13:50:09 [LOG] Request sent, transaction 884, function 0x03, 12 bytes
2026-09-16 13:50:09 [LOG] Response received, transaction 884, function 0x03, 4 bytes PDU
2026-09-16 13:50:09 [LOG] Reading 0x242e = 0
2026-09-16 13:50:09 [LOG] Request sent, transaction 885, function 0x03, 12 bytes
2026-09-16 13:50:09 [LOG] Response received, transaction 885, function 0x03, 4 bytes PDU
2026-09-16 13:50:09 [LOG] Reading 0x242f = 0
2026-09-16 13:50:09 [LOG] Request sent, transaction 886, function 0x03, 12 bytes
2026-09-16 13:50:09 [LOG] Response received, transaction 886, function 0x03, 4 bytes PDU
2026-09-16 13:50:09 [LOG] Reading 0x2430 = 0
2026-09-16 13:50:09 [LOG] Request sent, transaction 887, function 0x03, 12 bytes
2026-09-16 13:50:09 [LOG] Response received, transaction 887, function 0x03, 4 bytes PDU
2026-09-16 13:50:09 [LOG] Reading 0x2431 = 0
2026-09-16 13:50:09 [LOG] Request sent, transaction 888, function 0x03, 12 bytes
2026-09-16 13:50:09 [LOG] Response received, transaction 888, function 0x03, 4 bytes PDU
2026-09-16 13:50:09 [LOG] Reading 0x2432 = 0
2026-09-16 13:50:09 [LOG] Request sent, transaction 889, function 0x03, 12 bytes
2026-09-16 13:50:09 [LOG] Response received, transaction 889, function 0x03, 4 bytes PDU
2026-09-16 13:50:09 [LOG] Reading 0x2433 = 0
2026-09-16 13:50:09 [LOG] Request sent, transaction 890, function 0x03, 12 bytes
2026-09-16 13:50:09 [LOG] Response received, transaction 890, function 0x03, 4 bytes PDU
2026-09-16 13:50:09 [LOG] Reading 0x2434 = 0
2026-09-16 13:50:09 Broadcast sent to client 127.0.0.1:53710, 266 bytes
2026-09-16 13:50:29 [LOG] Request sent, transaction 891, function 0x03, 12 bytes
2026-09-16 13:50:29 [LOG] Response received, transaction 891, function 0x03, 4 bytes PDU
2026-09-16 13:50:29 [LOG] Reading 0x242c = 1
2026-09-16 13:50:29 [LOG] Request sent, transaction 892, function 0x03, 12 bytes
2026-09-16 13:50:29 [LOG] Response received, transaction 892, function 0x03, 4 bytes PDU
2026-09-16 13:50:29 [LOG] Reading 0x242d = 0
2026-09-16 13:50:29 [LOG] Request sent, transaction 893, function 0x03, 12 bytes
2026-09-16 13:50:29 [LOG] Response received, transaction 893, function 0x03, 4 bytes PDU
2026-09-16 13:50:29 [LOG] Reading 0x242e = 0
2026-09-16 13:50:29 [LOG] Request sent, transaction 894, function 0x03, 12 bytes
2026-09-16 13:50:29 [LOG] Response received, transaction 894, function 0x03, 4 bytes PDU
2026-09-16 13:50:29 [LOG] Reading 0x242f = 0
2026-09-16 13:50:29 [LOG] Request sent, transaction 895, function 0x03, 12 bytes
2026-09-16 13:50:29 [LOG] Response received, transaction 895, function 0x03, 4 bytes PDU
2026-09-16 13:50:29 [LOG] Reading 0x2430 = 0
2026-09-16 13:50:29 [LOG] Request sent, transaction 896, function 0x03, 12 bytes
2026-09-16 13:50:29 [LOG] Response received, transaction 896, function 0x03, 4 bytes PDU
2026-09-16 13:50:29 [LOG] Reading 0x2431 = 0
2026-09-16 13:50:29 [LOG] Request sent, transaction 897, function 0x03, 12 bytes
2026-09-16 13:50:29 [LOG] Response received, transaction 897, function 0x03, 4 bytes PDU
2026-09-16 13:50:29 [LOG] Reading 0x2432 = 0
2026-09-16 13:50:29 [LOG] Request sent, transaction 898, function 0x03, 12 bytes
2026-09-16 13:50:29 [LOG] Response received, transaction 898, function 0x03, 4 bytes PDU
2026-09-16 13:50:29 [LOG] Reading 0x2433 = 0
2026-09-16 13:50:29 [LOG] Request sent, transaction 899, function 0x03, 12 bytes
2026-09-16 13:50:29 [LOG] Response received, transaction 899, function 0x03, 4 bytes PDU
2026-09-16 13:50:29 [LOG] Reading 0x2434 = 0
2026-09-16 13:50:29 Broadcast sent to client 127.0.0.1:53710, 266 bytes
2026-09-16 13:50:49 [LOG] Request sent, transaction 900, function 0x03, 12 bytes
2026-09-16 13:50:49 [LOG] Response received, transaction 900, function 0x03, 4 bytes PDU
2026-09-16 13:50:49 [LOG] Reading 0x242c = 1
2026-09-16 13:50:49 [LOG] Request sent, transaction 901, function 0x03, 12 bytes
2026-09-16 13:50:49 [LOG] Response received, transaction 901, function 0x03, 4 bytes PDU
2026-09-16 13:50:49 [LOG] Reading 0x242d = 0
2026-09-16 13:50:49 [LOG] Request sent, transaction 902, function 0x03, 12 bytes
2026-09-16 13:50:49 [LOG] Response received, transaction 902, function 0x03, 4 bytes PDU
2026-09-16 13:50:49 [LOG] Reading 0x242e = 0
2026-09-16 13:50:49 [LOG] Request sent, transaction 903, function 0x03, 12 bytes
2026-09-16 13:50:49 [LOG] Response received, transaction 903, function 0x03, 4 bytes PDU
2026-09-16 13:50:49 [LOG] Reading 0x242f = 0
2026-09-16 13:50:49 [LOG] Request sent, transaction 904, function 0x03, 12 bytes
2026-09-16 13:50:49 [LOG] Response received, transaction 904, function 0x03, 4 bytes PDU
2026-09-16 13:50:49 [LOG] Reading 0x2430 = 0
2026-09-16 13:50:49 [LOG] Request sent, transaction 905, function 0x03, 12 bytes
2026-09-16 13:50:49 [LOG] Response received, transaction 905, function 0x03, 4 bytes PDU
2026-09-16 13:50:49 [LOG] Reading 0x2431 = 0
2026-09-16 13:50:49 [LOG] Request sent, transaction 906, function 0x03, 12 bytes
2026-09-16 13:50:49 [LOG] Response received, transaction 906, function 0x03, 4 bytes PDU
2026-09-16 13:50:49 [LOG] Reading 0x2432 = 0
2026-09-16 13:50:49 [LOG] Request sent, transaction 907, function 0x03, 12 bytes
2026-09-16 13:50:49 [LOG] Response received, transaction 907, function 0x03, 4 bytes PDU
2026-09-16 13:50:49 [LOG] Reading 0x2433 = 0
2026-09-16 13:50:49 [LOG] Request sent, transaction 908, function 0x03, 12 bytes
2026-09-16 13:50:49 [LOG] Response received, transaction 908, function 0x03, 4 bytes PDU
2026-09-16 13:50:49 [LOG] Reading 0x2434 = 0
2026-09-16 13:50:49 Broadcast sent to client 127.0.0.1:53710, 266 bytes
2026-09-16 13:51:09 [LOG] Request sent, transaction 909, function 0x03, 12 bytes
2026-09-16 13:51:09 [LOG] Response received, transaction 909, function 0x03, 4 bytes PDU
2026-09-16 13:51:09 [LOG] Reading 0x242c = 1
2026-09-16 13:51:09 [LOG] Request sent, transaction 910, function 0x03, 12 bytes
2026-09-16 13:51:09 [LOG] Response received, transaction 910, function 0x03, 4 bytes PDU
2026-09-16 13:51:09 [LOG] Reading 0x242d = 0
2026-09-16 13:51:09 [LOG] Request sent, transaction 911, function 0x03, 12 bytes
2026-09-16 13:51:09 [LOG] Response received, transaction 911, function 0x03, 4 bytes PDU
2026-09-16 13:51:09 [LOG] Reading 0x242e = 0
2026-09-16 13:51:09 [LOG] Request sent, transaction 912, function 0x03, 12 bytes
2026-09-16 13:51:09 [LOG] Response received, transaction 912, function 0x03, 4 bytes PDU
2026-09-16 13:51:09 [LOG] Reading 0x242f = 0
2026-09-16 13:51:09 [LOG] Request sent, transaction 913, function 0x03, 12 bytes
2026-09-16 13:51:09 [LOG] Response received, transaction 913, function 0x03, 4 bytes PDU
2026-09-16 13:51:09 [LOG] Reading 0x2430 = 0
2026-09-16 13:51:09 [LOG] Request sent, transaction 914, function 0x03, 12 bytes
2026-09-16 13:51:09 [LOG] Response received, transaction 914, function 0x03, 4 bytes PDU
2026-09-16 13:51:09 [LOG] Reading 0x2431 = 0
2026-09-16 13:51:09 [LOG] Request sent, transaction 915, function 0x03, 12 bytes
2026-09-16 13:51:09 [LOG] Response received, transaction 915, function 0x03, 4 bytes PDU
2026-09-16 13:51:09 [LOG] Reading 0x2432 = 0
2026-09-16 13:51:09 [LOG] Request sent, transaction 916, function 0x03, 12 bytes
2026-09-16 13:51:09 [LOG] Response received, transaction 916, function 0x03, 4 bytes PDU
2026-09-16 13:51:09 [LOG] Reading 0x2433 = 0
2026-09-16 13:51:09 [LOG] Request sent, transaction 917, function 0x03, 12 bytes
2026-09-16 13:51:09 [LOG] Response received, transaction 917, function 0x03, 4 bytes PDU
2026-09-16 13:51:09 [LOG] Reading 0x2434 = 0
2026-09-16 13:51:09 Broadcast sent to client 127.0.0.1:53710, 266 bytes
2026-09-16 13:51:29 [LOG] Request sent, transaction 918, function 0x03, 12 bytes
2026-09-16 13:51:29 [LOG] Response received, transaction 918, function 0x03, 4 bytes PDU
2026-09-16 13:51:29 [LOG] Reading 0x242c = 1
2026-09-16 13:51:29 [LOG] Request sent, transaction 919, function 0x03, 12 bytes
2026-09-16 13:51:29 [LOG] Response received, transaction 919, function 0x03, 4 bytes PDU
2026-09-16 13:51:29 [LOG] Reading 0x242d = 0
2026-09-16 13:51:29 [LOG] Request sent, transaction 920, function 0x03, 12 bytes
2026-09-16 13:51:29 [LOG] Response received, transaction 920, function 0x03, 4 bytes PDU
2026-09-16 13:51:29 [LOG] Reading 0x242e = 0
2026-09-16 13:51:29 [LOG] Request sent, transaction 921, function 0x03, 12 bytes
2026-09-16 13:51:29 [LOG] Response received, transaction 921, function 0x03, 4 bytes PDU
2026-09-16 13:51:29 [LOG] Reading 0x242f = 0
2026-09-16 13:51:29 [LOG] Request sent, transaction 922, function 0x03, 12 bytes
2026-09-16 13:51:29 [LOG] Response received, transaction 922, function 0x03, 4 bytes PDU
2026-09-16 13:51:29 [LOG] Reading 0x2430 = 0
2026-09-16 13:51:29 [LOG] Request sent, transaction 923, function 0x03, 12 bytes
2026-09-16 13:51:29 [LOG] Response received, transaction 923, function 0x03, 4 bytes PDU
2026-09-16 13:51:29 [LOG] Reading 0x2431 = 0
2026-09-16 13:51:29 [LOG] Request sent, transaction 924, function 0x03, 12 bytes
2026-09-16 13:51:29 [LOG] Response received, transaction 924, function 0x03, 4 bytes PDU
2026-09-16 13:51:29 [LOG] Reading 0x2432 = 0
2026-09-16 13:51:29 [LOG] Request sent, transaction 925, function 0x03, 12 bytes
2026-09-16 13:51:29 [LOG] Response received, transaction 925, function 0x03, 4 bytes PDU
2026-09-16 13:51:29 [LOG] Reading 0x2433 = 0
2026-09-16 13:51:29 [LOG] Request sent, transaction 926, function 0x03, 12 bytes
2026-09-16 13:51:29 [LOG] Response received, transaction 926, function 0x03, 4 bytes PDU
2026-09-16 13:51:29 [LOG] Reading 0x2434 = 0
2026-09-16 13:51:29 Broadcast sent to client 127.0.0.1:53710, 266 bytes
2026-09-16 13:51:49 [LOG] Request sent, transaction 927, function 0x03, 12 bytes
2026-09-16 13:51:49 [LOG] Response received, transaction 927, function 0x03, 4 bytes PDU
2026-09-16 13:51:49 [LOG] Reading 0x242c = 1
2026-09-16 13:51:49 [LOG] Request sent, transaction 928, function 0x03, 12 bytes
2026-09-16 13:51:49 [LOG] Response received, transaction 928, function 0x03, 4 bytes PDU
2026-09-16 13:51:49 [LOG] Reading 0x242d = 0
2026-09-16 13:51:49 [LOG] Request sent, transaction 929, function 0x03, 12 bytes
2026-09-16 13:51:49 [LOG] Response received, transaction 929, function 0x03, 4 bytes PDU
2026-09-16 13:51:49 [LOG] Reading 0x242e = 0
2026-09-16 13:51:49 [LOG] Request sent, transaction 930, function 0x03, 12 bytes
2026-09-16 13:51:49 [LOG] Response received, transaction 930, function 0x03, 4 bytes PDU
2026-09-16 13:51:49 [LOG] Reading 0x242f = 0
2026-09-16 13:51:49 [LOG] Request sent, transaction 931, function 0x03, 12 bytes
2026-09-16 13:51:49 [LOG] Response received, transaction 931, function 0x03, 4 bytes PDU
2026-09-16 13:51:49 [LOG] Reading 0x2430 = 0
2026-09-16 13:51:49 [LOG] Request sent, transaction 932, function 0x03, 12 bytes
2026-09-16 13:51:49 [LOG] Response received, transaction 932, function 0x03, 4 bytes PDU
2026-09-16 13:51:49 [LOG] Reading 0x2431 = 0
2026-09-16 13:51:49 [LOG] Request sent, transaction 933, function 0x03, 12 bytes
2026-09-16 13:51:49 [LOG] Response received, transaction 933, function 0x03, 4 bytes PDU
2026-09-16 13:51:49 [LOG] Reading 0x2432 = 0
2026-09-16 13:51:49 [LOG] Request sent, transaction 934, function 0x03, 12 bytes
2026-09-16 13:51:49 [LOG] Response received, transaction 934, function 0x03, 4 bytes PDU
2026-09-16 13:51:49 [LOG] Reading 0x2433 = 0
2026-09-16 13:51:49 [LOG] Request sent, transaction 935, function 0x03, 12 bytes
2026-09-16 13:51:49 [LOG] Response received, transaction 935, function 0x03, 4 bytes PDU
2026-09-16 13:51:49 [LOG] Reading 0x2434 = 0
2026-09-16 13:51:49 Broadcast sent to client 127.0.0.1:53710, 266 bytes
2026-09-16 13:52:09 [LOG] Request sent, transaction 936, function 0x03, 12 bytes
2026-09-16 13:52:09 [LOG] Response received, transaction 936, function 0x03, 4 bytes PDU
2026-09-16 13:52:09 [LOG] Reading 0x242c = 1
2026-09-16 13:52:09 [LOG] Request sent, transaction 937, function 0x03, 12 bytes
2026-09-16 13:52:09 [LOG] Response received, transaction 937, function 0x03, 4 bytes PDU
2026-09-16 13:52:09 [LOG] Reading 0x242d = 0
2026-09-16 13:52:09 [LOG] Request sent, transaction 938, function 0x03, 12 bytes
2026-09-16 13:52:09 [LOG] Response received, transaction 938, function 0x03, 4 bytes PDU
2026-09-16 13:52:09 [LOG] Reading 0x242e = 0
2026-09-16 13:52:09 [LOG] Request sent, transaction 939, function 0x03, 12 bytes
2026-09-16 13:52:09 [LOG] Response received, transaction 939, function 0x03, 4 bytes PDU
2026-09-16 13:52:09 [LOG] Reading 0x242f = 0
2026-09-16 13:52:09 [LOG] Request sent, transaction 940, function 0x03, 12 bytes
2026-09-16 13:52:09 [LOG] Response received, transaction 940, function 0x03, 4 bytes PDU
2026-09-16 13:52:09 [LOG] Reading 0x2430 = 0
2026-09-16 13:52:09 [LOG] Request sent, transaction 941, function 0x03, 12 bytes
2026-09-16 13:52:09 [LOG] Response received, transaction 941, function 0x03, 4 bytes PDU
2026-09-16 13:52:09 [LOG] Reading 0x2431 = 0
2026-09-16 13:52:09 [LOG] Request sent, transaction 942, function 0x03, 12 bytes
2026-09-16 13:52:09 [LOG] Response received, transaction 942, function 0x03, 4 bytes PDU
2026-09-16 13:52:09 [LOG] Reading 0x2432 = 0
2026-09-16 13:52:09 [LOG] Request sent, transaction 943, function 0x03, 12 bytes
2026-09-16 13:52:09 [LOG] Response received, transaction 943, function 0x03, 4 bytes PDU
2026-09-16 13:52:09 [LOG] Reading 0x2433 = 0
2026-09-16 13:52:09 [LOG] Request sent, transaction 944, function 0x03, 12 bytes
2026-09-16 13:52:09 [LOG] Response received, transaction 944, function 0x03, 4 bytes PDU
2026-09-16 13:52:09 [LOG] Reading 0x2434 = 0
2026-09-16 13:52:09 Broadcast sent to client 127.0.0.1:53710, 266 bytes
2026-09-16 13:52:29 [LOG] Request sent, transaction 945, function 0x03, 12 bytes
2026-09-16 13:52:29 [LOG] Response received, transaction 945, function 0x03, 4 bytes PDU
2026-09-16 13:52:29 [LOG] Reading 0x242c = 1
2026-09-16 13:52:29 [LOG] Request sent, transaction 946, function 0x03, 12 bytes
2026-09-16 13:52:29 [LOG] Response received, transaction 946, function 0x03, 4 bytes PDU
2026-09-16 13:52:29 [LOG] Reading 0x242d = 0
2026-09-16 13:52:29 [LOG] Request sent, transaction 947, function 0x03, 12 bytes
2026-09-16 13:52:29 [LOG] Response received, transaction 947, function 0x03, 4 bytes PDU
2026-09-16 13:52:29 [LOG] Reading 0x242e = 0
2026-09-16 13:52:29 [LOG] Request sent, transaction 948, function 0x03, 12 bytes
2026-09-16 13:52:29 [LOG] Response received, transaction 948, function 0x03, 4 bytes PDU
2026-09-16 13:52:29 [LOG] Reading 0x242f = 0
2026-09-16 13:52:29 [LOG] Request sent, transaction 949, function 0x03, 12 bytes
2026-09-16 13:52:29 [LOG] Response received, transaction 949, function 0x03, 4 bytes PDU
2026-09-16 13:52:29 [LOG] Reading 0x2430 = 0
2026-09-16 13:52:29 [LOG] Request sent, transaction 950, function 0x03, 12 bytes
2026-09-16 13:52:29 [LOG] Response received, transaction 950, function 0x03, 4 bytes PDU
2026-09-16 13:52:29 [LOG] Reading 0x2431 = 0
2026-09-16 13:52:29 [LOG] Request sent, transaction 951, function 0x03, 12 bytes
2026-09-16 13:52:29 [LOG] Response received, transaction 951, function 0x03, 4 bytes PDU
2026-09-16 13:52:29 [LOG] Reading 0x2432 = 0
2026-09-16 13:52:29 [LOG] Request sent, transaction 952, function 0x03, 12 bytes
2026-09-16 13:52:29 [LOG] Response received, transaction 952, function 0x03, 4 bytes PDU
2026-09-16 13:52:29 [LOG] Reading 0x2433 = 0
2026-09-16 13:52:29 [LOG] Request sent, transaction 953, function 0x03, 12 bytes
2026-09-16 13:52:29 [LOG] Response received, transaction 953, function 0x03, 4 bytes PDU
2026-09-16 13:52:29 [LOG] Reading 0x2434 = 0
2026-09-16 13:52:29 Broadcast sent to client 127.0.0.1:53710, 266 bytes
2026-09-16 13:52:49 [LOG] Request sent, transaction 954, function 0x03, 12 bytes
2026-09-16 13:52:49 [LOG] Response received, transaction 954, function 0x03, 4 bytes PDU
2026-09-16 13:52:49 [LOG] Reading 0x242c = 1
2026-09-16 13:52:49 [LOG] Request sent, transaction 955, function 0x03, 12 bytes
2026-09-16 13:52:49 [LOG] Response received, transaction 955, function 0x03, 4 bytes PDU
2026-09-16 13:52:49 [LOG] Reading 0x242d = 0
2026-09-16 13:52:49 [LOG] Request sent, transaction 956, function 0x03, 12 bytes
2026-09-16 13:52:49 [LOG] Response received, transaction 956, function 0x03, 4 bytes PDU
2026-09-16 13:52:49 [LOG] Reading 0x242e = 0
2026-09-16 13:52:49 [LOG] Request sent, transaction 957, function 0x03, 12 bytes
2026-09-16 13:52:49 [LOG] Response received, transaction 957, function 0x03, 4 bytes PDU
2026-09-16 13:52:49 [LOG] Reading 0x242f = 0
2026-09-16 13:52:49 [LOG] Request sent, transaction 958, function 0x03, 12 bytes
2026-09-16 13:52:49 [LOG] Response received, transaction 958, function 0x03, 4 bytes PDU
2026-09-16 13:52:49 [LOG] Reading 0x2430 = 0
2026-09-16 13:52:49 [LOG] Request sent, transaction 959, function 0x03, 12 bytes
2026-09-16 13:52:49 [LOG] Response received, transaction 959, function 0x03, 4 bytes PDU
2026-09-16 13:52:49 [LOG] Reading 0x2431 = 0
2026-09-16 13:52:49 [LOG] Request sent, transaction 960, function 0x03, 12 bytes
2026-09-16 13:52:49 [LOG] Response received, transaction 960, function 0x03, 4 bytes PDU
2026-09-16 13:52:49 [LOG] Reading 0x2432 = 0
2026-09-16 13:52:49 [LOG] Request sent, transaction 961, function 0x03, 12 bytes
2026-09-16 13:52:49 [LOG] Response received, transaction 961, function 0x03, 4 bytes PDU
2026-09-16 13:52:49 [LOG] Reading 0x2433 = 0
2026-09-16 13:52:49 [LOG] Request sent, transaction 962, function 0x03, 12 bytes
2026-09-16 13:52:49 [LOG] Response received, transaction 962, function 0x03, 4 bytes PDU
2026-09-16 13:52:49 [LOG] Reading 0x2434 = 0
2026-09-16 13:52:49 Broadcast sent to client 127.0.0.1:53710, 266 bytes
2026-09-16 13:53:09 [LOG] Request sent, transaction 963, function 0x03, 12 bytes
2026-09-16 13:53:09 [LOG] Response received, transaction 963, function 0x03, 4 bytes PDU
2026-09-16 13:53:09 [LOG] Reading 0x242c = 1
2026-09-16 13:53:09 [LOG] Request sent, transaction 964, function 0x03, 12 bytes
2026-09-16 13:53:09 [LOG] Response received, transaction 964, function 0x03, 4 bytes PDU
2026-09-16 13:53:09 [LOG] Reading 0x242d = 0
2026-09-16 13:53:09 [LOG] Request sent, transaction 965, function 0x03, 12 bytes
2026-09-16 13:53:09 [LOG] Response received, transaction 965, function 0x03, 4 bytes PDU
2026-09-16 13:53:09 [LOG] Reading 0x242e = 0
2026-09-16 13:53:09 [LOG] Request sent, transaction 966, function 0x03, 12 bytes
2026-09-16 13:53:09 [LOG] Response received, transaction 966, function 0x03, 4 bytes PDU
2026-09-16 13:53:09 [LOG] Reading 0x242f = 0
2026-09-16 13:53:09 [LOG] Request sent, transaction 967, function 0x03, 12 bytes
2026-09-16 13:53:09 [LOG] Response received, transaction 967, function 0x03, 4 bytes PDU
2026-09-16 13:53:09 [LOG] Reading 0x2430 = 0
2026-09-16 13:53:09 [LOG] Request sent, transaction 968, function 0x03, 12 bytes
2026-09-16 13:53:09 [LOG] Response received, transaction 968, function 0x03, 4 bytes PDU
2026-09-16 13:53:09 [LOG] Reading 0x2431 = 0
2026-09-16 13:53:09 [LOG] Request sent, transaction 969, function 0x03, 12 bytes
2026-09-16 13:53:09 [LOG] Response received, transaction 969, function 0x03, 4 bytes PDU
2026-09-16 13:53:09 [LOG] Reading 0x2432 = 0
2026-09-16 13:53:09 [LOG] Request sent, transaction 970, function 0x03, 12 bytes
2026-09-16 13:53:09 [LOG] Response received, transaction 970, function 0x03, 4 bytes PDU
2026-09-16 13:53:09 [LOG] Reading 0x2433 = 0
2026-09-16 13:53:09 [LOG] Request sent, transaction 971, function 0x03, 12 bytes
2026-09-16 13:53:09 [LOG] Response received, transaction 971, function 0x03, 4 bytes PDU
2026-09-16 13:53:09 [LOG] Reading 0x2434 = 0
2026-09-16 13:53:09 Broadcast sent to client 127.0.0.1:53710, 266 bytes
2026-09-16 13:53:29 [LOG] Request sent, transaction 972, function 0x03, 12 bytes
2026-09-16 13:53:29 [LOG] Response received, transaction 972, function 0x03, 4 bytes PDU
2026-09-16 13:53:29 [LOG] Reading 0x242c = 1
2026-09-16 13:53:29 [LOG] Request sent, transaction 973, function 0x03, 12 bytes
2026-09-16 13:53:29 [LOG] Response received, transaction 973, function 0x03, 4 bytes PDU
2026-09-16 13:53:29 [LOG] Reading 0x242d = 0
2026-09-16 13:53:29 [LOG] Request sent, transaction 974, function 0x03, 12 bytes
2026-09-16 13:53:29 [LOG] Response received, transaction 974, function 0x03, 4 bytes PDU
2026-09-16 13:53:29 [LOG] Reading 0x242e = 0
2026-09-16 13:53:29 [LOG] Request sent, transaction 975, function 0x03, 12 bytes
2026-09-16 13:53:29 [LOG] Response received, transaction 975, function 0x03, 4 bytes PDU
2026-09-16 13:53:29 [LOG] Reading 0x242f = 0
2026-09-16 13:53:29 [LOG] Request sent, transaction 976, function 0x03, 12 bytes
2026-09-16 13:53:29 [LOG] Response received, transaction 976, function 0x03, 4 bytes PDU
2026-09-16 13:53:29 [LOG] Reading 0x2430 = 0
2026-09-16 13:53:29 [LOG] Request sent, transaction 977, function 0x03, 12 bytes
2026-09-16 13:53:29 [LOG] Response received, transaction 977, function 0x03, 4 bytes PDU
2026-09-16 13:53:29 [LOG] Reading 0x2431 = 0
2026-09-16 13:53:29 [LOG] Request sent, transaction 978, function 0x03, 12 bytes
2026-09-16 13:53:29 [LOG] Response received, transaction 978, function 0x03, 4 bytes PDU
2026-09-16 13:53:29 [LOG] Reading 0x2432 = 0
2026-09-16 13:53:29 [LOG] Request sent, transaction 979, function 0x03, 12 bytes
2026-09-16 13:53:29 [LOG] Response received, transaction 979, function 0x03, 4 bytes PDU
2026-09-16 13:53:29 [LOG] Reading 0x2433 = 0
2026-09-16 13:53:29 [LOG] Request sent, transaction 980, function 0x03, 12 bytes
2026-09-16 13:53:29 [LOG] Response received, transaction 980, function 0x03, 4 bytes PDU
2026-09-16 13:53:29 [LOG] Reading 0x2434 = 0
2026-09-16 13:53:29 Broadcast sent to client 127.0.0.1:53710, 266 bytes
2026-09-16 13:53:49 [LOG] Request sent, transaction 981, function 0x03, 12 bytes
2026-09-16 13:53:49 [LOG] Response received, transaction 981, function 0x03, 4 bytes PDU
2026-09-16 13:53:49 [LOG] Reading 0x242c = 1
2026-09-16 13:53:49 [LOG] Request sent, transaction 982, function 0x03, 12 bytes
2026-09-16 13:53:49 [LOG] Response received, transaction 982, function 0x03, 4 bytes PDU
2026-09-16 13:53:49 [LOG] Reading 0x242d = 0
2026-09-16 13:53:49 [LOG] Request sent, transaction 983, function 0x03, 12 bytes
2026-09-16 13:53:49 [LOG] Response received, transaction 983, function 0x03, 4 bytes PDU
2026-09-16 13:53:49 [LOG] Reading 0x242e = 0
2026-09-16 13:53:49 [LOG] Request sent, transaction 984, function 0x03, 12 bytes
2026-09-16 13:53:49 [LOG] Response received, transaction 984, function 0x03, 4 bytes PDU
2026-09-16 13:53:49 [LOG] Reading 0x242f = 0
2026-09-16 13:53:49 [LOG] Request sent, transaction 985, function 0x03, 12 bytes
2026-09-16 13:53:49 [LOG] Response received, transaction 985, function 0x03, 4 bytes PDU
2026-09-16 13:53:49 [LOG] Reading 0x2430 = 0
2026-09-16 13:53:49 [LOG] Request sent, transaction 986, function 0x03, 12 bytes
2026-09-16 13:53:49 [LOG] Response received, transaction 986, function 0x03, 4 bytes PDU
2026-09-16 13:53:49 [LOG] Reading 0x2431 = 0
2026-09-16 13:53:49 [LOG] Request sent, transaction 987, function 0x03, 12 bytes
2026-09-16 13:53:49 [LOG] Response received, transaction 987, function 0x03, 4 bytes PDU
2026-09-16 13:53:49 [LOG] Reading 0x2432 = 0
2026-09-16 13:53:49 [LOG] Request sent, transaction 988, function 0x03, 12 bytes
2026-09-16 13:53:49 [LOG] Response received, transaction 988, function 0x03, 4 bytes PDU
2026-09-16 13:53:49 [LOG] Reading 0x2433 = 0
2026-09-16 13:53:49 [LOG] Request sent, transaction 989, function 0x03, 12 bytes
2026-09-16 13:53:49 [LOG] Response received, transaction 989, function 0x03, 4 bytes PDU
2026-09-16 13:53:49 [LOG] Reading 0x2434 = 0
2026-09-16 13:53:49 Broadcast sent to client 127.0.0.1:53710, 266 bytes
2026-09-16 13:54:09 [LOG] Request sent, transaction 990, function 0x03, 12 bytes
2026-09-16 13:54:09 [LOG] Response received, transaction 990, function 0x03, 4 bytes PDU
2026-09-16 13:54:09 [LOG] Reading 0x242c = 1
2026-09-16 13:54:09 [LOG] Request sent, transaction 991, function 0x03, 12 bytes
2026-09-16 13:54:09 [LOG] Response received, transaction 991, function 0x03, 4 bytes PDU
2026-09-16 13:54:09 [LOG] Reading 0x242d = 0
2026-09-16 13:54:09 [LOG] Request sent, transaction 992, function 0x03, 12 bytes
2026-09-16 13:54:09 [LOG] Response received, transaction 992, function 0x03, 4 bytes PDU
2026-09-16 13:54:09 [LOG] Reading 0x242e = 0
2026-09-16 13:54:09 [LOG] Request sent, transaction 993, function 0x03, 12 bytes
2026-09-16 13:54:09 [LOG] Response received, transaction 993, function 0x03, 4 bytes PDU
2026-09-16 13:54:09 [LOG] Reading 0x242f = 0
2026-09-16 13:54:09 [LOG] Request sent, transaction 994, function 0x03, 12 bytes
2026-09-16 13:54:09 [LOG] Response received, transaction 994, function 0x03, 4 bytes PDU
2026-09-16 13:54:09 [LOG] Reading 0x2430 = 0
2026-09-16 13:54:09 [LOG] Request sent, transaction 995, function 0x03, 12 bytes
2026-09-16 13:54:09 [LOG] Response received, transaction 995, function 0x03, 4 bytes PDU
2026-09-16 13:54:09 [LOG] Reading 0x2431 = 0
2026-09-16 13:54:09 [LOG] Request sent, transaction 996, function 0x03, 12 bytes
2026-09-16 13:54:09 [LOG] Response received, transaction 996, function 0x03, 4 bytes PDU
2026-09-16 13:54:09 [LOG] Reading 0x2432 = 0
2026-09-16 13:54:09 [LOG] Request sent, transaction 997, function 0x03, 12 bytes
2026-09-16 13:54:09 [LOG] Response received, transaction 997, function 0x03, 4 bytes PDU
2026-09-16 13:54:09 [LOG] Reading 0x2433 = 0
2026-09-16 13:54:09 [LOG] Request sent, transaction 998, function 0x03, 12 bytes
2026-09-16 13:54:09 [LOG] Response received, transaction 998, function 0x03, 4 bytes PDU
2026-09-16 13:54:09 [LOG] Reading 0x2434 = 0
2026-09-16 13:54:09 Broadcast sent to client 127.0.0.1:53710, 266 bytes
2026-09-16 13:54:29 [LOG] Request sent, transaction 999, function 0x03, 12 bytes
2026-09-16 13:54:29 [LOG] Response received, transaction 999, function 0x03, 4 bytes PDU
2026-09-16 13:54:29 [LOG] Reading 0x242c = 1
2026-09-16 13:54:29 [LOG] Request sent, transaction 1000, function 0x03, 12 bytes
2026-09-16 13:54:29 [LOG] Response received, transaction 1000, function 0x03, 4 bytes PDU
2026-09-16 13:54:29 [LOG] Reading 0x242d = 0
2026-09-16 13:54:29 [LOG] Request sent, transaction 1001, function 0x03, 12 bytes
2026-09-16 13:54:29 [LOG] Response received, transaction 1001, function 0x03, 4 bytes PDU
2026-09-16 13:54:29 [LOG] Reading 0x242e = 0
2026-09-16 13:54:29 [LOG] Request sent, transaction 1002, function 0x03, 12 bytes
2026-09-16 13:54:29 [LOG] Response received, transaction 1002, function 0x03, 4 bytes PDU
2026-09-16 13:54:29 [LOG] Reading 0x242f = 0
2026-09-16 13:54:29 [LOG] Request sent, transaction 1003, function 0x03, 12 bytes
2026-09-16 13:54:29 [LOG] Response received, transaction 1003, function 0x03, 4 bytes PDU
2026-09-16 13:54:29 [LOG] Reading 0x2430 = 0
2026-09-16 13:54:29 [LOG] Request sent, transaction 1004, function 0x03, 12 bytes
2026-09-16 13:54:29 [LOG] Response received, transaction 1004, function 0x03, 4 bytes PDU
2026-09-16 13:54:29 [LOG] Reading 0x2431 = 0
2026-09-16 13:54:29 [LOG] Request sent, transaction 1005, function 0x03, 12 bytes
2026-09-16 13:54:29 [LOG] Response received, transaction 1005, function 0x03, 4 bytes PDU
2026-09-16 13:54:29 [LOG] Reading 0x2432 = 0
2026-09-16 13:54:29 [LOG] Request sent, transaction 1006, function 0x03, 12 bytes
2026-09-16 13:54:29 [LOG] Response received, transaction 1006, function 0x03, 4 bytes PDU
2026-09-16 13:54:29 [LOG] Reading 0x2433 = 0
2026-09-16 13:54:29 [LOG] Request sent, transaction 1007, function 0x03, 12 bytes
2026-09-16 13:54:29 [LOG] Response received, transaction 1007, function 0x03, 4 bytes PDU
2026-09-16 13:54:29 [LOG] Reading 0x2434 = 0
2026-09-16 13:54:29 Broadcast sent to client 127.0.0.1:53710, 266 bytes
2026-09-16 13:54:49 [LOG] Request sent, transaction 1008, function 0x03, 12 bytes
2026-09-16 13:54:49 [LOG] Response received, transaction 1008, function 0x03, 4 bytes PDU
2026-09-16 13:54:49 [LOG] Reading 0x242c = 1
2026-09-16 13:54:49 [LOG] Request sent, transaction 1009, function 0x03, 12 bytes
2026-09-16 13:54:49 [LOG] Response received, transaction 1009, function 0x03, 4 bytes PDU
2026-09-16 13:54:49 [LOG] Reading 0x242d = 0
2026-09-16 13:54:49 [LOG] Request sent, transaction 1010, function 0x03, 12 bytes
2026-09-16 13:54:49 [LOG] Response received, transaction 1010, function 0x03, 4 bytes PDU
2026-09-16 13:54:49 [LOG] Reading 0x242e = 0
2026-09-16 13:54:49 [LOG] Request sent, transaction 1011, function 0x03, 12 bytes
2026-09-16 13:54:49 [LOG] Response received, transaction 1011, function 0x03, 4 bytes PDU
2026-09-16 13:54:49 [LOG] Reading 0x242f = 0
2026-09-16 13:54:49 [LOG] Request sent, transaction 1012, function 0x03, 12 bytes
2026-09-16 13:54:49 [LOG] Response received, transaction 1012, function 0x03, 4 bytes PDU
2026-09-16 13:54:49 [LOG] Reading 0x2430 = 0
2026-09-16 13:54:49 [LOG] Request sent, transaction 1013, function 0x03, 12 bytes
2026-09-16 13:54:49 [LOG] Response received, transaction 1013, function 0x03, 4 bytes PDU
2026-09-16 13:54:49 [LOG] Reading 0x2431 = 0
2026-09-16 13:54:49 [LOG] Request sent, transaction 1014, function 0x03, 12 bytes
2026-09-16 13:54:49 [LOG] Response received, transaction 1014, function 0x03, 4 bytes PDU
2026-09-16 13:54:49 [LOG] Reading 0x2432 = 0
2026-09-16 13:54:49 [LOG] Request sent, transaction 1015, function 0x03, 12 bytes
2026-09-16 13:54:49 [LOG] Response received, transaction 1015, function 0x03, 4 bytes PDU
2026-09-16 13:54:49 [LOG] Reading 0x2433 = 0
2026-09-16 13:54:49 [LOG] Request sent, transaction 1016, function 0x03, 12 bytes
2026-09-16 13:54:49 [LOG] Response received, transaction 1016, function 0x03, 4 bytes PDU
2026-09-16 13:54:49 [LOG] Reading 0x2434 = 0
2026-09-16 13:54:49 Broadcast sent to client 127.0.0.1:53710, 266 bytes
2026-09-16 13:55:09 [LOG] Request sent, transaction 1017, function 0x03, 12 bytes
2026-09-16 13:55:09 [LOG] Response received, transaction 1017, function 0x03, 4 bytes PDU
2026-09-16 13:55:09 [LOG] Reading 0x242c = 1
2026-09-16 13:55:09 [LOG] Request sent, transaction 1018, function 0x03, 12 bytes
2026-09-16 13:55:09 [LOG] Response received, transaction 1018, function 0x03, 4 bytes PDU
2026-09-16 13:55:09 [LOG] Reading 0x242d = 0
2026-09-16 13:55:09 [LOG] Request sent, transaction 1019, function 0x03, 12 bytes
2026-09-16 13:55:09 [LOG] Response received, transaction 1019, function 0x03, 4 bytes PDU
2026-09-16 13:55:09 [LOG] Reading 0x242e = 0
2026-09-16 13:55:09 [LOG] Request sent, transaction 1020, function 0x03, 12 bytes
2026-09-16 13:55:09 [LOG] Response received, transaction 1020, function 0x03, 4 bytes PDU
2026-09-16 13:55:09 [LOG] Reading 0x242f = 0
2026-09-16 13:55:09 [LOG] Request sent, transaction 1021, function 0x03, 12 bytes
2026-09-16 13:55:09 [LOG] Response received, transaction 1021, function 0x03, 4 bytes PDU
2026-09-16 13:55:09 [LOG] Reading 0x2430 = 0
2026-09-16 13:55:09 [LOG] Request sent, transaction 1022, function 0x03, 12 bytes
2026-09-16 13:55:09 [LOG] Response received, transaction 1022, function 0x03, 4 bytes PDU
2026-09-16 13:55:09 [LOG] Reading 0x2431 = 0
2026-09-16 13:55:09 [LOG] Request sent, transaction 1023, function 0x03, 12 bytes
2026-09-16 13:55:09 [LOG] Response received, transaction 1023, function 0x03, 4 bytes PDU
2026-09-16 13:55:09 [LOG] Reading 0x2432 = 0
2026-09-16 13:55:09 [LOG] Request sent, transaction 1024, function 0x03, 12 bytes
2026-09-16 13:55:09 [LOG] Response received, transaction 1024, function 0x03, 4 bytes PDU
2026-09-16 13:55:09 [LOG] Reading 0x2433 = 0
2026-09-16 13:55:09 [LOG] Request sent, transaction 1025, function 0x03, 12 bytes
2026-09-16 13:55:09 [LOG] Response received, transaction 1025, function 0x03, 4 bytes PDU
2026-09-16 13:55:09 [LOG] Reading 0x2434 = 0
2026-09-16 13:55:09 Broadcast sent to client 127.0.0.1:53710, 266 bytes
2026-09-16 13:55:29 [LOG] Request sent, transaction 1026, function 0x03, 12 bytes
2026-09-16 13:55:29 [LOG] Response received, transaction 1026, function 0x03, 4 bytes PDU
2026-09-16 13:55:29 [LOG] Reading 0x242c = 1
2026-09-16 13:55:29 [LOG] Request sent, transaction 1027, function 0x03, 12 bytes
2026-09-16 13:55:29 [LOG] Response received, transaction 1027, function 0x03, 4 bytes PDU
2026-09-16 13:55:29 [LOG] Reading 0x242d = 0
2026-09-16 13:55:29 [LOG] Request sent, transaction 1028, function 0x03, 12 bytes
2026-09-16 13:55:29 [LOG] Response received, transaction 1028, function 0x03, 4 bytes PDU
2026-09-16 13:55:29 [LOG] Reading 0x242e = 0
2026-09-16 13:55:29 [LOG] Request sent, transaction 1029, function 0x03, 12 bytes
2026-09-16 13:55:29 [LOG] Response received, transaction 1029, function 0x03, 4 bytes PDU
2026-09-16 13:55:29 [LOG] Reading 0x242f = 0
2026-09-16 13:55:29 [LOG] Request sent, transaction 1030, function 0x03, 12 bytes
2026-09-16 13:55:29 [LOG] Response received, transaction 1030, function 0x03, 4 bytes PDU
2026-09-16 13:55:29 [LOG] Reading 0x2430 = 0
2026-09-16 13:55:29 [LOG] Request sent, transaction 1031, function 0x03, 12 bytes
2026-09-16 13:55:29 [LOG] Response received, transaction 1031, function 0x03, 4 bytes PDU
2026-09-16 13:55:29 [LOG] Reading 0x2431 = 0
2026-09-16 13:55:29 [LOG] Request sent, transaction 1032, function 0x03, 12 bytes
2026-09-16 13:55:29 [LOG] Response received, transaction 1032, function 0x03, 4 bytes PDU
2026-09-16 13:55:29 [LOG] Reading 0x2432 = 0
2026-09-16 13:55:29 [LOG] Request sent, transaction 1033, function 0x03, 12 bytes
2026-09-16 13:55:29 [LOG] Response received, transaction 1033, function 0x03, 4 bytes PDU
2026-09-16 13:55:29 [LOG] Reading 0x2433 = 0
2026-09-16 13:55:29 [LOG] Request sent, transaction 1034, function 0x03, 12 bytes
2026-09-16 13:55:29 [LOG] Response received, transaction 1034, function 0x03, 4 bytes PDU
2026-09-16 13:55:29 [LOG] Reading 0x2434 = 0
2026-09-16 13:55:29 Broadcast sent to client 127.0.0.1:53710, 266 bytes
2026-09-16 13:55:49 [LOG] Request sent, transaction 1035, function 0x03, 12 bytes
2026-09-16 13:55:49 [LOG] Response received, transaction 1035, function 0x03, 4 bytes PDU
2026-09-16 13:55:49 [LOG] Reading 0x242c = 1
2026-09-16 13:55:49 [LOG] Request sent, transaction 1036, function 0x03, 12 bytes
2026-09-16 13:55:49 [LOG] Response received, transaction 1036, function 0x03, 4 bytes PDU
2026-09-16 13:55:49 [LOG] Reading 0x242d = 0
2026-09-16 13:55:49 [LOG] Request sent, transaction 1037, function 0x03, 12 bytes
2026-09-16 13:55:49 [LOG] Response received, transaction 1037, function 0x03, 4 bytes PDU
2026-09-16 13:55:49 [LOG] Reading 0x242e = 0
2026-09-16 13:55:49 [LOG] Request sent, transaction 1038, function 0x03, 12 bytes
2026-09-16 13:55:49 [LOG] Response received, transaction 1038, function 0x03, 4 bytes PDU
2026-09-16 13:55:49 [LOG] Reading 0x242f = 0
2026-09-16 13:55:49 [LOG] Request sent, transaction 1039, function 0x03, 12 bytes
2026-09-16 13:55:49 [LOG] Response received, transaction 1039, function 0x03, 4 bytes PDU
2026-09-16 13:55:49 [LOG] Reading 0x2430 = 0
2026-09-16 13:55:49 [LOG] Request sent, transaction 1040, function 0x03, 12 bytes
2026-09-16 13:55:49 [LOG] Response received, transaction 1040, function 0x03, 4 bytes PDU
2026-09-16 13:55:49 [LOG] Reading 0x2431 = 0
2026-09-16 13:55:49 [LOG] Request sent, transaction 1041, function 0x03, 12 bytes
2026-09-16 13:55:49 [LOG] Response received, transaction 1041, function 0x03, 4 bytes PDU
2026-09-16 13:55:49 [LOG] Reading 0x2432 = 0
2026-09-16 13:55:49 [LOG] Request sent, transaction 1042, function 0x03, 12 bytes
2026-09-16 13:55:49 [LOG] Response received, transaction 1042, function 0x03, 4 bytes PDU
2026-09-16 13:55:49 [LOG] Reading 0x2433 = 0
2026-09-16 13:55:49 [LOG] Request sent, transaction 1043, function 0x03, 12 bytes
2026-09-16 13:55:49 [LOG] Response received, transaction 1043, function 0x03, 4 bytes PDU
2026-09-16 13:55:49 [LOG] Reading 0x2434 = 0
2026-09-16 13:55:49 Broadcast sent to client 127.0.0.1:53710, 266 bytes
2026-09-16 13:56:09 [LOG] Request sent, transaction 1044, function 0x03, 12 bytes
2026-09-16 13:56:09 [LOG] Response received, transaction 1044, function 0x03, 4 bytes PDU
2026-09-16 13:56:09 [LOG] Reading 0x242c = 1
2026-09-16 13:56:09 [LOG] Request sent, transaction 1045, function 0x03, 12 bytes
2026-09-16 13:56:09 [LOG] Response received, transaction 1045, function 0x03, 4 bytes PDU
2026-09-16 13:56:09 [LOG] Reading 0x242d = 0
2026-09-16 13:56:09 [LOG] Request sent, transaction 1046, function 0x03, 12 bytes
2026-09-16 13:56:09 [LOG] Response received, transaction 1046, function 0x03, 4 bytes PDU
2026-09-16 13:56:09 [LOG] Reading 0x242e = 0
2026-09-16 13:56:09 [LOG] Request sent, transaction 1047, function 0x03, 12 bytes
2026-09-16 13:56:09 [LOG] Response received, transaction 1047, function 0x03, 4 bytes PDU
2026-09-16 13:56:09 [LOG] Reading 0x242f = 0
2026-09-16 13:56:09 [LOG] Request sent, transaction 1048, function 0x03, 12 bytes
2026-09-16 13:56:09 [LOG] Response received, transaction 1048, function 0x03, 4 bytes PDU
2026-09-16 13:56:09 [LOG] Reading 0x2430 = 0
2026-09-16 13:56:09 [LOG] Request sent, transaction 1049, function 0x03, 12 bytes
2026-09-16 13:56:09 [LOG] Response received, transaction 1049, function 0x03, 4 bytes PDU
2026-09-16 13:56:09 [LOG] Reading 0x2431 = 0
2026-09-16 13:56:09 [LOG] Request sent, transaction 1050, function 0x03, 12 bytes
2026-09-16 13:56:09 [LOG] Response received, transaction 1050, function 0x03, 4 bytes PDU
2026-09-16 13:56:09 [LOG] Reading 0x2432 = 0
2026-09-16 13:56:09 [LOG] Request sent, transaction 1051, function 0x03, 12 bytes
2026-09-16 13:56:09 [LOG] Response received, transaction 1051, function 0x03, 4 bytes PDU
2026-09-16 13:56:09 [LOG] Reading 0x2433 = 0
2026-09-16 13:56:09 [LOG] Request sent, transaction 1052, function 0x03, 12 bytes
2026-09-16 13:56:09 [LOG] Response received, transaction 1052, function 0x03, 4 bytes PDU
2026-09-16 13:56:09 [LOG] Reading 0x2434 = 0
2026-09-16 13:56:09 Broadcast sent to client 127.0.0.1:53710, 266 bytes
2026-09-16 13:56:29 [LOG] Request sent, transaction 1053, function 0x03, 12 bytes
2026-09-16 13:56:29 [LOG] Response received, transaction 1053, function 0x03, 4 bytes PDU
2026-09-16 13:56:29 [LOG] Reading 0x242c = 1
2026-09-16 13:56:29 [LOG] Request sent, transaction 1054, function 0x03, 12 bytes
2026-09-16 13:56:29 [LOG] Response received, transaction 1054, function 0x03, 4 bytes PDU
2026-09-16 13:56:29 [LOG] Reading 0x242d = 0
2026-09-16 13:56:29 [LOG] Request sent, transaction 1055, function 0x03, 12 bytes
2026-09-16 13:56:29 [LOG] Response received, transaction 1055, function 0x03, 4 bytes PDU
2026-09-16 13:56:29 [LOG] Reading 0x242e = 0
2026-09-16 13:56:29 [LOG] Request sent, transaction 1056, function 0x03, 12 bytes
2026-09-16 13:56:29 [LOG] Response received, transaction 1056, function 0x03, 4 bytes PDU
2026-09-16 13:56:29 [LOG] Reading 0x242f = 0
2026-09-16 13:56:29 [LOG] Request sent, transaction 1057, function 0x03, 12 bytes
2026-09-16 13:56:29 [LOG] Response received, transaction 1057, function 0x03, 4 bytes PDU
2026-09-16 13:56:29 [LOG] Reading 0x2430 = 0
2026-09-16 13:56:29 [LOG] Request sent, transaction 1058, function 0x03, 12 bytes
2026-09-16 13:56:29 [LOG] Response received, transaction 1058, function 0x03, 4 bytes PDU
2026-09-16 13:56:29 [LOG] Reading 0x2431 = 0
2026-09-16 13:56:29 [LOG] Request sent, transaction 1059, function 0x03, 12 bytes
2026-09-16 13:56:29 [LOG] Response received, transaction 1059, function 0x03, 4 bytes PDU
2026-09-16 13:56:29 [LOG] Reading 0x2432 = 0
2026-09-16 13:56:29 [LOG] Request sent, transaction 1060, function 0x03, 12 bytes
2026-09-16 13:56:29 [LOG] Response received, transaction 1060, function 0x03, 4 bytes PDU
2026-09-16 13:56:29 [LOG] Reading 0x2433 = 0
2026-09-16 13:56:29 [LOG] Request sent, transaction 1061, function 0x03, 12 bytes
2026-09-16 13:56:29 [LOG] Response received, transaction 1061, function 0x03, 4 bytes PDU
2026-09-16 13:56:29 [LOG] Reading 0x2434 = 0
2026-09-16 13:56:29 Broadcast sent to client 127.0.0.1:53710, 266 bytes
2026-09-16 13:56:49 [LOG] Request sent, transaction 1062, function 0x03, 12 bytes
2026-09-16 13:56:49 [LOG] Response received, transaction 1062, function 0x03, 4 bytes PDU
2026-09-16 13:56:49 [LOG] Reading 0x242c = 1
2026-09-16 13:56:49 [LOG] Request sent, transaction 1063, function 0x03, 12 bytes
2026-09-16 13:56:49 [LOG] Response received, transaction 1063, function 0x03, 4 bytes PDU
2026-09-16 13:56:49 [LOG] Reading 0x242d = 0
2026-09-16 13:56:49 [LOG] Request sent, transaction 1064, function 0x03, 12 bytes
2026-09-16 13:56:49 [LOG] Response received, transaction 1064, function 0x03, 4 bytes PDU
2026-09-16 13:56:49 [LOG] Reading 0x242e = 0
2026-09-16 13:56:49 [LOG] Request sent, transaction 1065, function 0x03, 12 bytes
2026-09-16 13:56:49 [LOG] Response received, transaction 1065, function 0x03, 4 bytes PDU
2026-09-16 13:56:49 [LOG] Reading 0x242f = 0
2026-09-16 13:56:49 [LOG] Request sent, transaction 1066, function 0x03, 12 bytes
2026-09-16 13:56:49 [LOG] Response received, transaction 1066, function 0x03, 4 bytes PDU
2026-09-16 13:56:49 [LOG] Reading 0x2430 = 0
2026-09-16 13:56:49 [LOG] Request sent, transaction 1067, function 0x03, 12 bytes
2026-09-16 13:56:49 [LOG] Response received, transaction 1067, function 0x03, 4 bytes PDU
2026-09-16 13:56:49 [LOG] Reading 0x2431 = 0
2026-09-16 13:56:49 [LOG] Request sent, transaction 1068, function 0x03, 12 bytes
2026-09-16 13:56:49 [LOG] Response received, transaction 1068, function 0x03, 4 bytes PDU
2026-09-16 13:56:49 [LOG] Reading 0x2432 = 0
2026-09-16 13:56:49 [LOG] Request sent, transaction 1069, function 0x03, 12 bytes
2026-09-16 13:56:49 [LOG] Response received, transaction 1069, function 0x03, 4 bytes PDU
2026-09-16 13:56:49 [LOG] Reading 0x2433 = 0
2026-09-16 13:56:49 [LOG] Request sent, transaction 1070, function 0x03, 12 bytes
2026-09-16 13:56:49 [LOG] Response received, transaction 1070, function 0x03, 4 bytes PDU
2026-09-16 13:56:49 [LOG] Reading 0x2434 = 0
2026-09-16 13:56:49 Broadcast sent to client 127.0.0.1:53710, 266 bytes
2026-09-16 13:57:09 [LOG] Request sent, transaction 1071, function 0x03, 12 bytes
2026-09-16 13:57:09 [LOG] Response received, transaction 1071, function 0x03, 4 bytes PDU
2026-09-16 13:57:09 [LOG] Reading 0x242c = 1
2026-09-16 13:57:09 [LOG] Request sent, transaction 1072, function 0x03, 12 bytes
2026-09-16 13:57:09 [LOG] Response received, transaction 1072, function 0x03, 4 bytes PDU
2026-09-16 13:57:09 [LOG] Reading 0x242d = 0
2026-09-16 13:57:09 [LOG] Request sent, transaction 1073, function 0x03, 12 bytes
2026-09-16 13:57:09 [LOG] Response received, transaction 1073, function 0x03, 4 bytes PDU
2026-09-16 13:57:09 [LOG] Reading 0x242e = 0
2026-09-16 13:57:09 [LOG] Request sent, transaction 1074, function 0x03, 12 bytes
2026-09-16 13:57:09 [LOG] Response received, transaction 1074, function 0x03, 4 bytes PDU
2026-09-16 13:57:09 [LOG] Reading 0x242f = 0
2026-09-16 13:57:09 [LOG] Request sent, transaction 1075, function 0x03, 12 bytes
2026-09-16 13:57:09 [LOG] Response received, transaction 1075, function 0x03, 4 bytes PDU
2026-09-16 13:57:09 [LOG] Reading 0x2430 = 0
2026-09-16 13:57:09 [LOG] Request sent, transaction 1076, function 0x03, 12 bytes
2026-09-16 13:57:09 [LOG] Response received, transaction 1076, function 0x03, 4 bytes PDU
2026-09-16 13:57:09 [LOG] Reading 0x2431 = 0
2026-09-16 13:57:09 [LOG] Request sent, transaction 1077, function 0x03, 12 bytes
2026-09-16 13:57:09 [LOG] Response received, transaction 1077, function 0x03, 4 bytes PDU
2026-09-16 13:57:09 [LOG] Reading 0x2432 = 0
2026-09-16 13:57:09 [LOG] Request sent, transaction 1078, function 0x03, 12 bytes
2026-09-16 13:57:09 [LOG] Response received, transaction 1078, function 0x03, 4 bytes PDU
2026-09-16 13:57:09 [LOG] Reading 0x2433 = 0
2026-09-16 13:57:09 [LOG] Request sent, transaction 1079, function 0x03, 12 bytes
2026-09-16 13:57:09 [LOG] Response received, transaction 1079, function 0x03, 4 bytes PDU
2026-09-16 13:57:09 [LOG] Reading 0x2434 = 0
2026-09-16 13:57:09 Broadcast sent to client 127.0.0.1:53710, 266 bytes
2026-09-16 13:57:29 [LOG] Request sent, transaction 1080, function 0x03, 12 bytes
2026-09-16 13:57:29 [LOG] Response received, transaction 1080, function 0x03, 4 bytes PDU
2026-09-16 13:57:29 [LOG] Reading 0x242c = 1
2026-09-16 13:57:29 [LOG] Request sent, transaction 1081, function 0x03, 12 bytes
2026-09-16 13:57:29 [LOG] Response received, transaction 1081, function 0x03, 4 bytes PDU
2026-09-16 13:57:29 [LOG] Reading 0x242d = 0
2026-09-16 13:57:29 [LOG] Request sent, transaction 1082, function 0x03, 12 bytes
2026-09-16 13:57:29 [LOG] Response received, transaction 1082, function 0x03, 4 bytes PDU
2026-09-16 13:57:29 [LOG] Reading 0x242e = 0
2026-09-16 13:57:29 [LOG] Request sent, transaction 1083, function 0x03, 12 bytes
2026-09-16 13:57:29 [LOG] Response received, transaction 1083, function 0x03, 4 bytes PDU
2026-09-16 13:57:29 [LOG] Reading 0x242f = 0
2026-09-16 13:57:29 [LOG] Request sent, transaction 1084, function 0x03, 12 bytes
2026-09-16 13:57:29 [LOG] Response received, transaction 1084, function 0x03, 4 bytes PDU
2026-09-16 13:57:29 [LOG] Reading 0x2430 = 0
2026-09-16 13:57:29 [LOG] Request sent, transaction 1085, function 0x03, 12 bytes
2026-09-16 13:57:29 [LOG] Response received, transaction 1085, function 0x03, 4 bytes PDU
2026-09-16 13:57:29 [LOG] Reading 0x2431 = 0
2026-09-16 13:57:29 [LOG] Request sent, transaction 1086, function 0x03, 12 bytes
2026-09-16 13:57:29 [LOG] Response received, transaction 1086, function 0x03, 4 bytes PDU
2026-09-16 13:57:29 [LOG] Reading 0x2432 = 0
2026-09-16 13:57:29 [LOG] Request sent, transaction 1087, function 0x03, 12 bytes
2026-09-16 13:57:29 [LOG] Response received, transaction 1087, function 0x03, 4 bytes PDU
2026-09-16 13:57:29 [LOG] Reading 0x2433 = 0
2026-09-16 13:57:29 [LOG] Request sent, transaction 1088, function 0x03, 12 bytes
2026-09-16 13:57:29 [LOG] Response received, transaction 1088, function 0x03, 4 bytes PDU
2026-09-16 13:57:29 [LOG] Reading 0x2434 = 0
2026-09-16 13:57:29 Broadcast sent to client 127.0.0.1:53710, 266 bytes
2026-09-16 13:57:49 [LOG] Request sent, transaction 1089, function 0x03, 12 bytes
2026-09-16 13:57:49 [LOG] Response received, transaction 1089, function 0x03, 4 bytes PDU
2026-09-16 13:57:49 [LOG] Reading 0x242c = 1
2026-09-16 13:57:49 [LOG] Request sent, transaction 1090, function 0x03, 12 bytes
2026-09-16 13:57:49 [LOG] Response received, transaction 1090, function 0x03, 4 bytes PDU
2026-09-16 13:57:49 [LOG] Reading 0x242d = 0
2026-09-16 13:57:49 [LOG] Request sent, transaction 1091, function 0x03, 12 bytes
2026-09-16 13:57:49 [LOG] Response received, transaction 1091, function 0x03, 4 bytes PDU
2026-09-16 13:57:49 [LOG] Reading 0x242e = 0
2026-09-16 13:57:49 [LOG] Request sent, transaction 1092, function 0x03, 12 bytes
2026-09-16 13:57:49 [LOG] Response received, transaction 1092, function 0x03, 4 bytes PDU
2026-09-16 13:57:49 [LOG] Reading 0x242f = 0
2026-09-16 13:57:49 [LOG] Request sent, transaction 1093, function 0x03, 12 bytes
2026-09-16 13:57:49 [LOG] Response received, transaction 1093, function 0x03, 4 bytes PDU
2026-09-16 13:57:49 [LOG] Reading 0x2430 = 0
2026-09-16 13:57:49 [LOG] Request sent, transaction 1094, function 0x03, 12 bytes
2026-09-16 13:57:49 [LOG] Response received, transaction 1094, function 0x03, 4 bytes PDU
2026-09-16 13:57:49 [LOG] Reading 0x2431 = 0
2026-09-16 13:57:49 [LOG] Request sent, transaction 1095, function 0x03, 12 bytes
2026-09-16 13:57:49 [LOG] Response received, transaction 1095, function 0x03, 4 bytes PDU
2026-09-16 13:57:49 [LOG] Reading 0x2432 = 0
2026-09-16 13:57:49 [LOG] Request sent, transaction 1096, function 0x03, 12 bytes
2026-09-16 13:57:49 [LOG] Response received, transaction 1096, function 0x03, 4 bytes PDU
2026-09-16 13:57:49 [LOG] Reading 0x2433 = 0
2026-09-16 13:57:49 [LOG] Request sent, transaction 1097, function 0x03, 12 bytes
2026-09-16 13:57:49 [LOG] Response received, transaction 1097, function 0x03, 4 bytes PDU
2026-09-16 13:57:49 [LOG] Reading 0x2434 = 0
2026-09-16 13:57:49 Broadcast sent to client 127.0.0.1:53710, 266 bytes
2026-09-16 13:58:09 [LOG] Request sent, transaction 1098, function 0x03, 12 bytes
2026-09-16 13:58:09 [LOG] Response received, transaction 1098, function 0x03, 4 bytes PDU
2026-09-16 13:58:09 [LOG] Reading 0x242c = 1
2026-09-16 13:58:09 [LOG] Request sent, transaction 1099, function 0x03, 12 bytes
2026-09-16 13:58:09 [LOG] Response received, transaction 1099, function 0x03, 4 bytes PDU
2026-09-16 13:58:09 [LOG] Reading 0x242d = 0
2026-09-16 13:58:09 [LOG] Request sent, transaction 1100, function 0x03, 12 bytes
2026-09-16 13:58:09 [LOG] Response received, transaction 1100, function 0x03, 4 bytes PDU
2026-09-16 13:58:09 [LOG] Reading 0x242e = 0
2026-09-16 13:58:09 [LOG] Request sent, transaction 1101, function 0x03, 12 bytes
2026-09-16 13:58:09 [LOG] Response received, transaction 1101, function 0x03, 4 bytes PDU
2026-09-16 13:58:09 [LOG] Reading 0x242f = 0
2026-09-16 13:58:09 [LOG] Request sent, transaction 1102, function 0x03, 12 bytes
2026-09-16 13:58:09 [LOG] Response received, transaction 1102, function 0x03, 4 bytes PDU
2026-09-16 13:58:09 [LOG] Reading 0x2430 = 0
2026-09-16 13:58:09 [LOG] Request sent, transaction 1103, function 0x03, 12 bytes
2026-09-16 13:58:09 [LOG] Response received, transaction 1103, function 0x03, 4 bytes PDU
2026-09-16 13:58:09 [LOG] Reading 0x2431 = 0
2026-09-16 13:58:09 [LOG] Request sent, transaction 1104, function 0x03, 12 bytes
2026-09-16 13:58:09 [LOG] Response received, transaction 1104, function 0x03, 4 bytes PDU
2026-09-16 13:58:09 [LOG] Reading 0x2432 = 0
2026-09-16 13:58:09 [LOG] Request sent, transaction 1105, function 0x03, 12 bytes
2026-09-16 13:58:09 [LOG] Response received, transaction 1105, function 0x03, 4 bytes PDU
2026-09-16 13:58:09 [LOG] Reading 0x2433 = 0
2026-09-16 13:58:09 [LOG] Request sent, transaction 1106, function 0x03, 12 bytes
2026-09-16 13:58:09 [LOG] Response received, transaction 1106, function 0x03, 4 bytes PDU
2026-09-16 13:58:09 [LOG] Reading 0x2434 = 0
2026-09-16 13:58:09 Broadcast sent to client 127.0.0.1:53710, 266 bytes
2026-09-16 13:58:29 [LOG] Request sent, transaction 1107, function 0x03, 12 bytes
2026-09-16 13:58:29 [LOG] Response received, transaction 1107, function 0x03, 4 bytes PDU
2026-09-16 13:58:29 [LOG] Reading 0x242c = 1
2026-09-16 13:58:29 [LOG] Request sent, transaction 1108, function 0x03, 12 bytes
2026-09-16 13:58:29 [LOG] Response received, transaction 1108, function 0x03, 4 bytes PDU
2026-09-16 13:58:29 [LOG] Reading 0x242d = 0
2026-09-16 13:58:29 [LOG] Request sent, transaction 1109, function 0x03, 12 bytes
2026-09-16 13:58:29 [LOG] Response received, transaction 1109, function 0x03, 4 bytes PDU
2026-09-16 13:58:29 [LOG] Reading 0x242e = 0
2026-09-16 13:58:29 [LOG] Request sent, transaction 1110, function 0x03, 12 bytes
2026-09-16 13:58:29 [LOG] Response received, transaction 1110, function 0x03, 4 bytes PDU
2026-09-16 13:58:29 [LOG] Reading 0x242f = 0
2026-09-16 13:58:29 [LOG] Request sent, transaction 1111, function 0x03, 12 bytes
2026-09-16 13:58:29 [LOG] Response received, transaction 1111, function 0x03, 4 bytes PDU
2026-09-16 13:58:29 [LOG] Reading 0x2430 = 0
2026-09-16 13:58:29 [LOG] Request sent, transaction 1112, function 0x03, 12 bytes
2026-09-16 13:58:29 [LOG] Response received, transaction 1112, function 0x03, 4 bytes PDU
2026-09-16 13:58:29 [LOG] Reading 0x2431 = 0
2026-09-16 13:58:29 [LOG] Request sent, transaction 1113, function 0x03, 12 bytes
2026-09-16 13:58:29 [LOG] Response received, transaction 1113, function 0x03, 4 bytes PDU
2026-09-16 13:58:29 [LOG] Reading 0x2432 = 0
2026-09-16 13:58:29 [LOG] Request sent, transaction 1114, function 0x03, 12 bytes
2026-09-16 13:58:29 [LOG] Response received, transaction 1114, function 0x03, 4 bytes PDU
2026-09-16 13:58:29 [LOG] Reading 0x2433 = 0
2026-09-16 13:58:29 [LOG] Request sent, transaction 1115, function 0x03, 12 bytes
2026-09-16 13:58:29 [LOG] Response received, transaction 1115, function 0x03, 4 bytes PDU
2026-09-16 13:58:29 [LOG] Reading 0x2434 = 0
2026-09-16 13:58:29 Broadcast sent to client 127.0.0.1:53710, 266 bytes
2026-09-16 13:58:49 [LOG] Request sent, transaction 1116, function 0x03, 12 bytes
2026-09-16 13:58:49 [LOG] Response received, transaction 1116, function 0x03, 4 bytes PDU
2026-09-16 13:58:49 [LOG] Reading 0x242c = 1
2026-09-16 13:58:49 [LOG] Request sent, transaction 1117, function 0x03, 12 bytes
2026-09-16 13:58:49 [LOG] Response received, transaction 1117, function 0x03, 4 bytes PDU
2026-09-16 13:58:49 [LOG] Reading 0x242d = 0
2026-09-16 13:58:49 [LOG] Request sent, transaction 1118, function 0x03, 12 bytes
2026-09-16 13:58:49 [LOG] Response received, transaction 1118, function 0x03, 4 bytes PDU
2026-09-16 13:58:49 [LOG] Reading 0x242e = 0
2026-09-16 13:58:49 [LOG] Request sent, transaction 1119, function 0x03, 12 bytes
2026-09-16 13:58:49 [LOG] Response received, transaction 1119, function 0x03, 4 bytes PDU
2026-09-16 13:58:49 [LOG] Reading 0x242f = 0
2026-09-16 13:58:49 [LOG] Request sent, transaction 1120, function 0x03, 12 bytes
2026-09-16 13:58:49 [LOG] Response received, transaction 1120, function 0x03, 4 bytes PDU
2026-09-16 13:58:49 [LOG] Reading 0x2430 = 0
2026-09-16 13:58:49 [LOG] Request sent, transaction 1121, function 0x03, 12 bytes
2026-09-16 13:58:49 [LOG] Response received, transaction 1121, function 0x03, 4 bytes PDU
2026-09-16 13:58:49 [LOG] Reading 0x2431 = 0
2026-09-16 13:58:49 [LOG] Request sent, transaction 1122, function 0x03, 12 bytes
2026-09-16 13:58:49 [LOG] Response received, transaction 1122, function 0x03, 4 bytes PDU
2026-09-16 13:58:49 [LOG] Reading 0x2432 = 0
2026-09-16 13:58:49 [LOG] Request sent, transaction 1123, function 0x03, 12 bytes
2026-09-16 13:58:49 [LOG] Response received, transaction 1123, function 0x03, 4 bytes PDU
2026-09-16 13:58:49 [LOG] Reading 0x2433 = 0
2026-09-16 13:58:49 [LOG] Request sent, transaction 1124, function 0x03, 12 bytes
2026-09-16 13:58:49 [LOG] Response received, transaction 1124, function 0x03, 4 bytes PDU
2026-09-16 13:58:49 [LOG] Reading 0x2434 = 0
2026-09-16 13:58:49 Broadcast sent to client 127.0.0.1:53710, 266 bytes
2026-09-16 13:59:09 [LOG] Request sent, transaction 1125, function 0x03, 12 bytes
2026-09-16 13:59:09 [LOG] Response received, transaction 1125, function 0x03, 4 bytes PDU
2026-09-16 13:59:09 [LOG] Reading 0x242c = 1
2026-09-16 13:59:09 [LOG] Request sent, transaction 1126, function 0x03, 12 bytes
2026-09-16 13:59:09 [LOG] Response received, transaction 1126, function 0x03, 4 bytes PDU
2026-09-16 13:59:09 [LOG] Reading 0x242d = 0
2026-09-16 13:59:09 [LOG] Request sent, transaction 1127, function 0x03, 12 bytes
2026-09-16 13:59:09 [LOG] Response received, transaction 1127, function 0x03, 4 bytes PDU
2026-09-16 13:59:09 [LOG] Reading 0x242e = 0
2026-09-16 13:59:09 [LOG] Request sent, transaction 1128, function 0x03, 12 bytes
2026-09-16 13:59:09 [LOG] Response received, transaction 1128, function 0x03, 4 bytes PDU
2026-09-16 13:59:09 [LOG] Reading 0x242f = 0
2026-09-16 13:59:09 [LOG] Request sent, transaction 1129, function 0x03, 12 bytes
2026-09-16 13:59:09 [LOG] Response received, transaction 1129, function 0x03, 4 bytes PDU
2026-09-16 13:59:09 [LOG] Reading 0x2430 = 0
2026-09-16 13:59:09 [LOG] Request sent, transaction 1130, function 0x03, 12 bytes
2026-09-16 13:59:09 [LOG] Response received, transaction 1130, function 0x03, 4 bytes PDU
2026-09-16 13:59:09 [LOG] Reading 0x2431 = 0
2026-09-16 13:59:09 [LOG] Request sent, transaction 1131, function 0x03, 12 bytes
2026-09-16 13:59:09 [LOG] Response received, transaction 1131, function 0x03, 4 bytes PDU
2026-09-16 13:59:09 [LOG] Reading 0x2432 = 0
2026-09-16 13:59:09 [LOG] Request sent, transaction 1132, function 0x03, 12 bytes
2026-09-16 13:59:09 [LOG] Response received, transaction 1132, function 0x03, 4 bytes PDU
2026-09-16 13:59:09 [LOG] Reading 0x2433 = 0
2026-09-16 13:59:09 [LOG] Request sent, transaction 1133, function 0x03, 12 bytes
2026-09-16 13:59:09 [LOG] Response received, transaction 1133, function 0x03, 4 bytes PDU
2026-09-16 13:59:09 [LOG] Reading 0x2434 = 0
2026-09-16 13:59:09 Broadcast sent to client 127.0.0.1:53710, 266 bytes
2026-09-16 13:59:29 [LOG] Request sent, transaction 1134, function 0x03, 12 bytes
2026-09-16 13:59:29 [LOG] Response received, transaction 1134, function 0x03, 4 bytes PDU
2026-09-16 13:59:29 [LOG] Reading 0x242c = 1
2026-09-16 13:59:29 [LOG] Request sent, transaction 1135, function 0x03, 12 bytes
2026-09-16 13:59:29 [LOG] Response received, transaction 1135, function 0x03, 4 bytes PDU
2026-09-16 13:59:29 [LOG] Reading 0x242d = 0
2026-09-16 13:59:29 [LOG] Request sent, transaction 1136, function 0x03, 12 bytes
2026-09-16 13:59:29 [LOG] Response received, transaction 1136, function 0x03, 4 bytes PDU
2026-09-16 13:59:29 [LOG] Reading 0x242e = 0
2026-09-16 13:59:29 [LOG] Request sent, transaction 1137, function 0x03, 12 bytes
2026-09-16 13:59:29 [LOG] Response received, transaction 1137, function 0x03, 4 bytes PDU
2026-09-16 13:59:29 [LOG] Reading 0x242f = 0
2026-09-16 13:59:29 [LOG] Request sent, transaction 1138, function 0x03, 12 bytes
2026-09-16 13:59:29 [LOG] Response received, transaction 1138, function 0x03, 4 bytes PDU
2026-09-16 13:59:29 [LOG] Reading 0x2430 = 0
2026-09-16 13:59:29 [LOG] Request sent, transaction 1139, function 0x03, 12 bytes
2026-09-16 13:59:29 [LOG] Response received, transaction 1139, function 0x03, 4 bytes PDU
2026-09-16 13:59:29 [LOG] Reading 0x2431 = 0
2026-09-16 13:59:29 [LOG] Request sent, transaction 1140, function 0x03, 12 bytes
2026-09-16 13:59:29 [LOG] Response received, transaction 1140, function 0x03, 4 bytes PDU
2026-09-16 13:59:29 [LOG] Reading 0x2432 = 0
2026-09-16 13:59:29 [LOG] Request sent, transaction 1141, function 0x03, 12 bytes
2026-09-16 13:59:29 [LOG] Response received, transaction 1141, function 0x03, 4 bytes PDU
2026-09-16 13:59:29 [LOG] Reading 0x2433 = 0
2026-09-16 13:59:29 [LOG] Request sent, transaction 1142, function 0x03, 12 bytes
2026-09-16 13:59:29 [LOG] Response received, transaction 1142, function 0x03, 4 bytes PDU
2026-09-16 13:59:29 [LOG] Reading 0x2434 = 0
2026-09-16 13:59:29 Broadcast sent to client 127.0.0.1:53710, 266 bytes
2026-09-16 13:59:49 [LOG] Request sent, transaction 1143, function 0x03, 12 bytes
2026-09-16 13:59:49 [LOG] Response received, transaction 1143, function 0x03, 4 bytes PDU
2026-09-16 13:59:49 [LOG] Reading 0x242c = 1
2026-09-16 13:59:49 [LOG] Request sent, transaction 1144, function 0x03, 12 bytes
2026-09-16 13:59:49 [LOG] Response received, transaction 1144, function 0x03, 4 bytes PDU
2026-09-16 13:59:49 [LOG] Reading 0x242d = 0
2026-09-16 13:59:49 [LOG] Request sent, transaction 1145, function 0x03, 12 bytes
2026-09-16 13:59:49 [LOG] Response received, transaction 1145, function 0x03, 4 bytes PDU
2026-09-16 13:59:49 [LOG] Reading 0x242e = 0
2026-09-16 13:59:49 [LOG] Request sent, transaction 1146, function 0x03, 12 bytes
2026-09-16 13:59:49 [LOG] Response received, transaction 1146, function 0x03, 4 bytes PDU
2026-09-16 13:59:49 [LOG] Reading 0x242f = 0
2026-09-16 13:59:49 [LOG] Request sent, transaction 1147, function 0x03, 12 bytes
2026-09-16 13:59:49 [LOG] Response received, transaction 1147, function 0x03, 4 bytes PDU
2026-09-16 13:59:49 [LOG] Reading 0x2430 = 0
2026-09-16 13:59:49 [LOG] Request sent, transaction 1148, function 0x03, 12 bytes
2026-09-16 13:59:49 [LOG] Response received, transaction 1148, function 0x03, 4 bytes PDU
2026-09-16 13:59:49 [LOG] Reading 0x2431 = 0
2026-09-16 13:59:49 [LOG] Request sent, transaction 1149, function 0x03, 12 bytes
2026-09-16 13:59:49 [LOG] Response received, transaction 1149, function 0x03, 4 bytes PDU
2026-09-16 13:59:49 [LOG] Reading 0x2432 = 0
2026-09-16 13:59:49 [LOG] Request sent, transaction 1150, function 0x03, 12 bytes
2026-09-16 13:59:49 [LOG] Response received, transaction 1150, function 0x03, 4 bytes PDU
2026-09-16 13:59:49 [LOG] Reading 0x2433 = 0
2026-09-16 13:59:49 [LOG] Request sent, transaction 1151, function 0x03, 12 bytes
2026-09-16 13:59:49 [LOG] Response received, transaction 1151, function 0x03, 4 bytes PDU
2026-09-16 13:59:49 [LOG] Reading 0x2434 = 0
2026-09-16 13:59:49 Broadcast sent to client 127.0.0.1:53710, 266 bytes
2026-09-16 14:00:09 [LOG] Request sent, transaction 1152, function 0x03, 12 bytes
2026-09-16 14:00:09 [LOG] Response received, transaction 1152, function 0x03, 4 bytes PDU
2026-09-16 14:00:09 [LOG] Reading 0x242c = 1
2026-09-16 14:00:09 [LOG] Request sent, transaction 1153, function 0x03, 12 bytes
2026-09-16 14:00:09 [LOG] Response received, transaction 1153, function 0x03, 4 bytes PDU
2026-09-16 14:00:09 [LOG] Reading 0x242d = 0
2026-09-16 14:00:09 [LOG] Request sent, transaction 1154, function 0x03, 12 bytes
2026-09-16 14:00:09 [LOG] Response received, transaction 1154, function 0x03, 4 bytes PDU
2026-09-16 14:00:09 [LOG] Reading 0x242e = 0
2026-09-16 14:00:09 [LOG] Request sent, transaction 1155, function 0x03, 12 bytes
2026-09-16 14:00:09 [LOG] Response received, transaction 1155, function 0x03, 4 bytes PDU
2026-09-16 14:00:09 [LOG] Reading 0x242f = 0
2026-09-16 14:00:09 [LOG] Request sent, transaction 1156, function 0x03, 12 bytes
2026-09-16 14:00:09 [LOG] Response received, transaction 1156, function 0x03, 4 bytes PDU
2026-09-16 14:00:09 [LOG] Reading 0x2430 = 0
2026-09-16 14:00:09 [LOG] Request sent, transaction 1157, function 0x03, 12 bytes
2026-09-16 14:00:09 [LOG] Response received, transaction 1157, function 0x03, 4 bytes PDU
2026-09-16 14:00:09 [LOG] Reading 0x2431 = 0
2026-09-16 14:00:09 [LOG] Request sent, transaction 1158, function 0x03, 12 bytes
2026-09-16 14:00:09 [LOG] Response received, transaction 1158, function 0x03, 4 bytes PDU
2026-09-16 14:00:09 [LOG] Reading 0x2432 = 0
2026-09-16 14:00:09 [LOG] Request sent, transaction 1159, function 0x03, 12 bytes
2026-09-16 14:00:09 [LOG] Response received, transaction 1159, function 0x03, 4 bytes PDU
2026-09-16 14:00:09 [LOG] Reading 0x2433 = 0
2026-09-16 14:00:09 [LOG] Request sent, transaction 1160, function 0x03, 12 bytes
2026-09-16 14:00:09 [LOG] Response received, transaction 1160, function 0x03, 4 bytes PDU
2026-09-16 14:00:09 [LOG] Reading 0x2434 = 0
2026-09-16 14:00:09 Broadcast sent to client 127.0.0.1:53710, 266 bytes
2026-09-16 14:00:29 [LOG] Request sent, transaction 1161, function 0x03, 12 bytes
2026-09-16 14:00:29 [LOG] Response received, transaction 1161, function 0x03, 4 bytes PDU
2026-09-16 14:00:29 [LOG] Reading 0x242c = 1
2026-09-16 14:00:29 [LOG] Request sent, transaction 1162, function 0x03, 12 bytes
2026-09-16 14:00:29 [LOG] Response received, transaction 1162, function 0x03, 4 bytes PDU
2026-09-16 14:00:29 [LOG] Reading 0x242d = 0
2026-09-16 14:00:29 [LOG] Request sent, transaction 1163, function 0x03, 12 bytes
2026-09-16 14:00:29 [LOG] Response received, transaction 1163, function 0x03, 4 bytes PDU
2026-09-16 14:00:29 [LOG] Reading 0x242e = 0
2026-09-16 14:00:29 [LOG] Request sent, transaction 1164, function 0x03, 12 bytes
2026-09-16 14:00:29 [LOG] Response received, transaction 1164, function 0x03, 4 bytes PDU
2026-09-16 14:00:29 [LOG] Reading 0x242f = 0
2026-09-16 14:00:29 [LOG] Request sent, transaction 1165, function 0x03, 12 bytes
2026-09-16 14:00:29 [LOG] Response received, transaction 1165, function 0x03, 4 bytes PDU
2026-09-16 14:00:29 [LOG] Reading 0x2430 = 0
2026-09-16 14:00:29 [LOG] Request sent, transaction 1166, function 0x03, 12 bytes
2026-09-16 14:00:29 [LOG] Response received, transaction 1166, function 0x03, 4 bytes PDU
2026-09-16 14:00:29 [LOG] Reading 0x2431 = 0
2026-09-16 14:00:29 [LOG] Request sent, transaction 1167, function 0x03, 12 bytes
2026-09-16 14:00:29 [LOG] Response received, transaction 1167, function 0x03, 4 bytes PDU
2026-09-16 14:00:29 [LOG] Reading 0x2432 = 0
2026-09-16 14:00:29 [LOG] Request sent, transaction 1168, function 0x03, 12 bytes
2026-09-16 14:00:29 [LOG] Response received, transaction 1168, function 0x03, 4 bytes PDU
2026-09-16 14:00:29 [LOG] Reading 0x2433 = 0
2026-09-16 14:00:29 [LOG] Request sent, transaction 1169, function 0x03, 12 bytes
2026-09-16 14:00:29 [LOG] Response received, transaction 1169, function 0x03, 4 bytes PDU
2026-09-16 14:00:29 [LOG] Reading 0x2434 = 0
2026-09-16 14:00:29 Broadcast sent to client 127.0.0.1:53710, 266 bytes
2026-09-16 14:00:49 [LOG] Request sent, transaction 1170, function 0x03, 12 bytes
2026-09-16 14:00:49 [LOG] Response received, transaction 1170, function 0x03, 4 bytes PDU
2026-09-16 14:00:49 [LOG] Reading 0x242c = 1
2026-09-16 14:00:49 [LOG] Request sent, transaction 1171, function 0x03, 12 bytes
2026-09-16 14:00:49 [LOG] Response received, transaction 1171, function 0x03, 4 bytes PDU
2026-09-16 14:00:49 [LOG] Reading 0x242d = 0
2026-09-16 14:00:49 [LOG] Request sent, transaction 1172, function 0x03, 12 bytes
2026-09-16 14:00:49 [LOG] Response received, transaction 1172, function 0x03, 4 bytes PDU
2026-09-16 14:00:49 [LOG] Reading 0x242e = 0
2026-09-16 14:00:49 [LOG] Request sent, transaction 1173, function 0x03, 12 bytes
2026-09-16 14:00:49 [LOG] Response received, transaction 1173, function 0x03, 4 bytes PDU
2026-09-16 14:00:49 [LOG] Reading 0x242f = 0
2026-09-16 14:00:49 [LOG] Request sent, transaction 1174, function 0x03, 12 bytes
2026-09-16 14:00:49 [LOG] Response received, transaction 1174, function 0x03, 4 bytes PDU
2026-09-16 14:00:49 [LOG] Reading 0x2430 = 0
2026-09-16 14:00:49 [LOG] Request sent, transaction 1175, function 0x03, 12 bytes
2026-09-16 14:00:49 [LOG] Response received, transaction 1175, function 0x03, 4 bytes PDU
2026-09-16 14:00:49 [LOG] Reading 0x2431 = 0
2026-09-16 14:00:49 [LOG] Request sent, transaction 1176, function 0x03, 12 bytes
2026-09-16 14:00:49 [LOG] Response received, transaction 1176, function 0x03, 4 bytes PDU
2026-09-16 14:00:49 [LOG] Reading 0x2432 = 0
2026-09-16 14:00:49 [LOG] Request sent, transaction 1177, function 0x03, 12 bytes
2026-09-16 14:00:49 [LOG] Response received, transaction 1177, function 0x03, 4 bytes PDU
2026-09-16 14:00:49 [LOG] Reading 0x2433 = 0
2026-09-16 14:00:49 [LOG] Request sent, transaction 1178, function 0x03, 12 bytes
2026-09-16 14:00:49 [LOG] Response received, transaction 1178, function 0x03, 4 bytes PDU
2026-09-16 14:00:49 [LOG] Reading 0x2434 = 0
2026-09-16 14:00:49 Broadcast sent to client 127.0.0.1:53710, 266 bytes
2026-09-16 14:01:09 [LOG] Request sent, transaction 1179, function 0x03, 12 bytes
2026-09-16 14:01:09 [LOG] Response received, transaction 1179, function 0x03, 4 bytes PDU
2026-09-16 14:01:09 [LOG] Reading 0x242c = 1
2026-09-16 14:01:09 [LOG] Request sent, transaction 1180, function 0x03, 12 bytes
2026-09-16 14:01:09 [LOG] Response received, transaction 1180, function 0x03, 4 bytes PDU
2026-09-16 14:01:09 [LOG] Reading 0x242d = 0
2026-09-16 14:01:09 [LOG] Request sent, transaction 1181, function 0x03, 12 bytes
2026-09-16 14:01:09 [LOG] Response received, transaction 1181, function 0x03, 4 bytes PDU
2026-09-16 14:01:09 [LOG] Reading 0x242e = 0
2026-09-16 14:01:09 [LOG] Request sent, transaction 1182, function 0x03, 12 bytes
2026-09-16 14:01:09 [LOG] Response received, transaction 1182, function 0x03, 4 bytes PDU
2026-09-16 14:01:09 [LOG] Reading 0x242f = 0
2026-09-16 14:01:09 [LOG] Request sent, transaction 1183, function 0x03, 12 bytes
2026-09-16 14:01:09 [LOG] Response received, transaction 1183, function 0x03, 4 bytes PDU
2026-09-16 14:01:09 [LOG] Reading 0x2430 = 0
2026-09-16 14:01:09 [LOG] Request sent, transaction 1184, function 0x03, 12 bytes
2026-09-16 14:01:09 [LOG] Response received, transaction 1184, function 0x03, 4 bytes PDU
2026-09-16 14:01:09 [LOG] Reading 0x2431 = 0
2026-09-16 14:01:09 [LOG] Request sent, transaction 1185, function 0x03, 12 bytes
2026-09-16 14:01:09 [LOG] Response received, transaction 1185, function 0x03, 4 bytes PDU
2026-09-16 14:01:09 [LOG] Reading 0x2432 = 0
2026-09-16 14:01:09 [LOG] Request sent, transaction 1186, function 0x03, 12 bytes
2026-09-16 14:01:09 [LOG] Response received, transaction 1186, function 0x03, 4 bytes PDU
2026-09-16 14:01:09 [LOG] Reading 0x2433 = 0
2026-09-16 14:01:09 [LOG] Request sent, transaction 1187, function 0x03, 12 bytes
2026-09-16 14:01:09 [LOG] Response received, transaction 1187, function 0x03, 4 bytes PDU
2026-09-16 14:01:09 [LOG] Reading 0x2434 = 0
2026-09-16 14:01:09 Broadcast sent to client 127.0.0.1:53710, 266 bytes
2026-09-16 14:01:29 [LOG] Request sent, transaction 1188, function 0x03, 12 bytes
2026-09-16 14:01:29 [LOG] Response received, transaction 1188, function 0x03, 4 bytes PDU
2026-09-16 14:01:29 [LOG] Reading 0x242c = 1
2026-09-16 14:01:29 [LOG] Request sent, transaction 1189, function 0x03, 12 bytes
2026-09-16 14:01:29 [LOG] Response received, transaction 1189, function 0x03, 4 bytes PDU
2026-09-16 14:01:29 [LOG] Reading 0x242d = 0
2026-09-16 14:01:29 [LOG] Request sent, transaction 1190, function 0x03, 12 bytes
2026-09-16 14:01:29 [LOG] Response received, transaction 1190, function 0x03, 4 bytes PDU
2026-09-16 14:01:29 [LOG] Reading 0x242e = 0
2026-09-16 14:01:29 [LOG] Request sent, transaction 1191, function 0x03, 12 bytes
2026-09-16 14:01:29 [LOG] Response received, transaction 1191, function 0x03, 4 bytes PDU
2026-09-16 14:01:29 [LOG] Reading 0x242f = 0
2026-09-16 14:01:29 [LOG] Request sent, transaction 1192, function 0x03, 12 bytes
2026-09-16 14:01:29 [LOG] Response received, transaction 1192, function 0x03, 4 bytes PDU
2026-09-16 14:01:29 [LOG] Reading 0x2430 = 0
2026-09-16 14:01:29 [LOG] Request sent, transaction 1193, function 0x03, 12 bytes
2026-09-16 14:01:29 [LOG] Response received, transaction 1193, function 0x03, 4 bytes PDU
2026-09-16 14:01:29 [LOG] Reading 0x2431 = 0
2026-09-16 14:01:29 [LOG] Request sent, transaction 1194, function 0x03, 12 bytes
2026-09-16 14:01:29 [LOG] Response received, transaction 1194, function 0x03, 4 bytes PDU
2026-09-16 14:01:29 [LOG] Reading 0x2432 = 0
2026-09-16 14:01:29 [LOG] Request sent, transaction 1195, function 0x03, 12 bytes
2026-09-16 14:01:29 [LOG] Response received, transaction 1195, function 0x03, 4 bytes PDU
2026-09-16 14:01:29 [LOG] Reading 0x2433 = 0
2026-09-16 14:01:29 [LOG] Request sent, transaction 1196, function 0x03, 12 bytes
2026-09-16 14:01:29 [LOG] Response received, transaction 1196, function 0x03, 4 bytes PDU
2026-09-16 14:01:29 [LOG] Reading 0x2434 = 0
2026-09-16 14:01:29 Broadcast sent to client 127.0.0.1:53710, 266 bytes
2026-09-16 14:01:49 [LOG] Request sent, transaction 1197, function 0x03, 12 bytes
2026-09-16 14:01:49 [LOG] Response received, transaction 1197, function 0x03, 4 bytes PDU
2026-09-16 14:01:49 [LOG] Reading 0x242c = 1
2026-09-16 14:01:49 [LOG] Request sent, transaction 1198, function 0x03, 12 bytes
2026-09-16 14:01:49 [LOG] Response received, transaction 1198, function 0x03, 4 bytes PDU
2026-09-16 14:01:49 [LOG] Reading 0x242d = 0
2026-09-16 14:01:49 [LOG] Request sent, transaction 1199, function 0x03, 12 bytes
2026-09-16 14:01:49 [LOG] Response received, transaction 1199, function 0x03, 4 bytes PDU
2026-09-16 14:01:49 [LOG] Reading 0x242e = 0
2026-09-16 14:01:49 [LOG] Request sent, transaction 1200, function 0x03, 12 bytes
2026-09-16 14:01:49 [LOG] Response received, transaction 1200, function 0x03, 4 bytes PDU
2026-09-16 14:01:49 [LOG] Reading 0x242f = 0
2026-09-16 14:01:49 [LOG] Request sent, transaction 1201, function 0x03, 12 bytes
2026-09-16 14:01:49 [LOG] Response received, transaction 1201, function 0x03, 4 bytes PDU
2026-09-16 14:01:49 [LOG] Reading 0x2430 = 0
2026-09-16 14:01:49 [LOG] Request sent, transaction 1202, function 0x03, 12 bytes
2026-09-16 14:01:49 [LOG] Response received, transaction 1202, function 0x03, 4 bytes PDU
2026-09-16 14:01:49 [LOG] Reading 0x2431 = 0
2026-09-16 14:01:49 [LOG] Request sent, transaction 1203, function 0x03, 12 bytes
2026-09-16 14:01:49 [LOG] Response received, transaction 1203, function 0x03, 4 bytes PDU
2026-09-16 14:01:49 [LOG] Reading 0x2432 = 0
2026-09-16 14:01:49 [LOG] Request sent, transaction 1204, function 0x03, 12 bytes
2026-09-16 14:01:49 [LOG] Response received, transaction 1204, function 0x03, 4 bytes PDU
2026-09-16 14:01:49 [LOG] Reading 0x2433 = 0
2026-09-16 14:01:49 [LOG] Request sent, transaction 1205, function 0x03, 12 bytes
2026-09-16 14:01:49 [LOG] Response received, transaction 1205, function 0x03, 4 bytes PDU
2026-09-16 14:01:49 [LOG] Reading 0x2434 = 0
2026-09-16 14:01:49 Broadcast sent to client 127.0.0.1:53710, 266 bytes
2026-09-16 14:02:09 [LOG] Request sent, transaction 1206, function 0x03, 12 bytes
2026-09-16 14:02:09 [LOG] Response received, transaction 1206, function 0x03, 4 bytes PDU
2026-09-16 14:02:09 [LOG] Reading 0x242c = 1
2026-09-16 14:02:09 [LOG] Request sent, transaction 1207, function 0x03, 12 bytes
2026-09-16 14:02:09 [LOG] Response received, transaction 1207, function 0x03, 4 bytes PDU
2026-09-16 14:02:09 [LOG] Reading 0x242d = 0
2026-09-16 14:02:09 [LOG] Request sent, transaction 1208, function 0x03, 12 bytes
2026-09-16 14:02:09 [LOG] Response received, transaction 1208, function 0x03, 4 bytes PDU
2026-09-16 14:02:09 [LOG] Reading 0x242e = 0
2026-09-16 14:02:09 [LOG] Request sent, transaction 1209, function 0x03, 12 bytes
2026-09-16 14:02:09 [LOG] Response received, transaction 1209, function 0x03, 4 bytes PDU
2026-09-16 14:02:09 [LOG] Reading 0x242f = 0
2026-09-16 14:02:09 [LOG] Request sent, transaction 1210, function 0x03, 12 bytes
2026-09-16 14:02:09 [LOG] Response received, transaction 1210, function 0x03, 4 bytes PDU
2026-09-16 14:02:09 [LOG] Reading 0x2430 = 0
2026-09-16 14:02:09 [LOG] Request sent, transaction 1211, function 0x03, 12 bytes
2026-09-16 14:02:09 [LOG] Response received, transaction 1211, function 0x03, 4 bytes PDU
2026-09-16 14:02:09 [LOG] Reading 0x2431 = 0
2026-09-16 14:02:09 [LOG] Request sent, transaction 1212, function 0x03, 12 bytes
2026-09-16 14:02:09 [LOG] Response received, transaction 1212, function 0x03, 4 bytes PDU
2026-09-16 14:02:09 [LOG] Reading 0x2432 = 0
2026-09-16 14:02:09 [LOG] Request sent, transaction 1213, function 0x03, 12 bytes
2026-09-16 14:02:09 [LOG] Response received, transaction 1213, function 0x03, 4 bytes PDU
2026-09-16 14:02:09 [LOG] Reading 0x2433 = 0
2026-09-16 14:02:09 [LOG] Request sent, transaction 1214, function 0x03, 12 bytes
2026-09-16 14:02:09 [LOG] Response received, transaction 1214, function 0x03, 4 bytes PDU
2026-09-16 14:02:09 [LOG] Reading 0x2434 = 0
2026-09-16 14:02:09 Broadcast sent to client 127.0.0.1:53710, 266 bytes
2026-09-16 14:02:29 [LOG] Request sent, transaction 1215, function 0x03, 12 bytes
2026-09-16 14:02:29 [LOG] Response received, transaction 1215, function 0x03, 4 bytes PDU
2026-09-16 14:02:29 [LOG] Reading 0x242c = 1
2026-09-16 14:02:29 [LOG] Request sent, transaction 1216, function 0x03, 12 bytes
2026-09-16 14:02:29 [LOG] Response received, transaction 1216, function 0x03, 4 bytes PDU
2026-09-16 14:02:29 [LOG] Reading 0x242d = 0
2026-09-16 14:02:29 [LOG] Request sent, transaction 1217, function 0x03, 12 bytes
2026-09-16 14:02:29 [LOG] Response received, transaction 1217, function 0x03, 4 bytes PDU
2026-09-16 14:02:29 [LOG] Reading 0x242e = 0
2026-09-16 14:02:29 [LOG] Request sent, transaction 1218, function 0x03, 12 bytes
2026-09-16 14:02:29 [LOG] Response received, transaction 1218, function 0x03, 4 bytes PDU
2026-09-16 14:02:29 [LOG] Reading 0x242f = 0
2026-09-16 14:02:29 [LOG] Request sent, transaction 1219, function 0x03, 12 bytes
2026-09-16 14:02:29 [LOG] Response received, transaction 1219, function 0x03, 4 bytes PDU
2026-09-16 14:02:29 [LOG] Reading 0x2430 = 0
2026-09-16 14:02:29 [LOG] Request sent, transaction 1220, function 0x03, 12 bytes
2026-09-16 14:02:29 [LOG] Response received, transaction 1220, function 0x03, 4 bytes PDU
2026-09-16 14:02:29 [LOG] Reading 0x2431 = 0
2026-09-16 14:02:29 [LOG] Request sent, transaction 1221, function 0x03, 12 bytes
2026-09-16 14:02:29 [LOG] Response received, transaction 1221, function 0x03, 4 bytes PDU
2026-09-16 14:02:29 [LOG] Reading 0x2432 = 0
2026-09-16 14:02:29 [LOG] Request sent, transaction 1222, function 0x03, 12 bytes
2026-09-16 14:02:29 [LOG] Response received, transaction 1222, function 0x03, 4 bytes PDU
2026-09-16 14:02:29 [LOG] Reading 0x2433 = 0
2026-09-16 14:02:29 [LOG] Request sent, transaction 1223, function 0x03, 12 bytes
2026-09-16 14:02:29 [LOG] Response received, transaction 1223, function 0x03, 4 bytes PDU
2026-09-16 14:02:29 [LOG] Reading 0x2434 = 0
2026-09-16 14:02:29 Broadcast sent to client 127.0.0.1:53710, 266 bytes
2026-09-16 14:02:49 [LOG] Request sent, transaction 1224, function 0x03, 12 bytes
2026-09-16 14:02:49 [LOG] Response received, transaction 1224, function 0x03, 4 bytes PDU
2026-09-16 14:02:49 [LOG] Reading 0x242c = 1
2026-09-16 14:02:49 [LOG] Request sent, transaction 1225, function 0x03, 12 bytes
2026-09-16 14:02:49 [LOG] Response received, transaction 1225, function 0x03, 4 bytes PDU
2026-09-16 14:02:49 [LOG] Reading 0x242d = 0
2026-09-16 14:02:49 [LOG] Request sent, transaction 1226, function 0x03, 12 bytes
2026-09-16 14:02:49 [LOG] Response received, transaction 1226, function 0x03, 4 bytes PDU
2026-09-16 14:02:49 [LOG] Reading 0x242e = 0
2026-09-16 14:02:49 [LOG] Request sent, transaction 1227, function 0x03, 12 bytes
2026-09-16 14:02:49 [LOG] Response received, transaction 1227, function 0x03, 4 bytes PDU
2026-09-16 14:02:49 [LOG] Reading 0x242f = 0
2026-09-16 14:02:49 [LOG] Request sent, transaction 1228, function 0x03, 12 bytes
2026-09-16 14:02:49 [LOG] Response received, transaction 1228, function 0x03, 4 bytes PDU
2026-09-16 14:02:49 [LOG] Reading 0x2430 = 0
2026-09-16 14:02:49 [LOG] Request sent, transaction 1229, function 0x03, 12 bytes
2026-09-16 14:02:49 [LOG] Response received, transaction 1229, function 0x03, 4 bytes PDU
2026-09-16 14:02:49 [LOG] Reading 0x2431 = 0
2026-09-16 14:02:49 [LOG] Request sent, transaction 1230, function 0x03, 12 bytes
2026-09-16 14:02:49 [LOG] Response received, transaction 1230, function 0x03, 4 bytes PDU
2026-09-16 14:02:49 [LOG] Reading 0x2432 = 0
2026-09-16 14:02:49 [LOG] Request sent, transaction 1231, function 0x03, 12 bytes
2026-09-16 14:02:49 [LOG] Response received, transaction 1231, function 0x03, 4 bytes PDU
2026-09-16 14:02:49 [LOG] Reading 0x2433 = 0
2026-09-16 14:02:49 [LOG] Request sent, transaction 1232, function 0x03, 12 bytes
2026-09-16 14:02:49 [LOG] Response received, transaction 1232, function 0x03, 4 bytes PDU
2026-09-16 14:02:49 [LOG] Reading 0x2434 = 0
2026-09-16 14:02:49 Broadcast sent to client 127.0.0.1:53710, 266 bytes
2026-09-16 14:03:09 [LOG] Request sent, transaction 1233, function 0x03, 12 bytes
2026-09-16 14:03:09 [LOG] Response received, transaction 1233, function 0x03, 4 bytes PDU
2026-09-16 14:03:09 [LOG] Reading 0x242c = 1
2026-09-16 14:03:09 [LOG] Request sent, transaction 1234, function 0x03, 12 bytes
2026-09-16 14:03:09 [LOG] Response received, transaction 1234, function 0x03, 4 bytes PDU
2026-09-16 14:03:09 [LOG] Reading 0x242d = 0
2026-09-16 14:03:09 [LOG] Request sent, transaction 1235, function 0x03, 12 bytes
2026-09-16 14:03:09 [LOG] Response received, transaction 1235, function 0x03, 4 bytes PDU
2026-09-16 14:03:09 [LOG] Reading 0x242e = 0
2026-09-16 14:03:09 [LOG] Request sent, transaction 1236, function 0x03, 12 bytes
2026-09-16 14:03:09 [LOG] Response received, transaction 1236, function 0x03, 4 bytes PDU
2026-09-16 14:03:09 [LOG] Reading 0x242f = 0
2026-09-16 14:03:09 [LOG] Request sent, transaction 1237, function 0x03, 12 bytes
2026-09-16 14:03:09 [LOG] Response received, transaction 1237, function 0x03, 4 bytes PDU
2026-09-16 14:03:09 [LOG] Reading 0x2430 = 0
2026-09-16 14:03:09 [LOG] Request sent, transaction 1238, function 0x03, 12 bytes
2026-09-16 14:03:09 [LOG] Response received, transaction 1238, function 0x03, 4 bytes PDU
2026-09-16 14:03:09 [LOG] Reading 0x2431 = 0
2026-09-16 14:03:09 [LOG] Request sent, transaction 1239, function 0x03, 12 bytes
2026-09-16 14:03:09 [LOG] Response received, transaction 1239, function 0x03, 4 bytes PDU
2026-09-16 14:03:10 [LOG] Reading 0x2432 = 0
2026-09-16 14:03:10 [LOG] Request sent, transaction 1240, function 0x03, 12 bytes
2026-09-16 14:03:10 [LOG] Response received, transaction 1240, function 0x03, 4 bytes PDU
2026-09-16 14:03:10 [LOG] Reading 0x2433 = 0
2026-09-16 14:03:10 [LOG] Request sent, transaction 1241, function 0x03, 12 bytes
2026-09-16 14:03:10 [LOG] Response received, transaction 1241, function 0x03, 4 bytes PDU
2026-09-16 14:03:10 [LOG] Reading 0x2434 = 0
2026-09-16 14:03:10 Broadcast sent to client 127.0.0.1:53710, 266 bytes
2026-09-16 14:03:29 [LOG] Request sent, transaction 1242, function 0x03, 12 bytes
2026-09-16 14:03:29 [LOG] Response received, transaction 1242, function 0x03, 4 bytes PDU
2026-09-16 14:03:29 [LOG] Reading 0x242c = 1
2026-09-16 14:03:29 [LOG] Request sent, transaction 1243, function 0x03, 12 bytes
2026-09-16 14:03:29 [LOG] Response received, transaction 1243, function 0x03, 4 bytes PDU
2026-09-16 14:03:29 [LOG] Reading 0x242d = 0
2026-09-16 14:03:29 [LOG] Request sent, transaction 1244, function 0x03, 12 bytes
2026-09-16 14:03:29 [LOG] Response received, transaction 1244, function 0x03, 4 bytes PDU
2026-09-16 14:03:29 [LOG] Reading 0x242e = 0
2026-09-16 14:03:29 [LOG] Request sent, transaction 1245, function 0x03, 12 bytes
2026-09-16 14:03:29 [LOG] Response received, transaction 1245, function 0x03, 4 bytes PDU
2026-09-16 14:03:29 [LOG] Reading 0x242f = 0
2026-09-16 14:03:29 [LOG] Request sent, transaction 1246, function 0x03, 12 bytes
2026-09-16 14:03:29 [LOG] Response received, transaction 1246, function 0x03, 4 bytes PDU
2026-09-16 14:03:29 [LOG] Reading 0x2430 = 0
2026-09-16 14:03:29 [LOG] Request sent, transaction 1247, function 0x03, 12 bytes
2026-09-16 14:03:29 [LOG] Response received, transaction 1247, function 0x03, 4 bytes PDU
2026-09-16 14:03:29 [LOG] Reading 0x2431 = 0
2026-09-16 14:03:29 [LOG] Request sent, transaction 1248, function 0x03, 12 bytes
2026-09-16 14:03:29 [LOG] Response received, transaction 1248, function 0x03, 4 bytes PDU
2026-09-16 14:03:29 [LOG] Reading 0x2432 = 0
2026-09-16 14:03:29 [LOG] Request sent, transaction 1249, function 0x03, 12 bytes
2026-09-16 14:03:29 [LOG] Response received, transaction 1249, function 0x03, 4 bytes PDU
2026-09-16 14:03:29 [LOG] Reading 0x2433 = 0
2026-09-16 14:03:29 [LOG] Request sent, transaction 1250, function 0x03, 12 bytes
2026-09-16 14:03:29 [LOG] Response received, transaction 1250, function 0x03, 4 bytes PDU
2026-09-16 14:03:29 [LOG] Reading 0x2434 = 0
2026-09-16 14:03:30 Broadcast sent to client 127.0.0.1:53710, 266 bytes
2026-09-16 14:03:49 [LOG] Request sent, transaction 1251, function 0x03, 12 bytes
2026-09-16 14:03:49 [LOG] Response received, transaction 1251, function 0x03, 4 bytes PDU
2026-09-16 14:03:49 [LOG] Reading 0x242c = 1
2026-09-16 14:03:49 [LOG] Request sent, transaction 1252, function 0x03, 12 bytes
2026-09-16 14:03:49 [LOG] Response received, transaction 1252, function 0x03, 4 bytes PDU
2026-09-16 14:03:49 [LOG] Reading 0x242d = 0
2026-09-16 14:03:49 [LOG] Request sent, transaction 1253, function 0x03, 12 bytes
2026-09-16 14:03:49 [LOG] Response received, transaction 1253, function 0x03, 4 bytes PDU
2026-09-16 14:03:49 [LOG] Reading 0x242e = 0
2026-09-16 14:03:49 [LOG] Request sent, transaction 1254, function 0x03, 12 bytes
2026-09-16 14:03:49 [LOG] Response received, transaction 1254, function 0x03, 4 bytes PDU
2026-09-16 14:03:49 [LOG] Reading 0x242f = 0
2026-09-16 14:03:49 [LOG] Request sent, transaction 1255, function 0x03, 12 bytes
2026-09-16 14:03:49 [LOG] Response received, transaction 1255, function 0x03, 4 bytes PDU
2026-09-16 14:03:49 [LOG] Reading 0x2430 = 0
2026-09-16 14:03:49 [LOG] Request sent, transaction 1256, function 0x03, 12 bytes
2026-09-16 14:03:49 [LOG] Response received, transaction 1256, function 0x03, 4 bytes PDU
2026-09-16 14:03:49 [LOG] Reading 0x2431 = 0
2026-09-16 14:03:49 [LOG] Request sent, transaction 1257, function 0x03, 12 bytes
2026-09-16 14:03:49 [LOG] Response received, transaction 1257, function 0x03, 4 bytes PDU
2026-09-16 14:03:49 [LOG] Reading 0x2432 = 0
2026-09-16 14:03:49 [LOG] Request sent, transaction 1258, function 0x03, 12 bytes
2026-09-16 14:03:49 [LOG] Response received, transaction 1258, function 0x03, 4 bytes PDU
2026-09-16 14:03:49 [LOG] Reading 0x2433 = 0
2026-09-16 14:03:49 [LOG] Request sent, transaction 1259, function 0x03, 12 bytes
2026-09-16 14:03:49 [LOG] Response received, transaction 1259, function 0x03, 4 bytes PDU
2026-09-16 14:03:49 [LOG] Reading 0x2434 = 0
2026-09-16 14:03:49 Broadcast sent to client 127.0.0.1:53710, 266 bytes
2026-09-16 14:04:09 [LOG] Request sent, transaction 1260, function 0x03, 12 bytes
2026-09-16 14:04:09 [LOG] Response received, transaction 1260, function 0x03, 4 bytes PDU
2026-09-16 14:04:09 [LOG] Reading 0x242c = 1
2026-09-16 14:04:09 [LOG] Request sent, transaction 1261, function 0x03, 12 bytes
2026-09-16 14:04:09 [LOG] Response received, transaction 1261, function 0x03, 4 bytes PDU
2026-09-16 14:04:09 [LOG] Reading 0x242d = 0
2026-09-16 14:04:09 [LOG] Request sent, transaction 1262, function 0x03, 12 bytes
2026-09-16 14:04:09 [LOG] Response received, transaction 1262, function 0x03, 4 bytes PDU
2026-09-16 14:04:09 [LOG] Reading 0x242e = 0
2026-09-16 14:04:09 [LOG] Request sent, transaction 1263, function 0x03, 12 bytes
2026-09-16 14:04:09 [LOG] Response received, transaction 1263, function 0x03, 4 bytes PDU
2026-09-16 14:04:09 [LOG] Reading 0x242f = 0
2026-09-16 14:04:09 [LOG] Request sent, transaction 1264, function 0x03, 12 bytes
2026-09-16 14:04:09 [LOG] Response received, transaction 1264, function 0x03, 4 bytes PDU
2026-09-16 14:04:09 [LOG] Reading 0x2430 = 0
2026-09-16 14:04:09 [LOG] Request sent, transaction 1265, function 0x03, 12 bytes
2026-09-16 14:04:09 [LOG] Response received, transaction 1265, function 0x03, 4 bytes PDU
2026-09-16 14:04:09 [LOG] Reading 0x2431 = 0
2026-09-16 14:04:09 [LOG] Request sent, transaction 1266, function 0x03, 12 bytes
2026-09-16 14:04:09 [LOG] Response received, transaction 1266, function 0x03, 4 bytes PDU
2026-09-16 14:04:09 [LOG] Reading 0x2432 = 0
2026-09-16 14:04:09 [LOG] Request sent, transaction 1267, function 0x03, 12 bytes
2026-09-16 14:04:09 [LOG] Response received, transaction 1267, function 0x03, 4 bytes PDU
2026-09-16 14:04:09 [LOG] Reading 0x2433 = 0
2026-09-16 14:04:09 [LOG] Request sent, transaction 1268, function 0x03, 12 bytes
2026-09-16 14:04:10 [LOG] Response received, transaction 1268, function 0x03, 4 bytes PDU
2026-09-16 14:04:10 [LOG] Reading 0x2434 = 0
2026-09-16 14:04:10 Broadcast sent to client 127.0.0.1:53710, 266 bytes
2026-09-16 14:04:29 [LOG] Request sent, transaction 1269, function 0x03, 12 bytes
2026-09-16 14:04:29 [LOG] Response received, transaction 1269, function 0x03, 4 bytes PDU
2026-09-16 14:04:30 [LOG] Reading 0x242c = 1
2026-09-16 14:04:30 [LOG] Request sent, transaction 1270, function 0x03, 12 bytes
2026-09-16 14:04:30 [LOG] Response received, transaction 1270, function 0x03, 4 bytes PDU
2026-09-16 14:04:30 [LOG] Reading 0x242d = 0
2026-09-16 14:04:30 [LOG] Request sent, transaction 1271, function 0x03, 12 bytes
2026-09-16 14:04:30 [LOG] Response received, transaction 1271, function 0x03, 4 bytes PDU
2026-09-16 14:04:30 [LOG] Reading 0x242e = 0
2026-09-16 14:04:30 [LOG] Request sent, transaction 1272, function 0x03, 12 bytes
2026-09-16 14:04:30 [LOG] Response received, transaction 1272, function 0x03, 4 bytes PDU
2026-09-16 14:04:30 [LOG] Reading 0x242f = 0
2026-09-16 14:04:30 [LOG] Request sent, transaction 1273, function 0x03, 12 bytes
2026-09-16 14:04:30 [LOG] Response received, transaction 1273, function 0x03, 4 bytes PDU
2026-09-16 14:04:30 [LOG] Reading 0x2430 = 0
2026-09-16 14:04:30 [LOG] Request sent, transaction 1274, function 0x03, 12 bytes
2026-09-16 14:04:30 [LOG] Response received, transaction 1274, function 0x03, 4 bytes PDU
2026-09-16 14:04:30 [LOG] Reading 0x2431 = 0
2026-09-16 14:04:30 [LOG] Request sent, transaction 1275, function 0x03, 12 bytes
2026-09-16 14:04:30 [LOG] Response received, transaction 1275, function 0x03, 4 bytes PDU
2026-09-16 14:04:30 [LOG] Reading 0x2432 = 0
2026-09-16 14:04:30 [LOG] Request sent, transaction 1276, function 0x03, 12 bytes
2026-09-16 14:04:30 [LOG] Response received, transaction 1276, function 0x03, 4 bytes PDU
2026-09-16 14:04:30 [LOG] Reading 0x2433 = 0
2026-09-16 14:04:30 [LOG] Request sent, transaction 1277, function 0x03, 12 bytes
2026-09-16 14:04:30 [LOG] Response received, transaction 1277, function 0x03, 4 bytes PDU
2026-09-16 14:04:30 [LOG] Reading 0x2434 = 0
2026-09-16 14:04:30 Broadcast sent to client 127.0.0.1:53710, 266 bytes
2026-09-16 14:04:49 [LOG] Request sent, transaction 1278, function 0x03, 12 bytes
2026-09-16 14:04:49 [LOG] Response received, transaction 1278, function 0x03, 4 bytes PDU
2026-09-16 14:04:50 [LOG] Reading 0x242c = 1
2026-09-16 14:04:50 [LOG] Request sent, transaction 1279, function 0x03, 12 bytes
2026-09-16 14:04:50 [LOG] Response received, transaction 1279, function 0x03, 4 bytes PDU
2026-09-16 14:04:50 [LOG] Reading 0x242d = 0
2026-09-16 14:04:50 [LOG] Request sent, transaction 1280, function 0x03, 12 bytes
2026-09-16 14:04:50 [LOG] Response received, transaction 1280, function 0x03, 4 bytes PDU
2026-09-16 14:04:50 [LOG] Reading 0x242e = 0
2026-09-16 14:04:50 [LOG] Request sent, transaction 1281, function 0x03, 12 bytes
2026-09-16 14:04:50 [LOG] Response received, transaction 1281, function 0x03, 4 bytes PDU
2026-09-16 14:04:50 [LOG] Reading 0x242f = 0
2026-09-16 14:04:50 [LOG] Request sent, transaction 1282, function 0x03, 12 bytes
2026-09-16 14:04:50 [LOG] Response received, transaction 1282, function 0x03, 4 bytes PDU
2026-09-16 14:04:50 [LOG] Reading 0x2430 = 0
2026-09-16 14:04:50 [LOG] Request sent, transaction 1283, function 0x03, 12 bytes
2026-09-16 14:04:50 [LOG] Response received, transaction 1283, function 0x03, 4 bytes PDU
2026-09-16 14:04:50 [LOG] Reading 0x2431 = 0
2026-09-16 14:04:50 [LOG] Request sent, transaction 1284, function 0x03, 12 bytes
2026-09-16 14:04:50 [LOG] Response received, transaction 1284, function 0x03, 4 bytes PDU
2026-09-16 14:04:50 [LOG] Reading 0x2432 = 0
2026-09-16 14:04:50 [LOG] Request sent, transaction 1285, function 0x03, 12 bytes
2026-09-16 14:04:50 [LOG] Response received, transaction 1285, function 0x03, 4 bytes PDU
2026-09-16 14:04:50 [LOG] Reading 0x2433 = 0
2026-09-16 14:04:50 [LOG] Request sent, transaction 1286, function 0x03, 12 bytes
2026-09-16 14:04:50 [LOG] Response received, transaction 1286, function 0x03, 4 bytes PDU
2026-09-16 14:04:50 [LOG] Reading 0x2434 = 0
2026-09-16 14:04:50 Broadcast sent to client 127.0.0.1:53710, 266 bytes
2026-09-16 14:05:10 [LOG] Request sent, transaction 1287, function 0x03, 12 bytes
2026-09-16 14:05:10 [LOG] Response received, transaction 1287, function 0x03, 4 bytes PDU
2026-09-16 14:05:10 [LOG] Reading 0x242c = 1
2026-09-16 14:05:10 [LOG] Request sent, transaction 1288, function 0x03, 12 bytes
2026-09-16 14:05:10 [LOG] Response received, transaction 1288, function 0x03, 4 bytes PDU
2026-09-16 14:05:10 [LOG] Reading 0x242d = 0
2026-09-16 14:05:10 [LOG] Request sent, transaction 1289, function 0x03, 12 bytes
2026-09-16 14:05:10 [LOG] Response received, transaction 1289, function 0x03, 4 bytes PDU
2026-09-16 14:05:10 [LOG] Reading 0x242e = 0
2026-09-16 14:05:10 [LOG] Request sent, transaction 1290, function 0x03, 12 bytes
2026-09-16 14:05:10 [LOG] Response received, transaction 1290, function 0x03, 4 bytes PDU
2026-09-16 14:05:10 [LOG] Reading 0x242f = 0
2026-09-16 14:05:10 [LOG] Request sent, transaction 1291, function 0x03, 12 bytes
2026-09-16 14:05:10 [LOG] Response received, transaction 1291, function 0x03, 4 bytes PDU
2026-09-16 14:05:10 [LOG] Reading 0x2430 = 0
2026-09-16 14:05:10 [LOG] Request sent, transaction 1292, function 0x03, 12 bytes
2026-09-16 14:05:10 [LOG] Response received, transaction 1292, function 0x03, 4 bytes PDU
2026-09-16 14:05:10 [LOG] Reading 0x2431 = 0
2026-09-16 14:05:10 [LOG] Request sent, transaction 1293, function 0x03, 12 bytes
2026-09-16 14:05:10 [LOG] Response received, transaction 1293, function 0x03, 4 bytes PDU
2026-09-16 14:05:10 [LOG] Reading 0x2432 = 0
2026-09-16 14:05:10 [LOG] Request sent, transaction 1294, function 0x03, 12 bytes
2026-09-16 14:05:10 [LOG] Response received, transaction 1294, function 0x03, 4 bytes PDU
2026-09-16 14:05:10 [LOG] Reading 0x2433 = 0
2026-09-16 14:05:10 [LOG] Request sent, transaction 1295, function 0x03, 12 bytes
2026-09-16 14:05:10 [LOG] Response received, transaction 1295, function 0x03, 4 bytes PDU
2026-09-16 14:05:10 [LOG] Reading 0x2434 = 0
2026-09-16 14:05:10 Broadcast sent to client 127.0.0.1:53710, 266 bytes
2026-09-16 14:05:30 [LOG] Request sent, transaction 1296, function 0x03, 12 bytes
2026-09-16 14:05:30 [LOG] Response received, transaction 1296, function 0x03, 4 bytes PDU
2026-09-16 14:05:30 [LOG] Reading 0x242c = 1
2026-09-16 14:05:30 [LOG] Request sent, transaction 1297, function 0x03, 12 bytes
2026-09-16 14:05:30 [LOG] Response received, transaction 1297, function 0x03, 4 bytes PDU
2026-09-16 14:05:30 [LOG] Reading 0x242d = 0
2026-09-16 14:05:30 [LOG] Request sent, transaction 1298, function 0x03, 12 bytes
2026-09-16 14:05:30 [LOG] Response received, transaction 1298, function 0x03, 4 bytes PDU
2026-09-16 14:05:30 [LOG] Reading 0x242e = 0
2026-09-16 14:05:30 [LOG] Request sent, transaction 1299, function 0x03, 12 bytes
2026-09-16 14:05:30 [LOG] Response received, transaction 1299, function 0x03, 4 bytes PDU
2026-09-16 14:05:30 [LOG] Reading 0x242f = 0
2026-09-16 14:05:30 [LOG] Request sent, transaction 1300, function 0x03, 12 bytes
2026-09-16 14:05:30 [LOG] Response received, transaction 1300, function 0x03, 4 bytes PDU
2026-09-16 14:05:30 [LOG] Reading 0x2430 = 0
2026-09-16 14:05:30 [LOG] Request sent, transaction 1301, function 0x03, 12 bytes
2026-09-16 14:05:30 [LOG] Response received, transaction 1301, function 0x03, 4 bytes PDU
2026-09-16 14:05:30 [LOG] Reading 0x2431 = 0
2026-09-16 14:05:30 [LOG] Request sent, transaction 1302, function 0x03, 12 bytes
2026-09-16 14:05:30 [LOG] Response received, transaction 1302, function 0x03, 4 bytes PDU
2026-09-16 14:05:30 [LOG] Reading 0x2432 = 0
2026-09-16 14:05:30 [LOG] Request sent, transaction 1303, function 0x03, 12 bytes
2026-09-16 14:05:30 [LOG] Response received, transaction 1303, function 0x03, 4 bytes PDU
2026-09-16 14:05:30 [LOG] Reading 0x2433 = 0
2026-09-16 14:05:30 [LOG] Request sent, transaction 1304, function 0x03, 12 bytes
2026-09-16 14:05:30 [LOG] Response received, transaction 1304, function 0x03, 4 bytes PDU
2026-09-16 14:05:30 [LOG] Reading 0x2434 = 0
2026-09-16 14:05:30 Broadcast sent to client 127.0.0.1:53710, 266 bytes
2026-09-16 14:05:50 [LOG] Request sent, transaction 1305, function 0x03, 12 bytes
2026-09-16 14:05:50 [LOG] Response received, transaction 1305, function 0x03, 4 bytes PDU
2026-09-16 14:05:50 [LOG] Reading 0x242c = 1
2026-09-16 14:05:50 [LOG] Request sent, transaction 1306, function 0x03, 12 bytes
2026-09-16 14:05:50 [LOG] Response received, transaction 1306, function 0x03, 4 bytes PDU
2026-09-16 14:05:50 [LOG] Reading 0x242d = 0
2026-09-16 14:05:50 [LOG] Request sent, transaction 1307, function 0x03, 12 bytes
2026-09-16 14:05:50 [LOG] Response received, transaction 1307, function 0x03, 4 bytes PDU
2026-09-16 14:05:50 [LOG] Reading 0x242e = 0
2026-09-16 14:05:50 [LOG] Request sent, transaction 1308, function 0x03, 12 bytes
2026-09-16 14:05:50 [LOG] Response received, transaction 1308, function 0x03, 4 bytes PDU
2026-09-16 14:05:50 [LOG] Reading 0x242f = 0
2026-09-16 14:05:50 [LOG] Request sent, transaction 1309, function 0x03, 12 bytes
2026-09-16 14:05:50 [LOG] Response received, transaction 1309, function 0x03, 4 bytes PDU
2026-09-16 14:05:50 [LOG] Reading 0x2430 = 0
2026-09-16 14:05:50 [LOG] Request sent, transaction 1310, function 0x03, 12 bytes
2026-09-16 14:05:50 [LOG] Response received, transaction 1310, function 0x03, 4 bytes PDU
2026-09-16 14:05:50 [LOG] Reading 0x2431 = 0
2026-09-16 14:05:50 [LOG] Request sent, transaction 1311, function 0x03, 12 bytes
2026-09-16 14:05:50 [LOG] Response received, transaction 1311, function 0x03, 4 bytes PDU
2026-09-16 14:05:50 [LOG] Reading 0x2432 = 0
2026-09-16 14:05:50 [LOG] Request sent, transaction 1312, function 0x03, 12 bytes
2026-09-16 14:05:50 [LOG] Response received, transaction 1312, function 0x03, 4 bytes PDU
2026-09-16 14:05:50 [LOG] Reading 0x2433 = 0
2026-09-16 14:05:50 [LOG] Request sent, transaction 1313, function 0x03, 12 bytes
2026-09-16 14:05:50 [LOG] Response received, transaction 1313, function 0x03, 4 bytes PDU
2026-09-16 14:05:50 [LOG] Reading 0x2434 = 0
2026-09-16 14:05:50 Broadcast sent to client 127.0.0.1:53710, 266 bytes
2026-09-16 14:06:10 [LOG] Request sent, transaction 1314, function 0x03, 12 bytes
2026-09-16 14:06:10 [LOG] Response received, transaction 1314, function 0x03, 4 bytes PDU
2026-09-16 14:06:10 [LOG] Reading 0x242c = 1
2026-09-16 14:06:10 [LOG] Request sent, transaction 1315, function 0x03, 12 bytes
2026-09-16 14:06:10 [LOG] Response received, transaction 1315, function 0x03, 4 bytes PDU
2026-09-16 14:06:10 [LOG] Reading 0x242d = 0
2026-09-16 14:06:10 [LOG] Request sent, transaction 1316, function 0x03, 12 bytes
2026-09-16 14:06:10 [LOG] Response received, transaction 1316, function 0x03, 4 bytes PDU
2026-09-16 14:06:10 [LOG] Reading 0x242e = 0
2026-09-16 14:06:10 [LOG] Request sent, transaction 1317, function 0x03, 12 bytes
2026-09-16 14:06:10 [LOG] Response received, transaction 1317, function 0x03, 4 bytes PDU
2026-09-16 14:06:10 [LOG] Reading 0x242f = 0
2026-09-16 14:06:10 [LOG] Request sent, transaction 1318, function 0x03, 12 bytes
2026-09-16 14:06:10 [LOG] Response received, transaction 1318, function 0x03, 4 bytes PDU
2026-09-16 14:06:10 [LOG] Reading 0x2430 = 0
2026-09-16 14:06:10 [LOG] Request sent, transaction 1319, function 0x03, 12 bytes
2026-09-16 14:06:10 [LOG] Response received, transaction 1319, function 0x03, 4 bytes PDU
2026-09-16 14:06:10 [LOG] Reading 0x2431 = 0
2026-09-16 14:06:10 [LOG] Request sent, transaction 1320, function 0x03, 12 bytes
2026-09-16 14:06:10 [LOG] Response received, transaction 1320, function 0x03, 4 bytes PDU
2026-09-16 14:06:10 [LOG] Reading 0x2432 = 0
2026-09-16 14:06:10 [LOG] Request sent, transaction 1321, function 0x03, 12 bytes
2026-09-16 14:06:10 [LOG] Response received, transaction 1321, function 0x03, 4 bytes PDU
2026-09-16 14:06:10 [LOG] Reading 0x2433 = 0
2026-09-16 14:06:10 [LOG] Request sent, transaction 1322, function 0x03, 12 bytes
2026-09-16 14:06:10 [LOG] Response received, transaction 1322, function 0x03, 4 bytes PDU
2026-09-16 14:06:10 [LOG] Reading 0x2434 = 0
2026-09-16 14:06:10 Broadcast sent to client 127.0.0.1:53710, 266 bytes
2026-09-16 14:06:30 [LOG] Request sent, transaction 1323, function 0x03, 12 bytes
2026-09-16 14:06:30 [LOG] Response received, transaction 1323, function 0x03, 4 bytes PDU
2026-09-16 14:06:30 [LOG] Reading 0x242c = 1
2026-09-16 14:06:30 [LOG] Request sent, transaction 1324, function 0x03, 12 bytes
2026-09-16 14:06:30 [LOG] Response received, transaction 1324, function 0x03, 4 bytes PDU
2026-09-16 14:06:30 [LOG] Reading 0x242d = 0
2026-09-16 14:06:30 [LOG] Request sent, transaction 1325, function 0x03, 12 bytes
2026-09-16 14:06:30 [LOG] Response received, transaction 1325, function 0x03, 4 bytes PDU
2026-09-16 14:06:30 [LOG] Reading 0x242e = 0
2026-09-16 14:06:30 [LOG] Request sent, transaction 1326, function 0x03, 12 bytes
2026-09-16 14:06:30 [LOG] Response received, transaction 1326, function 0x03, 4 bytes PDU
2026-09-16 14:06:30 [LOG] Reading 0x242f = 0
2026-09-16 14:06:30 [LOG] Request sent, transaction 1327, function 0x03, 12 bytes
2026-09-16 14:06:30 [LOG] Response received, transaction 1327, function 0x03, 4 bytes PDU
2026-09-16 14:06:30 [LOG] Reading 0x2430 = 0
2026-09-16 14:06:30 [LOG] Request sent, transaction 1328, function 0x03, 12 bytes
2026-09-16 14:06:30 [LOG] Response received, transaction 1328, function 0x03, 4 bytes PDU
2026-09-16 14:06:30 [LOG] Reading 0x2431 = 0
2026-09-16 14:06:30 [LOG] Request sent, transaction 1329, function 0x03, 12 bytes
2026-09-16 14:06:30 [LOG] Response received, transaction 1329, function 0x03, 4 bytes PDU
2026-09-16 14:06:30 [LOG] Reading 0x2432 = 0
2026-09-16 14:06:30 [LOG] Request sent, transaction 1330, function 0x03, 12 bytes
2026-09-16 14:06:30 [LOG] Response received, transaction 1330, function 0x03, 4 bytes PDU
2026-09-16 14:06:30 [LOG] Reading 0x2433 = 0
2026-09-16 14:06:30 [LOG] Request sent, transaction 1331, function 0x03, 12 bytes
2026-09-16 14:06:30 [LOG] Response received, transaction 1331, function 0x03, 4 bytes PDU
2026-09-16 14:06:30 [LOG] Reading 0x2434 = 0
2026-09-16 14:06:30 Broadcast sent to client 127.0.0.1:53710, 266 bytes
2026-09-16 14:06:50 [LOG] Request sent, transaction 1332, function 0x03, 12 bytes
2026-09-16 14:06:50 [LOG] Response received, transaction 1332, function 0x03, 4 bytes PDU
2026-09-16 14:06:50 [LOG] Reading 0x242c = 1
2026-09-16 14:06:50 [LOG] Request sent, transaction 1333, function 0x03, 12 bytes
2026-09-16 14:06:50 [LOG] Response received, transaction 1333, function 0x03, 4 bytes PDU
2026-09-16 14:06:50 [LOG] Reading 0x242d = 0
2026-09-16 14:06:50 [LOG] Request sent, transaction 1334, function 0x03, 12 bytes
2026-09-16 14:06:50 [LOG] Response received, transaction 1334, function 0x03, 4 bytes PDU
2026-09-16 14:06:50 [LOG] Reading 0x242e = 0
2026-09-16 14:06:50 [LOG] Request sent, transaction 1335, function 0x03, 12 bytes
2026-09-16 14:06:50 [LOG] Response received, transaction 1335, function 0x03, 4 bytes PDU
2026-09-16 14:06:50 [LOG] Reading 0x242f = 0
2026-09-16 14:06:50 [LOG] Request sent, transaction 1336, function 0x03, 12 bytes
2026-09-16 14:06:50 [LOG] Response received, transaction 1336, function 0x03, 4 bytes PDU
2026-09-16 14:06:50 [LOG] Reading 0x2430 = 0
2026-09-16 14:06:50 [LOG] Request sent, transaction 1337, function 0x03, 12 bytes
2026-09-16 14:06:50 [LOG] Response received, transaction 1337, function 0x03, 4 bytes PDU
2026-09-16 14:06:50 [LOG] Reading 0x2431 = 0
2026-09-16 14:06:50 [LOG] Request sent, transaction 1338, function 0x03, 12 bytes
2026-09-16 14:06:50 [LOG] Response received, transaction 1338, function 0x03, 4 bytes PDU
2026-09-16 14:06:50 [LOG] Reading 0x2432 = 0
2026-09-16 14:06:50 [LOG] Request sent, transaction 1339, function 0x03, 12 bytes
2026-09-16 14:06:50 [LOG] Response received, transaction 1339, function 0x03, 4 bytes PDU
2026-09-16 14:06:50 [LOG] Reading 0x2433 = 0
2026-09-16 14:06:50 [LOG] Request sent, transaction 1340, function 0x03, 12 bytes
2026-09-16 14:06:50 [LOG] Response received, transaction 1340, function 0x03, 4 bytes PDU
2026-09-16 14:06:50 [LOG] Reading 0x2434 = 0
2026-09-16 14:06:50 Broadcast sent to client 127.0.0.1:53710, 266 bytes
2026-09-16 14:07:02 Client disconnected
2026-09-16 14:07:02 [LOG] Connection to PLC lost
2026-09-16 14:07:02 [SYSTEM] Communication with PLC lost
2026-09-16 14:07:02 [LOG] Disconnected from PLC
2026-09-16 14:07:02 Server stopped
2026-09-16 14:07:02 [SYSTEM] Application stopped
2026-09-16 14:08:06 [SYSTEM] Starting ModBusBridgeService
2026-09-16 14:08:06 [LOG] Parameters set: IP=127.0.0.1, port=502
2026-09-16 14:08:06 [LOG] Attempting to connect to PLC...
2026-09-16 14:08:06 Server is running on port 12345
2026-09-16 14:08:06 [SYSTEM] Starting event loop
2026-09-16 14:08:06 [LOG] Connection to PLC established
2026-09-16 14:08:06 [SYSTEM] Connection to PLC established
2026-09-16 14:08:06 Client connected: 127.0.0.1:54426
2026-09-16 14:08:06 Received 16 bytes
2026-09-16 14:08:06 [LOG] Request sent, transaction 1, function 0x03, 12 bytes
2026-09-16 14:08:06 [LOG] Response received, transaction 1, function 0x03, 4 bytes PDU
2026-09-16 14:08:06 [LOG] Reading 0x242c = 1
2026-09-16 14:08:06 [LOG] Request sent, transaction 2, function 0x03, 12 bytes
2026-09-16 14:08:06 [LOG] Response received, transaction 2, function 0x03, 4 bytes PDU
2026-09-16 14:08:06 [LOG] Reading 0x242d = 0
2026-09-16 14:08:06 [LOG] Request sent, transaction 3, function 0x03, 12 bytes
2026-09-16 14:08:06 [LOG] Response received, transaction 3, function 0x03, 4 bytes PDU
2026-09-16 14:08:06 [LOG] Reading 0x242e = 0
2026-09-16 14:08:06 [LOG] Request sent, transaction 4, function 0x03, 12 bytes
2026-09-16 14:08:06 [LOG] Response received, transaction 4, function 0x03, 4 bytes PDU
2026-09-16 14:08:06 [LOG] Reading 0x242f = 0
2026-09-16 14:08:06 [LOG] Request sent, transaction 5, function 0x03, 12 bytes
2026-09-16 14:08:06 [LOG] Response received, transaction 5, function 0x03, 4 bytes PDU
2026-09-16 14:08:06 [LOG] Reading 0x2430 = 0
2026-09-16 14:08:06 [LOG] Request sent, transaction 6, function 0x03, 12 bytes
2026-09-16 14:08:06 [LOG] Response received, transaction 6, function 0x03, 4 bytes PDU
2026-09-16 14:08:06 [LOG] Reading 0x2431 = 0
2026-09-16 14:08:06 [LOG] Request sent, transaction 7, function 0x03, 12 bytes
2026-09-16 14:08:06 [LOG] Response received, transaction 7, function 0x03, 4 bytes PDU
2026-09-16 14:08:06 [LOG] Reading 0x2432 = 0
2026-09-16 14:08:06 [LOG] Request sent, transaction 8, function 0x03, 12 bytes
2026-09-16 14:08:06 [LOG] Response received, transaction 8, function 0x03, 4 bytes PDU
2026-09-16 14:08:06 [LOG] Reading 0x2433 = 0
2026-09-16 14:08:06 [LOG] Request sent, transaction 9, function 0x03, 12 bytes
2026-09-16 14:08:06 [LOG] Response received, transaction 9, function 0x03, 4 bytes PDU
2026-09-16 14:08:06 [LOG] Reading 0x2434 = 0
2026-09-16 14:08:06 Broadcast sent to client 127.0.0.1:54426, 266 bytes
2026-09-16 14:08:16 [LOG] Request sent, transaction 10, function 0x06, 12 bytes
2026-09-16 14:08:16 [LOG] Response received, transaction 10, function 0x06, 5 bytes PDU
2026-09-16 14:08:16 [LOG] Recording 0x234b = 1
2026-09-16 14:08:21 Received 162 bytes
2026-09-16 14:08:21 [LOG] Request sent, transaction 11, function 0x10, 17 bytes
2026-09-16 14:08:21 [LOG] Response received, transaction 11, function 0x10, 5 bytes PDU
2026-09-16 14:08:21 [LOG] Writing 32-bit 0x236f = 2600022
2026-09-16 14:08:21 [LOG] Request sent, transaction 12, function 0x10, 17 bytes
2026-09-16 14:08:21 [LOG] Response received, transaction 12, function 0x10, 5 bytes PDU
2026-09-16 14:08:21 [LOG] Writing 32-bit 0x2381 = 0
2026-09-16 14:08:21 [LOG] Request sent, transaction 13, function 0x10, 17 bytes
2026-09-16 14:08:21 [LOG] Response received, transaction 13, function 0x10, 5 bytes PDU
2026-09-16 14:08:21 [LOG] Writing 32-bit 0x2393 = 1017370378
2026-09-16 14:08:21 [LOG] Request sent, transaction 14, function 0x06, 12 bytes
2026-09-16 14:08:21 [LOG] Response received, transaction 14, function 0x06, 5 bytes PDU
2026-09-16 14:08:21 [LOG] Recording 0x2408 = 1
2026-09-16 14:08:21 [LOG] Request sent, transaction 15, function 0x06, 12 bytes
2026-09-16 14:08:21 [LOG] Response received, transaction 15, function 0x06, 5 bytes PDU
2026-09-16 14:08:21 [LOG] Recording 0x2411 = 1
2026-09-16 14:08:21 [LOG] Request sent, transaction 16, function 0x06, 12 bytes
2026-09-16 14:08:21 [LOG] Response received, transaction 16, function 0x06, 5 bytes PDU
2026-09-16 14:08:21 [LOG] Recording 0x241a = 1
2026-09-16 14:08:21 [LOG] Request sent, transaction 17, function 0x06, 12 bytes
2026-09-16 14:08:21 [LOG] Response received, transaction 17, function 0x06, 5 bytes PDU
2026-09-16 14:08:21 [LOG] Recording 0x2423 = 1
2026-09-16 14:08:21 [LOG] Request sent, transaction 18, function 0x03, 12 bytes
2026-09-16 14:08:21 [LOG] Response received, transaction 18, function 0x03, 4 bytes PDU
2026-09-16 14:08:21 [LOG] Reading 0x242c = 1
2026-09-16 14:08:21 [LOG] Request sent, transaction 19, function 0x03, 12 bytes
2026-09-16 14:08:21 [LOG] Response received, transaction 19, function 0x03, 4 bytes PDU
2026-09-16 14:08:21 [LOG] Reading 0x242d = 0
2026-09-16 14:08:21 [LOG] Request sent, transaction 20, function 0x03, 12 bytes
2026-09-16 14:08:21 [LOG] Response received, transaction 20, function 0x03, 4 bytes PDU
2026-09-16 14:08:21 [LOG] Reading 0x242e = 0
2026-09-16 14:08:21 [LOG] Request sent, transaction 21, function 0x03, 12 bytes
2026-09-16 14:08:21 [LOG] Response received, transaction 21, function 0x03, 4 bytes PDU
2026-09-16 14:08:21 [LOG] Reading 0x242f = 0
2026-09-16 14:08:21 [LOG] Request sent, transaction 22, function 0x03, 12 bytes
2026-09-16 14:08:21 [LOG] Response received, transaction 22, function 0x03, 4 bytes PDU
2026-09-16 14:08:21 [LOG] Reading 0x2430 = 0
2026-09-16 14:08:21 [LOG] Request sent, transaction 23, function 0x03, 12 bytes
2026-09-16 14:08:21 [LOG] Response received, transaction 23, function 0x03, 4 bytes PDU
2026-09-16 14:08:21 [LOG] Reading 0x2431 = 0
2026-09-16 14:08:21 [LOG] Request sent, transaction 24, function 0x03, 12 bytes
2026-09-16 14:08:21 [LOG] Response received, transaction 24, function 0x03, 4 bytes PDU
2026-09-16 14:08:21 [LOG] Reading 0x2432 = 0
2026-09-16 14:08:21 [LOG] Request sent, transaction 25, function 0x03, 12 bytes
2026-09-16 14:08:21 [LOG] Response received, transaction 25, function 0x03, 4 bytes PDU
2026-09-16 14:08:21 [LOG] Reading 0x2433 = 0
2026-09-16 14:08:21 [LOG] Request sent, transaction 26, function 0x03, 12 bytes
2026-09-16 14:08:21 [LOG] Response received, transaction 26, function 0x03, 4 bytes PDU
2026-09-16 14:08:21 [LOG] Reading 0x2434 = 0
2026-09-16 14:08:21 Broadcast sent to client 127.0.0.1:54426, 266 bytes
2026-09-16 14:08:26 [LOG] Request sent, transaction 27, function 0x03, 12 bytes
2026-09-16 14:08:26 [LOG] Response received, transaction 27, function 0x03, 4 bytes PDU
2026-09-16 14:08:26 [LOG] Reading 0x242c = 1
2026-09-16 14:08:26 [LOG] Request sent, transaction 28, function 0x03, 12 bytes
2026-09-16 14:08:26 [LOG] Response received, transaction 28, function 0x03, 4 bytes PDU
2026-09-16 14:08:26 [LOG] Reading 0x242d = 0
2026-09-16 14:08:26 [LOG] Request sent, transaction 29, function 0x03, 12 bytes
2026-09-16 14:08:26 [LOG] Response received, transaction 29, function 0x03, 4 bytes PDU
2026-09-16 14:08:26 [LOG] Reading 0x242e = 0
2026-09-16 14:08:26 [LOG] Request sent, transaction 30, function 0x03, 12 bytes
2026-09-16 14:08:26 [LOG] Response received, transaction 30, function 0x03, 4 bytes PDU
2026-09-16 14:08:26 [LOG] Reading 0x242f = 0
2026-09-16 14:08:26 [LOG] Request sent, transaction 31, function 0x03, 12 bytes
2026-09-16 14:08:26 [LOG] Response received, transaction 31, function 0x03, 4 bytes PDU
2026-09-16 14:08:26 [LOG] Reading 0x2430 = 0
2026-09-16 14:08:26 [LOG] Request sent, transaction 32, function 0x03, 12 bytes
2026-09-16 14:08:26 [LOG] Response received, transaction 32, function 0x03, 4 bytes PDU
2026-09-16 14:08:26 [LOG] Reading 0x2431 = 0
2026-09-16 14:08:26 [LOG] Request sent, transaction 33, function 0x03, 12 bytes
2026-09-16 14:08:26 [LOG] Response received, transaction 33, function 0x03, 4 bytes PDU
2026-09-16 14:08:26 [LOG] Reading 0x2432 = 0
2026-09-16 14:08:26 [LOG] Request sent, transaction 34, function 0x03, 12 bytes
2026-09-16 14:08:26 [LOG] Response received, transaction 34, function 0x03, 4 bytes PDU
2026-09-16 14:08:26 [LOG] Reading 0x2433 = 0
2026-09-16 14:08:26 [LOG] Request sent, transaction 35, function 0x03, 12 bytes
2026-09-16 14:08:26 [LOG] Response received, transaction 35, function 0x03, 4 bytes PDU
2026-09-16 14:08:26 [LOG] Reading 0x2434 = 0
2026-09-16 14:08:26 Broadcast sent to client 127.0.0.1:54426, 266 bytes
2026-09-16 14:08:46 [LOG] Request sent, transaction 36, function 0x03, 12 bytes
2026-09-16 14:08:46 [LOG] Response received, transaction 36, function 0x03, 4 bytes PDU
2026-09-16 14:08:46 [LOG] Reading 0x242c = 1
2026-09-16 14:08:46 [LOG] Request sent, transaction 37, function 0x03, 12 bytes
2026-09-16 14:08:46 [LOG] Response received, transaction 37, function 0x03, 4 bytes PDU
2026-09-16 14:08:46 [LOG] Reading 0x242d = 0
2026-09-16 14:08:46 [LOG] Request sent, transaction 38, function 0x03, 12 bytes
2026-09-16 14:08:46 [LOG] Response received, transaction 38, function 0x03, 4 bytes PDU
2026-09-16 14:08:46 [LOG] Reading 0x242e = 0
2026-09-16 14:08:46 [LOG] Request sent, transaction 39, function 0x03, 12 bytes
2026-09-16 14:08:46 [LOG] Response received, transaction 39, function 0x03, 4 bytes PDU
2026-09-16 14:08:46 [LOG] Reading 0x242f = 0
2026-09-16 14:08:46 [LOG] Request sent, transaction 40, function 0x03, 12 bytes
2026-09-16 14:08:46 [LOG] Response received, transaction 40, function 0x03, 4 bytes PDU
2026-09-16 14:08:46 [LOG] Reading 0x2430 = 0
2026-09-16 14:08:46 [LOG] Request sent, transaction 41, function 0x03, 12 bytes
2026-09-16 14:08:46 [LOG] Response received, transaction 41, function 0x03, 4 bytes PDU
2026-09-16 14:08:46 [LOG] Reading 0x2431 = 0
2026-09-16 14:08:46 [LOG] Request sent, transaction 42, function 0x03, 12 bytes
2026-09-16 14:08:46 [LOG] Response received, transaction 42, function 0x03, 4 bytes PDU
2026-09-16 14:08:46 [LOG] Reading 0x2432 = 0
2026-09-16 14:08:46 [LOG] Request sent, transaction 43, function 0x03, 12 bytes
2026-09-16 14:08:46 [LOG] Response received, transaction 43, function 0x03, 4 bytes PDU
2026-09-16 14:08:46 [LOG] Reading 0x2433 = 0
2026-09-16 14:08:46 [LOG] Request sent, transaction 44, function 0x03, 12 bytes
2026-09-16 14:08:46 [LOG] Response received, transaction 44, function 0x03, 4 bytes PDU
2026-09-16 14:08:46 [LOG] Reading 0x2434 = 0
2026-09-16 14:08:46 Broadcast sent to client 127.0.0.1:54426, 266 bytes
2026-09-16 14:09:06 [LOG] Request sent, transaction 45, function 0x03, 12 bytes
2026-09-16 14:09:06 [LOG] Response received, transaction 45, function 0x03, 4 bytes PDU
2026-09-16 14:09:06 [LOG] Reading 0x242c = 1
2026-09-16 14:09:06 [LOG] Request sent, transaction 46, function 0x03, 12 bytes
2026-09-16 14:09:06 [LOG] Response received, transaction 46, function 0x03, 4 bytes PDU
2026-09-16 14:09:06 [LOG] Reading 0x242d = 0
2026-09-16 14:09:06 [LOG] Request sent, transaction 47, function 0x03, 12 bytes
2026-09-16 14:09:06 [LOG] Response received, transaction 47, function 0x03, 4 bytes PDU
2026-09-16 14:09:06 [LOG] Reading 0x242e = 0
2026-09-16 14:09:06 [LOG] Request sent, transaction 48, function 0x03, 12 bytes
2026-09-16 14:09:06 [LOG] Response received, transaction 48, function 0x03, 4 bytes PDU
2026-09-16 14:09:06 [LOG] Reading 0x242f = 0
2026-09-16 14:09:06 [LOG] Request sent, transaction 49, function 0x03, 12 bytes
2026-09-16 14:09:06 [LOG] Response received, transaction 49, function 0x03, 4 bytes PDU
2026-09-16 14:09:06 [LOG] Reading 0x2430 = 0
2026-09-16 14:09:06 [LOG] Request sent, transaction 50, function 0x03, 12 bytes
2026-09-16 14:09:06 [LOG] Response received, transaction 50, function 0x03, 4 bytes PDU
2026-09-16 14:09:06 [LOG] Reading 0x2431 = 0
2026-09-16 14:09:06 [LOG] Request sent, transaction 51, function 0x03, 12 bytes
2026-09-16 14:09:06 [LOG] Response received, transaction 51, function 0x03, 4 bytes PDU
2026-09-16 14:09:06 [LOG] Reading 0x2432 = 0
2026-09-16 14:09:06 [LOG] Request sent, transaction 52, function 0x03, 12 bytes
2026-09-16 14:09:06 [LOG] Response received, transaction 52, function 0x03, 4 bytes PDU
2026-09-16 14:09:06 [LOG] Reading 0x2433 = 0
2026-09-16 14:09:06 [LOG] Request sent, transaction 53, function 0x03, 12 bytes
2026-09-16 14:09:06 [LOG] Response received, transaction 53, function 0x03, 4 bytes PDU
2026-09-16 14:09:06 [LOG] Reading 0x2434 = 0
2026-09-16 14:09:06 Broadcast sent to client 127.0.0.1:54426, 266 bytes
2026-09-16 14:09:26 [LOG] Request sent, transaction 54, function 0x03, 12 bytes
2026-09-16 14:09:26 [LOG] Response received, transaction 54, function 0x03, 4 bytes PDU
2026-09-16 14:09:26 [LOG] Reading 0x242c = 1
2026-09-16 14:09:26 [LOG] Request sent, transaction 55, function 0x03, 12 bytes
2026-09-16 14:09:26 [LOG] Response received, transaction 55, function 0x03, 4 bytes PDU
2026-09-16 14:09:26 [LOG] Reading 0x242d = 0
2026-09-16 14:09:26 [LOG] Request sent, transaction 56, function 0x03, 12 bytes
2026-09-16 14:09:26 [LOG] Response received, transaction 56, function 0x03, 4 bytes PDU
2026-09-16 14:09:26 [LOG] Reading 0x242e = 0
2026-09-16 14:09:26 [LOG] Request sent, transaction 57, function 0x03, 12 bytes
2026-09-16 14:09:26 [LOG] Response received, transaction 57, function 0x03, 4 bytes PDU
2026-09-16 14:09:26 [LOG] Reading 0x242f = 0
2026-09-16 14:09:26 [LOG] Request sent, transaction 58, function 0x03, 12 bytes
2026-09-16 14:09:26 [LOG] Response received, transaction 58, function 0x03, 4 bytes PDU
2026-09-16 14:09:26 [LOG] Reading 0x2430 = 0
2026-09-16 14:09:26 [LOG] Request sent, transaction 59, function 0x03, 12 bytes
2026-09-16 14:09:26 [LOG] Response received, transaction 59, function 0x03, 4 bytes PDU
2026-09-16 14:09:26 [LOG] Reading 0x2431 = 0
2026-09-16 14:09:26 [LOG] Request sent, transaction 60, function 0x03, 12 bytes
2026-09-16 14:09:26 [LOG] Response received, transaction 60, function 0x03, 4 bytes PDU
2026-09-16 14:09:26 [LOG] Reading 0x2432 = 0
2026-09-16 14:09:26 [LOG] Request sent, transaction 61, function 0x03, 12 bytes
2026-09-16 14:09:26 [LOG] Response received, transaction 61, function 0x03, 4 bytes PDU
2026-09-16 14:09:26 [LOG] Reading 0x2433 = 0
2026-09-16 14:09:26 [LOG] Request sent, transaction 62, function 0x03, 12 bytes
2026-09-16 14:09:26 [LOG] Response received, transaction 62, function 0x03, 4 bytes PDU
2026-09-16 14:09:26 [LOG] Reading 0x2434 = 0
2026-09-16 14:09:26 Broadcast sent to client 127.0.0.1:54426, 266 bytes
2026-09-16 14:09:46 [LOG] Request sent, transaction 63, function 0x03, 12 bytes
2026-09-16 14:09:46 [LOG] Response received, transaction 63, function 0x03, 4 bytes PDU
2026-09-16 14:09:46 [LOG] Reading 0x242c = 1
2026-09-16 14:09:46 [LOG] Request sent, transaction 64, function 0x03, 12 bytes
2026-09-16 14:09:46 [LOG] Response received, transaction 64, function 0x03, 4 bytes PDU
2026-09-16 14:09:46 [LOG] Reading 0x242d = 0
2026-09-16 14:09:46 [LOG] Request sent, transaction 65, function 0x03, 12 bytes
2026-09-16 14:09:46 [LOG] Response received, transaction 65, function 0x03, 4 bytes PDU
2026-09-16 14:09:46 [LOG] Reading 0x242e = 0
2026-09-16 14:09:46 [LOG] Request sent, transaction 66, function 0x03, 12 bytes
2026-09-16 14:09:46 [LOG] Response received, transaction 66, function 0x03, 4 bytes PDU
2026-09-16 14:09:46 [LOG] Reading 0x242f = 0
2026-09-16 14:09:46 [LOG] Request sent, transaction 67, function 0x03, 12 bytes
2026-09-16 14:09:46 [LOG] Response received, transaction 67, function 0x03, 4 bytes PDU
2026-09-16 14:09:46 [LOG] Reading 0x2430 = 0
2026-09-16 14:09:46 [LOG] Request sent, transaction 68, function 0x03, 12 bytes
2026-09-16 14:09:46 [LOG] Response received, transaction 68, function 0x03, 4 bytes PDU
2026-09-16 14:09:46 [LOG] Reading 0x2431 = 0
2026-09-16 14:09:46 [LOG] Request sent, transaction 69, function 0x03, 12 bytes
2026-09-16 14:09:46 [LOG] Response received, transaction 69, function 0x03, 4 bytes PDU
2026-09-16 14:09:46 [LOG] Reading 0x2432 = 0
2026-09-16 14:09:46 [LOG] Request sent, transaction 70, function 0x03, 12 bytes
2026-09-16 14:09:46 [LOG] Response received, transaction 70, function 0x03, 4 bytes PDU
2026-09-16 14:09:46 [LOG] Reading 0x2433 = 0
2026-09-16 14:09:46 [LOG] Request sent, transaction 71, function 0x03, 12 bytes
2026-09-16 14:09:46 [LOG] Response received, transaction 71, function 0x03, 4 bytes PDU
2026-09-16 14:09:46 [LOG] Reading 0x2434 = 0
2026-09-16 14:09:46 Broadcast sent to client 127.0.0.1:54426, 266 bytes
2026-09-16 14:10:06 [LOG] Request sent, transaction 72, function 0x03, 12 bytes
2026-09-16 14:10:06 [LOG] Response received, transaction 72, function 0x03, 4 bytes PDU
2026-09-16 14:10:06 [LOG] Reading 0x242c = 1
2026-09-16 14:10:06 [LOG] Request sent, transaction 73, function 0x03, 12 bytes
2026-09-16 14:10:06 [LOG] Response received, transaction 73, function 0x03, 4 bytes PDU
2026-09-16 14:10:06 [LOG] Reading 0x242d = 0
2026-09-16 14:10:06 [LOG] Request sent, transaction 74, function 0x03, 12 bytes
2026-09-16 14:10:06 [LOG] Response received, transaction 74, function 0x03, 4 bytes PDU
2026-09-16 14:10:06 [LOG] Reading 0x242e = 0
2026-09-16 14:10:06 [LOG] Request sent, transaction 75, function 0x03, 12 bytes
2026-09-16 14:10:06 [LOG] Response received, transaction 75, function 0x03, 4 bytes PDU
2026-09-16 14:10:06 [LOG] Reading 0x242f = 0
2026-09-16 14:10:06 [LOG] Request sent, transaction 76, function 0x03, 12 bytes
2026-09-16 14:10:06 [LOG] Response received, transaction 76, function 0x03, 4 bytes PDU
2026-09-16 14:10:06 [LOG] Reading 0x2430 = 0
2026-09-16 14:10:06 [LOG] Request sent, transaction 77, function 0x03, 12 bytes
2026-09-16 14:10:06 [LOG] Response received, transaction 77, function 0x03, 4 bytes PDU
2026-09-16 14:10:06 [LOG] Reading 0x2431 = 0
2026-09-16 14:10:06 [LOG] Request sent, transaction 78, function 0x03, 12 bytes
2026-09-16 14:10:06 [LOG] Response received, transaction 78, function 0x03, 4 bytes PDU
2026-09-16 14:10:06 [LOG] Reading 0x2432 = 0
2026-09-16 14:10:06 [LOG] Request sent, transaction 79, function 0x03, 12 bytes
2026-09-16 14:10:06 [LOG] Response received, transaction 79, function 0x03, 4 bytes PDU
2026-09-16 14:10:06 [LOG] Reading 0x2433 = 0
2026-09-16 14:10:06 [LOG] Request sent, transaction 80, function 0x03, 12 bytes
2026-09-16 14:10:06 [LOG] Response received, transaction 80, function 0x03, 4 bytes PDU
2026-09-16 14:10:06 [LOG] Reading 0x2434 = 0
2026-09-16 14:10:06 Broadcast sent to client 127.0.0.1:54426, 266 bytes
2026-09-16 14:10:26 [LOG] Request sent, transaction 81, function 0x03, 12 bytes
2026-09-16 14:10:26 [LOG] Response received, transaction 81, function 0x03, 4 bytes PDU
2026-09-16 14:10:26 [LOG] Reading 0x242c = 1
2026-09-16 14:10:26 [LOG] Request sent, transaction 82, function 0x03, 12 bytes
2026-09-16 14:10:26 [LOG] Response received, transaction 82, function 0x03, 4 bytes PDU
2026-09-16 14:10:26 [LOG] Reading 0x242d = 0
2026-09-16 14:10:26 [LOG] Request sent, transaction 83, function 0x03, 12 bytes
2026-09-16 14:10:26 [LOG] Response received, transaction 83, function 0x03, 4 bytes PDU
2026-09-16 14:10:26 [LOG] Reading 0x242e = 0
2026-09-16 14:10:26 [LOG] Request sent, transaction 84, function 0x03, 12 bytes
2026-09-16 14:10:26 [LOG] Response received, transaction 84, function 0x03, 4 bytes PDU
2026-09-16 14:10:26 [LOG] Reading 0x242f = 0
2026-09-16 14:10:26 [LOG] Request sent, transaction 85, function 0x03, 12 bytes
2026-09-16 14:10:26 [LOG] Response received, transaction 85, function 0x03, 4 bytes PDU
2026-09-16 14:10:26 [LOG] Reading 0x2430 = 0
2026-09-16 14:10:26 [LOG] Request sent, transaction 86, function 0x03, 12 bytes
2026-09-16 14:10:26 [LOG] Response received, transaction 86, function 0x03, 4 bytes PDU
2026-09-16 14:10:26 [LOG] Reading 0x2431 = 0
2026-09-16 14:10:26 [LOG] Request sent, transaction 87, function 0x03, 12 bytes
2026-09-16 14:10:26 [LOG] Response received, transaction 87, function 0x03, 4 bytes PDU
2026-09-16 14:10:26 [LOG] Reading 0x2432 = 0
2026-09-16 14:10:26 [LOG] Request sent, transaction 88, function 0x03, 12 bytes
2026-09-16 14:10:26 [LOG] Response received, transaction 88, function 0x03, 4 bytes PDU
2026-09-16 14:10:26 [LOG] Reading 0x2433 = 0
2026-09-16 14:10:26 [LOG] Request sent, transaction 89, function 0x03, 12 bytes
2026-09-16 14:10:26 [LOG] Response received, transaction 89, function 0x03, 4 bytes PDU
2026-09-16 14:10:26 [LOG] Reading 0x2434 = 0
2026-09-16 14:10:26 Broadcast sent to client 127.0.0.1:54426, 266 bytes
2026-09-16 14:10:46 [LOG] Request sent, transaction 90, function 0x03, 12 bytes
2026-09-16 14:10:46 [LOG] Response received, transaction 90, function 0x03, 4 bytes PDU
2026-09-16 14:10:46 [LOG] Reading 0x242c = 1
2026-09-16 14:10:46 [LOG] Request sent, transaction 91, function 0x03, 12 bytes
2026-09-16 14:10:46 [LOG] Response received, transaction 91, function 0x03, 4 bytes PDU
2026-09-16 14:10:46 [LOG] Reading 0x242d = 0
2026-09-16 14:10:46 [LOG] Request sent, transaction 92, function 0x03, 12 bytes
2026-09-16 14:10:46 [LOG] Response received, transaction 92, function 0x03, 4 bytes PDU
2026-09-16 14:10:46 [LOG] Reading 0x242e = 0
2026-09-16 14:10:46 [LOG] Request sent, transaction 93, function 0x03, 12 bytes
2026-09-16 14:10:46 [LOG] Response received, transaction 93, function 0x03, 4 bytes PDU
2026-09-16 14:10:46 [LOG] Reading 0x242f = 0
2026-09-16 14:10:46 [LOG] Request sent, transaction 94, function 0x03, 12 bytes
2026-09-16 14:10:46 [LOG] Response received, transaction 94, function 0x03, 4 bytes PDU
2026-09-16 14:10:46 [LOG] Reading 0x2430 = 0
2026-09-16 14:10:46 [LOG] Request sent, transaction 95, function 0x03, 12 bytes
2026-09-16 14:10:46 [LOG] Response received, transaction 95, function 0x03, 4 bytes PDU
2026-09-16 14:10:46 [LOG] Reading 0x2431 = 0
2026-09-16 14:10:46 [LOG] Request sent, transaction 96, function 0x03, 12 bytes
2026-09-16 14:10:46 [LOG] Response received, transaction 96, function 0x03, 4 bytes PDU
2026-09-16 14:10:46 [LOG] Reading 0x2432 = 0
2026-09-16 14:10:46 [LOG] Request sent, transaction 97, function 0x03, 12 bytes
2026-09-16 14:10:46 [LOG] Response received, transaction 97, function 0x03, 4 bytes PDU
2026-09-16 14:10:46 [LOG] Reading 0x2433 = 0
2026-09-16 14:10:46 [LOG] Request sent, transaction 98, function 0x03, 12 bytes
2026-09-16 14:10:46 [LOG] Response received, transaction 98, function 0x03, 4 bytes PDU
2026-09-16 14:10:46 [LOG] Reading 0x2434 = 0
2026-09-16 14:10:46 Broadcast sent to client 127.0.0.1:54426, 266 bytes
2026-09-16 14:11:06 [LOG] Request sent, transaction 99, function 0x03, 12 bytes
2026-09-16 14:11:06 [LOG] Response received, transaction 99, function 0x03, 4 bytes PDU
2026-09-16 14:11:06 [LOG] Reading 0x242c = 1
2026-09-16 14:11:06 [LOG] Request sent, transaction 100, function 0x03, 12 bytes
2026-09-16 14:11:06 [LOG] Response received, transaction 100, function 0x03, 4 bytes PDU
2026-09-16 14:11:06 [LOG] Reading 0x242d = 0
2026-09-16 14:11:06 [LOG] Request sent, transaction 101, function 0x03, 12 bytes
2026-09-16 14:11:06 [LOG] Response received, transaction 101, function 0x03, 4 bytes PDU
2026-09-16 14:11:06 [LOG] Reading 0x242e = 0
2026-09-16 14:11:06 [LOG] Request sent, transaction 102, function 0x03, 12 bytes
2026-09-16 14:11:06 [LOG] Response received, transaction 102, function 0x03, 4 bytes PDU
2026-09-16 14:11:06 [LOG] Reading 0x242f = 0
2026-09-16 14:11:06 [LOG] Request sent, transaction 103, function 0x03, 12 bytes
2026-09-16 14:11:06 [LOG] Response received, transaction 103, function 0x03, 4 bytes PDU
2026-09-16 14:11:06 [LOG] Reading 0x2430 = 0
2026-09-16 14:11:06 [LOG] Request sent, transaction 104, function 0x03, 12 bytes
2026-09-16 14:11:06 [LOG] Response received, transaction 104, function 0x03, 4 bytes PDU
2026-09-16 14:11:06 [LOG] Reading 0x2431 = 0
2026-09-16 14:11:06 [LOG] Request sent, transaction 105, function 0x03, 12 bytes
2026-09-16 14:11:06 [LOG] Response received, transaction 105, function 0x03, 4 bytes PDU
2026-09-16 14:11:06 [LOG] Reading 0x2432 = 0
2026-09-16 14:11:06 [LOG] Request sent, transaction 106, function 0x03, 12 bytes
2026-09-16 14:11:06 [LOG] Response received, transaction 106, function 0x03, 4 bytes PDU
2026-09-16 14:11:06 [LOG] Reading 0x2433 = 0
2026-09-16 14:11:06 [LOG] Request sent, transaction 107, function 0x03, 12 bytes
2026-09-16 14:11:06 [LOG] Response received, transaction 107, function 0x03, 4 bytes PDU
2026-09-16 14:11:06 [LOG] Reading 0x2434 = 0
2026-09-16 14:11:06 Broadcast sent to client 127.0.0.1:54426, 266 bytes
2026-09-16 14:11:26 [LOG] Request sent, transaction 108, function 0x03, 12 bytes
2026-09-16 14:11:26 [LOG] Response received, transaction 108, function 0x03, 4 bytes PDU
2026-09-16 14:11:26 [LOG] Reading 0x242c = 1
2026-09-16 14:11:26 [LOG] Request sent, transaction 109, function 0x03, 12 bytes
2026-09-16 14:11:26 [LOG] Response received, transaction 109, function 0x03, 4 bytes PDU
2026-09-16 14:11:26 [LOG] Reading 0x242d = 0
2026-09-16 14:11:26 [LOG] Request sent, transaction 110, function 0x03, 12 bytes
2026-09-16 14:11:26 [LOG] Response received, transaction 110, function 0x03, 4 bytes PDU
2026-09-16 14:11:26 [LOG] Reading 0x242e = 0
2026-09-16 14:11:26 [LOG] Request sent, transaction 111, function 0x03, 12 bytes
2026-09-16 14:11:26 [LOG] Response received, transaction 111, function 0x03, 4 bytes PDU
2026-09-16 14:11:26 [LOG] Reading 0x242f = 0
2026-09-16 14:11:26 [LOG] Request sent, transaction 112, function 0x03, 12 bytes
2026-09-16 14:11:26 [LOG] Response received, transaction 112, function 0x03, 4 bytes PDU
2026-09-16 14:11:26 [LOG] Reading 0x2430 = 0
2026-09-16 14:11:26 [LOG] Request sent, transaction 113, function 0x03, 12 bytes
2026-09-16 14:11:26 [LOG] Response received, transaction 113, function 0x03, 4 bytes PDU
2026-09-16 14:11:26 [LOG] Reading 0x2431 = 0
2026-09-16 14:11:26 [LOG] Request sent, transaction 114, function 0x03, 12 bytes
2026-09-16 14:11:26 [LOG] Response received, transaction 114, function 0x03, 4 bytes PDU
2026-09-16 14:11:26 [LOG] Reading 0x2432 = 0
2026-09-16 14:11:26 [LOG] Request sent, transaction 115, function 0x03, 12 bytes
2026-09-16 14:11:26 [LOG] Response received, transaction 115, function 0x03, 4 bytes PDU
2026-09-16 14:11:26 [LOG] Reading 0x2433 = 0
2026-09-16 14:11:26 [LOG] Request sent, transaction 116, function 0x03, 12 bytes
2026-09-16 14:11:26 [LOG] Response received, transaction 116, function 0x03, 4 bytes PDU
2026-09-16 14:11:26 [LOG] Reading 0x2434 = 0
2026-09-16 14:11:26 Broadcast sent to client 127.0.0.1:54426, 266 bytes
2026-09-16 14:11:46 [LOG] Request sent, transaction 117, function 0x03, 12 bytes
2026-09-16 14:11:46 [LOG] Response received, transaction 117, function 0x03, 4 bytes PDU
2026-09-16 14:11:46 [LOG] Reading 0x242c = 1
2026-09-16 14:11:46 [LOG] Request sent, transaction 118, function 0x03, 12 bytes
2026-09-16 14:11:46 [LOG] Response received, transaction 118, function 0x03, 4 bytes PDU
2026-09-16 14:11:46 [LOG] Reading 0x242d = 0
2026-09-16 14:11:46 [LOG] Request sent, transaction 119, function 0x03, 12 bytes
2026-09-16 14:11:46 [LOG] Response received, transaction 119, function 0x03, 4 bytes PDU
2026-09-16 14:11:46 [LOG] Reading 0x242e = 0
2026-09-16 14:11:46 [LOG] Request sent, transaction 120, function 0x03, 12 bytes
2026-09-16 14:11:46 [LOG] Response received, transaction 120, function 0x03, 4 bytes PDU
2026-09-16 14:11:46 [LOG] Reading 0x242f = 0
2026-09-16 14:11:46 [LOG] Request sent, transaction 121, function 0x03, 12 bytes
2026-09-16 14:11:46 [LOG] Response received, transaction 121, function 0x03, 4 bytes PDU
2026-09-16 14:11:46 [LOG] Reading 0x2430 = 0
2026-09-16 14:11:46 [LOG] Request sent, transaction 122, function 0x03, 12 bytes
2026-09-16 14:11:46 [LOG] Response received, transaction 122, function 0x03, 4 bytes PDU
2026-09-16 14:11:46 [LOG] Reading 0x2431 = 0
2026-09-16 14:11:46 [LOG] Request sent, transaction 123, function 0x03, 12 bytes
2026-09-16 14:11:46 [LOG] Response received, transaction 123, function 0x03, 4 bytes PDU
2026-09-16 14:11:46 [LOG] Reading 0x2432 = 0
2026-09-16 14:11:46 [LOG] Request sent, transaction 124, function 0x03, 12 bytes
2026-09-16 14:11:46 [LOG] Response received, transaction 124, function 0x03, 4 bytes PDU
2026-09-16 14:11:46 [LOG] Reading 0x2433 = 0
2026-09-16 14:11:46 [LOG] Request sent, transaction 125, function 0x03, 12 bytes
2026-09-16 14:11:46 [LOG] Response received, transaction 125, function 0x03, 4 bytes PDU
2026-09-16 14:11:46 [LOG] Reading 0x2434 = 0
2026-09-16 14:11:46 Broadcast sent to client 127.0.0.1:54426, 266 bytes
2026-09-16 14:12:06 [LOG] Request sent, transaction 126, function 0x03, 12 bytes
2026-09-16 14:12:06 [LOG] Response received, transaction 126, function 0x03, 4 bytes PDU
2026-09-16 14:12:06 [LOG] Reading 0x242c = 1
2026-09-16 14:12:06 [LOG] Request sent, transaction 127, function 0x03, 12 bytes
2026-09-16 14:12:06 [LOG] Response received, transaction 127, function 0x03, 4 bytes PDU
2026-09-16 14:12:06 [LOG] Reading 0x242d = 0
2026-09-16 14:12:06 [LOG] Request sent, transaction 128, function 0x03, 12 bytes
2026-09-16 14:12:06 [LOG] Response received, transaction 128, function 0x03, 4 bytes PDU
2026-09-16 14:12:06 [LOG] Reading 0x242e = 0
2026-09-16 14:12:06 [LOG] Request sent, transaction 129, function 0x03, 12 bytes
2026-09-16 14:12:06 [LOG] Response received, transaction 129, function 0x03, 4 bytes PDU
2026-09-16 14:12:06 [LOG] Reading 0x242f = 0
2026-09-16 14:12:06 [LOG] Request sent, transaction 130, function 0x03, 12 bytes
2026-09-16 14:12:06 [LOG] Response received, transaction 130, function 0x03, 4 bytes PDU
2026-09-16 14:12:06 [LOG] Reading 0x2430 = 0
2026-09-16 14:12:06 [LOG] Request sent, transaction 131, function 0x03, 12 bytes
2026-09-16 14:12:06 [LOG] Response received, transaction 131, function 0x03, 4 bytes PDU
2026-09-16 14:12:06 [LOG] Reading 0x2431 = 0
2026-09-16 14:12:06 [LOG] Request sent, transaction 132, function 0x03, 12 bytes
2026-09-16 14:12:06 [LOG] Response received, transaction 132, function 0x03, 4 bytes PDU
2026-09-16 14:12:06 [LOG] Reading 0x2432 = 0
2026-09-16 14:12:06 [LOG] Request sent, transaction 133, function 0x03, 12 bytes
2026-09-16 14:12:06 [LOG] Response received, transaction 133, function 0x03, 4 bytes PDU
2026-09-16 14:12:06 [LOG] Reading 0x2433 = 0
2026-09-16 14:12:06 [LOG] Request sent, transaction 134, function 0x03, 12 bytes
2026-09-16 14:12:06 [LOG] Response received, transaction 134, function 0x03, 4 bytes PDU
2026-09-16 14:12:06 [LOG] Reading 0x2434 = 0
2026-09-16 14:12:06 Broadcast sent to client 127.0.0.1:54426, 266 bytes
2026-09-16 14:12:23 Client disconnected
2026-09-16 14:12:23 [LOG] Connection to PLC lost
2026-09-16 14:12:23 [SYSTEM] Communication with PLC lost
2026-09-16 14:12:23 [LOG] Disconnected from PLC
2026-09-16 14:12:23 Server stopped
2026-09-16 14:12:23 [SYSTEM] Application stopped
2026-09-16 14:27:08 [SYSTEM] Starting ModBusBridgeService
2026-09-16 14:27:08 [LOG] Parameters set: IP=127.0.0.1, port=502
2026-09-16 14:27:08 [LOG] Attempting to connect to PLC...
2026-09-16 14:27:08 Server is running on port 12345
2026-09-16 14:27:08 [SYSTEM] Starting event loop
2026-09-16 14:27:08 [LOG] Connection to PLC established
2026-09-16 14:27:08 [SYSTEM] Connection to PLC established
2026-09-16 14:27:09 Client connected: 127.0.0.1:54667
2026-09-16 14:27:09 Received 16 bytes
2026-09-16 14:27:09 [LOG] Request sent, transaction 1, function 0x03, 12 bytes
2026-09-16 14:27:09 [LOG] Response received, transaction 1, function 0x03, 4 bytes PDU
2026-09-16 14:27:09 [LOG] Reading 0x242c = 1
2026-09-16 14:27:09 [LOG] Request sent, transaction 2, function 0x03, 12 bytes
2026-09-16 14:27:09 [LOG] Response received, transaction 2, function 0x03, 4 bytes PDU
2026-09-16 14:27:09 [LOG] Reading 0x242d = 0
2026-09-16 14:27:09 [LOG] Request sent, transaction 3, function 0x03, 12 bytes
2026-09-16 14:27:09 [LOG] Response received, transaction 3, function 0x03, 4 bytes PDU
2026-09-16 14:27:09 [LOG] Reading 0x242e = 0
2026-09-16 14:27:09 [LOG] Request sent, transaction 4, function 0x03, 12 bytes
2026-09-16 14:27:09 [LOG] Response received, transaction 4, function 0x03, 4 bytes PDU
2026-09-16 14:27:09 [LOG] Reading 0x242f = 0
2026-09-16 14:27:09 [LOG] Request sent, transaction 5, function 0x03, 12 bytes
2026-09-16 14:27:09 [LOG] Response received, transaction 5, function 0x03, 4 bytes PDU
2026-09-16 14:27:09 [LOG] Reading 0x2430 = 0
2026-09-16 14:27:09 [LOG] Request sent, transaction 6, function 0x03, 12 bytes
2026-09-16 14:27:09 [LOG] Response received, transaction 6, function 0x03, 4 bytes PDU
2026-09-16 14:27:09 [LOG] Reading 0x2431 = 0
2026-09-16 14:27:09 [LOG] Request sent, transaction 7, function 0x03, 12 bytes
2026-09-16 14:27:09 [LOG] Response received, transaction 7, function 0x03, 4 bytes PDU
2026-09-16 14:27:09 [LOG] Reading 0x2432 = 0
2026-09-16 14:27:09 [LOG] Request sent, transaction 8, function 0x03, 12 bytes
2026-09-16 14:27:09 [LOG] Response received, transaction 8, function 0x03, 4 bytes PDU
2026-09-16 14:27:09 [LOG] Reading 0x2433 = 0
2026-09-16 14:27:09 [LOG] Request sent, transaction 9, function 0x03, 12 bytes
2026-09-16 14:27:09 [LOG] Response received, transaction 9, function 0x03, 4 bytes PDU
2026-09-16 14:27:09 [LOG] Reading 0x2434 = 0
2026-09-16 14:27:09 Broadcast sent to client 127.0.0.1:54667, 266 bytes
2026-09-16 14:27:18 [LOG] Request sent, transaction 10, function 0x06, 12 bytes
2026-09-16 14:27:18 [LOG] Response received, transaction 10, function 0x06, 5 bytes PDU
2026-09-16 14:27:18 [LOG] Recording 0x234b = 1
2026-09-16 14:27:25 Received 162 bytes
2026-09-16 14:27:25 [LOG] Request sent, transaction 11, function 0x10, 17 bytes
2026-09-16 14:27:25 [LOG] Response received, transaction 11, function 0x10, 5 bytes PDU
2026-09-16 14:27:25 [LOG] Writing 32-bit 0x236f = 2600022
2026-09-16 14:27:25 [LOG] Request sent, transaction 12, function 0x10, 17 bytes
2026-09-16 14:27:25 [LOG] Response received, transaction 12, function 0x10, 5 bytes PDU
2026-09-16 14:27:25 [LOG] Writing 32-bit 0x2381 = 0
2026-09-16 14:27:25 [LOG] Request sent, transaction 13, function 0x10, 17 bytes
2026-09-16 14:27:25 [LOG] Response received, transaction 13, function 0x10, 5 bytes PDU
2026-09-16 14:27:25 [LOG] Writing 32-bit 0x2393 = 1017370378
2026-09-16 14:27:25 [LOG] Request sent, transaction 14, function 0x06, 12 bytes
2026-09-16 14:27:25 [LOG] Response received, transaction 14, function 0x06, 5 bytes PDU
2026-09-16 14:27:25 [LOG] Recording 0x2408 = 1
2026-09-16 14:27:25 [LOG] Request sent, transaction 15, function 0x06, 12 bytes
2026-09-16 14:27:25 [LOG] Response received, transaction 15, function 0x06, 5 bytes PDU
2026-09-16 14:27:25 [LOG] Recording 0x2411 = 1
2026-09-16 14:27:25 [LOG] Request sent, transaction 16, function 0x06, 12 bytes
2026-09-16 14:27:25 [LOG] Response received, transaction 16, function 0x06, 5 bytes PDU
2026-09-16 14:27:25 [LOG] Recording 0x241a = 1
2026-09-16 14:27:25 [LOG] Request sent, transaction 17, function 0x06, 12 bytes
2026-09-16 14:27:25 [LOG] Response received, transaction 17, function 0x06, 5 bytes PDU
2026-09-16 14:27:25 [LOG] Recording 0x2423 = 1
2026-09-16 14:27:25 [LOG] Request sent, transaction 18, function 0x03, 12 bytes
2026-09-16 14:27:25 [LOG] Response received, transaction 18, function 0x03, 4 bytes PDU
2026-09-16 14:27:25 [LOG] Reading 0x242c = 1
2026-09-16 14:27:25 [LOG] Request sent, transaction 19, function 0x03, 12 bytes
2026-09-16 14:27:25 [LOG] Response received, transaction 19, function 0x03, 4 bytes PDU
2026-09-16 14:27:25 [LOG] Reading 0x242d = 0
2026-09-16 14:27:25 [LOG] Request sent, transaction 20, function 0x03, 12 bytes
2026-09-16 14:27:25 [LOG] Response received, transaction 20, function 0x03, 4 bytes PDU
2026-09-16 14:27:25 [LOG] Reading 0x242e = 0
2026-09-16 14:27:25 [LOG] Request sent, transaction 21, function 0x03, 12 bytes
2026-09-16 14:27:25 [LOG] Response received, transaction 21, function 0x03, 4 bytes PDU
2026-09-16 14:27:25 [LOG] Reading 0x242f = 0
2026-09-16 14:27:25 [LOG] Request sent, transaction 22, function 0x03, 12 bytes
2026-09-16 14:27:25 [LOG] Response received, transaction 22, function 0x03, 4 bytes PDU
2026-09-16 14:27:25 [LOG] Reading 0x2430 = 0
2026-09-16 14:27:25 [LOG] Request sent, transaction 23, function 0x03, 12 bytes
2026-09-16 14:27:25 [LOG] Response received, transaction 23, function 0x03, 4 bytes PDU
2026-09-16 14:27:25 [LOG] Reading 0x2431 = 0
2026-09-16 14:27:25 [LOG] Request sent, transaction 24, function 0x03, 12 bytes
2026-09-16 14:27:25 [LOG] Response received, transaction 24, function 0x03, 4 bytes PDU
2026-09-16 14:27:25 [LOG] Reading 0x2432 = 0
2026-09-16 14:27:25 [LOG] Request sent, transaction 25, function 0x03, 12 bytes
2026-09-16 14:27:25 [LOG] Response received, transaction 25, function 0x03, 4 bytes PDU
2026-09-16 14:27:25 [LOG] Reading 0x2433 = 0
2026-09-16 14:27:25 [LOG] Request sent, transaction 26, function 0x03, 12 bytes
2026-09-16 14:27:25 [LOG] Response received, transaction 26, function 0x03, 4 bytes PDU
2026-09-16 14:27:25 [LOG] Reading 0x2434 = 0
2026-09-16 14:27:25 Broadcast sent to client 127.0.0.1:54667, 266 bytes
2026-09-16 14:27:28 [LOG] Request sent, transaction 27, function 0x03, 12 bytes
2026-09-16 14:27:28 [LOG] Response received, transaction 27, function 0x03, 4 bytes PDU
2026-09-16 14:27:28 [LOG] Reading 0x242c = 1
2026-09-16 14:27:28 [LOG] Request sent, transaction 28, function 0x03, 12 bytes
2026-09-16 14:27:28 [LOG] Response received, transaction 28, function 0x03, 4 bytes PDU
2026-09-16 14:27:28 [LOG] Reading 0x242d = 0
2026-09-16 14:27:28 [LOG] Request sent, transaction 29, function 0x03, 12 bytes
2026-09-16 14:27:28 [LOG] Response received, transaction 29, function 0x03, 4 bytes PDU
2026-09-16 14:27:28 [LOG] Reading 0x242e = 0
2026-09-16 14:27:28 [LOG] Request sent, transaction 30, function 0x03, 12 bytes
2026-09-16 14:27:28 [LOG] Response received, transaction 30, function 0x03, 4 bytes PDU
2026-09-16 14:27:28 [LOG] Reading 0x242f = 0
2026-09-16 14:27:28 [LOG] Request sent, transaction 31, function 0x03, 12 bytes
2026-09-16 14:27:28 [LOG] Response received, transaction 31, function 0x03, 4 bytes PDU
2026-09-16 14:27:28 [LOG] Reading 0x2430 = 0
2026-09-16 14:27:29 [LOG] Request sent, transaction 32, function 0x03, 12 bytes
2026-09-16 14:27:29 [LOG] Response received, transaction 32, function 0x03, 4 bytes PDU
2026-09-16 14:27:29 [LOG] Reading 0x2431 = 0
2026-09-16 14:27:29 [LOG] Request sent, transaction 33, function 0x03, 12 bytes
2026-09-16 14:27:29 [LOG] Response received, transaction 33, function 0x03, 4 bytes PDU
2026-09-16 14:27:29 [LOG] Reading 0x2432 = 0
2026-09-16 14:27:29 [LOG] Request sent, transaction 34, function 0x03, 12 bytes
2026-09-16 14:27:29 [LOG] Response received, transaction 34, function 0x03, 4 bytes PDU
2026-09-16 14:27:29 [LOG] Reading 0x2433 = 0
2026-09-16 14:27:29 [LOG] Request sent, transaction 35, function 0x03, 12 bytes
2026-09-16 14:27:29 [LOG] Response received, transaction 35, function 0x03, 4 bytes PDU
2026-09-16 14:27:29 [LOG] Reading 0x2434 = 0
2026-09-16 14:27:29 Broadcast sent to client 127.0.0.1:54667, 266 bytes
2026-09-16 14:27:48 [LOG] Request sent, transaction 36, function 0x03, 12 bytes
2026-09-16 14:27:48 [LOG] Response received, transaction 36, function 0x03, 4 bytes PDU
2026-09-16 14:27:48 [LOG] Reading 0x242c = 1
2026-09-16 14:27:48 [LOG] Request sent, transaction 37, function 0x03, 12 bytes
2026-09-16 14:27:48 [LOG] Response received, transaction 37, function 0x03, 4 bytes PDU
2026-09-16 14:27:48 [LOG] Reading 0x242d = 0
2026-09-16 14:27:48 [LOG] Request sent, transaction 38, function 0x03, 12 bytes
2026-09-16 14:27:48 [LOG] Response received, transaction 38, function 0x03, 4 bytes PDU
2026-09-16 14:27:48 [LOG] Reading 0x242e = 0
2026-09-16 14:27:48 [LOG] Request sent, transaction 39, function 0x03, 12 bytes
2026-09-16 14:27:48 [LOG] Response received, transaction 39, function 0x03, 4 bytes PDU
2026-09-16 14:27:48 [LOG] Reading 0x242f = 0
2026-09-16 14:27:48 [LOG] Request sent, transaction 40, function 0x03, 12 bytes
2026-09-16 14:27:48 [LOG] Response received, transaction 40, function 0x03, 4 bytes PDU
2026-09-16 14:27:48 [LOG] Reading 0x2430 = 0
2026-09-16 14:27:48 [LOG] Request sent, transaction 41, function 0x03, 12 bytes
2026-09-16 14:27:48 [LOG] Response received, transaction 41, function 0x03, 4 bytes PDU
2026-09-16 14:27:48 [LOG] Reading 0x2431 = 0
2026-09-16 14:27:48 [LOG] Request sent, transaction 42, function 0x03, 12 bytes
2026-09-16 14:27:48 [LOG] Response received, transaction 42, function 0x03, 4 bytes PDU
2026-09-16 14:27:48 [LOG] Reading 0x2432 = 0
2026-09-16 14:27:48 [LOG] Request sent, transaction 43, function 0x03, 12 bytes
2026-09-16 14:27:48 [LOG] Response received, transaction 43, function 0x03, 4 bytes PDU
2026-09-16 14:27:48 [LOG] Reading 0x2433 = 0
2026-09-16 14:27:48 [LOG] Request sent, transaction 44, function 0x03, 12 bytes
2026-09-16 14:27:49 [LOG] Response received, transaction 44, function 0x03, 4 bytes PDU
2026-09-16 14:27:49 [LOG] Reading 0x2434 = 0
2026-09-16 14:27:49 Broadcast sent to client 127.0.0.1:54667, 266 bytes
2026-09-16 14:28:08 [LOG] Request sent, transaction 45, function 0x03, 12 bytes
2026-09-16 14:28:08 [LOG] Response received, transaction 45, function 0x03, 4 bytes PDU
2026-09-16 14:28:08 [LOG] Reading 0x242c = 0
2026-09-16 14:28:08 [LOG] Request sent, transaction 46, function 0x03, 12 bytes
2026-09-16 14:28:08 [LOG] Response received, transaction 46, function 0x03, 4 bytes PDU
2026-09-16 14:28:08 [LOG] Reading 0x242d = 0
2026-09-16 14:28:08 [LOG] Request sent, transaction 47, function 0x03, 12 bytes
2026-09-16 14:28:08 [LOG] Response received, transaction 47, function 0x03, 4 bytes PDU
2026-09-16 14:28:08 [LOG] Reading 0x242e = 0
2026-09-16 14:28:08 [LOG] Request sent, transaction 48, function 0x03, 12 bytes
2026-09-16 14:28:08 [LOG] Response received, transaction 48, function 0x03, 4 bytes PDU
2026-09-16 14:28:08 [LOG] Reading 0x242f = 0
2026-09-16 14:28:08 [LOG] Request sent, transaction 49, function 0x03, 12 bytes
2026-09-16 14:28:08 [LOG] Response received, transaction 49, function 0x03, 4 bytes PDU
2026-09-16 14:28:08 [LOG] Reading 0x2430 = 0
2026-09-16 14:28:08 [LOG] Request sent, transaction 50, function 0x03, 12 bytes
2026-09-16 14:28:08 [LOG] Response received, transaction 50, function 0x03, 4 bytes PDU
2026-09-16 14:28:08 [LOG] Reading 0x2431 = 0
2026-09-16 14:28:08 [LOG] Request sent, transaction 51, function 0x03, 12 bytes
2026-09-16 14:28:08 [LOG] Response received, transaction 51, function 0x03, 4 bytes PDU
2026-09-16 14:28:08 [LOG] Reading 0x2432 = 0
2026-09-16 14:28:09 [LOG] Request sent, transaction 52, function 0x03, 12 bytes
2026-09-16 14:28:09 [LOG] Response received, transaction 52, function 0x03, 4 bytes PDU
2026-09-16 14:28:09 [LOG] Reading 0x2433 = 0
2026-09-16 14:28:09 [LOG] Request sent, transaction 53, function 0x03, 12 bytes
2026-09-16 14:28:09 [LOG] Response received, transaction 53, function 0x03, 4 bytes PDU
2026-09-16 14:28:09 [LOG] Reading 0x2434 = 0
2026-09-16 14:28:09 Broadcast sent to client 127.0.0.1:54667, 266 bytes
2026-09-16 14:28:09 Received 184 bytes
2026-09-16 14:28:09 [LOG] Request sent, transaction 54, function 0x06, 12 bytes
2026-09-16 14:28:09 [LOG] Response received, transaction 54, function 0x06, 5 bytes PDU
2026-09-16 14:28:09 [LOG] Recording 0x2435 = 0
2026-09-16 14:28:09 [LOG] Request sent, transaction 55, function 0x06, 12 bytes
2026-09-16 14:28:09 [LOG] Response received, transaction 55, function 0x06, 5 bytes PDU
2026-09-16 14:28:09 [LOG] Recording 0x23a5 = 0
2026-09-16 14:28:09 [LOG] Request sent, transaction 56, function 0x10, 17 bytes
2026-09-16 14:28:09 [LOG] Response received, transaction 56, function 0x10, 5 bytes PDU
2026-09-16 14:28:09 [LOG] Writing 32-bit 0x23ae = 0
2026-09-16 14:28:09 [LOG] Request sent, transaction 57, function 0x10, 17 bytes
2026-09-16 14:28:09 [LOG] Response received, transaction 57, function 0x10, 5 bytes PDU
2026-09-16 14:28:09 [LOG] Writing 32-bit 0x245f = 0
2026-09-16 14:28:09 [LOG] Request sent, transaction 58, function 0x06, 12 bytes
2026-09-16 14:28:09 [LOG] Response received, transaction 58, function 0x06, 5 bytes PDU
2026-09-16 14:28:09 [LOG] Recording 0x23c0 = 0
2026-09-16 14:28:09 [LOG] Request sent, transaction 59, function 0x10, 17 bytes
2026-09-16 14:28:09 [LOG] Response received, transaction 59, function 0x10, 5 bytes PDU
2026-09-16 14:28:09 [LOG] Writing 32-bit 0x23c9 = 0
2026-09-16 14:28:09 [LOG] Request sent, transaction 60, function 0x10, 17 bytes
2026-09-16 14:28:09 [LOG] Response received, transaction 60, function 0x10, 5 bytes PDU
2026-09-16 14:28:09 [LOG] Writing 32-bit 0x2471 = 0
2026-09-16 14:28:09 [LOG] Request sent, transaction 61, function 0x03, 12 bytes
2026-09-16 14:28:09 [LOG] Response received, transaction 61, function 0x03, 4 bytes PDU
2026-09-16 14:28:09 [LOG] Reading 0x242c = 0
2026-09-16 14:28:09 [LOG] Request sent, transaction 62, function 0x03, 12 bytes
2026-09-16 14:28:09 [LOG] Response received, transaction 62, function 0x03, 4 bytes PDU
2026-09-16 14:28:09 [LOG] Reading 0x242d = 0
2026-09-16 14:28:09 [LOG] Request sent, transaction 63, function 0x03, 12 bytes
2026-09-16 14:28:09 [LOG] Response received, transaction 63, function 0x03, 4 bytes PDU
2026-09-16 14:28:09 [LOG] Reading 0x242e = 0
2026-09-16 14:28:09 [LOG] Request sent, transaction 64, function 0x03, 12 bytes
2026-09-16 14:28:09 [LOG] Response received, transaction 64, function 0x03, 4 bytes PDU
2026-09-16 14:28:09 [LOG] Reading 0x242f = 0
2026-09-16 14:28:09 [LOG] Request sent, transaction 65, function 0x03, 12 bytes
2026-09-16 14:28:09 [LOG] Response received, transaction 65, function 0x03, 4 bytes PDU
2026-09-16 14:28:09 [LOG] Reading 0x2430 = 0
2026-09-16 14:28:09 [LOG] Request sent, transaction 66, function 0x03, 12 bytes
2026-09-16 14:28:09 [LOG] Response received, transaction 66, function 0x03, 4 bytes PDU
2026-09-16 14:28:09 [LOG] Reading 0x2431 = 0
2026-09-16 14:28:09 [LOG] Request sent, transaction 67, function 0x03, 12 bytes
2026-09-16 14:28:09 [LOG] Response received, transaction 67, function 0x03, 4 bytes PDU
2026-09-16 14:28:09 [LOG] Reading 0x2432 = 0
2026-09-16 14:28:09 [LOG] Request sent, transaction 68, function 0x03, 12 bytes
2026-09-16 14:28:09 [LOG] Response received, transaction 68, function 0x03, 4 bytes PDU
2026-09-16 14:28:09 [LOG] Reading 0x2433 = 0
2026-09-16 14:28:09 [LOG] Request sent, transaction 69, function 0x03, 12 bytes
2026-09-16 14:28:09 [LOG] Response received, transaction 69, function 0x03, 4 bytes PDU
2026-09-16 14:28:09 [LOG] Reading 0x2434 = 0
2026-09-16 14:28:09 Broadcast sent to client 127.0.0.1:54667, 266 bytes
2026-09-16 14:28:20 Received 162 bytes
2026-09-16 14:28:20 [LOG] Request sent, transaction 70, function 0x10, 17 bytes
2026-09-16 14:28:20 [LOG] Response received, transaction 70, function 0x10, 5 bytes PDU
2026-09-16 14:28:20 [LOG] Writing 32-bit 0x236f = 2600022
2026-09-16 14:28:20 [LOG] Request sent, transaction 71, function 0x10, 17 bytes
2026-09-16 14:28:20 [LOG] Response received, transaction 71, function 0x10, 5 bytes PDU
2026-09-16 14:28:20 [LOG] Writing 32-bit 0x2381 = 0
2026-09-16 14:28:20 [LOG] Request sent, transaction 72, function 0x10, 17 bytes
2026-09-16 14:28:20 [LOG] Response received, transaction 72, function 0x10, 5 bytes PDU
2026-09-16 14:28:20 [LOG] Writing 32-bit 0x2393 = 1022739087
2026-09-16 14:28:20 [LOG] Request sent, transaction 73, function 0x06, 12 bytes
2026-09-16 14:28:20 [LOG] Response received, transaction 73, function 0x06, 5 bytes PDU
2026-09-16 14:28:20 [LOG] Recording 0x2408 = 1
2026-09-16 14:28:20 [LOG] Request sent, transaction 74, function 0x06, 12 bytes
2026-09-16 14:28:20 [LOG] Response received, transaction 74, function 0x06, 5 bytes PDU
2026-09-16 14:28:20 [LOG] Recording 0x2411 = 1
2026-09-16 14:28:20 [LOG] Request sent, transaction 75, function 0x06, 12 bytes
2026-09-16 14:28:20 [LOG] Response received, transaction 75, function 0x06, 5 bytes PDU
2026-09-16 14:28:20 [LOG] Recording 0x241a = 1
2026-09-16 14:28:20 [LOG] Request sent, transaction 76, function 0x06, 12 bytes
2026-09-16 14:28:20 [LOG] Response received, transaction 76, function 0x06, 5 bytes PDU
2026-09-16 14:28:20 [LOG] Recording 0x2423 = 1
2026-09-16 14:28:20 [LOG] Request sent, transaction 77, function 0x03, 12 bytes
2026-09-16 14:28:20 [LOG] Response received, transaction 77, function 0x03, 4 bytes PDU
2026-09-16 14:28:20 [LOG] Reading 0x242c = 0
2026-09-16 14:28:20 [LOG] Request sent, transaction 78, function 0x03, 12 bytes
2026-09-16 14:28:20 [LOG] Response received, transaction 78, function 0x03, 4 bytes PDU
2026-09-16 14:28:20 [LOG] Reading 0x242d = 0
2026-09-16 14:28:20 [LOG] Request sent, transaction 79, function 0x03, 12 bytes
2026-09-16 14:28:20 [LOG] Response received, transaction 79, function 0x03, 4 bytes PDU
2026-09-16 14:28:20 [LOG] Reading 0x242e = 0
2026-09-16 14:28:20 [LOG] Request sent, transaction 80, function 0x03, 12 bytes
2026-09-16 14:28:20 [LOG] Response received, transaction 80, function 0x03, 4 bytes PDU
2026-09-16 14:28:20 [LOG] Reading 0x242f = 0
2026-09-16 14:28:20 [LOG] Request sent, transaction 81, function 0x03, 12 bytes
2026-09-16 14:28:20 [LOG] Response received, transaction 81, function 0x03, 4 bytes PDU
2026-09-16 14:28:20 [LOG] Reading 0x2430 = 0
2026-09-16 14:28:20 [LOG] Request sent, transaction 82, function 0x03, 12 bytes
2026-09-16 14:28:20 [LOG] Response received, transaction 82, function 0x03, 4 bytes PDU
2026-09-16 14:28:20 [LOG] Reading 0x2431 = 0
2026-09-16 14:28:20 [LOG] Request sent, transaction 83, function 0x03, 12 bytes
2026-09-16 14:28:20 [LOG] Response received, transaction 83, function 0x03, 4 bytes PDU
2026-09-16 14:28:20 [LOG] Reading 0x2432 = 0
2026-09-16 14:28:20 [LOG] Request sent, transaction 84, function 0x03, 12 bytes
2026-09-16 14:28:20 [LOG] Response received, transaction 84, function 0x03, 4 bytes PDU
2026-09-16 14:28:20 [LOG] Reading 0x2433 = 0
2026-09-16 14:28:20 [LOG] Request sent, transaction 85, function 0x03, 12 bytes
2026-09-16 14:28:20 [LOG] Response received, transaction 85, function 0x03, 4 bytes PDU
2026-09-16 14:28:20 [LOG] Reading 0x2434 = 0
2026-09-16 14:28:20 Broadcast sent to client 127.0.0.1:54667, 266 bytes
2026-09-16 14:28:28 [LOG] Request sent, transaction 86, function 0x03, 12 bytes
2026-09-16 14:28:28 [LOG] Response received, transaction 86, function 0x03, 4 bytes PDU
2026-09-16 14:28:28 [LOG] Reading 0x242c = 0
2026-09-16 14:28:28 [LOG] Request sent, transaction 87, function 0x03, 12 bytes
2026-09-16 14:28:28 [LOG] Response received, transaction 87, function 0x03, 4 bytes PDU
2026-09-16 14:28:28 [LOG] Reading 0x242d = 0
2026-09-16 14:28:28 [LOG] Request sent, transaction 88, function 0x03, 12 bytes
2026-09-16 14:28:28 [LOG] Response received, transaction 88, function 0x03, 4 bytes PDU
2026-09-16 14:28:28 [LOG] Reading 0x242e = 0
2026-09-16 14:28:28 [LOG] Request sent, transaction 89, function 0x03, 12 bytes
2026-09-16 14:28:28 [LOG] Response received, transaction 89, function 0x03, 4 bytes PDU
2026-09-16 14:28:28 [LOG] Reading 0x242f = 0
2026-09-16 14:28:28 [LOG] Request sent, transaction 90, function 0x03, 12 bytes
2026-09-16 14:28:28 [LOG] Response received, transaction 90, function 0x03, 4 bytes PDU
2026-09-16 14:28:28 [LOG] Reading 0x2430 = 0
2026-09-16 14:28:28 [LOG] Request sent, transaction 91, function 0x03, 12 bytes
2026-09-16 14:28:28 [LOG] Response received, transaction 91, function 0x03, 4 bytes PDU
2026-09-16 14:28:28 [LOG] Reading 0x2431 = 0
2026-09-16 14:28:29 [LOG] Request sent, transaction 92, function 0x03, 12 bytes
2026-09-16 14:28:29 [LOG] Response received, transaction 92, function 0x03, 4 bytes PDU
2026-09-16 14:28:29 [LOG] Reading 0x2432 = 0
2026-09-16 14:28:29 [LOG] Request sent, transaction 93, function 0x03, 12 bytes
2026-09-16 14:28:29 [LOG] Response received, transaction 93, function 0x03, 4 bytes PDU
2026-09-16 14:28:29 [LOG] Reading 0x2433 = 0
2026-09-16 14:28:29 [LOG] Request sent, transaction 94, function 0x03, 12 bytes
2026-09-16 14:28:29 [LOG] Response received, transaction 94, function 0x03, 4 bytes PDU
2026-09-16 14:28:29 [LOG] Reading 0x2434 = 0
2026-09-16 14:28:29 Broadcast sent to client 127.0.0.1:54667, 266 bytes
2026-09-16 14:28:30 Received 162 bytes
2026-09-16 14:28:30 [LOG] Request sent, transaction 95, function 0x10, 17 bytes
2026-09-16 14:28:30 [LOG] Response received, transaction 95, function 0x10, 5 bytes PDU
2026-09-16 14:28:30 [LOG] Writing 32-bit 0x236f = 2600022
2026-09-16 14:28:30 [LOG] Request sent, transaction 96, function 0x10, 17 bytes
2026-09-16 14:28:30 [LOG] Response received, transaction 96, function 0x10, 5 bytes PDU
2026-09-16 14:28:30 [LOG] Writing 32-bit 0x2381 = 0
2026-09-16 14:28:30 [LOG] Request sent, transaction 97, function 0x10, 17 bytes
2026-09-16 14:28:30 [LOG] Response received, transaction 97, function 0x10, 5 bytes PDU
2026-09-16 14:28:30 [LOG] Writing 32-bit 0x2393 = 1017370378
2026-09-16 14:28:30 [LOG] Request sent, transaction 98, function 0x06, 12 bytes
2026-09-16 14:28:30 [LOG] Response received, transaction 98, function 0x06, 5 bytes PDU
2026-09-16 14:28:30 [LOG] Recording 0x2408 = 1
2026-09-16 14:28:30 [LOG] Request sent, transaction 99, function 0x06, 12 bytes
2026-09-16 14:28:30 [LOG] Response received, transaction 99, function 0x06, 5 bytes PDU
2026-09-16 14:28:30 [LOG] Recording 0x2411 = 1
2026-09-16 14:28:30 [LOG] Request sent, transaction 100, function 0x06, 12 bytes
2026-09-16 14:28:30 [LOG] Response received, transaction 100, function 0x06, 5 bytes PDU
2026-09-16 14:28:30 [LOG] Recording 0x241a = 1
2026-09-16 14:28:30 [LOG] Request sent, transaction 101, function 0x06, 12 bytes
2026-09-16 14:28:30 [LOG] Response received, transaction 101, function 0x06, 5 bytes PDU
2026-09-16 14:28:30 [LOG] Recording 0x2423 = 1
2026-09-16 14:28:30 [LOG] Request sent, transaction 102, function 0x03, 12 bytes
2026-09-16 14:28:30 [LOG] Response received, transaction 102, function 0x03, 4 bytes PDU
2026-09-16 14:28:30 [LOG] Reading 0x242c = 1
2026-09-16 14:28:30 [LOG] Request sent, transaction 103, function 0x03, 12 bytes
2026-09-16 14:28:30 [LOG] Response received, transaction 103, function 0x03, 4 bytes PDU
2026-09-16 14:28:30 [LOG] Reading 0x242d = 0
2026-09-16 14:28:30 [LOG] Request sent, transaction 104, function 0x03, 12 bytes
2026-09-16 14:28:30 [LOG] Response received, transaction 104, function 0x03, 4 bytes PDU
2026-09-16 14:28:30 [LOG] Reading 0x242e = 0
2026-09-16 14:28:30 [LOG] Request sent, transaction 105, function 0x03, 12 bytes
2026-09-16 14:28:30 [LOG] Response received, transaction 105, function 0x03, 4 bytes PDU
2026-09-16 14:28:30 [LOG] Reading 0x242f = 0
2026-09-16 14:28:30 [LOG] Request sent, transaction 106, function 0x03, 12 bytes
2026-09-16 14:28:30 [LOG] Response received, transaction 106, function 0x03, 4 bytes PDU
2026-09-16 14:28:30 [LOG] Reading 0x2430 = 0
2026-09-16 14:28:30 [LOG] Request sent, transaction 107, function 0x03, 12 bytes
2026-09-16 14:28:30 [LOG] Response received, transaction 107, function 0x03, 4 bytes PDU
2026-09-16 14:28:30 [LOG] Reading 0x2431 = 0
2026-09-16 14:28:30 [LOG] Request sent, transaction 108, function 0x03, 12 bytes
2026-09-16 14:28:30 [LOG] Response received, transaction 108, function 0x03, 4 bytes PDU
2026-09-16 14:28:30 [LOG] Reading 0x2432 = 0
2026-09-16 14:28:30 [LOG] Request sent, transaction 109, function 0x03, 12 bytes
2026-09-16 14:28:30 [LOG] Response received, transaction 109, function 0x03, 4 bytes PDU
2026-09-16 14:28:30 [LOG] Reading 0x2433 = 0
2026-09-16 14:28:30 [LOG] Request sent, transaction 110, function 0x03, 12 bytes
2026-09-16 14:28:30 [LOG] Response received, transaction 110, function 0x03, 4 bytes PDU
2026-09-16 14:28:30 [LOG] Reading 0x2434 = 0
2026-09-16 14:28:30 Broadcast sent to client 127.0.0.1:54667, 266 bytes
2026-09-16 14:28:30 Received 184 bytes
2026-09-16 14:28:30 [LOG] Request sent, transaction 111, function 0x06, 12 bytes
2026-09-16 14:28:30 [LOG] Response received, transaction 111, function 0x06, 5 bytes PDU
2026-09-16 14:28:30 [LOG] Recording 0x2435 = 0
2026-09-16 14:28:30 [LOG] Request sent, transaction 112, function 0x06, 12 bytes
2026-09-16 14:28:30 [LOG] Response received, transaction 112, function 0x06, 5 bytes PDU
2026-09-16 14:28:30 [LOG] Recording 0x23a5 = 0
2026-09-16 14:28:30 [LOG] Request sent, transaction 113, function 0x10, 17 bytes
2026-09-16 14:28:30 [LOG] Response received, transaction 113, function 0x10, 5 bytes PDU
2026-09-16 14:28:30 [LOG] Writing 32-bit 0x23ae = 0
2026-09-16 14:28:30 [LOG] Request sent, transaction 114, function 0x10, 17 bytes
2026-09-16 14:28:30 [LOG] Response received, transaction 114, function 0x10, 5 bytes PDU
2026-09-16 14:28:30 [LOG] Writing 32-bit 0x245f = 0
2026-09-16 14:28:30 [LOG] Request sent, transaction 115, function 0x06, 12 bytes
2026-09-16 14:28:30 [LOG] Response received, transaction 115, function 0x06, 5 bytes PDU
2026-09-16 14:28:30 [LOG] Recording 0x23c0 = 0
2026-09-16 14:28:30 [LOG] Request sent, transaction 116, function 0x10, 17 bytes
2026-09-16 14:28:30 [LOG] Response received, transaction 116, function 0x10, 5 bytes PDU
2026-09-16 14:28:30 [LOG] Writing 32-bit 0x23c9 = 0
2026-09-16 14:28:30 [LOG] Request sent, transaction 117, function 0x10, 17 bytes
2026-09-16 14:28:30 [LOG] Response received, transaction 117, function 0x10, 5 bytes PDU
2026-09-16 14:28:30 [LOG] Writing 32-bit 0x2471 = 0
2026-09-16 14:28:30 [LOG] Request sent, transaction 118, function 0x03, 12 bytes
2026-09-16 14:28:30 [LOG] Response received, transaction 118, function 0x03, 4 bytes PDU
2026-09-16 14:28:30 [LOG] Reading 0x242c = 1
2026-09-16 14:28:30 [LOG] Request sent, transaction 119, function 0x03, 12 bytes
2026-09-16 14:28:30 [LOG] Response received, transaction 119, function 0x03, 4 bytes PDU
2026-09-16 14:28:30 [LOG] Reading 0x242d = 0
2026-09-16 14:28:30 [LOG] Request sent, transaction 120, function 0x03, 12 bytes
2026-09-16 14:28:30 [LOG] Response received, transaction 120, function 0x03, 4 bytes PDU
2026-09-16 14:28:30 [LOG] Reading 0x242e = 0
2026-09-16 14:28:30 [LOG] Request sent, transaction 121, function 0x03, 12 bytes
2026-09-16 14:28:30 [LOG] Response received, transaction 121, function 0x03, 4 bytes PDU
2026-09-16 14:28:30 [LOG] Reading 0x242f = 0
2026-09-16 14:28:30 [LOG] Request sent, transaction 122, function 0x03, 12 bytes
2026-09-16 14:28:30 [LOG] Response received, transaction 122, function 0x03, 4 bytes PDU
2026-09-16 14:28:30 [LOG] Reading 0x2430 = 0
2026-09-16 14:28:30 [LOG] Request sent, transaction 123, function 0x03, 12 bytes
2026-09-16 14:28:30 [LOG] Response received, transaction 123, function 0x03, 4 bytes PDU
2026-09-16 14:28:30 [LOG] Reading 0x2431 = 0
2026-09-16 14:28:30 [LOG] Request sent, transaction 124, function 0x03, 12 bytes
2026-09-16 14:28:30 [LOG] Response received, transaction 124, function 0x03, 4 bytes PDU
2026-09-16 14:28:30 [LOG] Reading 0x2432 = 0
2026-09-16 14:28:30 [LOG] Request sent, transaction 125, function 0x03, 12 bytes
2026-09-16 14:28:30 [LOG] Response received, transaction 125, function 0x03, 4 bytes PDU
2026-09-16 14:28:30 [LOG] Reading 0x2433 = 0
2026-09-16 14:28:30 [LOG] Request sent, transaction 126, function 0x03, 12 bytes
2026-09-16 14:28:30 [LOG] Response received, transaction 126, function 0x03, 4 bytes PDU
2026-09-16 14:28:30 [LOG] Reading 0x2434 = 0
2026-09-16 14:28:30 Broadcast sent to client 127.0.0.1:54667, 266 bytes
2026-09-16 14:28:40 Received 162 bytes
2026-09-16 14:28:40 [LOG] Request sent, transaction 127, function 0x10, 17 bytes
2026-09-16 14:28:40 [LOG] Response received, transaction 127, function 0x10, 5 bytes PDU
2026-09-16 14:28:40 [LOG] Writing 32-bit 0x236f = 2600022
2026-09-16 14:28:40 [LOG] Request sent, transaction 128, function 0x10, 17 bytes
2026-09-16 14:28:40 [LOG] Response received, transaction 128, function 0x10, 5 bytes PDU
2026-09-16 14:28:40 [LOG] Writing 32-bit 0x2381 = 0
2026-09-16 14:28:40 [LOG] Request sent, transaction 129, function 0x10, 17 bytes
2026-09-16 14:28:40 [LOG] Response received, transaction 129, function 0x10, 5 bytes PDU
2026-09-16 14:28:40 [LOG] Writing 32-bit 0x2393 = 1017370378
2026-09-16 14:28:40 [LOG] Request sent, transaction 130, function 0x06, 12 bytes
2026-09-16 14:28:40 [LOG] Response received, transaction 130, function 0x06, 5 bytes PDU
2026-09-16 14:28:40 [LOG] Recording 0x2408 = 1
2026-09-16 14:28:40 [LOG] Request sent, transaction 131, function 0x06, 12 bytes
2026-09-16 14:28:40 [LOG] Response received, transaction 131, function 0x06, 5 bytes PDU
2026-09-16 14:28:40 [LOG] Recording 0x2411 = 1
2026-09-16 14:28:40 [LOG] Request sent, transaction 132, function 0x06, 12 bytes
2026-09-16 14:28:40 [LOG] Response received, transaction 132, function 0x06, 5 bytes PDU
2026-09-16 14:28:40 [LOG] Recording 0x241a = 1
2026-09-16 14:28:40 [LOG] Request sent, transaction 133, function 0x06, 12 bytes
2026-09-16 14:28:40 [LOG] Response received, transaction 133, function 0x06, 5 bytes PDU
2026-09-16 14:28:40 [LOG] Recording 0x2423 = 1
2026-09-16 14:28:40 [LOG] Request sent, transaction 134, function 0x03, 12 bytes
2026-09-16 14:28:40 [LOG] Response received, transaction 134, function 0x03, 4 bytes PDU
2026-09-16 14:28:40 [LOG] Reading 0x242c = 1
2026-09-16 14:28:40 [LOG] Request sent, transaction 135, function 0x03, 12 bytes
2026-09-16 14:28:40 [LOG] Response received, transaction 135, function 0x03, 4 bytes PDU
2026-09-16 14:28:40 [LOG] Reading 0x242d = 0
2026-09-16 14:28:40 [LOG] Request sent, transaction 136, function 0x03, 12 bytes
2026-09-16 14:28:40 [LOG] Response received, transaction 136, function 0x03, 4 bytes PDU
2026-09-16 14:28:40 [LOG] Reading 0x242e = 0
2026-09-16 14:28:40 [LOG] Request sent, transaction 137, function 0x03, 12 bytes
2026-09-16 14:28:40 [LOG] Response received, transaction 137, function 0x03, 4 bytes PDU
2026-09-16 14:28:40 [LOG] Reading 0x242f = 0
2026-09-16 14:28:40 [LOG] Request sent, transaction 138, function 0x03, 12 bytes
2026-09-16 14:28:40 [LOG] Response received, transaction 138, function 0x03, 4 bytes PDU
2026-09-16 14:28:40 [LOG] Reading 0x2430 = 0
2026-09-16 14:28:40 [LOG] Request sent, transaction 139, function 0x03, 12 bytes
2026-09-16 14:28:40 [LOG] Response received, transaction 139, function 0x03, 4 bytes PDU
2026-09-16 14:28:40 [LOG] Reading 0x2431 = 0
2026-09-16 14:28:40 [LOG] Request sent, transaction 140, function 0x03, 12 bytes
2026-09-16 14:28:40 [LOG] Response received, transaction 140, function 0x03, 4 bytes PDU
2026-09-16 14:28:40 [LOG] Reading 0x2432 = 0
2026-09-16 14:28:40 [LOG] Request sent, transaction 141, function 0x03, 12 bytes
2026-09-16 14:28:40 [LOG] Response received, transaction 141, function 0x03, 4 bytes PDU
2026-09-16 14:28:40 [LOG] Reading 0x2433 = 0
2026-09-16 14:28:40 [LOG] Request sent, transaction 142, function 0x03, 12 bytes
2026-09-16 14:28:40 [LOG] Response received, transaction 142, function 0x03, 4 bytes PDU
2026-09-16 14:28:40 [LOG] Reading 0x2434 = 0
2026-09-16 14:28:40 Broadcast sent to client 127.0.0.1:54667, 266 bytes
2026-09-16 14:28:48 [LOG] Request sent, transaction 143, function 0x03, 12 bytes
2026-09-16 14:28:48 [LOG] Response received, transaction 143, function 0x03, 4 bytes PDU
2026-09-16 14:28:48 [LOG] Reading 0x242c = 1
2026-09-16 14:28:48 [LOG] Request sent, transaction 144, function 0x03, 12 bytes
2026-09-16 14:28:48 [LOG] Response received, transaction 144, function 0x03, 4 bytes PDU
2026-09-16 14:28:49 [LOG] Reading 0x242d = 0
2026-09-16 14:28:49 [LOG] Request sent, transaction 145, function 0x03, 12 bytes
2026-09-16 14:28:49 [LOG] Response received, transaction 145, function 0x03, 4 bytes PDU
2026-09-16 14:28:49 [LOG] Reading 0x242e = 0
2026-09-16 14:28:49 [LOG] Request sent, transaction 146, function 0x03, 12 bytes
2026-09-16 14:28:49 [LOG] Response received, transaction 146, function 0x03, 4 bytes PDU
2026-09-16 14:28:49 [LOG] Reading 0x242f = 0
2026-09-16 14:28:49 [LOG] Request sent, transaction 147, function 0x03, 12 bytes
2026-09-16 14:28:49 [LOG] Response received, transaction 147, function 0x03, 4 bytes PDU
2026-09-16 14:28:49 [LOG] Reading 0x2430 = 0
2026-09-16 14:28:49 [LOG] Request sent, transaction 148, function 0x03, 12 bytes
2026-09-16 14:28:49 [LOG] Response received, transaction 148, function 0x03, 4 bytes PDU
2026-09-16 14:28:49 [LOG] Reading 0x2431 = 0
2026-09-16 14:28:49 [LOG] Request sent, transaction 149, function 0x03, 12 bytes
2026-09-16 14:28:49 [LOG] Response received, transaction 149, function 0x03, 4 bytes PDU
2026-09-16 14:28:49 [LOG] Reading 0x2432 = 0
2026-09-16 14:28:49 [LOG] Request sent, transaction 150, function 0x03, 12 bytes
2026-09-16 14:28:49 [LOG] Response received, transaction 150, function 0x03, 4 bytes PDU
2026-09-16 14:28:49 [LOG] Reading 0x2433 = 0
2026-09-16 14:28:49 [LOG] Request sent, transaction 151, function 0x03, 12 bytes
2026-09-16 14:28:49 [LOG] Response received, transaction 151, function 0x03, 4 bytes PDU
2026-09-16 14:28:49 [LOG] Reading 0x2434 = 0
2026-09-16 14:28:49 Broadcast sent to client 127.0.0.1:54667, 266 bytes
2026-09-16 14:29:09 [LOG] Request sent, transaction 152, function 0x03, 12 bytes
2026-09-16 14:29:09 [LOG] Response received, transaction 152, function 0x03, 4 bytes PDU
2026-09-16 14:29:09 [LOG] Reading 0x242c = 1
2026-09-16 14:29:09 [LOG] Request sent, transaction 153, function 0x03, 12 bytes
2026-09-16 14:29:09 [LOG] Response received, transaction 153, function 0x03, 4 bytes PDU
2026-09-16 14:29:09 [LOG] Reading 0x242d = 0
2026-09-16 14:29:09 [LOG] Request sent, transaction 154, function 0x03, 12 bytes
2026-09-16 14:29:09 [LOG] Response received, transaction 154, function 0x03, 4 bytes PDU
2026-09-16 14:29:09 [LOG] Reading 0x242e = 0
2026-09-16 14:29:09 [LOG] Request sent, transaction 155, function 0x03, 12 bytes
2026-09-16 14:29:09 [LOG] Response received, transaction 155, function 0x03, 4 bytes PDU
2026-09-16 14:29:09 [LOG] Reading 0x242f = 0
2026-09-16 14:29:09 [LOG] Request sent, transaction 156, function 0x03, 12 bytes
2026-09-16 14:29:09 [LOG] Response received, transaction 156, function 0x03, 4 bytes PDU
2026-09-16 14:29:09 [LOG] Reading 0x2430 = 0
2026-09-16 14:29:09 [LOG] Request sent, transaction 157, function 0x03, 12 bytes
2026-09-16 14:29:09 [LOG] Response received, transaction 157, function 0x03, 4 bytes PDU
2026-09-16 14:29:09 [LOG] Reading 0x2431 = 0
2026-09-16 14:29:09 [LOG] Request sent, transaction 158, function 0x03, 12 bytes
2026-09-16 14:29:09 [LOG] Response received, transaction 158, function 0x03, 4 bytes PDU
2026-09-16 14:29:09 [LOG] Reading 0x2432 = 0
2026-09-16 14:29:09 [LOG] Request sent, transaction 159, function 0x03, 12 bytes
2026-09-16 14:29:09 [LOG] Response received, transaction 159, function 0x03, 4 bytes PDU
2026-09-16 14:29:09 [LOG] Reading 0x2433 = 0
2026-09-16 14:29:09 [LOG] Request sent, transaction 160, function 0x03, 12 bytes
2026-09-16 14:29:09 [LOG] Response received, transaction 160, function 0x03, 4 bytes PDU
2026-09-16 14:29:09 [LOG] Reading 0x2434 = 0
2026-09-16 14:29:09 Broadcast sent to client 127.0.0.1:54667, 266 bytes
2026-09-16 14:29:29 [LOG] Request sent, transaction 161, function 0x03, 12 bytes
2026-09-16 14:29:29 [LOG] Response received, transaction 161, function 0x03, 4 bytes PDU
2026-09-16 14:29:29 [LOG] Reading 0x242c = 1
2026-09-16 14:29:29 [LOG] Request sent, transaction 162, function 0x03, 12 bytes
2026-09-16 14:29:29 [LOG] Response received, transaction 162, function 0x03, 4 bytes PDU
2026-09-16 14:29:29 [LOG] Reading 0x242d = 0
2026-09-16 14:29:29 [LOG] Request sent, transaction 163, function 0x03, 12 bytes
2026-09-16 14:29:29 [LOG] Response received, transaction 163, function 0x03, 4 bytes PDU
2026-09-16 14:29:29 [LOG] Reading 0x242e = 0
2026-09-16 14:29:29 [LOG] Request sent, transaction 164, function 0x03, 12 bytes
2026-09-16 14:29:29 [LOG] Response received, transaction 164, function 0x03, 4 bytes PDU
2026-09-16 14:29:29 [LOG] Reading 0x242f = 0
2026-09-16 14:29:29 [LOG] Request sent, transaction 165, function 0x03, 12 bytes
2026-09-16 14:29:29 [LOG] Response received, transaction 165, function 0x03, 4 bytes PDU
2026-09-16 14:29:29 [LOG] Reading 0x2430 = 0
2026-09-16 14:29:29 [LOG] Request sent, transaction 166, function 0x03, 12 bytes
2026-09-16 14:29:29 [LOG] Response received, transaction 166, function 0x03, 4 bytes PDU
2026-09-16 14:29:29 [LOG] Reading 0x2431 = 0
2026-09-16 14:29:29 [LOG] Request sent, transaction 167, function 0x03, 12 bytes
2026-09-16 14:29:29 [LOG] Response received, transaction 167, function 0x03, 4 bytes PDU
2026-09-16 14:29:29 [LOG] Reading 0x2432 = 0
2026-09-16 14:29:29 [LOG] Request sent, transaction 168, function 0x03, 12 bytes
2026-09-16 14:29:29 [LOG] Response received, transaction 168, function 0x03, 4 bytes PDU
2026-09-16 14:29:29 [LOG] Reading 0x2433 = 0
2026-09-16 14:29:29 [LOG] Request sent, transaction 169, function 0x03, 12 bytes
2026-09-16 14:29:29 [LOG] Response received, transaction 169, function 0x03, 4 bytes PDU
2026-09-16 14:29:29 [LOG] Reading 0x2434 = 0
2026-09-16 14:29:29 Broadcast sent to client 127.0.0.1:54667, 266 bytes
2026-09-16 14:29:49 [LOG] Request sent, transaction 170, function 0x03, 12 bytes
2026-09-16 14:29:49 [LOG] Response received, transaction 170, function 0x03, 4 bytes PDU
2026-09-16 14:29:49 [LOG] Reading 0x242c = 1
2026-09-16 14:29:49 [LOG] Request sent, transaction 171, function 0x03, 12 bytes
2026-09-16 14:29:49 [LOG] Response received, transaction 171, function 0x03, 4 bytes PDU
2026-09-16 14:29:49 [LOG] Reading 0x242d = 0
2026-09-16 14:29:49 [LOG] Request sent, transaction 172, function 0x03, 12 bytes
2026-09-16 14:29:49 [LOG] Response received, transaction 172, function 0x03, 4 bytes PDU
2026-09-16 14:29:49 [LOG] Reading 0x242e = 0
2026-09-16 14:29:49 [LOG] Request sent, transaction 173, function 0x03, 12 bytes
2026-09-16 14:29:49 [LOG] Response received, transaction 173, function 0x03, 4 bytes PDU
2026-09-16 14:29:49 [LOG] Reading 0x242f = 0
2026-09-16 14:29:49 [LOG] Request sent, transaction 174, function 0x03, 12 bytes
2026-09-16 14:29:49 [LOG] Response received, transaction 174, function 0x03, 4 bytes PDU
2026-09-16 14:29:49 [LOG] Reading 0x2430 = 0
2026-09-16 14:29:49 [LOG] Request sent, transaction 175, function 0x03, 12 bytes
2026-09-16 14:29:49 [LOG] Response received, transaction 175, function 0x03, 4 bytes PDU
2026-09-16 14:29:49 [LOG] Reading 0x2431 = 0
2026-09-16 14:29:49 [LOG] Request sent, transaction 176, function 0x03, 12 bytes
2026-09-16 14:29:49 [LOG] Response received, transaction 176, function 0x03, 4 bytes PDU
2026-09-16 14:29:49 [LOG] Reading 0x2432 = 0
2026-09-16 14:29:49 [LOG] Request sent, transaction 177, function 0x03, 12 bytes
2026-09-16 14:29:49 [LOG] Response received, transaction 177, function 0x03, 4 bytes PDU
2026-09-16 14:29:49 [LOG] Reading 0x2433 = 0
2026-09-16 14:29:49 [LOG] Request sent, transaction 178, function 0x03, 12 bytes
2026-09-16 14:29:49 [LOG] Response received, transaction 178, function 0x03, 4 bytes PDU
2026-09-16 14:29:49 [LOG] Reading 0x2434 = 0
2026-09-16 14:29:49 Broadcast sent to client 127.0.0.1:54667, 266 bytes
2026-09-16 14:30:09 [LOG] Request sent, transaction 179, function 0x03, 12 bytes
2026-09-16 14:30:09 [LOG] Response received, transaction 179, function 0x03, 4 bytes PDU
2026-09-16 14:30:09 [LOG] Reading 0x242c = 0
2026-09-16 14:30:09 [LOG] Request sent, transaction 180, function 0x03, 12 bytes
2026-09-16 14:30:09 [LOG] Response received, transaction 180, function 0x03, 4 bytes PDU
2026-09-16 14:30:09 [LOG] Reading 0x242d = 0
2026-09-16 14:30:09 [LOG] Request sent, transaction 181, function 0x03, 12 bytes
2026-09-16 14:30:09 [LOG] Response received, transaction 181, function 0x03, 4 bytes PDU
2026-09-16 14:30:09 [LOG] Reading 0x242e = 0
2026-09-16 14:30:09 [LOG] Request sent, transaction 182, function 0x03, 12 bytes
2026-09-16 14:30:09 [LOG] Response received, transaction 182, function 0x03, 4 bytes PDU
2026-09-16 14:30:09 [LOG] Reading 0x242f = 0
2026-09-16 14:30:09 [LOG] Request sent, transaction 183, function 0x03, 12 bytes
2026-09-16 14:30:09 [LOG] Response received, transaction 183, function 0x03, 4 bytes PDU
2026-09-16 14:30:09 [LOG] Reading 0x2430 = 0
2026-09-16 14:30:09 [LOG] Request sent, transaction 184, function 0x03, 12 bytes
2026-09-16 14:30:09 [LOG] Response received, transaction 184, function 0x03, 4 bytes PDU
2026-09-16 14:30:09 [LOG] Reading 0x2431 = 0
2026-09-16 14:30:09 [LOG] Request sent, transaction 185, function 0x03, 12 bytes
2026-09-16 14:30:09 [LOG] Response received, transaction 185, function 0x03, 4 bytes PDU
2026-09-16 14:30:09 [LOG] Reading 0x2432 = 0
2026-09-16 14:30:09 [LOG] Request sent, transaction 186, function 0x03, 12 bytes
2026-09-16 14:30:09 [LOG] Response received, transaction 186, function 0x03, 4 bytes PDU
2026-09-16 14:30:09 [LOG] Reading 0x2433 = 0
2026-09-16 14:30:09 [LOG] Request sent, transaction 187, function 0x03, 12 bytes
2026-09-16 14:30:09 [LOG] Response received, transaction 187, function 0x03, 4 bytes PDU
2026-09-16 14:30:09 [LOG] Reading 0x2434 = 0
2026-09-16 14:30:09 Broadcast sent to client 127.0.0.1:54667, 266 bytes
2026-09-16 14:30:09 Received 184 bytes
2026-09-16 14:30:09 [LOG] Request sent, transaction 188, function 0x06, 12 bytes
2026-09-16 14:30:09 [LOG] Response received, transaction 188, function 0x06, 5 bytes PDU
2026-09-16 14:30:09 [LOG] Recording 0x2435 = 0
2026-09-16 14:30:09 [LOG] Request sent, transaction 189, function 0x06, 12 bytes
2026-09-16 14:30:09 [LOG] Response received, transaction 189, function 0x06, 5 bytes PDU
2026-09-16 14:30:09 [LOG] Recording 0x23a5 = 0
2026-09-16 14:30:09 [LOG] Request sent, transaction 190, function 0x10, 17 bytes
2026-09-16 14:30:09 [LOG] Response received, transaction 190, function 0x10, 5 bytes PDU
2026-09-16 14:30:09 [LOG] Writing 32-bit 0x23ae = 0
2026-09-16 14:30:09 [LOG] Request sent, transaction 191, function 0x10, 17 bytes
2026-09-16 14:30:09 [LOG] Response received, transaction 191, function 0x10, 5 bytes PDU
2026-09-16 14:30:09 [LOG] Writing 32-bit 0x245f = 0
2026-09-16 14:30:09 [LOG] Request sent, transaction 192, function 0x06, 12 bytes
2026-09-16 14:30:09 [LOG] Response received, transaction 192, function 0x06, 5 bytes PDU
2026-09-16 14:30:09 [LOG] Recording 0x23c0 = 0
2026-09-16 14:30:09 [LOG] Request sent, transaction 193, function 0x10, 17 bytes
2026-09-16 14:30:09 [LOG] Response received, transaction 193, function 0x10, 5 bytes PDU
2026-09-16 14:30:09 [LOG] Writing 32-bit 0x23c9 = 0
2026-09-16 14:30:09 [LOG] Request sent, transaction 194, function 0x10, 17 bytes
2026-09-16 14:30:09 [LOG] Response received, transaction 194, function 0x10, 5 bytes PDU
2026-09-16 14:30:09 [LOG] Writing 32-bit 0x2471 = 0
2026-09-16 14:30:09 [LOG] Request sent, transaction 195, function 0x03, 12 bytes
2026-09-16 14:30:09 [LOG] Response received, transaction 195, function 0x03, 4 bytes PDU
2026-09-16 14:30:09 [LOG] Reading 0x242c = 0
2026-09-16 14:30:09 [LOG] Request sent, transaction 196, function 0x03, 12 bytes
2026-09-16 14:30:09 [LOG] Response received, transaction 196, function 0x03, 4 bytes PDU
2026-09-16 14:30:09 [LOG] Reading 0x242d = 0
2026-09-16 14:30:09 [LOG] Request sent, transaction 197, function 0x03, 12 bytes
2026-09-16 14:30:09 [LOG] Response received, transaction 197, function 0x03, 4 bytes PDU
2026-09-16 14:30:09 [LOG] Reading 0x242e = 0
2026-09-16 14:30:09 [LOG] Request sent, transaction 198, function 0x03, 12 bytes
2026-09-16 14:30:09 [LOG] Response received, transaction 198, function 0x03, 4 bytes PDU
2026-09-16 14:30:09 [LOG] Reading 0x242f = 0
2026-09-16 14:30:09 [LOG] Request sent, transaction 199, function 0x03, 12 bytes
2026-09-16 14:30:09 [LOG] Response received, transaction 199, function 0x03, 4 bytes PDU
2026-09-16 14:30:09 [LOG] Reading 0x2430 = 0
2026-09-16 14:30:09 [LOG] Request sent, transaction 200, function 0x03, 12 bytes
2026-09-16 14:30:09 [LOG] Response received, transaction 200, function 0x03, 4 bytes PDU
2026-09-16 14:30:09 [LOG] Reading 0x2431 = 0
2026-09-16 14:30:09 [LOG] Request sent, transaction 201, function 0x03, 12 bytes
2026-09-16 14:30:09 [LOG] Response received, transaction 201, function 0x03, 4 bytes PDU
2026-09-16 14:30:09 [LOG] Reading 0x2432 = 0
2026-09-16 14:30:09 [LOG] Request sent, transaction 202, function 0x03, 12 bytes
2026-09-16 14:30:09 [LOG] Response received, transaction 202, function 0x03, 4 bytes PDU
2026-09-16 14:30:09 [LOG] Reading 0x2433 = 0
2026-09-16 14:30:09 [LOG] Request sent, transaction 203, function 0x03, 12 bytes
2026-09-16 14:30:09 [LOG] Response received, transaction 203, function 0x03, 4 bytes PDU
2026-09-16 14:30:09 [LOG] Reading 0x2434 = 0
2026-09-16 14:30:09 Broadcast sent to client 127.0.0.1:54667, 266 bytes
2026-09-16 14:30:19 Received 163 bytes
2026-09-16 14:30:19 [LOG] Request sent, transaction 204, function 0x10, 17 bytes
2026-09-16 14:30:19 [LOG] Response received, transaction 204, function 0x10, 5 bytes PDU
2026-09-16 14:30:19 [LOG] Writing 32-bit 0x236f = 2600022
2026-09-16 14:30:19 [LOG] Request sent, transaction 205, function 0x10, 17 bytes
2026-09-16 14:30:19 [LOG] Response received, transaction 205, function 0x10, 5 bytes PDU
2026-09-16 14:30:19 [LOG] Writing 32-bit 0x2381 = 1103731098
2026-09-16 14:30:19 [LOG] Request sent, transaction 206, function 0x10, 17 bytes
2026-09-16 14:30:19 [LOG] Response received, transaction 206, function 0x10, 5 bytes PDU
2026-09-16 14:30:19 [LOG] Writing 32-bit 0x2393 = 1017370378
2026-09-16 14:30:19 [LOG] Request sent, transaction 207, function 0x06, 12 bytes
2026-09-16 14:30:19 [LOG] Response received, transaction 207, function 0x06, 5 bytes PDU
2026-09-16 14:30:19 [LOG] Recording 0x2408 = 1
2026-09-16 14:30:19 [LOG] Request sent, transaction 208, function 0x06, 12 bytes
2026-09-16 14:30:19 [LOG] Response received, transaction 208, function 0x06, 5 bytes PDU
2026-09-16 14:30:19 [LOG] Recording 0x2411 = 1
2026-09-16 14:30:19 [LOG] Request sent, transaction 209, function 0x06, 12 bytes
2026-09-16 14:30:19 [LOG] Response received, transaction 209, function 0x06, 5 bytes PDU
2026-09-16 14:30:19 [LOG] Recording 0x241a = 1
2026-09-16 14:30:19 [LOG] Request sent, transaction 210, function 0x06, 12 bytes
2026-09-16 14:30:19 [LOG] Response received, transaction 210, function 0x06, 5 bytes PDU
2026-09-16 14:30:19 [LOG] Recording 0x2423 = 1
2026-09-16 14:30:19 [LOG] Request sent, transaction 211, function 0x03, 12 bytes
2026-09-16 14:30:19 [LOG] Response received, transaction 211, function 0x03, 4 bytes PDU
2026-09-16 14:30:19 [LOG] Reading 0x242c = 0
2026-09-16 14:30:19 [LOG] Request sent, transaction 212, function 0x03, 12 bytes
2026-09-16 14:30:19 [LOG] Response received, transaction 212, function 0x03, 4 bytes PDU
2026-09-16 14:30:19 [LOG] Reading 0x242d = 0
2026-09-16 14:30:19 [LOG] Request sent, transaction 213, function 0x03, 12 bytes
2026-09-16 14:30:19 [LOG] Response received, transaction 213, function 0x03, 4 bytes PDU
2026-09-16 14:30:19 [LOG] Reading 0x242e = 0
2026-09-16 14:30:19 [LOG] Request sent, transaction 214, function 0x03, 12 bytes
2026-09-16 14:30:19 [LOG] Response received, transaction 214, function 0x03, 4 bytes PDU
2026-09-16 14:30:19 [LOG] Reading 0x242f = 0
2026-09-16 14:30:19 [LOG] Request sent, transaction 215, function 0x03, 12 bytes
2026-09-16 14:30:19 [LOG] Response received, transaction 215, function 0x03, 4 bytes PDU
2026-09-16 14:30:19 [LOG] Reading 0x2430 = 0
2026-09-16 14:30:19 [LOG] Request sent, transaction 216, function 0x03, 12 bytes
2026-09-16 14:30:19 [LOG] Response received, transaction 216, function 0x03, 4 bytes PDU
2026-09-16 14:30:19 [LOG] Reading 0x2431 = 0
2026-09-16 14:30:19 [LOG] Request sent, transaction 217, function 0x03, 12 bytes
2026-09-16 14:30:19 [LOG] Response received, transaction 217, function 0x03, 4 bytes PDU
2026-09-16 14:30:19 [LOG] Reading 0x2432 = 0
2026-09-16 14:30:19 [LOG] Request sent, transaction 218, function 0x03, 12 bytes
2026-09-16 14:30:19 [LOG] Response received, transaction 218, function 0x03, 4 bytes PDU
2026-09-16 14:30:19 [LOG] Reading 0x2433 = 0
2026-09-16 14:30:19 [LOG] Request sent, transaction 219, function 0x03, 12 bytes
2026-09-16 14:30:19 [LOG] Response received, transaction 219, function 0x03, 4 bytes PDU
2026-09-16 14:30:19 [LOG] Reading 0x2434 = 0
2026-09-16 14:30:19 Broadcast sent to client 127.0.0.1:54667, 266 bytes
2026-09-16 14:30:29 [LOG] Request sent, transaction 220, function 0x03, 12 bytes
2026-09-16 14:30:29 [LOG] Response received, transaction 220, function 0x03, 4 bytes PDU
2026-09-16 14:30:29 [LOG] Reading 0x242c = 0
2026-09-16 14:30:29 [LOG] Request sent, transaction 221, function 0x03, 12 bytes
2026-09-16 14:30:29 [LOG] Response received, transaction 221, function 0x03, 4 bytes PDU
2026-09-16 14:30:29 [LOG] Reading 0x242d = 0
2026-09-16 14:30:29 [LOG] Request sent, transaction 222, function 0x03, 12 bytes
2026-09-16 14:30:29 [LOG] Response received, transaction 222, function 0x03, 4 bytes PDU
2026-09-16 14:30:29 [LOG] Reading 0x242e = 0
2026-09-16 14:30:29 [LOG] Request sent, transaction 223, function 0x03, 12 bytes
2026-09-16 14:30:29 [LOG] Response received, transaction 223, function 0x03, 4 bytes PDU
2026-09-16 14:30:29 [LOG] Reading 0x242f = 0
2026-09-16 14:30:29 [LOG] Request sent, transaction 224, function 0x03, 12 bytes
2026-09-16 14:30:29 [LOG] Response received, transaction 224, function 0x03, 4 bytes PDU
2026-09-16 14:30:29 [LOG] Reading 0x2430 = 0
2026-09-16 14:30:29 [LOG] Request sent, transaction 225, function 0x03, 12 bytes
2026-09-16 14:30:29 [LOG] Response received, transaction 225, function 0x03, 4 bytes PDU
2026-09-16 14:30:29 [LOG] Reading 0x2431 = 0
2026-09-16 14:30:29 [LOG] Request sent, transaction 226, function 0x03, 12 bytes
2026-09-16 14:30:29 [LOG] Response received, transaction 226, function 0x03, 4 bytes PDU
2026-09-16 14:30:29 [LOG] Reading 0x2432 = 0
2026-09-16 14:30:29 [LOG] Request sent, transaction 227, function 0x03, 12 bytes
2026-09-16 14:30:29 [LOG] Response received, transaction 227, function 0x03, 4 bytes PDU
2026-09-16 14:30:29 [LOG] Reading 0x2433 = 0
2026-09-16 14:30:29 [LOG] Request sent, transaction 228, function 0x03, 12 bytes
2026-09-16 14:30:29 [LOG] Response received, transaction 228, function 0x03, 4 bytes PDU
2026-09-16 14:30:29 [LOG] Reading 0x2434 = 0
2026-09-16 14:30:29 Broadcast sent to client 127.0.0.1:54667, 266 bytes
2026-09-16 14:30:29 Received 163 bytes
2026-09-16 14:30:29 [LOG] Request sent, transaction 229, function 0x10, 17 bytes
2026-09-16 14:30:29 [LOG] Response received, transaction 229, function 0x10, 5 bytes PDU
2026-09-16 14:30:29 [LOG] Writing 32-bit 0x236f = 2600022
2026-09-16 14:30:29 [LOG] Request sent, transaction 230, function 0x10, 17 bytes
2026-09-16 14:30:29 [LOG] Response received, transaction 230, function 0x10, 5 bytes PDU
2026-09-16 14:30:29 [LOG] Writing 32-bit 0x2381 = 1103731098
2026-09-16 14:30:29 [LOG] Request sent, transaction 231, function 0x10, 17 bytes
2026-09-16 14:30:29 [LOG] Response received, transaction 231, function 0x10, 5 bytes PDU
2026-09-16 14:30:29 [LOG] Writing 32-bit 0x2393 = 1017370378
2026-09-16 14:30:29 [LOG] Request sent, transaction 232, function 0x06, 12 bytes
2026-09-16 14:30:29 [LOG] Response received, transaction 232, function 0x06, 5 bytes PDU
2026-09-16 14:30:29 [LOG] Recording 0x2408 = 1
2026-09-16 14:30:29 [LOG] Request sent, transaction 233, function 0x06, 12 bytes
2026-09-16 14:30:29 [LOG] Response received, transaction 233, function 0x06, 5 bytes PDU
2026-09-16 14:30:29 [LOG] Recording 0x2411 = 1
2026-09-16 14:30:29 [LOG] Request sent, transaction 234, function 0x06, 12 bytes
2026-09-16 14:30:29 [LOG] Response received, transaction 234, function 0x06, 5 bytes PDU
2026-09-16 14:30:29 [LOG] Recording 0x241a = 1
2026-09-16 14:30:29 [LOG] Request sent, transaction 235, function 0x06, 12 bytes
2026-09-16 14:30:29 [LOG] Response received, transaction 235, function 0x06, 5 bytes PDU
2026-09-16 14:30:29 [LOG] Recording 0x2423 = 1
2026-09-16 14:30:29 [LOG] Request sent, transaction 236, function 0x03, 12 bytes
2026-09-16 14:30:29 [LOG] Response received, transaction 236, function 0x03, 4 bytes PDU
2026-09-16 14:30:29 [LOG] Reading 0x242c = 0
2026-09-16 14:30:29 [LOG] Request sent, transaction 237, function 0x03, 12 bytes
2026-09-16 14:30:29 [LOG] Response received, transaction 237, function 0x03, 4 bytes PDU
2026-09-16 14:30:29 [LOG] Reading 0x242d = 0
2026-09-16 14:30:29 [LOG] Request sent, transaction 238, function 0x03, 12 bytes
2026-09-16 14:30:29 [LOG] Response received, transaction 238, function 0x03, 4 bytes PDU
2026-09-16 14:30:29 [LOG] Reading 0x242e = 0
2026-09-16 14:30:29 [LOG] Request sent, transaction 239, function 0x03, 12 bytes
2026-09-16 14:30:29 [LOG] Response received, transaction 239, function 0x03, 4 bytes PDU
2026-09-16 14:30:29 [LOG] Reading 0x242f = 0
2026-09-16 14:30:29 [LOG] Request sent, transaction 240, function 0x03, 12 bytes
2026-09-16 14:30:29 [LOG] Response received, transaction 240, function 0x03, 4 bytes PDU
2026-09-16 14:30:29 [LOG] Reading 0x2430 = 0
2026-09-16 14:30:29 [LOG] Request sent, transaction 241, function 0x03, 12 bytes
2026-09-16 14:30:29 [LOG] Response received, transaction 241, function 0x03, 4 bytes PDU
2026-09-16 14:30:29 [LOG] Reading 0x2431 = 0
2026-09-16 14:30:29 [LOG] Request sent, transaction 242, function 0x03, 12 bytes
2026-09-16 14:30:29 [LOG] Response received, transaction 242, function 0x03, 4 bytes PDU
2026-09-16 14:30:29 [LOG] Reading 0x2432 = 0
2026-09-16 14:30:29 [LOG] Request sent, transaction 243, function 0x03, 12 bytes
2026-09-16 14:30:29 [LOG] Response received, transaction 243, function 0x03, 4 bytes PDU
2026-09-16 14:30:29 [LOG] Reading 0x2433 = 0
2026-09-16 14:30:29 [LOG] Request sent, transaction 244, function 0x03, 12 bytes
2026-09-16 14:30:29 [LOG] Response received, transaction 244, function 0x03, 4 bytes PDU
2026-09-16 14:30:29 [LOG] Reading 0x2434 = 0
2026-09-16 14:30:29 Broadcast sent to client 127.0.0.1:54667, 266 bytes
2026-09-16 14:30:39 Received 163 bytes
2026-09-16 14:30:39 [LOG] Request sent, transaction 245, function 0x10, 17 bytes
2026-09-16 14:30:39 [LOG] Response received, transaction 245, function 0x10, 5 bytes PDU
2026-09-16 14:30:39 [LOG] Writing 32-bit 0x236f = 2600022
2026-09-16 14:30:39 [LOG] Request sent, transaction 246, function 0x10, 17 bytes
2026-09-16 14:30:39 [LOG] Response received, transaction 246, function 0x10, 5 bytes PDU
2026-09-16 14:30:39 [LOG] Writing 32-bit 0x2381 = 1103731098
2026-09-16 14:30:39 [LOG] Request sent, transaction 247, function 0x10, 17 bytes
2026-09-16 14:30:39 [LOG] Response received, transaction 247, function 0x10, 5 bytes PDU
2026-09-16 14:30:39 [LOG] Writing 32-bit 0x2393 = 1017370378
2026-09-16 14:30:40 [LOG] Request sent, transaction 248, function 0x06, 12 bytes
2026-09-16 14:30:40 [LOG] Response received, transaction 248, function 0x06, 5 bytes PDU
2026-09-16 14:30:40 [LOG] Recording 0x2408 = 1
2026-09-16 14:30:40 [LOG] Request sent, transaction 249, function 0x06, 12 bytes
2026-09-16 14:30:40 [LOG] Response received, transaction 249, function 0x06, 5 bytes PDU
2026-09-16 14:30:40 [LOG] Recording 0x2411 = 1
2026-09-16 14:30:40 [LOG] Request sent, transaction 250, function 0x06, 12 bytes
2026-09-16 14:30:40 [LOG] Response received, transaction 250, function 0x06, 5 bytes PDU
2026-09-16 14:30:40 [LOG] Recording 0x241a = 1
2026-09-16 14:30:40 [LOG] Request sent, transaction 251, function 0x06, 12 bytes
2026-09-16 14:30:40 [LOG] Response received, transaction 251, function 0x06, 5 bytes PDU
2026-09-16 14:30:40 [LOG] Recording 0x2423 = 1
2026-09-16 14:30:40 [LOG] Request sent, transaction 252, function 0x03, 12 bytes
2026-09-16 14:30:40 [LOG] Response received, transaction 252, function 0x03, 4 bytes PDU
2026-09-16 14:30:40 [LOG] Reading 0x242c = 0
2026-09-16 14:30:40 [LOG] Request sent, transaction 253, function 0x03, 12 bytes
2026-09-16 14:30:40 [LOG] Response received, transaction 253, function 0x03, 4 bytes PDU
2026-09-16 14:30:40 [LOG] Reading 0x242d = 0
2026-09-16 14:30:40 [LOG] Request sent, transaction 254, function 0x03, 12 bytes
2026-09-16 14:30:40 [LOG] Response received, transaction 254, function 0x03, 4 bytes PDU
2026-09-16 14:30:40 [LOG] Reading 0x242e = 0
2026-09-16 14:30:40 [LOG] Request sent, transaction 255, function 0x03, 12 bytes
2026-09-16 14:30:40 [LOG] Response received, transaction 255, function 0x03, 4 bytes PDU
2026-09-16 14:30:40 [LOG] Reading 0x242f = 0
2026-09-16 14:30:40 [LOG] Request sent, transaction 256, function 0x03, 12 bytes
2026-09-16 14:30:40 [LOG] Response received, transaction 256, function 0x03, 4 bytes PDU
2026-09-16 14:30:40 [LOG] Reading 0x2430 = 0
2026-09-16 14:30:40 [LOG] Request sent, transaction 257, function 0x03, 12 bytes
2026-09-16 14:30:40 [LOG] Response received, transaction 257, function 0x03, 4 bytes PDU
2026-09-16 14:30:40 [LOG] Reading 0x2431 = 0
2026-09-16 14:30:40 [LOG] Request sent, transaction 258, function 0x03, 12 bytes
2026-09-16 14:30:40 [LOG] Response received, transaction 258, function 0x03, 4 bytes PDU
2026-09-16 14:30:40 [LOG] Reading 0x2432 = 0
2026-09-16 14:30:40 [LOG] Request sent, transaction 259, function 0x03, 12 bytes
2026-09-16 14:30:40 [LOG] Response received, transaction 259, function 0x03, 4 bytes PDU
2026-09-16 14:30:40 [LOG] Reading 0x2433 = 0
2026-09-16 14:30:40 [LOG] Request sent, transaction 260, function 0x03, 12 bytes
2026-09-16 14:30:40 [LOG] Response received, transaction 260, function 0x03, 4 bytes PDU
2026-09-16 14:30:40 [LOG] Reading 0x2434 = 0
2026-09-16 14:30:40 Broadcast sent to client 127.0.0.1:54667, 266 bytes
2026-09-16 14:30:49 [LOG] Request sent, transaction 261, function 0x03, 12 bytes
2026-09-16 14:30:49 [LOG] Response received, transaction 261, function 0x03, 4 bytes PDU
2026-09-16 14:30:49 [LOG] Reading 0x242c = 0
2026-09-16 14:30:49 [LOG] Request sent, transaction 262, function 0x03, 12 bytes
2026-09-16 14:30:49 [LOG] Response received, transaction 262, function 0x03, 4 bytes PDU
2026-09-16 14:30:49 [LOG] Reading 0x242d = 0
2026-09-16 14:30:49 [LOG] Request sent, transaction 263, function 0x03, 12 bytes
2026-09-16 14:30:49 [LOG] Response received, transaction 263, function 0x03, 4 bytes PDU
2026-09-16 14:30:49 [LOG] Reading 0x242e = 0
2026-09-16 14:30:49 [LOG] Request sent, transaction 264, function 0x03, 12 bytes
2026-09-16 14:30:49 [LOG] Response received, transaction 264, function 0x03, 4 bytes PDU
2026-09-16 14:30:49 [LOG] Reading 0x242f = 0
2026-09-16 14:30:49 [LOG] Request sent, transaction 265, function 0x03, 12 bytes
2026-09-16 14:30:49 [LOG] Response received, transaction 265, function 0x03, 4 bytes PDU
2026-09-16 14:30:49 [LOG] Reading 0x2430 = 0
2026-09-16 14:30:49 [LOG] Request sent, transaction 266, function 0x03, 12 bytes
2026-09-16 14:30:49 [LOG] Response received, transaction 266, function 0x03, 4 bytes PDU
2026-09-16 14:30:49 [LOG] Reading 0x2431 = 0
2026-09-16 14:30:49 [LOG] Request sent, transaction 267, function 0x03, 12 bytes
2026-09-16 14:30:49 [LOG] Response received, transaction 267, function 0x03, 4 bytes PDU
2026-09-16 14:30:49 [LOG] Reading 0x2432 = 0
2026-09-16 14:30:49 [LOG] Request sent, transaction 268, function 0x03, 12 bytes
2026-09-16 14:30:49 [LOG] Response received, transaction 268, function 0x03, 4 bytes PDU
2026-09-16 14:30:49 [LOG] Reading 0x2433 = 0
2026-09-16 14:30:49 [LOG] Request sent, transaction 269, function 0x03, 12 bytes
2026-09-16 14:30:49 [LOG] Response received, transaction 269, function 0x03, 4 bytes PDU
2026-09-16 14:30:49 [LOG] Reading 0x2434 = 0
2026-09-16 14:30:49 Broadcast sent to client 127.0.0.1:54667, 266 bytes
2026-09-16 14:31:00 Received 163 bytes
2026-09-16 14:31:00 [LOG] Request sent, transaction 270, function 0x10, 17 bytes
2026-09-16 14:31:00 [LOG] Response received, transaction 270, function 0x10, 5 bytes PDU
2026-09-16 14:31:00 [LOG] Writing 32-bit 0x236f = 2600022
2026-09-16 14:31:00 [LOG] Request sent, transaction 271, function 0x10, 17 bytes
2026-09-16 14:31:00 [LOG] Response received, transaction 271, function 0x10, 5 bytes PDU
2026-09-16 14:31:00 [LOG] Writing 32-bit 0x2381 = 1103783526
2026-09-16 14:31:00 [LOG] Request sent, transaction 272, function 0x10, 17 bytes
2026-09-16 14:31:00 [LOG] Response received, transaction 272, function 0x10, 5 bytes PDU
2026-09-16 14:31:00 [LOG] Writing 32-bit 0x2393 = 1017370378
2026-09-16 14:31:00 [LOG] Request sent, transaction 273, function 0x06, 12 bytes
2026-09-16 14:31:00 [LOG] Response received, transaction 273, function 0x06, 5 bytes PDU
2026-09-16 14:31:00 [LOG] Recording 0x2408 = 1
2026-09-16 14:31:00 [LOG] Request sent, transaction 274, function 0x06, 12 bytes
2026-09-16 14:31:00 [LOG] Response received, transaction 274, function 0x06, 5 bytes PDU
2026-09-16 14:31:00 [LOG] Recording 0x2411 = 1
2026-09-16 14:31:00 [LOG] Request sent, transaction 275, function 0x06, 12 bytes
2026-09-16 14:31:00 [LOG] Response received, transaction 275, function 0x06, 5 bytes PDU
2026-09-16 14:31:00 [LOG] Recording 0x241a = 1
2026-09-16 14:31:00 [LOG] Request sent, transaction 276, function 0x06, 12 bytes
2026-09-16 14:31:00 [LOG] Response received, transaction 276, function 0x06, 5 bytes PDU
2026-09-16 14:31:00 [LOG] Recording 0x2423 = 1
2026-09-16 14:31:00 [LOG] Request sent, transaction 277, function 0x03, 12 bytes
2026-09-16 14:31:00 [LOG] Response received, transaction 277, function 0x03, 4 bytes PDU
2026-09-16 14:31:00 [LOG] Reading 0x242c = 0
2026-09-16 14:31:00 [LOG] Request sent, transaction 278, function 0x03, 12 bytes
2026-09-16 14:31:00 [LOG] Response received, transaction 278, function 0x03, 4 bytes PDU
2026-09-16 14:31:00 [LOG] Reading 0x242d = 0
2026-09-16 14:31:00 [LOG] Request sent, transaction 279, function 0x03, 12 bytes
2026-09-16 14:31:00 [LOG] Response received, transaction 279, function 0x03, 4 bytes PDU
2026-09-16 14:31:00 [LOG] Reading 0x242e = 0
2026-09-16 14:31:00 [LOG] Request sent, transaction 280, function 0x03, 12 bytes
2026-09-16 14:31:00 [LOG] Response received, transaction 280, function 0x03, 4 bytes PDU
2026-09-16 14:31:00 [LOG] Reading 0x242f = 0
2026-09-16 14:31:00 [LOG] Request sent, transaction 281, function 0x03, 12 bytes
2026-09-16 14:31:00 [LOG] Response received, transaction 281, function 0x03, 4 bytes PDU
2026-09-16 14:31:00 [LOG] Reading 0x2430 = 0
2026-09-16 14:31:00 [LOG] Request sent, transaction 282, function 0x03, 12 bytes
2026-09-16 14:31:00 [LOG] Response received, transaction 282, function 0x03, 4 bytes PDU
2026-09-16 14:31:00 [LOG] Reading 0x2431 = 0
2026-09-16 14:31:00 [LOG] Request sent, transaction 283, function 0x03, 12 bytes
2026-09-16 14:31:00 [LOG] Response received, transaction 283, function 0x03, 4 bytes PDU
2026-09-16 14:31:00 [LOG] Reading 0x2432 = 0
2026-09-16 14:31:00 [LOG] Request sent, transaction 284, function 0x03, 12 bytes
2026-09-16 14:31:00 [LOG] Response received, transaction 284, function 0x03, 4 bytes PDU
2026-09-16 14:31:00 [LOG] Reading 0x2433 = 0
2026-09-16 14:31:00 [LOG] Request sent, transaction 285, function 0x03, 12 bytes
2026-09-16 14:31:00 [LOG] Response received, transaction 285, function 0x03, 4 bytes PDU
2026-09-16 14:31:00 [LOG] Reading 0x2434 = 0
2026-09-16 14:31:00 Broadcast sent to client 127.0.0.1:54667, 266 bytes
2026-09-16 14:31:09 [LOG] Request sent, transaction 286, function 0x03, 12 bytes
2026-09-16 14:31:09 [LOG] Response received, transaction 286, function 0x03, 4 bytes PDU
2026-09-16 14:31:09 [LOG] Reading 0x242c = 0
2026-09-16 14:31:09 [LOG] Request sent, transaction 287, function 0x03, 12 bytes
2026-09-16 14:31:09 [LOG] Response received, transaction 287, function 0x03, 4 bytes PDU
2026-09-16 14:31:09 [LOG] Reading 0x242d = 0
2026-09-16 14:31:09 [LOG] Request sent, transaction 288, function 0x03, 12 bytes
2026-09-16 14:31:09 [LOG] Response received, transaction 288, function 0x03, 4 bytes PDU
2026-09-16 14:31:09 [LOG] Reading 0x242e = 0
2026-09-16 14:31:09 [LOG] Request sent, transaction 289, function 0x03, 12 bytes
2026-09-16 14:31:09 [LOG] Response received, transaction 289, function 0x03, 4 bytes PDU
2026-09-16 14:31:09 [LOG] Reading 0x242f = 0
2026-09-16 14:31:09 [LOG] Request sent, transaction 290, function 0x03, 12 bytes
2026-09-16 14:31:09 [LOG] Response received, transaction 290, function 0x03, 4 bytes PDU
2026-09-16 14:31:09 [LOG] Reading 0x2430 = 0
2026-09-16 14:31:09 [LOG] Request sent, transaction 291, function 0x03, 12 bytes
2026-09-16 14:31:09 [LOG] Response received, transaction 291, function 0x03, 4 bytes PDU
2026-09-16 14:31:09 [LOG] Reading 0x2431 = 0
2026-09-16 14:31:09 [LOG] Request sent, transaction 292, function 0x03, 12 bytes
2026-09-16 14:31:09 [LOG] Response received, transaction 292, function 0x03, 4 bytes PDU
2026-09-16 14:31:09 [LOG] Reading 0x2432 = 0
2026-09-16 14:31:09 [LOG] Request sent, transaction 293, function 0x03, 12 bytes
2026-09-16 14:31:09 [LOG] Response received, transaction 293, function 0x03, 4 bytes PDU
2026-09-16 14:31:09 [LOG] Reading 0x2433 = 0
2026-09-16 14:31:09 [LOG] Request sent, transaction 294, function 0x03, 12 bytes
2026-09-16 14:31:09 [LOG] Response received, transaction 294, function 0x03, 4 bytes PDU
2026-09-16 14:31:09 [LOG] Reading 0x2434 = 0
2026-09-16 14:31:09 Broadcast sent to client 127.0.0.1:54667, 266 bytes
2026-09-16 14:31:10 Received 163 bytes
2026-09-16 14:31:10 [LOG] Request sent, transaction 295, function 0x10, 17 bytes
2026-09-16 14:31:10 [LOG] Response received, transaction 295, function 0x10, 5 bytes PDU
2026-09-16 14:31:10 [LOG] Writing 32-bit 0x236f = 2600022
2026-09-16 14:31:10 [LOG] Request sent, transaction 296, function 0x10, 17 bytes
2026-09-16 14:31:10 [LOG] Response received, transaction 296, function 0x10, 5 bytes PDU
2026-09-16 14:31:10 [LOG] Writing 32-bit 0x2381 = 1103783526
2026-09-16 14:31:10 [LOG] Request sent, transaction 297, function 0x10, 17 bytes
2026-09-16 14:31:10 [LOG] Response received, transaction 297, function 0x10, 5 bytes PDU
2026-09-16 14:31:10 [LOG] Writing 32-bit 0x2393 = 1022739087
2026-09-16 14:31:10 [LOG] Request sent, transaction 298, function 0x06, 12 bytes
2026-09-16 14:31:10 [LOG] Response received, transaction 298, function 0x06, 5 bytes PDU
2026-09-16 14:31:10 [LOG] Recording 0x2408 = 1
2026-09-16 14:31:10 [LOG] Request sent, transaction 299, function 0x06, 12 bytes
2026-09-16 14:31:10 [LOG] Response received, transaction 299, function 0x06, 5 bytes PDU
2026-09-16 14:31:10 [LOG] Recording 0x2411 = 1
2026-09-16 14:31:10 [LOG] Request sent, transaction 300, function 0x06, 12 bytes
2026-09-16 14:31:10 [LOG] Response received, transaction 300, function 0x06, 5 bytes PDU
2026-09-16 14:31:10 [LOG] Recording 0x241a = 1
2026-09-16 14:31:10 [LOG] Request sent, transaction 301, function 0x06, 12 bytes
2026-09-16 14:31:10 [LOG] Response received, transaction 301, function 0x06, 5 bytes PDU
2026-09-16 14:31:10 [LOG] Recording 0x2423 = 1
2026-09-16 14:31:10 [LOG] Request sent, transaction 302, function 0x03, 12 bytes
2026-09-16 14:31:10 [LOG] Response received, transaction 302, function 0x03, 4 bytes PDU
2026-09-16 14:31:10 [LOG] Reading 0x242c = 0
2026-09-16 14:31:10 [LOG] Request sent, transaction 303, function 0x03, 12 bytes
2026-09-16 14:31:10 [LOG] Response received, transaction 303, function 0x03, 4 bytes PDU
2026-09-16 14:31:10 [LOG] Reading 0x242d = 0
2026-09-16 14:31:10 [LOG] Request sent, transaction 304, function 0x03, 12 bytes
2026-09-16 14:31:10 [LOG] Response received, transaction 304, function 0x03, 4 bytes PDU
2026-09-16 14:31:10 [LOG] Reading 0x242e = 0
2026-09-16 14:31:10 [LOG] Request sent, transaction 305, function 0x03, 12 bytes
2026-09-16 14:31:10 [LOG] Response received, transaction 305, function 0x03, 4 bytes PDU
2026-09-16 14:31:10 [LOG] Reading 0x242f = 0
2026-09-16 14:31:10 [LOG] Request sent, transaction 306, function 0x03, 12 bytes
2026-09-16 14:31:10 [LOG] Response received, transaction 306, function 0x03, 4 bytes PDU
2026-09-16 14:31:10 [LOG] Reading 0x2430 = 0
2026-09-16 14:31:10 [LOG] Request sent, transaction 307, function 0x03, 12 bytes
2026-09-16 14:31:10 [LOG] Response received, transaction 307, function 0x03, 4 bytes PDU
2026-09-16 14:31:10 [LOG] Reading 0x2431 = 0
2026-09-16 14:31:10 [LOG] Request sent, transaction 308, function 0x03, 12 bytes
2026-09-16 14:31:10 [LOG] Response received, transaction 308, function 0x03, 4 bytes PDU
2026-09-16 14:31:10 [LOG] Reading 0x2432 = 0
2026-09-16 14:31:10 [LOG] Request sent, transaction 309, function 0x03, 12 bytes
2026-09-16 14:31:10 [LOG] Response received, transaction 309, function 0x03, 4 bytes PDU
2026-09-16 14:31:10 [LOG] Reading 0x2433 = 0
2026-09-16 14:31:10 [LOG] Request sent, transaction 310, function 0x03, 12 bytes
2026-09-16 14:31:10 [LOG] Response received, transaction 310, function 0x03, 4 bytes PDU
2026-09-16 14:31:10 [LOG] Reading 0x2434 = 0
2026-09-16 14:31:10 Broadcast sent to client 127.0.0.1:54667, 266 bytes
2026-09-16 14:31:20 Received 163 bytes
2026-09-16 14:31:20 [LOG] Request sent, transaction 311, function 0x10, 17 bytes
2026-09-16 14:31:20 [LOG] Response received, transaction 311, function 0x10, 5 bytes PDU
2026-09-16 14:31:20 [LOG] Writing 32-bit 0x236f = 2600022
2026-09-16 14:31:20 [LOG] Request sent, transaction 312, function 0x10, 17 bytes
2026-09-16 14:31:20 [LOG] Response received, transaction 312, function 0x10, 5 bytes PDU
2026-09-16 14:31:20 [LOG] Writing 32-bit 0x2381 = 1103783526
2026-09-16 14:31:20 [LOG] Request sent, transaction 313, function 0x10, 17 bytes
2026-09-16 14:31:20 [LOG] Response received, transaction 313, function 0x10, 5 bytes PDU
2026-09-16 14:31:20 [LOG] Writing 32-bit 0x2393 = 1022739087
2026-09-16 14:31:20 [LOG] Request sent, transaction 314, function 0x06, 12 bytes
2026-09-16 14:31:20 [LOG] Response received, transaction 314, function 0x06, 5 bytes PDU
2026-09-16 14:31:20 [LOG] Recording 0x2408 = 1
2026-09-16 14:31:20 [LOG] Request sent, transaction 315, function 0x06, 12 bytes
2026-09-16 14:31:20 [LOG] Response received, transaction 315, function 0x06, 5 bytes PDU
2026-09-16 14:31:20 [LOG] Recording 0x2411 = 1
2026-09-16 14:31:20 [LOG] Request sent, transaction 316, function 0x06, 12 bytes
2026-09-16 14:31:20 [LOG] Response received, transaction 316, function 0x06, 5 bytes PDU
2026-09-16 14:31:20 [LOG] Recording 0x241a = 1
2026-09-16 14:31:20 [LOG] Request sent, transaction 317, function 0x06, 12 bytes
2026-09-16 14:31:20 [LOG] Response received, transaction 317, function 0x06, 5 bytes PDU
2026-09-16 14:31:20 [LOG] Recording 0x2423 = 1
2026-09-16 14:31:20 [LOG] Request sent, transaction 318, function 0x03, 12 bytes
2026-09-16 14:31:20 [LOG] Response received, transaction 318, function 0x03, 4 bytes PDU
2026-09-16 14:31:20 [LOG] Reading 0x242c = 0
2026-09-16 14:31:20 [LOG] Request sent, transaction 319, function 0x03, 12 bytes
2026-09-16 14:31:20 [LOG] Response received, transaction 319, function 0x03, 4 bytes PDU
2026-09-16 14:31:20 [LOG] Reading 0x242d = 0
2026-09-16 14:31:20 [LOG] Request sent, transaction 320, function 0x03, 12 bytes
2026-09-16 14:31:20 [LOG] Response received, transaction 320, function 0x03, 4 bytes PDU
2026-09-16 14:31:20 [LOG] Reading 0x242e = 0
2026-09-16 14:31:20 [LOG] Request sent, transaction 321, function 0x03, 12 bytes
2026-09-16 14:31:20 [LOG] Response received, transaction 321, function 0x03, 4 bytes PDU
2026-09-16 14:31:20 [LOG] Reading 0x242f = 0
2026-09-16 14:31:20 [LOG] Request sent, transaction 322, function 0x03, 12 bytes
2026-09-16 14:31:20 [LOG] Response received, transaction 322, function 0x03, 4 bytes PDU
2026-09-16 14:31:20 [LOG] Reading 0x2430 = 0
2026-09-16 14:31:20 [LOG] Request sent, transaction 323, function 0x03, 12 bytes
2026-09-16 14:31:20 [LOG] Response received, transaction 323, function 0x03, 4 bytes PDU
2026-09-16 14:31:20 [LOG] Reading 0x2431 = 0
2026-09-16 14:31:20 [LOG] Request sent, transaction 324, function 0x03, 12 bytes
2026-09-16 14:31:20 [LOG] Response received, transaction 324, function 0x03, 4 bytes PDU
2026-09-16 14:31:20 [LOG] Reading 0x2432 = 0
2026-09-16 14:31:20 [LOG] Request sent, transaction 325, function 0x03, 12 bytes
2026-09-16 14:31:20 [LOG] Response received, transaction 325, function 0x03, 4 bytes PDU
2026-09-16 14:31:20 [LOG] Reading 0x2433 = 0
2026-09-16 14:31:20 [LOG] Request sent, transaction 326, function 0x03, 12 bytes
2026-09-16 14:31:20 [LOG] Response received, transaction 326, function 0x03, 4 bytes PDU
2026-09-16 14:31:20 [LOG] Reading 0x2434 = 0
2026-09-16 14:31:20 Broadcast sent to client 127.0.0.1:54667, 266 bytes
2026-09-16 14:31:29 [LOG] Request sent, transaction 327, function 0x03, 12 bytes
2026-09-16 14:31:29 [LOG] Response received, transaction 327, function 0x03, 4 bytes PDU
2026-09-16 14:31:29 [LOG] Reading 0x242c = 0
2026-09-16 14:31:29 [LOG] Request sent, transaction 328, function 0x03, 12 bytes
2026-09-16 14:31:29 [LOG] Response received, transaction 328, function 0x03, 4 bytes PDU
2026-09-16 14:31:29 [LOG] Reading 0x242d = 0
2026-09-16 14:31:29 [LOG] Request sent, transaction 329, function 0x03, 12 bytes
2026-09-16 14:31:29 [LOG] Response received, transaction 329, function 0x03, 4 bytes PDU
2026-09-16 14:31:29 [LOG] Reading 0x242e = 0
2026-09-16 14:31:29 [LOG] Request sent, transaction 330, function 0x03, 12 bytes
2026-09-16 14:31:29 [LOG] Response received, transaction 330, function 0x03, 4 bytes PDU
2026-09-16 14:31:29 [LOG] Reading 0x242f = 0
2026-09-16 14:31:29 [LOG] Request sent, transaction 331, function 0x03, 12 bytes
2026-09-16 14:31:29 [LOG] Response received, transaction 331, function 0x03, 4 bytes PDU
2026-09-16 14:31:29 [LOG] Reading 0x2430 = 0
2026-09-16 14:31:29 [LOG] Request sent, transaction 332, function 0x03, 12 bytes
2026-09-16 14:31:29 [LOG] Response received, transaction 332, function 0x03, 4 bytes PDU
2026-09-16 14:31:29 [LOG] Reading 0x2431 = 0
2026-09-16 14:31:29 [LOG] Request sent, transaction 333, function 0x03, 12 bytes
2026-09-16 14:31:29 [LOG] Response received, transaction 333, function 0x03, 4 bytes PDU
2026-09-16 14:31:29 [LOG] Reading 0x2432 = 0
2026-09-16 14:31:29 [LOG] Request sent, transaction 334, function 0x03, 12 bytes
2026-09-16 14:31:29 [LOG] Response received, transaction 334, function 0x03, 4 bytes PDU
2026-09-16 14:31:29 [LOG] Reading 0x2433 = 0
2026-09-16 14:31:29 [LOG] Request sent, transaction 335, function 0x03, 12 bytes
2026-09-16 14:31:29 [LOG] Response received, transaction 335, function 0x03, 4 bytes PDU
2026-09-16 14:31:29 [LOG] Reading 0x2434 = 0
2026-09-16 14:31:29 Broadcast sent to client 127.0.0.1:54667, 266 bytes
2026-09-16 14:31:30 Received 163 bytes
2026-09-16 14:31:30 [LOG] Request sent, transaction 336, function 0x10, 17 bytes
2026-09-16 14:31:30 [LOG] Response received, transaction 336, function 0x10, 5 bytes PDU
2026-09-16 14:31:30 [LOG] Writing 32-bit 0x236f = 2600022
2026-09-16 14:31:30 [LOG] Request sent, transaction 337, function 0x10, 17 bytes
2026-09-16 14:31:30 [LOG] Response received, transaction 337, function 0x10, 5 bytes PDU
2026-09-16 14:31:30 [LOG] Writing 32-bit 0x2381 = 1103783526
2026-09-16 14:31:30 [LOG] Request sent, transaction 338, function 0x10, 17 bytes
2026-09-16 14:31:30 [LOG] Response received, transaction 338, function 0x10, 5 bytes PDU
2026-09-16 14:31:30 [LOG] Writing 32-bit 0x2393 = 1022739087
2026-09-16 14:31:30 [LOG] Request sent, transaction 339, function 0x06, 12 bytes
2026-09-16 14:31:30 [LOG] Response received, transaction 339, function 0x06, 5 bytes PDU
2026-09-16 14:31:30 [LOG] Recording 0x2408 = 1
2026-09-16 14:31:30 [LOG] Request sent, transaction 340, function 0x06, 12 bytes
2026-09-16 14:31:30 [LOG] Response received, transaction 340, function 0x06, 5 bytes PDU
2026-09-16 14:31:30 [LOG] Recording 0x2411 = 1
2026-09-16 14:31:30 [LOG] Request sent, transaction 341, function 0x06, 12 bytes
2026-09-16 14:31:30 [LOG] Response received, transaction 341, function 0x06, 5 bytes PDU
2026-09-16 14:31:30 [LOG] Recording 0x241a = 1
2026-09-16 14:31:30 [LOG] Request sent, transaction 342, function 0x06, 12 bytes
2026-09-16 14:31:30 [LOG] Response received, transaction 342, function 0x06, 5 bytes PDU
2026-09-16 14:31:30 [LOG] Recording 0x2423 = 1
2026-09-16 14:31:30 [LOG] Request sent, transaction 343, function 0x03, 12 bytes
2026-09-16 14:31:30 [LOG] Response received, transaction 343, function 0x03, 4 bytes PDU
2026-09-16 14:31:30 [LOG] Reading 0x242c = 0
2026-09-16 14:31:30 [LOG] Request sent, transaction 344, function 0x03, 12 bytes
2026-09-16 14:31:30 [LOG] Response received, transaction 344, function 0x03, 4 bytes PDU
2026-09-16 14:31:30 [LOG] Reading 0x242d = 0
2026-09-16 14:31:30 [LOG] Request sent, transaction 345, function 0x03, 12 bytes
2026-09-16 14:31:30 [LOG] Response received, transaction 345, function 0x03, 4 bytes PDU
2026-09-16 14:31:30 [LOG] Reading 0x242e = 0
2026-09-16 14:31:30 [LOG] Request sent, transaction 346, function 0x03, 12 bytes
2026-09-16 14:31:30 [LOG] Response received, transaction 346, function 0x03, 4 bytes PDU
2026-09-16 14:31:30 [LOG] Reading 0x242f = 0
2026-09-16 14:31:30 [LOG] Request sent, transaction 347, function 0x03, 12 bytes
2026-09-16 14:31:30 [LOG] Response received, transaction 347, function 0x03, 4 bytes PDU
2026-09-16 14:31:30 [LOG] Reading 0x2430 = 0
2026-09-16 14:31:30 [LOG] Request sent, transaction 348, function 0x03, 12 bytes
2026-09-16 14:31:30 [LOG] Response received, transaction 348, function 0x03, 4 bytes PDU
2026-09-16 14:31:30 [LOG] Reading 0x2431 = 0
2026-09-16 14:31:30 [LOG] Request sent, transaction 349, function 0x03, 12 bytes
2026-09-16 14:31:30 [LOG] Response received, transaction 349, function 0x03, 4 bytes PDU
2026-09-16 14:31:30 [LOG] Reading 0x2432 = 0
2026-09-16 14:31:30 [LOG] Request sent, transaction 350, function 0x03, 12 bytes
2026-09-16 14:31:30 [LOG] Response received, transaction 350, function 0x03, 4 bytes PDU
2026-09-16 14:31:30 [LOG] Reading 0x2433 = 0
2026-09-16 14:31:30 [LOG] Request sent, transaction 351, function 0x03, 12 bytes
2026-09-16 14:31:30 [LOG] Response received, transaction 351, function 0x03, 4 bytes PDU
2026-09-16 14:31:30 [LOG] Reading 0x2434 = 0
2026-09-16 14:31:30 Broadcast sent to client 127.0.0.1:54667, 266 bytes
2026-09-16 14:31:40 Received 163 bytes
2026-09-16 14:31:40 [LOG] Request sent, transaction 352, function 0x10, 17 bytes
2026-09-16 14:31:40 [LOG] Response received, transaction 352, function 0x10, 5 bytes PDU
2026-09-16 14:31:40 [LOG] Writing 32-bit 0x236f = 2600022
2026-09-16 14:31:40 [LOG] Request sent, transaction 353, function 0x10, 17 bytes
2026-09-16 14:31:40 [LOG] Response received, transaction 353, function 0x10, 5 bytes PDU
2026-09-16 14:31:40 [LOG] Writing 32-bit 0x2381 = 1103783526
2026-09-16 14:31:40 [LOG] Request sent, transaction 354, function 0x10, 17 bytes
2026-09-16 14:31:40 [LOG] Response received, transaction 354, function 0x10, 5 bytes PDU
2026-09-16 14:31:40 [LOG] Writing 32-bit 0x2393 = 1017370378
2026-09-16 14:31:40 [LOG] Request sent, transaction 355, function 0x06, 12 bytes
2026-09-16 14:31:40 [LOG] Response received, transaction 355, function 0x06, 5 bytes PDU
2026-09-16 14:31:40 [LOG] Recording 0x2408 = 1
2026-09-16 14:31:40 [LOG] Request sent, transaction 356, function 0x06, 12 bytes
2026-09-16 14:31:40 [LOG] Response received, transaction 356, function 0x06, 5 bytes PDU
2026-09-16 14:31:40 [LOG] Recording 0x2411 = 1
2026-09-16 14:31:40 [LOG] Request sent, transaction 357, function 0x06, 12 bytes
2026-09-16 14:31:40 [LOG] Response received, transaction 357, function 0x06, 5 bytes PDU
2026-09-16 14:31:40 [LOG] Recording 0x241a = 1
2026-09-16 14:31:40 [LOG] Request sent, transaction 358, function 0x06, 12 bytes
2026-09-16 14:31:40 [LOG] Response received, transaction 358, function 0x06, 5 bytes PDU
2026-09-16 14:31:40 [LOG] Recording 0x2423 = 1
2026-09-16 14:31:40 [LOG] Request sent, transaction 359, function 0x03, 12 bytes
2026-09-16 14:31:40 [LOG] Response received, transaction 359, function 0x03, 4 bytes PDU
2026-09-16 14:31:40 [LOG] Reading 0x242c = 0
2026-09-16 14:31:40 [LOG] Request sent, transaction 360, function 0x03, 12 bytes
2026-09-16 14:31:40 [LOG] Response received, transaction 360, function 0x03, 4 bytes PDU
2026-09-16 14:31:40 [LOG] Reading 0x242d = 0
2026-09-16 14:31:40 [LOG] Request sent, transaction 361, function 0x03, 12 bytes
2026-09-16 14:31:40 [LOG] Response received, transaction 361, function 0x03, 4 bytes PDU
2026-09-16 14:31:40 [LOG] Reading 0x242e = 0
2026-09-16 14:31:40 [LOG] Request sent, transaction 362, function 0x03, 12 bytes
2026-09-16 14:31:40 [LOG] Response received, transaction 362, function 0x03, 4 bytes PDU
2026-09-16 14:31:40 [LOG] Reading 0x242f = 0
2026-09-16 14:31:40 [LOG] Request sent, transaction 363, function 0x03, 12 bytes
2026-09-16 14:31:40 [LOG] Response received, transaction 363, function 0x03, 4 bytes PDU
2026-09-16 14:31:40 [LOG] Reading 0x2430 = 0
2026-09-16 14:31:40 [LOG] Request sent, transaction 364, function 0x03, 12 bytes
2026-09-16 14:31:40 [LOG] Response received, transaction 364, function 0x03, 4 bytes PDU
2026-09-16 14:31:40 [LOG] Reading 0x2431 = 0
2026-09-16 14:31:40 [LOG] Request sent, transaction 365, function 0x03, 12 bytes
2026-09-16 14:31:40 [LOG] Response received, transaction 365, function 0x03, 4 bytes PDU
2026-09-16 14:31:40 [LOG] Reading 0x2432 = 0
2026-09-16 14:31:40 [LOG] Request sent, transaction 366, function 0x03, 12 bytes
2026-09-16 14:31:40 [LOG] Response received, transaction 366, function 0x03, 4 bytes PDU
2026-09-16 14:31:40 [LOG] Reading 0x2433 = 0
2026-09-16 14:31:40 [LOG] Request sent, transaction 367, function 0x03, 12 bytes
2026-09-16 14:31:40 [LOG] Response received, transaction 367, function 0x03, 4 bytes PDU
2026-09-16 14:31:40 [LOG] Reading 0x2434 = 0
2026-09-16 14:31:40 Broadcast sent to client 127.0.0.1:54667, 266 bytes
2026-09-16 14:31:49 [LOG] Request sent, transaction 368, function 0x03, 12 bytes
2026-09-16 14:31:49 [LOG] Response received, transaction 368, function 0x03, 4 bytes PDU
2026-09-16 14:31:49 [LOG] Reading 0x242c = 0
2026-09-16 14:31:49 [LOG] Request sent, transaction 369, function 0x03, 12 bytes
2026-09-16 14:31:49 [LOG] Response received, transaction 369, function 0x03, 4 bytes PDU
2026-09-16 14:31:49 [LOG] Reading 0x242d = 0
2026-09-16 14:31:49 [LOG] Request sent, transaction 370, function 0x03, 12 bytes
2026-09-16 14:31:49 [LOG] Response received, transaction 370, function 0x03, 4 bytes PDU
2026-09-16 14:31:49 [LOG] Reading 0x242e = 0
2026-09-16 14:31:49 [LOG] Request sent, transaction 371, function 0x03, 12 bytes
2026-09-16 14:31:49 [LOG] Response received, transaction 371, function 0x03, 4 bytes PDU
2026-09-16 14:31:49 [LOG] Reading 0x242f = 0
2026-09-16 14:31:49 [LOG] Request sent, transaction 372, function 0x03, 12 bytes
2026-09-16 14:31:49 [LOG] Response received, transaction 372, function 0x03, 4 bytes PDU
2026-09-16 14:31:49 [LOG] Reading 0x2430 = 0
2026-09-16 14:31:49 [LOG] Request sent, transaction 373, function 0x03, 12 bytes
2026-09-16 14:31:49 [LOG] Response received, transaction 373, function 0x03, 4 bytes PDU
2026-09-16 14:31:49 [LOG] Reading 0x2431 = 0
2026-09-16 14:31:49 [LOG] Request sent, transaction 374, function 0x03, 12 bytes
2026-09-16 14:31:49 [LOG] Response received, transaction 374, function 0x03, 4 bytes PDU
2026-09-16 14:31:49 [LOG] Reading 0x2432 = 0
2026-09-16 14:31:49 [LOG] Request sent, transaction 375, function 0x03, 12 bytes
2026-09-16 14:31:49 [LOG] Response received, transaction 375, function 0x03, 4 bytes PDU
2026-09-16 14:31:49 [LOG] Reading 0x2433 = 0
2026-09-16 14:31:49 [LOG] Request sent, transaction 376, function 0x03, 12 bytes
2026-09-16 14:31:49 [LOG] Response received, transaction 376, function 0x03, 4 bytes PDU
2026-09-16 14:31:49 [LOG] Reading 0x2434 = 0
2026-09-16 14:31:49 Broadcast sent to client 127.0.0.1:54667, 266 bytes
2026-09-16 14:31:49 Client disconnected
2026-09-16 14:31:49 [LOG] Connection to PLC lost
2026-09-16 14:31:49 [SYSTEM] Communication with PLC lost
2026-09-16 14:31:49 [LOG] Disconnected from PLC
2026-09-16 14:31:49 Server stopped
2026-09-16 14:31:49 [SYSTEM] Application stopped
2026-09-16 15:43:04 [SYSTEM] Starting ModBusBridgeService
2026-09-16 15:43:04 [LOG] Parameters set: IP=127.0.0.1, port=502
2026-09-16 15:43:04 [LOG] Attempting to connect to PLC...
2026-09-16 15:43:04 Server is running on port 12345
2026-09-16 15:43:04 [SYSTEM] Starting event loop
2026-09-16 15:43:04 [LOG] Connection to PLC established
2026-09-16 15:43:04 [SYSTEM] Connection to PLC established
2026-09-16 15:43:05 Client connected: 127.0.0.1:55866
2026-09-16 15:43:05 Received 178 bytes
2026-09-16 15:43:05 [LOG] Request sent, transaction 1, function 0x10, 17 bytes
2026-09-16 15:43:05 [LOG] Response received, transaction 1, function 0x10, 5 bytes PDU
2026-09-16 15:43:05 [LOG] Writing 32-bit 0x236f = 2600022
2026-09-16 15:43:05 [LOG] Request sent, transaction 2, function 0x10, 17 bytes
2026-09-16 15:43:05 [LOG] Response received, transaction 2, function 0x10, 5 bytes PDU
2026-09-16 15:43:05 [LOG] Writing 32-bit 0x2381 = 0
2026-09-16 15:43:05 [LOG] Request sent, transaction 3, function 0x10, 17 bytes
2026-09-16 15:43:05 [LOG] Response received, transaction 3, function 0x10, 5 bytes PDU
2026-09-16 15:43:05 [LOG] Writing 32-bit 0x2393 = 1017370378
2026-09-16 15:43:05 [LOG] Request sent, transaction 4, function 0x06, 12 bytes
2026-09-16 15:43:05 [LOG] Response received, transaction 4, function 0x06, 5 bytes PDU
2026-09-16 15:43:05 [LOG] Recording 0x2408 = 1
2026-09-16 15:43:05 [LOG] Request sent, transaction 5, function 0x06, 12 bytes
2026-09-16 15:43:05 [LOG] Response received, transaction 5, function 0x06, 5 bytes PDU
2026-09-16 15:43:05 [LOG] Recording 0x2411 = 1
2026-09-16 15:43:05 [LOG] Request sent, transaction 6, function 0x06, 12 bytes
2026-09-16 15:43:05 [LOG] Response received, transaction 6, function 0x06, 5 bytes PDU
2026-09-16 15:43:05 [LOG] Recording 0x241a = 1
2026-09-16 15:43:05 [LOG] Request sent, transaction 7, function 0x06, 12 bytes
2026-09-16 15:43:05 [LOG] Response received, transaction 7, function 0x06, 5 bytes PDU
2026-09-16 15:43:05 [LOG] Recording 0x2423 = 1
2026-09-16 15:43:05 [LOG] Request sent, transaction 8, function 0x03, 12 bytes
2026-09-16 15:43:05 [LOG] Response received, transaction 8, function 0x03, 4 bytes PDU
2026-09-16 15:43:05 [LOG] Reading 0x242c = 1
2026-09-16 15:43:05 [LOG] Request sent, transaction 9, function 0x03, 12 bytes
2026-09-16 15:43:05 [LOG] Response received, transaction 9, function 0x03, 4 bytes PDU
2026-09-16 15:43:05 [LOG] Reading 0x242d = 0
2026-09-16 15:43:05 [LOG] Request sent, transaction 10, function 0x03, 12 bytes
2026-09-16 15:43:05 [LOG] Response received, transaction 10, function 0x03, 4 bytes PDU
2026-09-16 15:43:05 [LOG] Reading 0x242e = 0
2026-09-16 15:43:05 [LOG] Request sent, transaction 11, function 0x03, 12 bytes
2026-09-16 15:43:05 [LOG] Response received, transaction 11, function 0x03, 4 bytes PDU
2026-09-16 15:43:05 [LOG] Reading 0x242f = 0
2026-09-16 15:43:05 [LOG] Request sent, transaction 12, function 0x03, 12 bytes
2026-09-16 15:43:05 [LOG] Response received, transaction 12, function 0x03, 4 bytes PDU
2026-09-16 15:43:05 [LOG] Reading 0x2430 = 0
2026-09-16 15:43:05 [LOG] Request sent, transaction 13, function 0x03, 12 bytes
2026-09-16 15:43:05 [LOG] Response received, transaction 13, function 0x03, 4 bytes PDU
2026-09-16 15:43:05 [LOG] Reading 0x2431 = 0
2026-09-16 15:43:05 [LOG] Request sent, transaction 14, function 0x03, 12 bytes
2026-09-16 15:43:05 [LOG] Response received, transaction 14, function 0x03, 4 bytes PDU
2026-09-16 15:43:05 [LOG] Reading 0x2432 = 0
2026-09-16 15:43:05 [LOG] Request sent, transaction 15, function 0x03, 12 bytes
2026-09-16 15:43:05 [LOG] Response received, transaction 15, function 0x03, 4 bytes PDU
2026-09-16 15:43:05 [LOG] Reading 0x2433 = 0
2026-09-16 15:43:05 [LOG] Request sent, transaction 16, function 0x03, 12 bytes
2026-09-16 15:43:05 [LOG] Response received, transaction 16, function 0x03, 4 bytes PDU
2026-09-16 15:43:05 [LOG] Reading 0x2434 = 0
2026-09-16 15:43:05 Broadcast sent to client 127.0.0.1:55866, 266 bytes
2026-09-16 15:43:05 [LOG] Request sent, transaction 17, function 0x03, 12 bytes
2026-09-16 15:43:05 [LOG] Response received, transaction 17, function 0x03, 4 bytes PDU
2026-09-16 15:43:05 [LOG] Reading 0x242c = 1
2026-09-16 15:43:05 [LOG] Request sent, transaction 18, function 0x03, 12 bytes
2026-09-16 15:43:05 [LOG] Response received, transaction 18, function 0x03, 4 bytes PDU
2026-09-16 15:43:05 [LOG] Reading 0x242d = 0
2026-09-16 15:43:05 [LOG] Request sent, transaction 19, function 0x03, 12 bytes
2026-09-16 15:43:05 [LOG] Response received, transaction 19, function 0x03, 4 bytes PDU
2026-09-16 15:43:05 [LOG] Reading 0x242e = 0
2026-09-16 15:43:05 [LOG] Request sent, transaction 20, function 0x03, 12 bytes
2026-09-16 15:43:05 [LOG] Response received, transaction 20, function 0x03, 4 bytes PDU
2026-09-16 15:43:05 [LOG] Reading 0x242f = 0
2026-09-16 15:43:05 [LOG] Request sent, transaction 21, function 0x03, 12 bytes
2026-09-16 15:43:05 [LOG] Response received, transaction 21, function 0x03, 4 bytes PDU
2026-09-16 15:43:05 [LOG] Reading 0x2430 = 0
2026-09-16 15:43:05 [LOG] Request sent, transaction 22, function 0x03, 12 bytes
2026-09-16 15:43:05 [LOG] Response received, transaction 22, function 0x03, 4 bytes PDU
2026-09-16 15:43:05 [LOG] Reading 0x2431 = 0
2026-09-16 15:43:05 [LOG] Request sent, transaction 23, function 0x03, 12 bytes
2026-09-16 15:43:05 [LOG] Response received, transaction 23, function 0x03, 4 bytes PDU
2026-09-16 15:43:05 [LOG] Reading 0x2432 = 0
2026-09-16 15:43:05 [LOG] Request sent, transaction 24, function 0x03, 12 bytes
2026-09-16 15:43:05 [LOG] Response received, transaction 24, function 0x03, 4 bytes PDU
2026-09-16 15:43:05 [LOG] Reading 0x2433 = 0
2026-09-16 15:43:05 [LOG] Request sent, transaction 25, function 0x03, 12 bytes
2026-09-16 15:43:05 [LOG] Response received, transaction 25, function 0x03, 4 bytes PDU
2026-09-16 15:43:05 [LOG] Reading 0x2434 = 0
2026-09-16 15:43:05 Broadcast sent to client 127.0.0.1:55866, 266 bytes
2026-09-16 15:43:05 Received 184 bytes
2026-09-16 15:43:05 [LOG] Request sent, transaction 26, function 0x06, 12 bytes
2026-09-16 15:43:05 [LOG] Response received, transaction 26, function 0x06, 5 bytes PDU
2026-09-16 15:43:05 [LOG] Recording 0x2435 = 0
2026-09-16 15:43:05 [LOG] Request sent, transaction 27, function 0x06, 12 bytes
2026-09-16 15:43:05 [LOG] Response received, transaction 27, function 0x06, 5 bytes PDU
2026-09-16 15:43:05 [LOG] Recording 0x23a5 = 0
2026-09-16 15:43:05 [LOG] Request sent, transaction 28, function 0x10, 17 bytes
2026-09-16 15:43:05 [LOG] Response received, transaction 28, function 0x10, 5 bytes PDU
2026-09-16 15:43:05 [LOG] Writing 32-bit 0x23ae = 0
2026-09-16 15:43:05 [LOG] Request sent, transaction 29, function 0x10, 17 bytes
2026-09-16 15:43:05 [LOG] Response received, transaction 29, function 0x10, 5 bytes PDU
2026-09-16 15:43:05 [LOG] Writing 32-bit 0x245f = 0
2026-09-16 15:43:05 [LOG] Request sent, transaction 30, function 0x06, 12 bytes
2026-09-16 15:43:05 [LOG] Response received, transaction 30, function 0x06, 5 bytes PDU
2026-09-16 15:43:05 [LOG] Recording 0x23c0 = 0
2026-09-16 15:43:05 [LOG] Request sent, transaction 31, function 0x10, 17 bytes
2026-09-16 15:43:05 [LOG] Response received, transaction 31, function 0x10, 5 bytes PDU
2026-09-16 15:43:05 [LOG] Writing 32-bit 0x23c9 = 0
2026-09-16 15:43:05 [LOG] Request sent, transaction 32, function 0x10, 17 bytes
2026-09-16 15:43:05 [LOG] Response received, transaction 32, function 0x10, 5 bytes PDU
2026-09-16 15:43:05 [LOG] Writing 32-bit 0x2471 = 0
2026-09-16 15:43:05 [LOG] Request sent, transaction 33, function 0x03, 12 bytes
2026-09-16 15:43:05 [LOG] Response received, transaction 33, function 0x03, 4 bytes PDU
2026-09-16 15:43:05 [LOG] Reading 0x242c = 1
2026-09-16 15:43:05 [LOG] Request sent, transaction 34, function 0x03, 12 bytes
2026-09-16 15:43:05 [LOG] Response received, transaction 34, function 0x03, 4 bytes PDU
2026-09-16 15:43:05 [LOG] Reading 0x242d = 0
2026-09-16 15:43:05 [LOG] Request sent, transaction 35, function 0x03, 12 bytes
2026-09-16 15:43:05 [LOG] Response received, transaction 35, function 0x03, 4 bytes PDU
2026-09-16 15:43:05 [LOG] Reading 0x242e = 0
2026-09-16 15:43:05 [LOG] Request sent, transaction 36, function 0x03, 12 bytes
2026-09-16 15:43:05 [LOG] Response received, transaction 36, function 0x03, 4 bytes PDU
2026-09-16 15:43:05 [LOG] Reading 0x242f = 0
2026-09-16 15:43:05 [LOG] Request sent, transaction 37, function 0x03, 12 bytes
2026-09-16 15:43:05 [LOG] Response received, transaction 37, function 0x03, 4 bytes PDU
2026-09-16 15:43:05 [LOG] Reading 0x2430 = 0
2026-09-16 15:43:05 [LOG] Request sent, transaction 38, function 0x03, 12 bytes
2026-09-16 15:43:05 [LOG] Response received, transaction 38, function 0x03, 4 bytes PDU
2026-09-16 15:43:05 [LOG] Reading 0x2431 = 0
2026-09-16 15:43:05 [LOG] Request sent, transaction 39, function 0x03, 12 bytes
2026-09-16 15:43:05 [LOG] Response received, transaction 39, function 0x03, 4 bytes PDU
2026-09-16 15:43:05 [LOG] Reading 0x2432 = 0
2026-09-16 15:43:05 [LOG] Request sent, transaction 40, function 0x03, 12 bytes
2026-09-16 15:43:05 [LOG] Response received, transaction 40, function 0x03, 4 bytes PDU
2026-09-16 15:43:05 [LOG] Reading 0x2433 = 0
2026-09-16 15:43:05 [LOG] Request sent, transaction 41, function 0x03, 12 bytes
2026-09-16 15:43:05 [LOG] Response received, transaction 41, function 0x03, 4 bytes PDU
2026-09-16 15:43:05 [LOG] Reading 0x2434 = 0
2026-09-16 15:43:05 Broadcast sent to client 127.0.0.1:55866, 266 bytes
2026-09-16 15:43:13 Received 162 bytes
2026-09-16 15:43:13 [LOG] Request sent, transaction 42, function 0x10, 17 bytes
2026-09-16 15:43:13 [LOG] Response received, transaction 42, function 0x10, 5 bytes PDU
2026-09-16 15:43:13 [LOG] Writing 32-bit 0x236f = 2600022
2026-09-16 15:43:13 [LOG] Request sent, transaction 43, function 0x10, 17 bytes
2026-09-16 15:43:13 [LOG] Response received, transaction 43, function 0x10, 5 bytes PDU
2026-09-16 15:43:13 [LOG] Writing 32-bit 0x2381 = 0
2026-09-16 15:43:13 [LOG] Request sent, transaction 44, function 0x10, 17 bytes
2026-09-16 15:43:13 [LOG] Response received, transaction 44, function 0x10, 5 bytes PDU
2026-09-16 15:43:13 [LOG] Writing 32-bit 0x2393 = 1017370378
2026-09-16 15:43:13 [LOG] Request sent, transaction 45, function 0x06, 12 bytes
2026-09-16 15:43:13 [LOG] Response received, transaction 45, function 0x06, 5 bytes PDU
2026-09-16 15:43:13 [LOG] Recording 0x2408 = 1
2026-09-16 15:43:13 [LOG] Request sent, transaction 46, function 0x06, 12 bytes
2026-09-16 15:43:13 [LOG] Response received, transaction 46, function 0x06, 5 bytes PDU
2026-09-16 15:43:13 [LOG] Recording 0x2411 = 1
2026-09-16 15:43:13 [LOG] Request sent, transaction 47, function 0x06, 12 bytes
2026-09-16 15:43:13 [LOG] Response received, transaction 47, function 0x06, 5 bytes PDU
2026-09-16 15:43:13 [LOG] Recording 0x241a = 1
2026-09-16 15:43:13 [LOG] Request sent, transaction 48, function 0x06, 12 bytes
2026-09-16 15:43:13 [LOG] Response received, transaction 48, function 0x06, 5 bytes PDU
2026-09-16 15:43:13 [LOG] Recording 0x2423 = 1
2026-09-16 15:43:13 [LOG] Request sent, transaction 49, function 0x03, 12 bytes
2026-09-16 15:43:13 [LOG] Response received, transaction 49, function 0x03, 4 bytes PDU
2026-09-16 15:43:13 [LOG] Reading 0x242c = 1
2026-09-16 15:43:13 [LOG] Request sent, transaction 50, function 0x03, 12 bytes
2026-09-16 15:43:13 [LOG] Response received, transaction 50, function 0x03, 4 bytes PDU
2026-09-16 15:43:13 [LOG] Reading 0x242d = 0
2026-09-16 15:43:13 [LOG] Request sent, transaction 51, function 0x03, 12 bytes
2026-09-16 15:43:13 [LOG] Response received, transaction 51, function 0x03, 4 bytes PDU
2026-09-16 15:43:13 [LOG] Reading 0x242e = 0
2026-09-16 15:43:13 [LOG] Request sent, transaction 52, function 0x03, 12 bytes
2026-09-16 15:43:13 [LOG] Response received, transaction 52, function 0x03, 4 bytes PDU
2026-09-16 15:43:13 [LOG] Reading 0x242f = 0
2026-09-16 15:43:13 [LOG] Request sent, transaction 53, function 0x03, 12 bytes
2026-09-16 15:43:13 [LOG] Response received, transaction 53, function 0x03, 4 bytes PDU
2026-09-16 15:43:13 [LOG] Reading 0x2430 = 0
2026-09-16 15:43:13 [LOG] Request sent, transaction 54, function 0x03, 12 bytes
2026-09-16 15:43:13 [LOG] Response received, transaction 54, function 0x03, 4 bytes PDU
2026-09-16 15:43:13 [LOG] Reading 0x2431 = 0
2026-09-16 15:43:13 [LOG] Request sent, transaction 55, function 0x03, 12 bytes
2026-09-16 15:43:13 [LOG] Response received, transaction 55, function 0x03, 4 bytes PDU
2026-09-16 15:43:13 [LOG] Reading 0x2432 = 0
2026-09-16 15:43:13 [LOG] Request sent, transaction 56, function 0x03, 12 bytes
2026-09-16 15:43:13 [LOG] Response received, transaction 56, function 0x03, 4 bytes PDU
2026-09-16 15:43:13 [LOG] Reading 0x2433 = 0
2026-09-16 15:43:13 [LOG] Request sent, transaction 57, function 0x03, 12 bytes
2026-09-16 15:43:13 [LOG] Response received, transaction 57, function 0x03, 4 bytes PDU
2026-09-16 15:43:13 [LOG] Reading 0x2434 = 0
2026-09-16 15:43:13 Broadcast sent to client 127.0.0.1:55866, 266 bytes
2026-09-16 15:43:14 [LOG] Request sent, transaction 58, function 0x06, 12 bytes
2026-09-16 15:43:14 [LOG] Response received, transaction 58, function 0x06, 5 bytes PDU
2026-09-16 15:43:14 [LOG] Recording 0x234b = 1
2026-09-16 15:43:24 [LOG] Request sent, transaction 59, function 0x03, 12 bytes
2026-09-16 15:43:24 [LOG] Response received, transaction 59, function 0x03, 4 bytes PDU
2026-09-16 15:43:24 [LOG] Reading 0x242c = 1
2026-09-16 15:43:24 [LOG] Request sent, transaction 60, function 0x03, 12 bytes
2026-09-16 15:43:24 [LOG] Response received, transaction 60, function 0x03, 4 bytes PDU
2026-09-16 15:43:24 [LOG] Reading 0x242d = 0
2026-09-16 15:43:24 [LOG] Request sent, transaction 61, function 0x03, 12 bytes
2026-09-16 15:43:24 [LOG] Response received, transaction 61, function 0x03, 4 bytes PDU
2026-09-16 15:43:24 [LOG] Reading 0x242e = 0
2026-09-16 15:43:24 [LOG] Request sent, transaction 62, function 0x03, 12 bytes
2026-09-16 15:43:24 [LOG] Response received, transaction 62, function 0x03, 4 bytes PDU
2026-09-16 15:43:24 [LOG] Reading 0x242f = 0
2026-09-16 15:43:24 [LOG] Request sent, transaction 63, function 0x03, 12 bytes
2026-09-16 15:43:24 [LOG] Response received, transaction 63, function 0x03, 4 bytes PDU
2026-09-16 15:43:24 [LOG] Reading 0x2430 = 0
2026-09-16 15:43:24 [LOG] Request sent, transaction 64, function 0x03, 12 bytes
2026-09-16 15:43:24 [LOG] Response received, transaction 64, function 0x03, 4 bytes PDU
2026-09-16 15:43:24 [LOG] Reading 0x2431 = 0
2026-09-16 15:43:24 [LOG] Request sent, transaction 65, function 0x03, 12 bytes
2026-09-16 15:43:24 [LOG] Response received, transaction 65, function 0x03, 4 bytes PDU
2026-09-16 15:43:24 [LOG] Reading 0x2432 = 0
2026-09-16 15:43:24 [LOG] Request sent, transaction 66, function 0x03, 12 bytes
2026-09-16 15:43:24 [LOG] Response received, transaction 66, function 0x03, 4 bytes PDU
2026-09-16 15:43:24 [LOG] Reading 0x2433 = 0
2026-09-16 15:43:24 [LOG] Request sent, transaction 67, function 0x03, 12 bytes
2026-09-16 15:43:24 [LOG] Response received, transaction 67, function 0x03, 4 bytes PDU
2026-09-16 15:43:24 [LOG] Reading 0x2434 = 0
2026-09-16 15:43:24 Broadcast sent to client 127.0.0.1:55866, 266 bytes
2026-09-16 15:43:44 [LOG] Request sent, transaction 68, function 0x03, 12 bytes
2026-09-16 15:43:44 [LOG] Response received, transaction 68, function 0x03, 4 bytes PDU
2026-09-16 15:43:44 [LOG] Reading 0x242c = 1
2026-09-16 15:43:44 [LOG] Request sent, transaction 69, function 0x03, 12 bytes
2026-09-16 15:43:44 [LOG] Response received, transaction 69, function 0x03, 4 bytes PDU
2026-09-16 15:43:44 [LOG] Reading 0x242d = 0
2026-09-16 15:43:44 [LOG] Request sent, transaction 70, function 0x03, 12 bytes
2026-09-16 15:43:44 [LOG] Response received, transaction 70, function 0x03, 4 bytes PDU
2026-09-16 15:43:44 [LOG] Reading 0x242e = 0
2026-09-16 15:43:44 [LOG] Request sent, transaction 71, function 0x03, 12 bytes
2026-09-16 15:43:44 [LOG] Response received, transaction 71, function 0x03, 4 bytes PDU
2026-09-16 15:43:44 [LOG] Reading 0x242f = 0
2026-09-16 15:43:44 [LOG] Request sent, transaction 72, function 0x03, 12 bytes
2026-09-16 15:43:44 [LOG] Response received, transaction 72, function 0x03, 4 bytes PDU
2026-09-16 15:43:44 [LOG] Reading 0x2430 = 0
2026-09-16 15:43:44 [LOG] Request sent, transaction 73, function 0x03, 12 bytes
2026-09-16 15:43:44 [LOG] Response received, transaction 73, function 0x03, 4 bytes PDU
2026-09-16 15:43:44 [LOG] Reading 0x2431 = 0
2026-09-16 15:43:44 [LOG] Request sent, transaction 74, function 0x03, 12 bytes
2026-09-16 15:43:44 [LOG] Response received, transaction 74, function 0x03, 4 bytes PDU
2026-09-16 15:43:44 [LOG] Reading 0x2432 = 0
2026-09-16 15:43:44 [LOG] Request sent, transaction 75, function 0x03, 12 bytes
2026-09-16 15:43:44 [LOG] Response received, transaction 75, function 0x03, 4 bytes PDU
2026-09-16 15:43:44 [LOG] Reading 0x2433 = 0
2026-09-16 15:43:44 [LOG] Request sent, transaction 76, function 0x03, 12 bytes
2026-09-16 15:43:44 [LOG] Response received, transaction 76, function 0x03, 4 bytes PDU
2026-09-16 15:43:44 [LOG] Reading 0x2434 = 0
2026-09-16 15:43:44 Broadcast sent to client 127.0.0.1:55866, 266 bytes
2026-09-16 15:44:04 [LOG] Request sent, transaction 77, function 0x03, 12 bytes
2026-09-16 15:44:04 [LOG] Response received, transaction 77, function 0x03, 4 bytes PDU
2026-09-16 15:44:04 [LOG] Reading 0x242c = 1
2026-09-16 15:44:04 [LOG] Request sent, transaction 78, function 0x03, 12 bytes
2026-09-16 15:44:04 [LOG] Response received, transaction 78, function 0x03, 4 bytes PDU
2026-09-16 15:44:04 [LOG] Reading 0x242d = 0
2026-09-16 15:44:04 [LOG] Request sent, transaction 79, function 0x03, 12 bytes
2026-09-16 15:44:04 [LOG] Response received, transaction 79, function 0x03, 4 bytes PDU
2026-09-16 15:44:04 [LOG] Reading 0x242e = 0
2026-09-16 15:44:04 [LOG] Request sent, transaction 80, function 0x03, 12 bytes
2026-09-16 15:44:04 [LOG] Response received, transaction 80, function 0x03, 4 bytes PDU
2026-09-16 15:44:04 [LOG] Reading 0x242f = 0
2026-09-16 15:44:04 [LOG] Request sent, transaction 81, function 0x03, 12 bytes
2026-09-16 15:44:04 [LOG] Response received, transaction 81, function 0x03, 4 bytes PDU
2026-09-16 15:44:04 [LOG] Reading 0x2430 = 0
2026-09-16 15:44:04 [LOG] Request sent, transaction 82, function 0x03, 12 bytes
2026-09-16 15:44:04 [LOG] Response received, transaction 82, function 0x03, 4 bytes PDU
2026-09-16 15:44:04 [LOG] Reading 0x2431 = 0
2026-09-16 15:44:04 [LOG] Request sent, transaction 83, function 0x03, 12 bytes
2026-09-16 15:44:04 [LOG] Response received, transaction 83, function 0x03, 4 bytes PDU
2026-09-16 15:44:04 [LOG] Reading 0x2432 = 0
2026-09-16 15:44:04 [LOG] Request sent, transaction 84, function 0x03, 12 bytes
2026-09-16 15:44:04 [LOG] Response received, transaction 84, function 0x03, 4 bytes PDU
2026-09-16 15:44:04 [LOG] Reading 0x2433 = 0
2026-09-16 15:44:04 [LOG] Request sent, transaction 85, function 0x03, 12 bytes
2026-09-16 15:44:04 [LOG] Response received, transaction 85, function 0x03, 4 bytes PDU
2026-09-16 15:44:04 [LOG] Reading 0x2434 = 0
2026-09-16 15:44:04 Broadcast sent to client 127.0.0.1:55866, 266 bytes
2026-09-16 15:44:24 [LOG] Request sent, transaction 86, function 0x03, 12 bytes
2026-09-16 15:44:24 [LOG] Response received, transaction 86, function 0x03, 4 bytes PDU
2026-09-16 15:44:24 [LOG] Reading 0x242c = 1
2026-09-16 15:44:24 [LOG] Request sent, transaction 87, function 0x03, 12 bytes
2026-09-16 15:44:24 [LOG] Response received, transaction 87, function 0x03, 4 bytes PDU
2026-09-16 15:44:24 [LOG] Reading 0x242d = 0
2026-09-16 15:44:24 [LOG] Request sent, transaction 88, function 0x03, 12 bytes
2026-09-16 15:44:24 [LOG] Response received, transaction 88, function 0x03, 4 bytes PDU
2026-09-16 15:44:24 [LOG] Reading 0x242e = 0
2026-09-16 15:44:24 [LOG] Request sent, transaction 89, function 0x03, 12 bytes
2026-09-16 15:44:24 [LOG] Response received, transaction 89, function 0x03, 4 bytes PDU
2026-09-16 15:44:24 [LOG] Reading 0x242f = 0
2026-09-16 15:44:24 [LOG] Request sent, transaction 90, function 0x03, 12 bytes
2026-09-16 15:44:24 [LOG] Response received, transaction 90, function 0x03, 4 bytes PDU
2026-09-16 15:44:24 [LOG] Reading 0x2430 = 0
2026-09-16 15:44:24 [LOG] Request sent, transaction 91, function 0x03, 12 bytes
2026-09-16 15:44:24 [LOG] Response received, transaction 91, function 0x03, 4 bytes PDU
2026-09-16 15:44:24 [LOG] Reading 0x2431 = 0
2026-09-16 15:44:24 [LOG] Request sent, transaction 92, function 0x03, 12 bytes
2026-09-16 15:44:24 [LOG] Response received, transaction 92, function 0x03, 4 bytes PDU
2026-09-16 15:44:24 [LOG] Reading 0x2432 = 0
2026-09-16 15:44:24 [LOG] Request sent, transaction 93, function 0x03, 12 bytes
2026-09-16 15:44:24 [LOG] Response received, transaction 93, function 0x03, 4 bytes PDU
2026-09-16 15:44:24 [LOG] Reading 0x2433 = 0
2026-09-16 15:44:24 [LOG] Request sent, transaction 94, function 0x03, 12 bytes
2026-09-16 15:44:24 [LOG] Response received, transaction 94, function 0x03, 4 bytes PDU
2026-09-16 15:44:24 [LOG] Reading 0x2434 = 0
2026-09-16 15:44:24 Broadcast sent to client 127.0.0.1:55866, 266 bytes
2026-09-16 15:44:44 [LOG] Request sent, transaction 95, function 0x03, 12 bytes
2026-09-16 15:44:44 [LOG] Response received, transaction 95, function 0x03, 4 bytes PDU
2026-09-16 15:44:44 [LOG] Reading 0x242c = 1
2026-09-16 15:44:44 [LOG] Request sent, transaction 96, function 0x03, 12 bytes
2026-09-16 15:44:44 [LOG] Response received, transaction 96, function 0x03, 4 bytes PDU
2026-09-16 15:44:44 [LOG] Reading 0x242d = 0
2026-09-16 15:44:44 [LOG] Request sent, transaction 97, function 0x03, 12 bytes
2026-09-16 15:44:44 [LOG] Response received, transaction 97, function 0x03, 4 bytes PDU
2026-09-16 15:44:44 [LOG] Reading 0x242e = 0
2026-09-16 15:44:44 [LOG] Request sent, transaction 98, function 0x03, 12 bytes
2026-09-16 15:44:44 [LOG] Response received, transaction 98, function 0x03, 4 bytes PDU
2026-09-16 15:44:44 [LOG] Reading 0x242f = 0
2026-09-16 15:44:44 [LOG] Request sent, transaction 99, function 0x03, 12 bytes
2026-09-16 15:44:44 [LOG] Response received, transaction 99, function 0x03, 4 bytes PDU
2026-09-16 15:44:44 [LOG] Reading 0x2430 = 0
2026-09-16 15:44:44 [LOG] Request sent, transaction 100, function 0x03, 12 bytes
2026-09-16 15:44:44 [LOG] Response received, transaction 100, function 0x03, 4 bytes PDU
2026-09-16 15:44:44 [LOG] Reading 0x2431 = 0
2026-09-16 15:44:44 [LOG] Request sent, transaction 101, function 0x03, 12 bytes
2026-09-16 15:44:44 [LOG] Response received, transaction 101, function 0x03, 4 bytes PDU
2026-09-16 15:44:44 [LOG] Reading 0x2432 = 0
2026-09-16 15:44:44 [LOG] Request sent, transaction 102, function 0x03, 12 bytes
2026-09-16 15:44:44 [LOG] Response received, transaction 102, function 0x03, 4 bytes PDU
2026-09-16 15:44:44 [LOG] Reading 0x2433 = 0
2026-09-16 15:44:44 [LOG] Request sent, transaction 103, function 0x03, 12 bytes
2026-09-16 15:44:44 [LOG] Response received, transaction 103, function 0x03, 4 bytes PDU
2026-09-16 15:44:44 [LOG] Reading 0x2434 = 0
2026-09-16 15:44:44 Broadcast sent to client 127.0.0.1:55866, 266 bytes
2026-09-16 15:44:50 Client disconnected
2026-09-16 15:44:50 [LOG] Connection to PLC lost
2026-09-16 15:44:50 [SYSTEM] Communication with PLC lost
2026-09-16 15:44:50 [LOG] Disconnected from PLC
2026-09-16 15:44:50 Server stopped
2026-09-16 15:44:50 [SYSTEM] Application stopped
