2026-09-08 11:36:12 [SYSTEM] Starting ModBusBridgeService
2026-09-08 11:36:12 [LOG] Parameters set: IP=127.0.0.1, port=502
2026-09-08 11:36:12 [LOG] Attempting to connect to PLC...
2026-09-08 11:36:12 Server is running on port 12345
2026-09-08 11:36:12 [SYSTEM] Starting event loop
2026-09-08 11:36:16 [ERROR] Socket error: Connection refused
2026-09-08 11:36:16 [LOG] Socket error: Connection refused
2026-09-08 11:36:16 [LOG] PLC reconnect will be attempted every 3000 ms
2026-09-08 11:36:17 [SYSTEM] Starting ModBusBridgeService
2026-09-08 11:36:17 [LOG] Parameters set: IP=127.0.0.1, port=502
2026-09-08 11:36:17 [LOG] Attempting to connect to PLC...
2026-09-08 11:36:17 Failed to start server on port 12345: The bound address is already in use
2026-09-08 11:36:17 [SYSTEM] Failed to start local server
2026-09-08 11:36:17 [SYSTEM] Starting event loop
2026-09-08 11:36:19 [LOG] Trying to reconnect to PLC...
2026-09-08 11:36:21 [ERROR] Socket error: Connection refused
2026-09-08 11:36:21 [LOG] Socket error: Connection refused
2026-09-08 11:36:21 [LOG] PLC reconnect will be attempted every 3000 ms
2026-09-08 11:36:23 [ERROR] Socket error: Connection refused
2026-09-08 11:36:23 [LOG] Socket error: Connection refused
2026-09-08 11:36:24 [LOG] Trying to reconnect to PLC...
2026-09-08 11:36:24 [LOG] Disconnected from PLC
2026-09-08 11:36:24 [SYSTEM] Application stopped
2026-09-08 11:36:25 [LOG] Trying to reconnect to PLC...
2026-09-08 11:36:26 [LOG] Disconnected from PLC
2026-09-08 11:36:26 Server stopped
2026-09-08 11:36:26 [SYSTEM] Application stopped
2026-09-08 11:36:31 [SYSTEM] Starting ModBusBridgeService
2026-09-08 11:36:31 [LOG] Parameters set: IP=127.0.0.1, port=502
2026-09-08 11:36:31 [LOG] Attempting to connect to PLC...
2026-09-08 11:36:31 Server is running on port 12345
2026-09-08 11:36:31 [SYSTEM] Starting event loop
2026-09-08 11:36:35 [ERROR] Socket error: Connection refused
2026-09-08 11:36:35 [LOG] Socket error: Connection refused
2026-09-08 11:36:35 [LOG] PLC reconnect will be attempted every 3000 ms
2026-09-08 11:36:37 [LOG] Disconnected from PLC
2026-09-08 11:36:37 Server stopped
2026-09-08 11:36:37 [SYSTEM] Application stopped
2026-09-08 11:36:40 [SYSTEM] Starting ModBusBridgeService
2026-09-08 11:36:40 [LOG] Parameters set: IP=127.0.0.1, port=502
2026-09-08 11:36:40 [LOG] Attempting to connect to PLC...
2026-09-08 11:36:40 Server is running on port 12345
2026-09-08 11:36:40 [SYSTEM] Starting event loop
2026-09-08 11:36:43 [LOG] Disconnected from PLC
2026-09-08 11:36:43 Server stopped
2026-09-08 11:36:43 [SYSTEM] Application stopped
2026-09-08 11:56:17 [SYSTEM] Starting ModBusBridgeService
2026-09-08 11:56:17 [LOG] Parameters set: IP=127.0.0.1, port=502
2026-09-08 11:56:17 [LOG] Attempting to connect to PLC...
2026-09-08 11:56:17 Server is running on port 12345
2026-09-08 11:56:17 [SYSTEM] Starting event loop
2026-09-08 11:56:21 [ERROR] Socket error: Connection refused
2026-09-08 11:56:21 [LOG] Socket error: Connection refused
2026-09-08 11:56:21 [LOG] PLC reconnect will be attempted every 3000 ms
2026-09-08 11:56:24 [LOG] Trying to reconnect to PLC...
2026-09-08 11:56:24 [LOG] Disconnected from PLC
2026-09-08 11:56:24 Server stopped
2026-09-08 11:56:24 [SYSTEM] Application stopped
2026-09-08 11:56:30 [SYSTEM] Starting ModBusBridgeService
2026-09-08 11:56:30 [LOG] Parameters set: IP=127.0.0.1, port=502
2026-09-08 11:56:30 [LOG] Attempting to connect to PLC...
2026-09-08 11:56:30 Server is running on port 12345
2026-09-08 11:56:30 [SYSTEM] Starting event loop
2026-09-08 11:56:34 [ERROR] Socket error: Connection refused
2026-09-08 11:56:34 [LOG] Socket error: Connection refused
2026-09-08 11:56:34 [LOG] PLC reconnect will be attempted every 3000 ms
2026-09-08 11:56:37 [LOG] Trying to reconnect to PLC...
2026-09-08 11:56:41 [ERROR] Socket error: Connection refused
2026-09-08 11:56:41 [LOG] Socket error: Connection refused
2026-09-08 11:56:43 [LOG] Trying to reconnect to PLC...
2026-09-08 11:56:47 [ERROR] Socket error: Connection refused
2026-09-08 11:56:47 [LOG] Socket error: Connection refused
2026-09-08 11:56:49 [LOG] Trying to reconnect to PLC...
2026-09-08 11:56:53 [ERROR] Socket error: Connection refused
2026-09-08 11:56:53 [LOG] Socket error: Connection refused
2026-09-08 11:56:55 [LOG] Trying to reconnect to PLC...
2026-09-08 11:56:59 [ERROR] Socket error: Connection refused
2026-09-08 11:56:59 [LOG] Socket error: Connection refused
2026-09-08 11:57:01 [LOG] Trying to reconnect to PLC...
2026-09-08 11:57:05 [ERROR] Socket error: Connection refused
2026-09-08 11:57:05 [LOG] Socket error: Connection refused
2026-09-08 11:57:07 [LOG] Trying to reconnect to PLC...
2026-09-08 11:57:11 [ERROR] Socket error: Connection refused
2026-09-08 11:57:11 [LOG] Socket error: Connection refused
2026-09-08 11:57:13 [LOG] Trying to reconnect to PLC...
2026-09-08 11:57:17 [ERROR] Socket error: Connection refused
2026-09-08 11:57:17 [LOG] Socket error: Connection refused
2026-09-08 11:57:19 [LOG] Trying to reconnect to PLC...
2026-09-08 11:57:23 [ERROR] Socket error: Connection refused
2026-09-08 11:57:23 [LOG] Socket error: Connection refused
2026-09-08 11:57:25 [LOG] Trying to reconnect to PLC...
2026-09-08 11:57:29 [ERROR] Socket error: Connection refused
2026-09-08 11:57:29 [LOG] Socket error: Connection refused
2026-09-08 11:57:31 [LOG] Trying to reconnect to PLC...
2026-09-08 11:57:35 [ERROR] Socket error: Connection refused
2026-09-08 11:57:35 [LOG] Socket error: Connection refused
2026-09-08 11:57:37 [LOG] Trying to reconnect to PLC...
2026-09-08 11:57:41 [ERROR] Socket error: Connection refused
2026-09-08 11:57:41 [LOG] Socket error: Connection refused
2026-09-08 11:57:43 [LOG] Trying to reconnect to PLC...
2026-09-08 11:57:47 [ERROR] Socket error: Connection refused
2026-09-08 11:57:47 [LOG] Socket error: Connection refused
2026-09-08 11:57:49 [LOG] Trying to reconnect to PLC...
2026-09-08 11:57:53 [ERROR] Socket error: Connection refused
2026-09-08 11:57:53 [LOG] Socket error: Connection refused
2026-09-08 11:57:55 [LOG] Trying to reconnect to PLC...
2026-09-08 11:57:59 [ERROR] Socket error: Connection refused
2026-09-08 11:57:59 [LOG] Socket error: Connection refused
2026-09-08 11:58:01 [LOG] Trying to reconnect to PLC...
2026-09-08 11:58:05 [ERROR] Socket error: Connection refused
2026-09-08 11:58:05 [LOG] Socket error: Connection refused
2026-09-08 11:58:07 [LOG] Trying to reconnect to PLC...
2026-09-08 11:58:11 [ERROR] Socket error: Connection refused
2026-09-08 11:58:11 [LOG] Socket error: Connection refused
2026-09-08 11:58:13 [LOG] Trying to reconnect to PLC...
2026-09-08 11:58:17 [ERROR] Socket error: Connection refused
2026-09-08 11:58:17 [LOG] Socket error: Connection refused
2026-09-08 11:58:19 [LOG] Trying to reconnect to PLC...
2026-09-08 11:58:23 [ERROR] Socket error: Connection refused
2026-09-08 11:58:23 [LOG] Socket error: Connection refused
2026-09-08 11:58:25 [LOG] Trying to reconnect to PLC...
2026-09-08 11:58:29 [ERROR] Socket error: Connection refused
2026-09-08 11:58:29 [LOG] Socket error: Connection refused
2026-09-08 11:58:31 [LOG] Trying to reconnect to PLC...
2026-09-08 11:58:35 [ERROR] Socket error: Connection refused
2026-09-08 11:58:35 [LOG] Socket error: Connection refused
2026-09-08 11:58:37 [LOG] Trying to reconnect to PLC...
2026-09-08 11:58:41 [ERROR] Socket error: Connection refused
2026-09-08 11:58:41 [LOG] Socket error: Connection refused
2026-09-08 11:58:43 [LOG] Trying to reconnect to PLC...
2026-09-08 11:58:47 [ERROR] Socket error: Connection refused
2026-09-08 11:58:47 [LOG] Socket error: Connection refused
2026-09-08 11:58:49 [LOG] Trying to reconnect to PLC...
2026-09-08 11:58:53 [ERROR] Socket error: Connection refused
2026-09-08 11:58:53 [LOG] Socket error: Connection refused
2026-09-08 11:58:55 [LOG] Trying to reconnect to PLC...
2026-09-08 11:58:59 [ERROR] Socket error: Connection refused
2026-09-08 11:58:59 [LOG] Socket error: Connection refused
2026-09-08 11:59:01 [LOG] Trying to reconnect to PLC...
2026-09-08 11:59:05 [ERROR] Socket error: Connection refused
2026-09-08 11:59:05 [LOG] Socket error: Connection refused
2026-09-08 11:59:07 [LOG] Trying to reconnect to PLC...
2026-09-08 11:59:11 [ERROR] Socket error: Connection refused
2026-09-08 11:59:11 [LOG] Socket error: Connection refused
2026-09-08 11:59:13 [LOG] Trying to reconnect to PLC...
2026-09-08 11:59:17 [ERROR] Socket error: Connection refused
2026-09-08 11:59:17 [LOG] Socket error: Connection refused
2026-09-08 11:59:19 [LOG] Trying to reconnect to PLC...
2026-09-08 11:59:23 [ERROR] Socket error: Connection refused
2026-09-08 11:59:23 [LOG] Socket error: Connection refused
2026-09-08 11:59:25 [LOG] Trying to reconnect to PLC...
2026-09-08 11:59:29 [ERROR] Socket error: Connection refused
2026-09-08 11:59:29 [LOG] Socket error: Connection refused
2026-09-08 11:59:31 [LOG] Trying to reconnect to PLC...
2026-09-08 11:59:35 [ERROR] Socket error: Connection refused
2026-09-08 11:59:35 [LOG] Socket error: Connection refused
2026-09-08 11:59:37 [LOG] Trying to reconnect to PLC...
2026-09-08 11:59:41 [ERROR] Socket error: Connection refused
2026-09-08 11:59:41 [LOG] Socket error: Connection refused
2026-09-08 11:59:43 [LOG] Trying to reconnect to PLC...
2026-09-08 11:59:47 [ERROR] Socket error: Connection refused
2026-09-08 11:59:47 [LOG] Socket error: Connection refused
2026-09-08 11:59:49 [LOG] Trying to reconnect to PLC...
2026-09-08 11:59:53 [ERROR] Socket error: Connection refused
2026-09-08 11:59:53 [LOG] Socket error: Connection refused
2026-09-08 11:59:55 [LOG] Trying to reconnect to PLC...
2026-09-08 11:59:59 [ERROR] Socket error: Connection refused
2026-09-08 11:59:59 [LOG] Socket error: Connection refused
2026-09-08 12:00:01 [LOG] Trying to reconnect to PLC...
2026-09-08 12:00:05 [ERROR] Socket error: Connection refused
2026-09-08 12:00:05 [LOG] Socket error: Connection refused
2026-09-08 12:00:07 [LOG] Trying to reconnect to PLC...
2026-09-08 12:00:11 [ERROR] Socket error: Connection refused
2026-09-08 12:00:11 [LOG] Socket error: Connection refused
2026-09-08 12:00:13 [LOG] Trying to reconnect to PLC...
2026-09-08 12:00:17 [ERROR] Socket error: Connection refused
2026-09-08 12:00:17 [LOG] Socket error: Connection refused
2026-09-08 12:00:19 [LOG] Trying to reconnect to PLC...
2026-09-08 12:00:23 [ERROR] Socket error: Connection refused
2026-09-08 12:00:23 [LOG] Socket error: Connection refused
2026-09-08 12:00:25 [LOG] Trying to reconnect to PLC...
2026-09-08 12:00:29 [ERROR] Socket error: Connection refused
2026-09-08 12:00:29 [LOG] Socket error: Connection refused
2026-09-08 12:00:31 [LOG] Trying to reconnect to PLC...
2026-09-08 12:00:35 [ERROR] Socket error: Connection refused
2026-09-08 12:00:35 [LOG] Socket error: Connection refused
2026-09-08 12:00:37 [LOG] Trying to reconnect to PLC...
2026-09-08 12:00:41 [ERROR] Socket error: Connection refused
2026-09-08 12:00:41 [LOG] Socket error: Connection refused
2026-09-08 12:00:43 [LOG] Trying to reconnect to PLC...
2026-09-08 12:00:47 [ERROR] Socket error: Connection refused
2026-09-08 12:00:47 [LOG] Socket error: Connection refused
2026-09-08 12:00:49 [LOG] Trying to reconnect to PLC...
2026-09-08 12:00:53 [ERROR] Socket error: Connection refused
2026-09-08 12:00:53 [LOG] Socket error: Connection refused
2026-09-08 12:00:55 [LOG] Trying to reconnect to PLC...
2026-09-08 12:00:59 [ERROR] Socket error: Connection refused
2026-09-08 12:00:59 [LOG] Socket error: Connection refused
2026-09-08 12:01:01 [LOG] Trying to reconnect to PLC...
2026-09-08 12:01:05 [ERROR] Socket error: Connection refused
2026-09-08 12:01:05 [LOG] Socket error: Connection refused
2026-09-08 12:01:07 [LOG] Trying to reconnect to PLC...
2026-09-08 12:01:11 [ERROR] Socket error: Connection refused
2026-09-08 12:01:11 [LOG] Socket error: Connection refused
2026-09-08 12:01:13 [LOG] Trying to reconnect to PLC...
2026-09-08 12:01:17 [ERROR] Socket error: Connection refused
2026-09-08 12:01:17 [LOG] Socket error: Connection refused
2026-09-08 12:01:19 [LOG] Trying to reconnect to PLC...
2026-09-08 12:01:23 [ERROR] Socket error: Connection refused
2026-09-08 12:01:23 [LOG] Socket error: Connection refused
2026-09-08 12:01:25 [LOG] Trying to reconnect to PLC...
2026-09-08 12:01:29 [ERROR] Socket error: Connection refused
2026-09-08 12:01:29 [LOG] Socket error: Connection refused
2026-09-08 12:01:31 [LOG] Trying to reconnect to PLC...
2026-09-08 12:01:35 [ERROR] Socket error: Connection refused
2026-09-08 12:01:35 [LOG] Socket error: Connection refused
2026-09-08 12:01:37 [LOG] Trying to reconnect to PLC...
2026-09-08 12:01:41 [ERROR] Socket error: Connection refused
2026-09-08 12:01:41 [LOG] Socket error: Connection refused
2026-09-08 12:01:43 [LOG] Trying to reconnect to PLC...
2026-09-08 12:01:47 [ERROR] Socket error: Connection refused
2026-09-08 12:01:47 [LOG] Socket error: Connection refused
2026-09-08 12:01:49 [LOG] Trying to reconnect to PLC...
2026-09-08 12:01:53 [ERROR] Socket error: Connection refused
2026-09-08 12:01:53 [LOG] Socket error: Connection refused
2026-09-08 12:01:55 [LOG] Trying to reconnect to PLC...
2026-09-08 12:01:59 [ERROR] Socket error: Connection refused
2026-09-08 12:01:59 [LOG] Socket error: Connection refused
2026-09-08 12:02:01 [LOG] Trying to reconnect to PLC...
2026-09-08 12:02:05 [ERROR] Socket error: Connection refused
2026-09-08 12:02:05 [LOG] Socket error: Connection refused
2026-09-08 12:02:07 [LOG] Trying to reconnect to PLC...
2026-09-08 12:02:11 [ERROR] Socket error: Connection refused
2026-09-08 12:02:11 [LOG] Socket error: Connection refused
2026-09-08 12:02:13 [LOG] Trying to reconnect to PLC...
2026-09-08 12:02:17 [ERROR] Socket error: Connection refused
2026-09-08 12:02:17 [LOG] Socket error: Connection refused
2026-09-08 12:02:19 [LOG] Trying to reconnect to PLC...
2026-09-08 12:02:24 [ERROR] Socket error: Connection refused
2026-09-08 12:02:24 [LOG] Socket error: Connection refused
2026-09-08 12:02:25 [LOG] Trying to reconnect to PLC...
2026-09-08 12:02:29 [ERROR] Socket error: Connection refused
2026-09-08 12:02:29 [LOG] Socket error: Connection refused
2026-09-08 12:02:31 [LOG] Trying to reconnect to PLC...
2026-09-08 12:02:36 [ERROR] Socket error: Connection refused
2026-09-08 12:02:36 [LOG] Socket error: Connection refused
2026-09-08 12:02:37 [LOG] Trying to reconnect to PLC...
2026-09-08 12:02:42 [ERROR] Socket error: Connection refused
2026-09-08 12:02:42 [LOG] Socket error: Connection refused
2026-09-08 12:02:43 [LOG] Trying to reconnect to PLC...
2026-09-08 12:02:45 [LOG] Disconnected from PLC
2026-09-08 12:02:45 Server stopped
2026-09-08 12:02:45 [SYSTEM] Application stopped
2026-09-16 13:12:49 [SYSTEM] Starting ModBusBridgeService
2026-09-16 13:12:49 [LOG] Parameters set: IP=127.0.0.1, port=502
2026-09-16 13:12:49 [LOG] Attempting to connect to PLC...
2026-09-16 13:12:49 Failed to start server on port 12345: The bound address is already in use
2026-09-16 13:12:49 [SYSTEM] Failed to start local server
2026-09-16 13:12:49 [SYSTEM] Starting event loop
2026-09-16 13:12:53 [ERROR] Socket error: Connection refused
2026-09-16 13:12:53 [LOG] Socket error: Connection refused
2026-09-16 13:12:53 [LOG] PLC reconnect will be attempted every 3000 ms
2026-09-16 13:12:56 [LOG] Trying to reconnect to PLC...
2026-09-16 13:13:00 [ERROR] Socket error: Connection refused
2026-09-16 13:13:00 [LOG] Socket error: Connection refused
2026-09-16 13:13:02 [LOG] Trying to reconnect to PLC...
2026-09-16 13:13:06 [ERROR] Socket error: Connection refused
2026-09-16 13:13:06 [LOG] Socket error: Connection refused
2026-09-16 13:13:08 [LOG] Trying to reconnect to PLC...
2026-09-16 13:13:12 [ERROR] Socket error: Connection refused
2026-09-16 13:13:12 [LOG] Socket error: Connection refused
2026-09-16 13:13:14 [LOG] Trying to reconnect to PLC...
2026-09-16 13:13:18 [ERROR] Socket error: Connection refused
2026-09-16 13:13:18 [LOG] Socket error: Connection refused
2026-09-16 13:13:20 [LOG] Trying to reconnect to PLC...
2026-09-16 13:13:24 [ERROR] Socket error: Connection refused
2026-09-16 13:13:24 [LOG] Socket error: Connection refused
2026-09-16 13:13:26 [LOG] Trying to reconnect to PLC...
2026-09-16 13:13:31 [ERROR] Socket error: Connection refused
2026-09-16 13:13:31 [LOG] Socket error: Connection refused
2026-09-16 13:13:32 [LOG] Trying to reconnect to PLC...
2026-09-16 13:13:36 [ERROR] Socket error: Connection refused
2026-09-16 13:13:36 [LOG] Socket error: Connection refused
2026-09-16 13:13:38 [LOG] Trying to reconnect to PLC...
2026-09-16 13:13:42 [ERROR] Socket error: Connection refused
2026-09-16 13:13:42 [LOG] Socket error: Connection refused
2026-09-16 13:13:44 [LOG] Trying to reconnect to PLC...
2026-09-16 13:13:48 [ERROR] Socket error: Connection refused
2026-09-16 13:13:48 [LOG] Socket error: Connection refused
2026-09-16 13:13:50 [LOG] Trying to reconnect to PLC...
2026-09-16 13:13:54 [ERROR] Socket error: Connection refused
2026-09-16 13:13:54 [LOG] Socket error: Connection refused
2026-09-16 13:13:56 [LOG] Trying to reconnect to PLC...
2026-09-16 13:14:00 [ERROR] Socket error: Connection refused
2026-09-16 13:14:00 [LOG] Socket error: Connection refused
2026-09-16 13:14:02 [LOG] Trying to reconnect to PLC...
2026-09-16 13:14:06 [ERROR] Socket error: Connection refused
2026-09-16 13:14:06 [LOG] Socket error: Connection refused
2026-09-16 13:14:08 [LOG] Trying to reconnect to PLC...
2026-09-16 13:14:12 [ERROR] Socket error: Connection refused
2026-09-16 13:14:12 [LOG] Socket error: Connection refused
2026-09-16 13:14:14 [LOG] Trying to reconnect to PLC...
2026-09-16 13:14:18 [ERROR] Socket error: Connection refused
2026-09-16 13:14:18 [LOG] Socket error: Connection refused
2026-09-16 13:14:20 [LOG] Trying to reconnect to PLC...
2026-09-16 13:14:24 [ERROR] Socket error: Connection refused
2026-09-16 13:14:24 [LOG] Socket error: Connection refused
2026-09-16 13:14:26 [LOG] Trying to reconnect to PLC...
2026-09-16 13:14:30 [ERROR] Socket error: Connection refused
2026-09-16 13:14:30 [LOG] Socket error: Connection refused
2026-09-16 13:14:32 [LOG] Trying to reconnect to PLC...
2026-09-16 13:14:36 [ERROR] Socket error: Connection refused
2026-09-16 13:14:36 [LOG] Socket error: Connection refused
2026-09-16 13:14:38 [LOG] Trying to reconnect to PLC...
2026-09-16 13:14:42 [ERROR] Socket error: Connection refused
2026-09-16 13:14:42 [LOG] Socket error: Connection refused
2026-09-16 13:14:44 [LOG] Trying to reconnect to PLC...
2026-09-16 13:14:48 [ERROR] Socket error: Connection refused
2026-09-16 13:14:48 [LOG] Socket error: Connection refused
2026-09-16 13:14:50 [LOG] Trying to reconnect to PLC...
2026-09-16 13:14:54 [ERROR] Socket error: Connection refused
2026-09-16 13:14:54 [LOG] Socket error: Connection refused
2026-09-16 13:14:56 [LOG] Trying to reconnect to PLC...
2026-09-16 13:15:00 [ERROR] Socket error: Connection refused
2026-09-16 13:15:00 [LOG] Socket error: Connection refused
2026-09-16 13:15:02 [LOG] Trying to reconnect to PLC...
2026-09-16 13:15:06 [ERROR] Socket error: Connection refused
2026-09-16 13:15:06 [LOG] Socket error: Connection refused
2026-09-16 13:15:08 [LOG] Trying to reconnect to PLC...
2026-09-16 13:15:12 [ERROR] Socket error: Connection refused
2026-09-16 13:15:12 [LOG] Socket error: Connection refused
2026-09-16 13:15:14 [LOG] Trying to reconnect to PLC...
2026-09-16 13:15:18 [ERROR] Socket error: Connection refused
2026-09-16 13:15:18 [LOG] Socket error: Connection refused
2026-09-16 13:15:20 [LOG] Trying to reconnect to PLC...
2026-09-16 13:15:24 [ERROR] Socket error: Connection refused
2026-09-16 13:15:24 [LOG] Socket error: Connection refused
2026-09-16 13:15:26 [LOG] Trying to reconnect to PLC...
2026-09-16 13:15:31 [ERROR] Socket error: Connection refused
2026-09-16 13:15:31 [LOG] Socket error: Connection refused
2026-09-16 13:15:32 [LOG] Trying to reconnect to PLC...
2026-09-16 13:15:37 [ERROR] Socket error: Connection refused
2026-09-16 13:15:37 [LOG] Socket error: Connection refused
2026-09-16 13:15:38 [LOG] Trying to reconnect to PLC...
2026-09-16 13:15:43 [ERROR] Socket error: Connection refused
2026-09-16 13:15:43 [LOG] Socket error: Connection refused
2026-09-16 13:15:44 [LOG] Trying to reconnect to PLC...
2026-09-16 13:15:48 [ERROR] Socket error: Connection refused
2026-09-16 13:15:48 [LOG] Socket error: Connection refused
2026-09-16 13:15:50 [LOG] Trying to reconnect to PLC...
2026-09-16 13:15:55 [ERROR] Socket error: Connection refused
2026-09-16 13:15:55 [LOG] Socket error: Connection refused
2026-09-16 13:15:56 [LOG] Trying to reconnect to PLC...
2026-09-16 13:16:01 [ERROR] Socket error: Connection refused
2026-09-16 13:16:01 [LOG] Socket error: Connection refused
2026-09-16 13:16:02 [LOG] Trying to reconnect to PLC...
2026-09-16 13:16:07 [ERROR] Socket error: Connection refused
2026-09-16 13:16:07 [LOG] Socket error: Connection refused
2026-09-16 13:16:08 [LOG] Trying to reconnect to PLC...
2026-09-16 13:16:13 [ERROR] Socket error: Connection refused
2026-09-16 13:16:13 [LOG] Socket error: Connection refused
2026-09-16 13:16:14 [LOG] Trying to reconnect to PLC...
2026-09-16 13:16:19 [ERROR] Socket error: Connection refused
2026-09-16 13:16:19 [LOG] Socket error: Connection refused
2026-09-16 13:16:21 [LOG] Trying to reconnect to PLC...
2026-09-16 13:16:25 [ERROR] Socket error: Connection refused
2026-09-16 13:16:25 [LOG] Socket error: Connection refused
2026-09-16 13:16:27 [LOG] Trying to reconnect to PLC...
2026-09-16 13:16:31 [ERROR] Socket error: Connection refused
2026-09-16 13:16:31 [LOG] Socket error: Connection refused
2026-09-16 13:16:33 [LOG] Trying to reconnect to PLC...
2026-09-16 13:16:37 [ERROR] Socket error: Connection refused
2026-09-16 13:16:37 [LOG] Socket error: Connection refused
2026-09-16 13:16:39 [LOG] Trying to reconnect to PLC...
2026-09-16 13:16:43 [ERROR] Socket error: Connection refused
2026-09-16 13:16:43 [LOG] Socket error: Connection refused
2026-09-16 13:16:45 [LOG] Trying to reconnect to PLC...
2026-09-16 13:16:49 [ERROR] Socket error: Connection refused
2026-09-16 13:16:49 [LOG] Socket error: Connection refused
2026-09-16 13:16:51 [LOG] Trying to reconnect to PLC...
2026-09-16 13:16:55 [ERROR] Socket error: Connection refused
2026-09-16 13:16:55 [LOG] Socket error: Connection refused
2026-09-16 13:16:57 [LOG] Trying to reconnect to PLC...
2026-09-16 13:17:01 [ERROR] Socket error: Connection refused
2026-09-16 13:17:01 [LOG] Socket error: Connection refused
2026-09-16 13:17:03 [LOG] Trying to reconnect to PLC...
2026-09-16 13:17:07 [ERROR] Socket error: Connection refused
2026-09-16 13:17:07 [LOG] Socket error: Connection refused
2026-09-16 13:17:09 [LOG] Trying to reconnect to PLC...
2026-09-16 13:17:13 [ERROR] Socket error: Connection refused
2026-09-16 13:17:13 [LOG] Socket error: Connection refused
2026-09-16 13:17:15 [LOG] Trying to reconnect to PLC...
2026-09-16 13:17:19 [ERROR] Socket error: Connection refused
2026-09-16 13:17:19 [LOG] Socket error: Connection refused
2026-09-16 13:17:21 [LOG] Trying to reconnect to PLC...
2026-09-16 13:17:25 [ERROR] Socket error: Connection refused
2026-09-16 13:17:25 [LOG] Socket error: Connection refused
2026-09-16 13:17:27 [LOG] Trying to reconnect to PLC...
2026-09-16 13:17:31 [ERROR] Socket error: Connection refused
2026-09-16 13:17:31 [LOG] Socket error: Connection refused
2026-09-16 13:17:33 [LOG] Trying to reconnect to PLC...
2026-09-16 13:17:37 [ERROR] Socket error: Connection refused
2026-09-16 13:17:37 [LOG] Socket error: Connection refused
2026-09-16 13:17:39 [LOG] Trying to reconnect to PLC...
2026-09-16 13:17:43 [ERROR] Socket error: Connection refused
2026-09-16 13:17:43 [LOG] Socket error: Connection refused
2026-09-16 13:17:45 [LOG] Trying to reconnect to PLC...
2026-09-16 13:17:49 [ERROR] Socket error: Connection refused
2026-09-16 13:17:49 [LOG] Socket error: Connection refused
2026-09-16 13:17:51 [LOG] Trying to reconnect to PLC...
2026-09-16 13:17:55 [ERROR] Socket error: Connection refused
2026-09-16 13:17:55 [LOG] Socket error: Connection refused
2026-09-16 13:17:57 [LOG] Trying to reconnect to PLC...
2026-09-16 13:18:01 [ERROR] Socket error: Connection refused
2026-09-16 13:18:01 [LOG] Socket error: Connection refused
2026-09-16 13:18:03 [LOG] Trying to reconnect to PLC...
2026-09-16 13:18:07 [ERROR] Socket error: Connection refused
2026-09-16 13:18:07 [LOG] Socket error: Connection refused
2026-09-16 13:18:09 [LOG] Trying to reconnect to PLC...
2026-09-16 13:18:13 [ERROR] Socket error: Connection refused
2026-09-16 13:18:13 [LOG] Socket error: Connection refused
2026-09-16 13:18:15 [LOG] Trying to reconnect to PLC...
2026-09-16 13:18:19 [ERROR] Socket error: Connection refused
2026-09-16 13:18:19 [LOG] Socket error: Connection refused
2026-09-16 13:18:21 [LOG] Trying to reconnect to PLC...
2026-09-16 13:18:25 [ERROR] Socket error: Connection refused
2026-09-16 13:18:25 [LOG] Socket error: Connection refused
2026-09-16 13:18:27 [LOG] Trying to reconnect to PLC...
2026-09-16 13:18:31 [ERROR] Socket error: Connection refused
2026-09-16 13:18:31 [LOG] Socket error: Connection refused
2026-09-16 13:18:33 [LOG] Trying to reconnect to PLC...
2026-09-16 13:18:37 [ERROR] Socket error: Connection refused
2026-09-16 13:18:37 [LOG] Socket error: Connection refused
2026-09-16 13:18:39 [LOG] Trying to reconnect to PLC...
2026-09-16 13:18:43 [ERROR] Socket error: Connection refused
2026-09-16 13:18:43 [LOG] Socket error: Connection refused
2026-09-16 13:18:45 [LOG] Trying to reconnect to PLC...
2026-09-16 13:18:49 [ERROR] Socket error: Connection refused
2026-09-16 13:18:49 [LOG] Socket error: Connection refused
2026-09-16 13:18:51 [LOG] Trying to reconnect to PLC...
2026-09-16 13:18:55 [ERROR] Socket error: Connection refused
2026-09-16 13:18:55 [LOG] Socket error: Connection refused
2026-09-16 13:18:57 [LOG] Trying to reconnect to PLC...
2026-09-16 13:19:01 [ERROR] Socket error: Connection refused
2026-09-16 13:19:01 [LOG] Socket error: Connection refused
2026-09-16 13:19:03 [LOG] Trying to reconnect to PLC...
2026-09-16 13:19:07 [ERROR] Socket error: Connection refused
2026-09-16 13:19:07 [LOG] Socket error: Connection refused
2026-09-16 13:19:09 [LOG] Trying to reconnect to PLC...
2026-09-16 13:19:13 [ERROR] Socket error: Connection refused
2026-09-16 13:19:13 [LOG] Socket error: Connection refused
2026-09-16 13:19:15 [LOG] Trying to reconnect to PLC...
2026-09-16 13:19:19 [ERROR] Socket error: Connection refused
2026-09-16 13:19:19 [LOG] Socket error: Connection refused
2026-09-16 13:19:21 [LOG] Trying to reconnect to PLC...
2026-09-16 13:19:25 [ERROR] Socket error: Connection refused
2026-09-16 13:19:25 [LOG] Socket error: Connection refused
2026-09-16 13:19:27 [LOG] Trying to reconnect to PLC...
2026-09-16 13:19:31 [ERROR] Socket error: Connection refused
2026-09-16 13:19:31 [LOG] Socket error: Connection refused
2026-09-16 13:19:33 [LOG] Trying to reconnect to PLC...
2026-09-16 13:19:37 [ERROR] Socket error: Connection refused
2026-09-16 13:19:37 [LOG] Socket error: Connection refused
2026-09-16 13:19:39 [LOG] Trying to reconnect to PLC...
2026-09-16 13:19:43 [ERROR] Socket error: Connection refused
2026-09-16 13:19:43 [LOG] Socket error: Connection refused
2026-09-16 13:19:45 [LOG] Trying to reconnect to PLC...
2026-09-16 13:19:49 [ERROR] Socket error: Connection refused
2026-09-16 13:19:49 [LOG] Socket error: Connection refused
2026-09-16 13:19:51 [LOG] Trying to reconnect to PLC...
2026-09-16 13:19:55 [ERROR] Socket error: Connection refused
2026-09-16 13:19:55 [LOG] Socket error: Connection refused
2026-09-16 13:19:57 [LOG] Trying to reconnect to PLC...
2026-09-16 13:20:01 [ERROR] Socket error: Connection refused
2026-09-16 13:20:01 [LOG] Socket error: Connection refused
2026-09-16 13:20:03 [LOG] Trying to reconnect to PLC...
2026-09-16 13:20:07 [ERROR] Socket error: Connection refused
2026-09-16 13:20:07 [LOG] Socket error: Connection refused
2026-09-16 13:20:09 [LOG] Trying to reconnect to PLC...
2026-09-16 13:20:13 [ERROR] Socket error: Connection refused
2026-09-16 13:20:13 [LOG] Socket error: Connection refused
2026-09-16 13:20:15 [LOG] Trying to reconnect to PLC...
2026-09-16 13:20:19 [ERROR] Socket error: Connection refused
2026-09-16 13:20:19 [LOG] Socket error: Connection refused
2026-09-16 13:20:21 [LOG] Trying to reconnect to PLC...
2026-09-16 13:20:25 [ERROR] Socket error: Connection refused
2026-09-16 13:20:25 [LOG] Socket error: Connection refused
2026-09-16 13:20:27 [LOG] Trying to reconnect to PLC...
2026-09-16 13:20:31 [ERROR] Socket error: Connection refused
2026-09-16 13:20:31 [LOG] Socket error: Connection refused
2026-09-16 13:20:33 [LOG] Trying to reconnect to PLC...
2026-09-16 13:20:37 [ERROR] Socket error: Connection refused
2026-09-16 13:20:37 [LOG] Socket error: Connection refused
2026-09-16 13:20:39 [LOG] Trying to reconnect to PLC...
2026-09-16 13:20:43 [ERROR] Socket error: Connection refused
2026-09-16 13:20:43 [LOG] Socket error: Connection refused
2026-09-16 13:20:45 [LOG] Trying to reconnect to PLC...
2026-09-16 13:20:49 [ERROR] Socket error: Connection refused
2026-09-16 13:20:49 [LOG] Socket error: Connection refused
2026-09-16 13:20:51 [LOG] Trying to reconnect to PLC...
2026-09-16 13:20:55 [ERROR] Socket error: Connection refused
2026-09-16 13:20:55 [LOG] Socket error: Connection refused
2026-09-16 13:20:57 [LOG] Trying to reconnect to PLC...
2026-09-16 13:21:01 [ERROR] Socket error: Connection refused
2026-09-16 13:21:01 [LOG] Socket error: Connection refused
2026-09-16 13:21:03 [LOG] Trying to reconnect to PLC...
2026-09-16 13:21:07 [ERROR] Socket error: Connection refused
2026-09-16 13:21:07 [LOG] Socket error: Connection refused
2026-09-16 13:21:09 [LOG] Trying to reconnect to PLC...
2026-09-16 13:21:13 [ERROR] Socket error: Connection refused
2026-09-16 13:21:13 [LOG] Socket error: Connection refused
2026-09-16 13:21:15 [LOG] Trying to reconnect to PLC...
2026-09-16 13:21:19 [ERROR] Socket error: Connection refused
2026-09-16 13:21:19 [LOG] Socket error: Connection refused
2026-09-16 13:21:21 [LOG] Trying to reconnect to PLC...
2026-09-16 13:21:25 [ERROR] Socket error: Connection refused
2026-09-16 13:21:25 [LOG] Socket error: Connection refused
2026-09-16 13:21:27 [LOG] Trying to reconnect to PLC...
2026-09-16 13:21:31 [ERROR] Socket error: Connection refused
2026-09-16 13:21:31 [LOG] Socket error: Connection refused
2026-09-16 13:21:33 [LOG] Trying to reconnect to PLC...
2026-09-16 13:21:37 [ERROR] Socket error: Connection refused
2026-09-16 13:21:37 [LOG] Socket error: Connection refused
2026-09-16 13:21:39 [LOG] Trying to reconnect to PLC...
2026-09-16 13:21:43 [ERROR] Socket error: Connection refused
2026-09-16 13:21:43 [LOG] Socket error: Connection refused
2026-09-16 13:21:45 [LOG] Trying to reconnect to PLC...
2026-09-16 13:21:49 [ERROR] Socket error: Connection refused
2026-09-16 13:21:49 [LOG] Socket error: Connection refused
2026-09-16 13:21:51 [LOG] Trying to reconnect to PLC...
2026-09-16 13:21:55 [ERROR] Socket error: Connection refused
2026-09-16 13:21:55 [LOG] Socket error: Connection refused
2026-09-16 13:21:57 [LOG] Trying to reconnect to PLC...
2026-09-16 13:21:57 [LOG] PLC reconnect timer stopped
2026-09-16 13:21:57 [LOG] Connection to PLC established
2026-09-16 13:21:57 [SYSTEM] Connection to PLC established
2026-09-16 13:21:59 [LOG] Request sent, transaction 1, function 0x06, 12 bytes
2026-09-16 13:22:01 [ERROR] Socket error: Network operation timed out
2026-09-16 13:22:01 [LOG] Socket error: Network operation timed out
2026-09-16 13:22:01 [ERROR] Failed waiting for Modbus response: Network operation timed out
2026-09-16 13:22:01 [LOG] Failed waiting for Modbus response: Network operation timed out
2026-09-16 13:22:01 [LOG] PLC reconnect will be attempted every 3000 ms
2026-09-16 13:22:01 [SYSTEM] Communication with PLC lost
2026-09-16 13:22:04 [LOG] Trying to reconnect to PLC...
2026-09-16 13:22:04 [LOG] PLC reconnect timer stopped
2026-09-16 13:22:04 [LOG] Connection to PLC established
2026-09-16 13:22:05 [SYSTEM] Connection to PLC established
2026-09-16 13:22:09 [LOG] Request sent, transaction 2, function 0x03, 12 bytes
2026-09-16 13:22:11 [ERROR] Socket error: Network operation timed out
2026-09-16 13:22:11 [LOG] Socket error: Network operation timed out
2026-09-16 13:22:11 [ERROR] Failed waiting for Modbus response: Network operation timed out
2026-09-16 13:22:11 [LOG] Failed waiting for Modbus response: Network operation timed out
2026-09-16 13:22:11 [LOG] PLC reconnect will be attempted every 3000 ms
2026-09-16 13:22:11 [SYSTEM] Communication with PLC lost
2026-09-16 13:22:11 [ERROR] No connection to PLC
2026-09-16 13:22:11 [ERROR] No connection to PLC
2026-09-16 13:22:11 [ERROR] No connection to PLC
2026-09-16 13:22:11 [ERROR] No connection to PLC
2026-09-16 13:22:11 [ERROR] No connection to PLC
2026-09-16 13:22:11 [ERROR] No connection to PLC
2026-09-16 13:22:11 [ERROR] No connection to PLC
2026-09-16 13:22:11 [ERROR] No connection to PLC
2026-09-16 13:22:11 No connected clients to send
2026-09-16 13:22:14 [LOG] Trying to reconnect to PLC...
2026-09-16 13:22:14 [LOG] PLC reconnect timer stopped
2026-09-16 13:22:14 [LOG] Connection to PLC established
2026-09-16 13:22:14 [SYSTEM] Connection to PLC established
2026-09-16 13:22:19 [LOG] Request sent, transaction 3, function 0x06, 12 bytes
2026-09-16 13:22:21 [ERROR] Socket error: Network operation timed out
2026-09-16 13:22:21 [LOG] Socket error: Network operation timed out
2026-09-16 13:22:21 [ERROR] Failed waiting for Modbus response: Network operation timed out
2026-09-16 13:22:21 [LOG] Failed waiting for Modbus response: Network operation timed out
2026-09-16 13:22:21 [LOG] PLC reconnect will be attempted every 3000 ms
2026-09-16 13:22:21 [SYSTEM] Communication with PLC lost
2026-09-16 13:22:24 [LOG] Trying to reconnect to PLC...
2026-09-16 13:22:24 [LOG] PLC reconnect timer stopped
2026-09-16 13:22:24 [LOG] Connection to PLC established
2026-09-16 13:22:25 [SYSTEM] Connection to PLC established
2026-09-16 13:22:29 [LOG] Request sent, transaction 4, function 0x03, 12 bytes
2026-09-16 13:22:31 [ERROR] Socket error: Network operation timed out
2026-09-16 13:22:31 [LOG] Socket error: Network operation timed out
2026-09-16 13:22:31 [ERROR] Failed waiting for Modbus response: Network operation timed out
2026-09-16 13:22:31 [LOG] Failed waiting for Modbus response: Network operation timed out
2026-09-16 13:22:31 [LOG] PLC reconnect will be attempted every 3000 ms
2026-09-16 13:22:31 [SYSTEM] Communication with PLC lost
2026-09-16 13:22:31 [ERROR] No connection to PLC
2026-09-16 13:22:31 [ERROR] No connection to PLC
2026-09-16 13:22:31 [ERROR] No connection to PLC
2026-09-16 13:22:31 [ERROR] No connection to PLC
2026-09-16 13:22:31 [ERROR] No connection to PLC
2026-09-16 13:22:31 [ERROR] No connection to PLC
2026-09-16 13:22:31 [ERROR] No connection to PLC
2026-09-16 13:22:31 [ERROR] No connection to PLC
2026-09-16 13:22:31 No connected clients to send
2026-09-16 13:22:34 [LOG] Trying to reconnect to PLC...
2026-09-16 13:22:34 [LOG] PLC reconnect timer stopped
2026-09-16 13:22:34 [LOG] Connection to PLC established
2026-09-16 13:22:34 [SYSTEM] Connection to PLC established
2026-09-16 13:22:39 [LOG] Request sent, transaction 5, function 0x06, 12 bytes
2026-09-16 13:22:41 [ERROR] Socket error: Network operation timed out
2026-09-16 13:22:41 [LOG] Socket error: Network operation timed out
2026-09-16 13:22:41 [ERROR] Failed waiting for Modbus response: Network operation timed out
2026-09-16 13:22:41 [LOG] Failed waiting for Modbus response: Network operation timed out
2026-09-16 13:22:41 [LOG] PLC reconnect will be attempted every 3000 ms
2026-09-16 13:22:42 [SYSTEM] Communication with PLC lost
2026-09-16 13:22:44 [LOG] Trying to reconnect to PLC...
2026-09-16 13:22:44 [LOG] PLC reconnect timer stopped
2026-09-16 13:22:44 [LOG] Connection to PLC established
2026-09-16 13:22:45 [SYSTEM] Connection to PLC established
2026-09-16 13:22:49 [LOG] Request sent, transaction 6, function 0x03, 12 bytes
2026-09-16 13:22:51 [ERROR] Socket error: Network operation timed out
2026-09-16 13:22:51 [LOG] Socket error: Network operation timed out
2026-09-16 13:22:51 [ERROR] Failed waiting for Modbus response: Network operation timed out
2026-09-16 13:22:51 [LOG] Failed waiting for Modbus response: Network operation timed out
2026-09-16 13:22:51 [LOG] PLC reconnect will be attempted every 3000 ms
2026-09-16 13:22:51 [SYSTEM] Communication with PLC lost
2026-09-16 13:22:51 [ERROR] No connection to PLC
2026-09-16 13:22:51 [ERROR] No connection to PLC
2026-09-16 13:22:51 [ERROR] No connection to PLC
2026-09-16 13:22:51 [ERROR] No connection to PLC
2026-09-16 13:22:51 [ERROR] No connection to PLC
2026-09-16 13:22:51 [ERROR] No connection to PLC
2026-09-16 13:22:51 [ERROR] No connection to PLC
2026-09-16 13:22:51 [ERROR] No connection to PLC
2026-09-16 13:22:51 No connected clients to send
2026-09-16 13:22:54 [LOG] Trying to reconnect to PLC...
2026-09-16 13:22:54 [LOG] PLC reconnect timer stopped
2026-09-16 13:22:54 [LOG] Connection to PLC established
2026-09-16 13:22:54 [SYSTEM] Connection to PLC established
2026-09-16 13:22:59 [LOG] Request sent, transaction 7, function 0x06, 12 bytes
2026-09-16 13:23:01 [ERROR] Socket error: Network operation timed out
2026-09-16 13:23:01 [LOG] Socket error: Network operation timed out
2026-09-16 13:23:01 [ERROR] Failed waiting for Modbus response: Network operation timed out
2026-09-16 13:23:01 [LOG] Failed waiting for Modbus response: Network operation timed out
2026-09-16 13:23:01 [LOG] PLC reconnect will be attempted every 3000 ms
2026-09-16 13:23:01 [SYSTEM] Communication with PLC lost
2026-09-16 13:23:04 [LOG] Trying to reconnect to PLC...
2026-09-16 13:23:04 [LOG] PLC reconnect timer stopped
2026-09-16 13:23:04 [LOG] Connection to PLC established
2026-09-16 13:23:05 [SYSTEM] Connection to PLC established
2026-09-16 13:23:09 [LOG] Request sent, transaction 8, function 0x03, 12 bytes
2026-09-16 13:23:11 [ERROR] Socket error: Network operation timed out
2026-09-16 13:23:11 [LOG] Socket error: Network operation timed out
2026-09-16 13:23:11 [ERROR] Failed waiting for Modbus response: Network operation timed out
2026-09-16 13:23:11 [LOG] Failed waiting for Modbus response: Network operation timed out
2026-09-16 13:23:11 [LOG] PLC reconnect will be attempted every 3000 ms
2026-09-16 13:23:11 [SYSTEM] Communication with PLC lost
2026-09-16 13:23:11 [ERROR] No connection to PLC
2026-09-16 13:23:11 [ERROR] No connection to PLC
2026-09-16 13:23:11 [ERROR] No connection to PLC
2026-09-16 13:23:11 [ERROR] No connection to PLC
2026-09-16 13:23:11 [ERROR] No connection to PLC
2026-09-16 13:23:11 [ERROR] No connection to PLC
2026-09-16 13:23:11 [ERROR] No connection to PLC
2026-09-16 13:23:11 [ERROR] No connection to PLC
2026-09-16 13:23:11 No connected clients to send
2026-09-16 13:23:14 [LOG] Trying to reconnect to PLC...
2026-09-16 13:23:14 [LOG] PLC reconnect timer stopped
2026-09-16 13:23:14 [LOG] Connection to PLC established
2026-09-16 13:23:14 [SYSTEM] Connection to PLC established
2026-09-16 13:23:20 [LOG] Request sent, transaction 9, function 0x06, 12 bytes
2026-09-16 13:23:22 [ERROR] Socket error: Network operation timed out
2026-09-16 13:23:22 [LOG] Socket error: Network operation timed out
2026-09-16 13:23:22 [ERROR] Failed waiting for Modbus response: Network operation timed out
2026-09-16 13:23:22 [LOG] Failed waiting for Modbus response: Network operation timed out
2026-09-16 13:23:22 [LOG] PLC reconnect will be attempted every 3000 ms
2026-09-16 13:23:22 [SYSTEM] Communication with PLC lost
2026-09-16 13:23:25 [LOG] Trying to reconnect to PLC...
2026-09-16 13:23:25 [LOG] PLC reconnect timer stopped
2026-09-16 13:23:25 [LOG] Connection to PLC established
2026-09-16 13:23:25 [SYSTEM] Connection to PLC established
2026-09-16 13:23:29 [LOG] Request sent, transaction 10, function 0x03, 12 bytes
2026-09-16 13:23:31 [ERROR] Socket error: Network operation timed out
2026-09-16 13:23:31 [LOG] Socket error: Network operation timed out
2026-09-16 13:23:31 [ERROR] Failed waiting for Modbus response: Network operation timed out
2026-09-16 13:23:31 [LOG] Failed waiting for Modbus response: Network operation timed out
2026-09-16 13:23:31 [LOG] PLC reconnect will be attempted every 3000 ms
2026-09-16 13:23:31 [SYSTEM] Communication with PLC lost
2026-09-16 13:23:31 [ERROR] No connection to PLC
2026-09-16 13:23:31 [ERROR] No connection to PLC
2026-09-16 13:23:31 [ERROR] No connection to PLC
2026-09-16 13:23:31 [ERROR] No connection to PLC
2026-09-16 13:23:31 [ERROR] No connection to PLC
2026-09-16 13:23:31 [ERROR] No connection to PLC
2026-09-16 13:23:31 [ERROR] No connection to PLC
2026-09-16 13:23:31 [ERROR] No connection to PLC
2026-09-16 13:23:31 No connected clients to send
2026-09-16 13:23:34 [LOG] Trying to reconnect to PLC...
2026-09-16 13:23:34 [LOG] PLC reconnect timer stopped
2026-09-16 13:23:34 [LOG] Connection to PLC established
2026-09-16 13:23:34 [SYSTEM] Connection to PLC established
2026-09-16 13:23:40 [LOG] Request sent, transaction 11, function 0x06, 12 bytes
2026-09-16 13:23:42 [ERROR] Socket error: Network operation timed out
2026-09-16 13:23:42 [LOG] Socket error: Network operation timed out
2026-09-16 13:23:42 [ERROR] Failed waiting for Modbus response: Network operation timed out
2026-09-16 13:23:42 [LOG] Failed waiting for Modbus response: Network operation timed out
2026-09-16 13:23:42 [LOG] PLC reconnect will be attempted every 3000 ms
2026-09-16 13:23:42 [SYSTEM] Communication with PLC lost
2026-09-16 13:23:45 [LOG] Trying to reconnect to PLC...
2026-09-16 13:23:45 [LOG] PLC reconnect timer stopped
2026-09-16 13:23:45 [LOG] Connection to PLC established
2026-09-16 13:23:45 [SYSTEM] Connection to PLC established
2026-09-16 13:23:46 [ERROR] Socket error: The remote host closed the connection
2026-09-16 13:23:46 [LOG] Socket error: The remote host closed the connection
2026-09-16 13:23:46 [LOG] Connection to PLC lost
2026-09-16 13:23:46 [SYSTEM] Communication with PLC lost
2026-09-16 13:23:46 [LOG] PLC reconnect will be attempted every 3000 ms
2026-09-16 13:23:49 [LOG] Trying to reconnect to PLC...
2026-09-16 13:23:53 [ERROR] Socket error: Connection refused
2026-09-16 13:23:53 [LOG] Socket error: Connection refused
2026-09-16 13:23:55 [LOG] Trying to reconnect to PLC...
2026-09-16 13:23:59 [ERROR] Socket error: Connection refused
2026-09-16 13:23:59 [LOG] Socket error: Connection refused
2026-09-16 13:24:01 [LOG] Trying to reconnect to PLC...
2026-09-16 13:24:05 [ERROR] Socket error: Connection refused
2026-09-16 13:24:05 [LOG] Socket error: Connection refused
2026-09-16 13:24:07 [LOG] Trying to reconnect to PLC...
2026-09-16 13:24:11 [ERROR] Socket error: Connection refused
2026-09-16 13:24:11 [LOG] Socket error: Connection refused
2026-09-16 13:24:13 [LOG] Trying to reconnect to PLC...
2026-09-16 13:24:17 [ERROR] Socket error: Connection refused
2026-09-16 13:24:17 [LOG] Socket error: Connection refused
2026-09-16 13:24:19 [LOG] Trying to reconnect to PLC...
2026-09-16 13:24:23 [ERROR] Socket error: Connection refused
2026-09-16 13:24:23 [LOG] Socket error: Connection refused
2026-09-16 13:24:25 [LOG] Trying to reconnect to PLC...
2026-09-16 13:24:29 [ERROR] Socket error: Connection refused
2026-09-16 13:24:29 [LOG] Socket error: Connection refused
2026-09-16 13:24:31 [LOG] Trying to reconnect to PLC...
2026-09-16 13:24:35 [ERROR] Socket error: Connection refused
2026-09-16 13:24:35 [LOG] Socket error: Connection refused
2026-09-16 13:24:37 [LOG] Trying to reconnect to PLC...
2026-09-16 13:24:41 [ERROR] Socket error: Connection refused
2026-09-16 13:24:41 [LOG] Socket error: Connection refused
2026-09-16 13:24:43 [LOG] Trying to reconnect to PLC...
2026-09-16 13:24:46 [LOG] PLC reconnect timer stopped
2026-09-16 13:24:46 [LOG] Connection to PLC established
2026-09-16 13:24:46 [SYSTEM] Connection to PLC established
2026-09-16 13:24:49 [LOG] Request sent, transaction 12, function 0x03, 12 bytes
2026-09-16 13:24:49 [LOG] Response received, transaction 12, function 0x03, 4 bytes PDU
2026-09-16 13:24:49 [LOG] Reading 0x242c = 0
2026-09-16 13:24:49 [LOG] Request sent, transaction 13, function 0x03, 12 bytes
2026-09-16 13:24:49 [LOG] Response received, transaction 13, function 0x03, 4 bytes PDU
2026-09-16 13:24:49 [LOG] Reading 0x242d = 0
2026-09-16 13:24:49 [LOG] Request sent, transaction 14, function 0x03, 12 bytes
2026-09-16 13:24:49 [LOG] Response received, transaction 14, function 0x03, 4 bytes PDU
2026-09-16 13:24:49 [LOG] Reading 0x242e = 0
2026-09-16 13:24:49 [LOG] Request sent, transaction 15, function 0x03, 12 bytes
2026-09-16 13:24:49 [LOG] Response received, transaction 15, function 0x03, 4 bytes PDU
2026-09-16 13:24:49 [LOG] Reading 0x242f = 0
2026-09-16 13:24:49 [LOG] Request sent, transaction 16, function 0x03, 12 bytes
2026-09-16 13:24:49 [LOG] Response received, transaction 16, function 0x03, 4 bytes PDU
2026-09-16 13:24:49 [LOG] Reading 0x2430 = 0
2026-09-16 13:24:49 [LOG] Request sent, transaction 17, function 0x03, 12 bytes
2026-09-16 13:24:49 [LOG] Response received, transaction 17, function 0x03, 4 bytes PDU
2026-09-16 13:24:49 [LOG] Reading 0x2431 = 0
2026-09-16 13:24:49 [LOG] Request sent, transaction 18, function 0x03, 12 bytes
2026-09-16 13:24:49 [LOG] Response received, transaction 18, function 0x03, 4 bytes PDU
2026-09-16 13:24:49 [LOG] Reading 0x2432 = 0
2026-09-16 13:24:49 [LOG] Request sent, transaction 19, function 0x03, 12 bytes
2026-09-16 13:24:49 [LOG] Response received, transaction 19, function 0x03, 4 bytes PDU
2026-09-16 13:24:49 [LOG] Reading 0x2433 = 0
2026-09-16 13:24:49 [LOG] Request sent, transaction 20, function 0x03, 12 bytes
2026-09-16 13:24:49 [LOG] Response received, transaction 20, function 0x03, 4 bytes PDU
2026-09-16 13:24:49 [LOG] Reading 0x2434 = 0
2026-09-16 13:24:49 No connected clients to send
2026-09-16 13:24:50 [LOG] Request sent, transaction 21, function 0x06, 12 bytes
2026-09-16 13:24:50 [LOG] Response received, transaction 21, function 0x06, 5 bytes PDU
2026-09-16 13:24:50 [LOG] Recording 0x234b = 0
2026-09-16 13:25:09 [LOG] Request sent, transaction 22, function 0x03, 12 bytes
2026-09-16 13:25:09 [LOG] Response received, transaction 22, function 0x03, 4 bytes PDU
2026-09-16 13:25:09 [LOG] Reading 0x242c = 0
2026-09-16 13:25:09 [LOG] Request sent, transaction 23, function 0x03, 12 bytes
2026-09-16 13:25:09 [LOG] Response received, transaction 23, function 0x03, 4 bytes PDU
2026-09-16 13:25:09 [LOG] Reading 0x242d = 0
2026-09-16 13:25:09 [LOG] Request sent, transaction 24, function 0x03, 12 bytes
2026-09-16 13:25:09 [LOG] Response received, transaction 24, function 0x03, 4 bytes PDU
2026-09-16 13:25:09 [LOG] Reading 0x242e = 0
2026-09-16 13:25:09 [LOG] Request sent, transaction 25, function 0x03, 12 bytes
2026-09-16 13:25:09 [LOG] Response received, transaction 25, function 0x03, 4 bytes PDU
2026-09-16 13:25:09 [LOG] Reading 0x242f = 0
2026-09-16 13:25:09 [LOG] Request sent, transaction 26, function 0x03, 12 bytes
2026-09-16 13:25:09 [LOG] Response received, transaction 26, function 0x03, 4 bytes PDU
2026-09-16 13:25:09 [LOG] Reading 0x2430 = 0
2026-09-16 13:25:09 [LOG] Request sent, transaction 27, function 0x03, 12 bytes
2026-09-16 13:25:09 [LOG] Response received, transaction 27, function 0x03, 4 bytes PDU
2026-09-16 13:25:09 [LOG] Reading 0x2431 = 0
2026-09-16 13:25:09 [LOG] Request sent, transaction 28, function 0x03, 12 bytes
2026-09-16 13:25:09 [LOG] Response received, transaction 28, function 0x03, 4 bytes PDU
2026-09-16 13:25:09 [LOG] Reading 0x2432 = 0
2026-09-16 13:25:09 [LOG] Request sent, transaction 29, function 0x03, 12 bytes
2026-09-16 13:25:09 [LOG] Response received, transaction 29, function 0x03, 4 bytes PDU
2026-09-16 13:25:09 [LOG] Reading 0x2433 = 0
2026-09-16 13:25:09 [LOG] Request sent, transaction 30, function 0x03, 12 bytes
2026-09-16 13:25:09 [LOG] Response received, transaction 30, function 0x03, 4 bytes PDU
2026-09-16 13:25:09 [LOG] Reading 0x2434 = 0
2026-09-16 13:25:09 No connected clients to send
2026-09-16 13:25:13 [ERROR] Socket error: The remote host closed the connection
2026-09-16 13:25:13 [LOG] Socket error: The remote host closed the connection
2026-09-16 13:25:13 [LOG] Connection to PLC lost
2026-09-16 13:25:13 [SYSTEM] Communication with PLC lost
2026-09-16 13:25:13 [LOG] PLC reconnect will be attempted every 3000 ms
2026-09-16 13:25:16 [LOG] Trying to reconnect to PLC...
2026-09-16 13:25:20 [ERROR] Socket error: Connection refused
2026-09-16 13:25:20 [LOG] Socket error: Connection refused
2026-09-16 13:25:22 [LOG] Trying to reconnect to PLC...
2026-09-16 13:25:26 [ERROR] Socket error: Connection refused
2026-09-16 13:25:26 [LOG] Socket error: Connection refused
2026-09-16 13:25:28 [LOG] Trying to reconnect to PLC...
2026-09-16 13:25:32 [ERROR] Socket error: Connection refused
2026-09-16 13:25:32 [LOG] Socket error: Connection refused
2026-09-16 13:25:34 [LOG] Trying to reconnect to PLC...
2026-09-16 13:25:38 [ERROR] Socket error: Connection refused
2026-09-16 13:25:38 [LOG] Socket error: Connection refused
2026-09-16 13:25:40 [LOG] Trying to reconnect to PLC...
2026-09-16 13:25:44 [ERROR] Socket error: Connection refused
2026-09-16 13:25:44 [LOG] Socket error: Connection refused
2026-09-16 13:25:46 [LOG] Trying to reconnect to PLC...
2026-09-16 13:25:46 [LOG] PLC reconnect timer stopped
2026-09-16 13:25:46 [LOG] Connection to PLC established
2026-09-16 13:25:46 [SYSTEM] Connection to PLC established
2026-09-16 13:25:49 [LOG] Request sent, transaction 31, function 0x03, 12 bytes
2026-09-16 13:25:49 [LOG] Response received, transaction 31, function 0x03, 4 bytes PDU
2026-09-16 13:25:49 [LOG] Reading 0x242c = 0
2026-09-16 13:25:49 [LOG] Request sent, transaction 32, function 0x03, 12 bytes
2026-09-16 13:25:49 [LOG] Response received, transaction 32, function 0x03, 4 bytes PDU
2026-09-16 13:25:49 [LOG] Reading 0x242d = 0
2026-09-16 13:25:49 [LOG] Request sent, transaction 33, function 0x03, 12 bytes
2026-09-16 13:25:49 [LOG] Response received, transaction 33, function 0x03, 4 bytes PDU
2026-09-16 13:25:49 [LOG] Reading 0x242e = 0
2026-09-16 13:25:49 [LOG] Request sent, transaction 34, function 0x03, 12 bytes
2026-09-16 13:25:49 [LOG] Response received, transaction 34, function 0x03, 4 bytes PDU
2026-09-16 13:25:49 [LOG] Reading 0x242f = 0
2026-09-16 13:25:49 [LOG] Request sent, transaction 35, function 0x03, 12 bytes
2026-09-16 13:25:49 [LOG] Response received, transaction 35, function 0x03, 4 bytes PDU
2026-09-16 13:25:49 [LOG] Reading 0x2430 = 0
2026-09-16 13:25:49 [LOG] Request sent, transaction 36, function 0x03, 12 bytes
2026-09-16 13:25:49 [LOG] Response received, transaction 36, function 0x03, 4 bytes PDU
2026-09-16 13:25:49 [LOG] Reading 0x2431 = 0
2026-09-16 13:25:49 [LOG] Request sent, transaction 37, function 0x03, 12 bytes
2026-09-16 13:25:49 [LOG] Response received, transaction 37, function 0x03, 4 bytes PDU
2026-09-16 13:25:49 [LOG] Reading 0x2432 = 0
2026-09-16 13:25:49 [LOG] Request sent, transaction 38, function 0x03, 12 bytes
2026-09-16 13:25:49 [LOG] Response received, transaction 38, function 0x03, 4 bytes PDU
2026-09-16 13:25:49 [LOG] Reading 0x2433 = 0
2026-09-16 13:25:49 [LOG] Request sent, transaction 39, function 0x03, 12 bytes
2026-09-16 13:25:49 [LOG] Response received, transaction 39, function 0x03, 4 bytes PDU
2026-09-16 13:25:49 [LOG] Reading 0x2434 = 0
2026-09-16 13:25:49 No connected clients to send
2026-09-16 13:25:50 [LOG] Request sent, transaction 40, function 0x06, 12 bytes
2026-09-16 13:25:50 [LOG] Response received, transaction 40, function 0x06, 5 bytes PDU
2026-09-16 13:25:50 [LOG] Recording 0x234b = 0
2026-09-16 13:26:09 [LOG] Request sent, transaction 41, function 0x03, 12 bytes
2026-09-16 13:26:09 [LOG] Response received, transaction 41, function 0x03, 4 bytes PDU
2026-09-16 13:26:09 [LOG] Reading 0x242c = 0
2026-09-16 13:26:09 [LOG] Request sent, transaction 42, function 0x03, 12 bytes
2026-09-16 13:26:09 [LOG] Response received, transaction 42, function 0x03, 4 bytes PDU
2026-09-16 13:26:09 [LOG] Reading 0x242d = 0
2026-09-16 13:26:09 [LOG] Request sent, transaction 43, function 0x03, 12 bytes
2026-09-16 13:26:09 [LOG] Response received, transaction 43, function 0x03, 4 bytes PDU
2026-09-16 13:26:09 [LOG] Reading 0x242e = 0
2026-09-16 13:26:09 [LOG] Request sent, transaction 44, function 0x03, 12 bytes
2026-09-16 13:26:09 [LOG] Response received, transaction 44, function 0x03, 4 bytes PDU
2026-09-16 13:26:09 [LOG] Reading 0x242f = 0
2026-09-16 13:26:09 [LOG] Request sent, transaction 45, function 0x03, 12 bytes
2026-09-16 13:26:09 [LOG] Response received, transaction 45, function 0x03, 4 bytes PDU
2026-09-16 13:26:09 [LOG] Reading 0x2430 = 0
2026-09-16 13:26:09 [LOG] Request sent, transaction 46, function 0x03, 12 bytes
2026-09-16 13:26:09 [LOG] Response received, transaction 46, function 0x03, 4 bytes PDU
2026-09-16 13:26:09 [LOG] Reading 0x2431 = 0
2026-09-16 13:26:09 [LOG] Request sent, transaction 47, function 0x03, 12 bytes
2026-09-16 13:26:09 [LOG] Response received, transaction 47, function 0x03, 4 bytes PDU
2026-09-16 13:26:09 [LOG] Reading 0x2432 = 0
2026-09-16 13:26:09 [LOG] Request sent, transaction 48, function 0x03, 12 bytes
2026-09-16 13:26:09 [LOG] Response received, transaction 48, function 0x03, 4 bytes PDU
2026-09-16 13:26:09 [LOG] Reading 0x2433 = 0
2026-09-16 13:26:09 [LOG] Request sent, transaction 49, function 0x03, 12 bytes
2026-09-16 13:26:09 [LOG] Response received, transaction 49, function 0x03, 4 bytes PDU
2026-09-16 13:26:09 [LOG] Reading 0x2434 = 0
2026-09-16 13:26:09 No connected clients to send
2026-09-16 13:26:29 [LOG] Request sent, transaction 50, function 0x03, 12 bytes
2026-09-16 13:26:29 [LOG] Response received, transaction 50, function 0x03, 4 bytes PDU
2026-09-16 13:26:29 [LOG] Reading 0x242c = 0
2026-09-16 13:26:29 [LOG] Request sent, transaction 51, function 0x03, 12 bytes
2026-09-16 13:26:29 [LOG] Response received, transaction 51, function 0x03, 4 bytes PDU
2026-09-16 13:26:29 [LOG] Reading 0x242d = 0
2026-09-16 13:26:29 [LOG] Request sent, transaction 52, function 0x03, 12 bytes
2026-09-16 13:26:29 [LOG] Response received, transaction 52, function 0x03, 4 bytes PDU
2026-09-16 13:26:29 [LOG] Reading 0x242e = 0
2026-09-16 13:26:29 [LOG] Request sent, transaction 53, function 0x03, 12 bytes
2026-09-16 13:26:29 [LOG] Response received, transaction 53, function 0x03, 4 bytes PDU
2026-09-16 13:26:29 [LOG] Reading 0x242f = 0
2026-09-16 13:26:29 [LOG] Request sent, transaction 54, function 0x03, 12 bytes
2026-09-16 13:26:29 [LOG] Response received, transaction 54, function 0x03, 4 bytes PDU
2026-09-16 13:26:29 [LOG] Reading 0x2430 = 0
2026-09-16 13:26:29 [LOG] Request sent, transaction 55, function 0x03, 12 bytes
2026-09-16 13:26:29 [LOG] Response received, transaction 55, function 0x03, 4 bytes PDU
2026-09-16 13:26:29 [LOG] Reading 0x2431 = 0
2026-09-16 13:26:29 [LOG] Request sent, transaction 56, function 0x03, 12 bytes
2026-09-16 13:26:29 [LOG] Response received, transaction 56, function 0x03, 4 bytes PDU
2026-09-16 13:26:29 [LOG] Reading 0x2432 = 0
2026-09-16 13:26:29 [LOG] Request sent, transaction 57, function 0x03, 12 bytes
2026-09-16 13:26:29 [LOG] Response received, transaction 57, function 0x03, 4 bytes PDU
2026-09-16 13:26:29 [LOG] Reading 0x2433 = 0
2026-09-16 13:26:29 [LOG] Request sent, transaction 58, function 0x03, 12 bytes
2026-09-16 13:26:29 [LOG] Response received, transaction 58, function 0x03, 4 bytes PDU
2026-09-16 13:26:29 [LOG] Reading 0x2434 = 0
2026-09-16 13:26:29 No connected clients to send
2026-09-16 13:26:49 [LOG] Request sent, transaction 59, function 0x03, 12 bytes
2026-09-16 13:26:49 [LOG] Response received, transaction 59, function 0x03, 4 bytes PDU
2026-09-16 13:26:49 [LOG] Reading 0x242c = 0
2026-09-16 13:26:49 [LOG] Request sent, transaction 60, function 0x03, 12 bytes
2026-09-16 13:26:49 [LOG] Response received, transaction 60, function 0x03, 4 bytes PDU
2026-09-16 13:26:49 [LOG] Reading 0x242d = 0
2026-09-16 13:26:49 [LOG] Request sent, transaction 61, function 0x03, 12 bytes
2026-09-16 13:26:49 [LOG] Response received, transaction 61, function 0x03, 4 bytes PDU
2026-09-16 13:26:49 [LOG] Reading 0x242e = 0
2026-09-16 13:26:49 [LOG] Request sent, transaction 62, function 0x03, 12 bytes
2026-09-16 13:26:49 [LOG] Response received, transaction 62, function 0x03, 4 bytes PDU
2026-09-16 13:26:49 [LOG] Reading 0x242f = 0
2026-09-16 13:26:49 [LOG] Request sent, transaction 63, function 0x03, 12 bytes
2026-09-16 13:26:49 [LOG] Response received, transaction 63, function 0x03, 4 bytes PDU
2026-09-16 13:26:49 [LOG] Reading 0x2430 = 0
2026-09-16 13:26:49 [LOG] Request sent, transaction 64, function 0x03, 12 bytes
2026-09-16 13:26:49 [LOG] Response received, transaction 64, function 0x03, 4 bytes PDU
2026-09-16 13:26:49 [LOG] Reading 0x2431 = 0
2026-09-16 13:26:49 [LOG] Request sent, transaction 65, function 0x03, 12 bytes
2026-09-16 13:26:49 [LOG] Response received, transaction 65, function 0x03, 4 bytes PDU
2026-09-16 13:26:49 [LOG] Reading 0x2432 = 0
2026-09-16 13:26:49 [LOG] Request sent, transaction 66, function 0x03, 12 bytes
2026-09-16 13:26:49 [LOG] Response received, transaction 66, function 0x03, 4 bytes PDU
2026-09-16 13:26:49 [LOG] Reading 0x2433 = 0
2026-09-16 13:26:49 [LOG] Request sent, transaction 67, function 0x03, 12 bytes
2026-09-16 13:26:49 [LOG] Response received, transaction 67, function 0x03, 4 bytes PDU
2026-09-16 13:26:49 [LOG] Reading 0x2434 = 0
2026-09-16 13:26:49 No connected clients to send
2026-09-16 13:27:09 [LOG] Request sent, transaction 68, function 0x03, 12 bytes
2026-09-16 13:27:09 [LOG] Response received, transaction 68, function 0x03, 4 bytes PDU
2026-09-16 13:27:09 [LOG] Reading 0x242c = 1
2026-09-16 13:27:09 [LOG] Request sent, transaction 69, function 0x03, 12 bytes
2026-09-16 13:27:09 [LOG] Response received, transaction 69, function 0x03, 4 bytes PDU
2026-09-16 13:27:09 [LOG] Reading 0x242d = 0
2026-09-16 13:27:09 [LOG] Request sent, transaction 70, function 0x03, 12 bytes
2026-09-16 13:27:09 [LOG] Response received, transaction 70, function 0x03, 4 bytes PDU
2026-09-16 13:27:09 [LOG] Reading 0x242e = 0
2026-09-16 13:27:09 [LOG] Request sent, transaction 71, function 0x03, 12 bytes
2026-09-16 13:27:09 [LOG] Response received, transaction 71, function 0x03, 4 bytes PDU
2026-09-16 13:27:09 [LOG] Reading 0x242f = 0
2026-09-16 13:27:09 [LOG] Request sent, transaction 72, function 0x03, 12 bytes
2026-09-16 13:27:09 [LOG] Response received, transaction 72, function 0x03, 4 bytes PDU
2026-09-16 13:27:09 [LOG] Reading 0x2430 = 0
2026-09-16 13:27:09 [LOG] Request sent, transaction 73, function 0x03, 12 bytes
2026-09-16 13:27:09 [LOG] Response received, transaction 73, function 0x03, 4 bytes PDU
2026-09-16 13:27:09 [LOG] Reading 0x2431 = 0
2026-09-16 13:27:09 [LOG] Request sent, transaction 74, function 0x03, 12 bytes
2026-09-16 13:27:09 [LOG] Response received, transaction 74, function 0x03, 4 bytes PDU
2026-09-16 13:27:09 [LOG] Reading 0x2432 = 0
2026-09-16 13:27:09 [LOG] Request sent, transaction 75, function 0x03, 12 bytes
2026-09-16 13:27:09 [LOG] Response received, transaction 75, function 0x03, 4 bytes PDU
2026-09-16 13:27:09 [LOG] Reading 0x2433 = 0
2026-09-16 13:27:09 [LOG] Request sent, transaction 76, function 0x03, 12 bytes
2026-09-16 13:27:09 [LOG] Response received, transaction 76, function 0x03, 4 bytes PDU
2026-09-16 13:27:09 [LOG] Reading 0x2434 = 0
2026-09-16 13:27:09 No connected clients to send
2026-09-16 13:27:29 [LOG] Request sent, transaction 77, function 0x03, 12 bytes
2026-09-16 13:27:29 [LOG] Response received, transaction 77, function 0x03, 4 bytes PDU
2026-09-16 13:27:29 [LOG] Reading 0x242c = 1
2026-09-16 13:27:29 [LOG] Request sent, transaction 78, function 0x03, 12 bytes
2026-09-16 13:27:29 [LOG] Response received, transaction 78, function 0x03, 4 bytes PDU
2026-09-16 13:27:29 [LOG] Reading 0x242d = 0
2026-09-16 13:27:29 [LOG] Request sent, transaction 79, function 0x03, 12 bytes
2026-09-16 13:27:29 [LOG] Response received, transaction 79, function 0x03, 4 bytes PDU
2026-09-16 13:27:29 [LOG] Reading 0x242e = 0
2026-09-16 13:27:29 [LOG] Request sent, transaction 80, function 0x03, 12 bytes
2026-09-16 13:27:29 [LOG] Response received, transaction 80, function 0x03, 4 bytes PDU
2026-09-16 13:27:29 [LOG] Reading 0x242f = 0
2026-09-16 13:27:29 [LOG] Request sent, transaction 81, function 0x03, 12 bytes
2026-09-16 13:27:29 [LOG] Response received, transaction 81, function 0x03, 4 bytes PDU
2026-09-16 13:27:29 [LOG] Reading 0x2430 = 0
2026-09-16 13:27:29 [LOG] Request sent, transaction 82, function 0x03, 12 bytes
2026-09-16 13:27:29 [LOG] Response received, transaction 82, function 0x03, 4 bytes PDU
2026-09-16 13:27:29 [LOG] Reading 0x2431 = 0
2026-09-16 13:27:29 [LOG] Request sent, transaction 83, function 0x03, 12 bytes
2026-09-16 13:27:29 [LOG] Response received, transaction 83, function 0x03, 4 bytes PDU
2026-09-16 13:27:29 [LOG] Reading 0x2432 = 0
2026-09-16 13:27:29 [LOG] Request sent, transaction 84, function 0x03, 12 bytes
2026-09-16 13:27:29 [LOG] Response received, transaction 84, function 0x03, 4 bytes PDU
2026-09-16 13:27:29 [LOG] Reading 0x2433 = 0
2026-09-16 13:27:29 [LOG] Request sent, transaction 85, function 0x03, 12 bytes
2026-09-16 13:27:29 [LOG] Response received, transaction 85, function 0x03, 4 bytes PDU
2026-09-16 13:27:29 [LOG] Reading 0x2434 = 0
2026-09-16 13:27:29 No connected clients to send
2026-09-16 13:27:49 [LOG] Request sent, transaction 86, function 0x03, 12 bytes
2026-09-16 13:27:49 [LOG] Response received, transaction 86, function 0x03, 4 bytes PDU
2026-09-16 13:27:49 [LOG] Reading 0x242c = 1
2026-09-16 13:27:49 [LOG] Request sent, transaction 87, function 0x03, 12 bytes
2026-09-16 13:27:49 [LOG] Response received, transaction 87, function 0x03, 4 bytes PDU
2026-09-16 13:27:49 [LOG] Reading 0x242d = 0
2026-09-16 13:27:49 [LOG] Request sent, transaction 88, function 0x03, 12 bytes
2026-09-16 13:27:49 [LOG] Response received, transaction 88, function 0x03, 4 bytes PDU
2026-09-16 13:27:49 [LOG] Reading 0x242e = 0
2026-09-16 13:27:49 [LOG] Request sent, transaction 89, function 0x03, 12 bytes
2026-09-16 13:27:49 [LOG] Response received, transaction 89, function 0x03, 4 bytes PDU
2026-09-16 13:27:49 [LOG] Reading 0x242f = 0
2026-09-16 13:27:49 [LOG] Request sent, transaction 90, function 0x03, 12 bytes
2026-09-16 13:27:49 [LOG] Response received, transaction 90, function 0x03, 4 bytes PDU
2026-09-16 13:27:49 [LOG] Reading 0x2430 = 0
2026-09-16 13:27:49 [LOG] Request sent, transaction 91, function 0x03, 12 bytes
2026-09-16 13:27:49 [LOG] Response received, transaction 91, function 0x03, 4 bytes PDU
2026-09-16 13:27:49 [LOG] Reading 0x2431 = 0
2026-09-16 13:27:49 [LOG] Request sent, transaction 92, function 0x03, 12 bytes
2026-09-16 13:27:49 [LOG] Response received, transaction 92, function 0x03, 4 bytes PDU
2026-09-16 13:27:49 [LOG] Reading 0x2432 = 0
2026-09-16 13:27:49 [LOG] Request sent, transaction 93, function 0x03, 12 bytes
2026-09-16 13:27:49 [LOG] Response received, transaction 93, function 0x03, 4 bytes PDU
2026-09-16 13:27:49 [LOG] Reading 0x2433 = 0
2026-09-16 13:27:49 [LOG] Request sent, transaction 94, function 0x03, 12 bytes
2026-09-16 13:27:49 [LOG] Response received, transaction 94, function 0x03, 4 bytes PDU
2026-09-16 13:27:49 [LOG] Reading 0x2434 = 0
2026-09-16 13:27:49 No connected clients to send
2026-09-16 13:28:09 [LOG] Request sent, transaction 95, function 0x03, 12 bytes
2026-09-16 13:28:09 [LOG] Response received, transaction 95, function 0x03, 4 bytes PDU
2026-09-16 13:28:09 [LOG] Reading 0x242c = 1
2026-09-16 13:28:09 [LOG] Request sent, transaction 96, function 0x03, 12 bytes
2026-09-16 13:28:09 [LOG] Response received, transaction 96, function 0x03, 4 bytes PDU
2026-09-16 13:28:09 [LOG] Reading 0x242d = 0
2026-09-16 13:28:09 [LOG] Request sent, transaction 97, function 0x03, 12 bytes
2026-09-16 13:28:09 [LOG] Response received, transaction 97, function 0x03, 4 bytes PDU
2026-09-16 13:28:09 [LOG] Reading 0x242e = 0
2026-09-16 13:28:09 [LOG] Request sent, transaction 98, function 0x03, 12 bytes
2026-09-16 13:28:09 [LOG] Response received, transaction 98, function 0x03, 4 bytes PDU
2026-09-16 13:28:09 [LOG] Reading 0x242f = 0
2026-09-16 13:28:09 [LOG] Request sent, transaction 99, function 0x03, 12 bytes
2026-09-16 13:28:09 [LOG] Response received, transaction 99, function 0x03, 4 bytes PDU
2026-09-16 13:28:09 [LOG] Reading 0x2430 = 0
2026-09-16 13:28:09 [LOG] Request sent, transaction 100, function 0x03, 12 bytes
2026-09-16 13:28:09 [LOG] Response received, transaction 100, function 0x03, 4 bytes PDU
2026-09-16 13:28:09 [LOG] Reading 0x2431 = 0
2026-09-16 13:28:09 [LOG] Request sent, transaction 101, function 0x03, 12 bytes
2026-09-16 13:28:09 [LOG] Response received, transaction 101, function 0x03, 4 bytes PDU
2026-09-16 13:28:09 [LOG] Reading 0x2432 = 0
2026-09-16 13:28:09 [LOG] Request sent, transaction 102, function 0x03, 12 bytes
2026-09-16 13:28:09 [LOG] Response received, transaction 102, function 0x03, 4 bytes PDU
2026-09-16 13:28:09 [LOG] Reading 0x2433 = 0
2026-09-16 13:28:09 [LOG] Request sent, transaction 103, function 0x03, 12 bytes
2026-09-16 13:28:09 [LOG] Response received, transaction 103, function 0x03, 4 bytes PDU
2026-09-16 13:28:09 [LOG] Reading 0x2434 = 0
2026-09-16 13:28:09 No connected clients to send
2026-09-16 13:28:29 [LOG] Request sent, transaction 104, function 0x03, 12 bytes
2026-09-16 13:28:29 [LOG] Response received, transaction 104, function 0x03, 4 bytes PDU
2026-09-16 13:28:29 [LOG] Reading 0x242c = 1
2026-09-16 13:28:29 [LOG] Request sent, transaction 105, function 0x03, 12 bytes
2026-09-16 13:28:29 [LOG] Response received, transaction 105, function 0x03, 4 bytes PDU
2026-09-16 13:28:29 [LOG] Reading 0x242d = 0
2026-09-16 13:28:29 [LOG] Request sent, transaction 106, function 0x03, 12 bytes
2026-09-16 13:28:29 [LOG] Response received, transaction 106, function 0x03, 4 bytes PDU
2026-09-16 13:28:29 [LOG] Reading 0x242e = 0
2026-09-16 13:28:29 [LOG] Request sent, transaction 107, function 0x03, 12 bytes
2026-09-16 13:28:29 [LOG] Response received, transaction 107, function 0x03, 4 bytes PDU
2026-09-16 13:28:29 [LOG] Reading 0x242f = 0
2026-09-16 13:28:29 [LOG] Request sent, transaction 108, function 0x03, 12 bytes
2026-09-16 13:28:29 [LOG] Response received, transaction 108, function 0x03, 4 bytes PDU
2026-09-16 13:28:29 [LOG] Reading 0x2430 = 0
2026-09-16 13:28:29 [LOG] Request sent, transaction 109, function 0x03, 12 bytes
2026-09-16 13:28:29 [LOG] Response received, transaction 109, function 0x03, 4 bytes PDU
2026-09-16 13:28:29 [LOG] Reading 0x2431 = 0
2026-09-16 13:28:29 [LOG] Request sent, transaction 110, function 0x03, 12 bytes
2026-09-16 13:28:29 [LOG] Response received, transaction 110, function 0x03, 4 bytes PDU
2026-09-16 13:28:29 [LOG] Reading 0x2432 = 0
2026-09-16 13:28:29 [LOG] Request sent, transaction 111, function 0x03, 12 bytes
2026-09-16 13:28:29 [LOG] Response received, transaction 111, function 0x03, 4 bytes PDU
2026-09-16 13:28:29 [LOG] Reading 0x2433 = 0
2026-09-16 13:28:29 [LOG] Request sent, transaction 112, function 0x03, 12 bytes
2026-09-16 13:28:29 [LOG] Response received, transaction 112, function 0x03, 4 bytes PDU
2026-09-16 13:28:29 [LOG] Reading 0x2434 = 0
2026-09-16 13:28:29 No connected clients to send
2026-09-16 13:28:49 [LOG] Request sent, transaction 113, function 0x03, 12 bytes
2026-09-16 13:28:49 [LOG] Response received, transaction 113, function 0x03, 4 bytes PDU
2026-09-16 13:28:49 [LOG] Reading 0x242c = 1
2026-09-16 13:28:49 [LOG] Request sent, transaction 114, function 0x03, 12 bytes
2026-09-16 13:28:49 [LOG] Response received, transaction 114, function 0x03, 4 bytes PDU
2026-09-16 13:28:49 [LOG] Reading 0x242d = 0
2026-09-16 13:28:49 [LOG] Request sent, transaction 115, function 0x03, 12 bytes
2026-09-16 13:28:49 [LOG] Response received, transaction 115, function 0x03, 4 bytes PDU
2026-09-16 13:28:49 [LOG] Reading 0x242e = 0
2026-09-16 13:28:49 [LOG] Request sent, transaction 116, function 0x03, 12 bytes
2026-09-16 13:28:49 [LOG] Response received, transaction 116, function 0x03, 4 bytes PDU
2026-09-16 13:28:49 [LOG] Reading 0x242f = 0
2026-09-16 13:28:49 [LOG] Request sent, transaction 117, function 0x03, 12 bytes
2026-09-16 13:28:49 [LOG] Response received, transaction 117, function 0x03, 4 bytes PDU
2026-09-16 13:28:49 [LOG] Reading 0x2430 = 0
2026-09-16 13:28:49 [LOG] Request sent, transaction 118, function 0x03, 12 bytes
2026-09-16 13:28:49 [LOG] Response received, transaction 118, function 0x03, 4 bytes PDU
2026-09-16 13:28:49 [LOG] Reading 0x2431 = 0
2026-09-16 13:28:49 [LOG] Request sent, transaction 119, function 0x03, 12 bytes
2026-09-16 13:28:49 [LOG] Response received, transaction 119, function 0x03, 4 bytes PDU
2026-09-16 13:28:49 [LOG] Reading 0x2432 = 0
2026-09-16 13:28:49 [LOG] Request sent, transaction 120, function 0x03, 12 bytes
2026-09-16 13:28:49 [LOG] Response received, transaction 120, function 0x03, 4 bytes PDU
2026-09-16 13:28:49 [LOG] Reading 0x2433 = 0
2026-09-16 13:28:49 [LOG] Request sent, transaction 121, function 0x03, 12 bytes
2026-09-16 13:28:49 [LOG] Response received, transaction 121, function 0x03, 4 bytes PDU
2026-09-16 13:28:49 [LOG] Reading 0x2434 = 0
2026-09-16 13:28:49 No connected clients to send
2026-09-16 13:29:09 [LOG] Request sent, transaction 122, function 0x03, 12 bytes
2026-09-16 13:29:09 [LOG] Response received, transaction 122, function 0x03, 4 bytes PDU
2026-09-16 13:29:09 [LOG] Reading 0x242c = 1
2026-09-16 13:29:09 [LOG] Request sent, transaction 123, function 0x03, 12 bytes
2026-09-16 13:29:09 [LOG] Response received, transaction 123, function 0x03, 4 bytes PDU
2026-09-16 13:29:09 [LOG] Reading 0x242d = 0
2026-09-16 13:29:09 [LOG] Request sent, transaction 124, function 0x03, 12 bytes
2026-09-16 13:29:09 [LOG] Response received, transaction 124, function 0x03, 4 bytes PDU
2026-09-16 13:29:09 [LOG] Reading 0x242e = 0
2026-09-16 13:29:09 [LOG] Request sent, transaction 125, function 0x03, 12 bytes
2026-09-16 13:29:09 [LOG] Response received, transaction 125, function 0x03, 4 bytes PDU
2026-09-16 13:29:09 [LOG] Reading 0x242f = 0
2026-09-16 13:29:09 [LOG] Request sent, transaction 126, function 0x03, 12 bytes
2026-09-16 13:29:09 [LOG] Response received, transaction 126, function 0x03, 4 bytes PDU
2026-09-16 13:29:09 [LOG] Reading 0x2430 = 0
2026-09-16 13:29:09 [LOG] Request sent, transaction 127, function 0x03, 12 bytes
2026-09-16 13:29:09 [LOG] Response received, transaction 127, function 0x03, 4 bytes PDU
2026-09-16 13:29:09 [LOG] Reading 0x2431 = 0
2026-09-16 13:29:09 [LOG] Request sent, transaction 128, function 0x03, 12 bytes
2026-09-16 13:29:09 [LOG] Response received, transaction 128, function 0x03, 4 bytes PDU
2026-09-16 13:29:09 [LOG] Reading 0x2432 = 0
2026-09-16 13:29:09 [LOG] Request sent, transaction 129, function 0x03, 12 bytes
2026-09-16 13:29:09 [LOG] Response received, transaction 129, function 0x03, 4 bytes PDU
2026-09-16 13:29:09 [LOG] Reading 0x2433 = 0
2026-09-16 13:29:09 [LOG] Request sent, transaction 130, function 0x03, 12 bytes
2026-09-16 13:29:09 [LOG] Response received, transaction 130, function 0x03, 4 bytes PDU
2026-09-16 13:29:09 [LOG] Reading 0x2434 = 0
2026-09-16 13:29:09 No connected clients to send
2026-09-16 13:29:29 [LOG] Request sent, transaction 131, function 0x03, 12 bytes
2026-09-16 13:29:29 [LOG] Response received, transaction 131, function 0x03, 4 bytes PDU
2026-09-16 13:29:29 [LOG] Reading 0x242c = 1
2026-09-16 13:29:29 [LOG] Request sent, transaction 132, function 0x03, 12 bytes
2026-09-16 13:29:29 [LOG] Response received, transaction 132, function 0x03, 4 bytes PDU
2026-09-16 13:29:29 [LOG] Reading 0x242d = 0
2026-09-16 13:29:29 [LOG] Request sent, transaction 133, function 0x03, 12 bytes
2026-09-16 13:29:29 [LOG] Response received, transaction 133, function 0x03, 4 bytes PDU
2026-09-16 13:29:29 [LOG] Reading 0x242e = 0
2026-09-16 13:29:29 [LOG] Request sent, transaction 134, function 0x03, 12 bytes
2026-09-16 13:29:29 [LOG] Response received, transaction 134, function 0x03, 4 bytes PDU
2026-09-16 13:29:29 [LOG] Reading 0x242f = 0
2026-09-16 13:29:29 [LOG] Request sent, transaction 135, function 0x03, 12 bytes
2026-09-16 13:29:29 [LOG] Response received, transaction 135, function 0x03, 4 bytes PDU
2026-09-16 13:29:29 [LOG] Reading 0x2430 = 0
2026-09-16 13:29:29 [LOG] Request sent, transaction 136, function 0x03, 12 bytes
2026-09-16 13:29:29 [LOG] Response received, transaction 136, function 0x03, 4 bytes PDU
2026-09-16 13:29:29 [LOG] Reading 0x2431 = 0
2026-09-16 13:29:29 [LOG] Request sent, transaction 137, function 0x03, 12 bytes
2026-09-16 13:29:29 [LOG] Response received, transaction 137, function 0x03, 4 bytes PDU
2026-09-16 13:29:29 [LOG] Reading 0x2432 = 0
2026-09-16 13:29:29 [LOG] Request sent, transaction 138, function 0x03, 12 bytes
2026-09-16 13:29:29 [LOG] Response received, transaction 138, function 0x03, 4 bytes PDU
2026-09-16 13:29:29 [LOG] Reading 0x2433 = 0
2026-09-16 13:29:29 [LOG] Request sent, transaction 139, function 0x03, 12 bytes
2026-09-16 13:29:29 [LOG] Response received, transaction 139, function 0x03, 4 bytes PDU
2026-09-16 13:29:29 [LOG] Reading 0x2434 = 0
2026-09-16 13:29:29 No connected clients to send
2026-09-16 13:29:49 [LOG] Request sent, transaction 140, function 0x03, 12 bytes
2026-09-16 13:29:49 [LOG] Response received, transaction 140, function 0x03, 4 bytes PDU
2026-09-16 13:29:49 [LOG] Reading 0x242c = 1
2026-09-16 13:29:49 [LOG] Request sent, transaction 141, function 0x03, 12 bytes
2026-09-16 13:29:49 [LOG] Response received, transaction 141, function 0x03, 4 bytes PDU
2026-09-16 13:29:49 [LOG] Reading 0x242d = 0
2026-09-16 13:29:49 [LOG] Request sent, transaction 142, function 0x03, 12 bytes
2026-09-16 13:29:49 [LOG] Response received, transaction 142, function 0x03, 4 bytes PDU
2026-09-16 13:29:49 [LOG] Reading 0x242e = 0
2026-09-16 13:29:49 [LOG] Request sent, transaction 143, function 0x03, 12 bytes
2026-09-16 13:29:49 [LOG] Response received, transaction 143, function 0x03, 4 bytes PDU
2026-09-16 13:29:49 [LOG] Reading 0x242f = 0
2026-09-16 13:29:49 [LOG] Request sent, transaction 144, function 0x03, 12 bytes
2026-09-16 13:29:49 [LOG] Response received, transaction 144, function 0x03, 4 bytes PDU
2026-09-16 13:29:49 [LOG] Reading 0x2430 = 0
2026-09-16 13:29:49 [LOG] Request sent, transaction 145, function 0x03, 12 bytes
2026-09-16 13:29:49 [LOG] Response received, transaction 145, function 0x03, 4 bytes PDU
2026-09-16 13:29:49 [LOG] Reading 0x2431 = 0
2026-09-16 13:29:49 [LOG] Request sent, transaction 146, function 0x03, 12 bytes
2026-09-16 13:29:49 [LOG] Response received, transaction 146, function 0x03, 4 bytes PDU
2026-09-16 13:29:49 [LOG] Reading 0x2432 = 0
2026-09-16 13:29:49 [LOG] Request sent, transaction 147, function 0x03, 12 bytes
2026-09-16 13:29:49 [LOG] Response received, transaction 147, function 0x03, 4 bytes PDU
2026-09-16 13:29:49 [LOG] Reading 0x2433 = 0
2026-09-16 13:29:49 [LOG] Request sent, transaction 148, function 0x03, 12 bytes
2026-09-16 13:29:49 [LOG] Response received, transaction 148, function 0x03, 4 bytes PDU
2026-09-16 13:29:49 [LOG] Reading 0x2434 = 0
2026-09-16 13:29:49 No connected clients to send
2026-09-16 13:30:09 [LOG] Request sent, transaction 149, function 0x03, 12 bytes
2026-09-16 13:30:09 [LOG] Response received, transaction 149, function 0x03, 4 bytes PDU
2026-09-16 13:30:09 [LOG] Reading 0x242c = 1
2026-09-16 13:30:09 [LOG] Request sent, transaction 150, function 0x03, 12 bytes
2026-09-16 13:30:09 [LOG] Response received, transaction 150, function 0x03, 4 bytes PDU
2026-09-16 13:30:09 [LOG] Reading 0x242d = 0
2026-09-16 13:30:09 [LOG] Request sent, transaction 151, function 0x03, 12 bytes
2026-09-16 13:30:09 [LOG] Response received, transaction 151, function 0x03, 4 bytes PDU
2026-09-16 13:30:09 [LOG] Reading 0x242e = 0
2026-09-16 13:30:09 [LOG] Request sent, transaction 152, function 0x03, 12 bytes
2026-09-16 13:30:09 [LOG] Response received, transaction 152, function 0x03, 4 bytes PDU
2026-09-16 13:30:09 [LOG] Reading 0x242f = 0
2026-09-16 13:30:09 [LOG] Request sent, transaction 153, function 0x03, 12 bytes
2026-09-16 13:30:09 [LOG] Response received, transaction 153, function 0x03, 4 bytes PDU
2026-09-16 13:30:09 [LOG] Reading 0x2430 = 0
2026-09-16 13:30:09 [LOG] Request sent, transaction 154, function 0x03, 12 bytes
2026-09-16 13:30:09 [LOG] Response received, transaction 154, function 0x03, 4 bytes PDU
2026-09-16 13:30:09 [LOG] Reading 0x2431 = 0
2026-09-16 13:30:09 [LOG] Request sent, transaction 155, function 0x03, 12 bytes
2026-09-16 13:30:09 [LOG] Response received, transaction 155, function 0x03, 4 bytes PDU
2026-09-16 13:30:09 [LOG] Reading 0x2432 = 0
2026-09-16 13:30:09 [LOG] Request sent, transaction 156, function 0x03, 12 bytes
2026-09-16 13:30:09 [LOG] Response received, transaction 156, function 0x03, 4 bytes PDU
2026-09-16 13:30:09 [LOG] Reading 0x2433 = 0
2026-09-16 13:30:09 [LOG] Request sent, transaction 157, function 0x03, 12 bytes
2026-09-16 13:30:09 [LOG] Response received, transaction 157, function 0x03, 4 bytes PDU
2026-09-16 13:30:09 [LOG] Reading 0x2434 = 0
2026-09-16 13:30:09 No connected clients to send
2026-09-16 13:30:29 [LOG] Request sent, transaction 158, function 0x03, 12 bytes
2026-09-16 13:30:29 [LOG] Response received, transaction 158, function 0x03, 4 bytes PDU
2026-09-16 13:30:29 [LOG] Reading 0x242c = 1
2026-09-16 13:30:29 [LOG] Request sent, transaction 159, function 0x03, 12 bytes
2026-09-16 13:30:29 [LOG] Response received, transaction 159, function 0x03, 4 bytes PDU
2026-09-16 13:30:29 [LOG] Reading 0x242d = 0
2026-09-16 13:30:29 [LOG] Request sent, transaction 160, function 0x03, 12 bytes
2026-09-16 13:30:29 [LOG] Response received, transaction 160, function 0x03, 4 bytes PDU
2026-09-16 13:30:29 [LOG] Reading 0x242e = 0
2026-09-16 13:30:29 [LOG] Request sent, transaction 161, function 0x03, 12 bytes
2026-09-16 13:30:29 [LOG] Response received, transaction 161, function 0x03, 4 bytes PDU
2026-09-16 13:30:29 [LOG] Reading 0x242f = 0
2026-09-16 13:30:29 [LOG] Request sent, transaction 162, function 0x03, 12 bytes
2026-09-16 13:30:29 [LOG] Response received, transaction 162, function 0x03, 4 bytes PDU
2026-09-16 13:30:29 [LOG] Reading 0x2430 = 0
2026-09-16 13:30:29 [LOG] Request sent, transaction 163, function 0x03, 12 bytes
2026-09-16 13:30:29 [LOG] Response received, transaction 163, function 0x03, 4 bytes PDU
2026-09-16 13:30:29 [LOG] Reading 0x2431 = 0
2026-09-16 13:30:29 [LOG] Request sent, transaction 164, function 0x03, 12 bytes
2026-09-16 13:30:29 [LOG] Response received, transaction 164, function 0x03, 4 bytes PDU
2026-09-16 13:30:29 [LOG] Reading 0x2432 = 0
2026-09-16 13:30:29 [LOG] Request sent, transaction 165, function 0x03, 12 bytes
2026-09-16 13:30:29 [LOG] Response received, transaction 165, function 0x03, 4 bytes PDU
2026-09-16 13:30:29 [LOG] Reading 0x2433 = 0
2026-09-16 13:30:29 [LOG] Request sent, transaction 166, function 0x03, 12 bytes
2026-09-16 13:30:29 [LOG] Response received, transaction 166, function 0x03, 4 bytes PDU
2026-09-16 13:30:29 [LOG] Reading 0x2434 = 0
2026-09-16 13:30:29 No connected clients to send
2026-09-16 13:30:49 [LOG] Request sent, transaction 167, function 0x03, 12 bytes
2026-09-16 13:30:49 [LOG] Response received, transaction 167, function 0x03, 4 bytes PDU
2026-09-16 13:30:49 [LOG] Reading 0x242c = 1
2026-09-16 13:30:49 [LOG] Request sent, transaction 168, function 0x03, 12 bytes
2026-09-16 13:30:49 [LOG] Response received, transaction 168, function 0x03, 4 bytes PDU
2026-09-16 13:30:49 [LOG] Reading 0x242d = 0
2026-09-16 13:30:49 [LOG] Request sent, transaction 169, function 0x03, 12 bytes
2026-09-16 13:30:49 [LOG] Response received, transaction 169, function 0x03, 4 bytes PDU
2026-09-16 13:30:49 [LOG] Reading 0x242e = 0
2026-09-16 13:30:49 [LOG] Request sent, transaction 170, function 0x03, 12 bytes
2026-09-16 13:30:49 [LOG] Response received, transaction 170, function 0x03, 4 bytes PDU
2026-09-16 13:30:49 [LOG] Reading 0x242f = 0
2026-09-16 13:30:49 [LOG] Request sent, transaction 171, function 0x03, 12 bytes
2026-09-16 13:30:49 [LOG] Response received, transaction 171, function 0x03, 4 bytes PDU
2026-09-16 13:30:49 [LOG] Reading 0x2430 = 0
2026-09-16 13:30:49 [LOG] Request sent, transaction 172, function 0x03, 12 bytes
2026-09-16 13:30:49 [LOG] Response received, transaction 172, function 0x03, 4 bytes PDU
2026-09-16 13:30:49 [LOG] Reading 0x2431 = 0
2026-09-16 13:30:49 [LOG] Request sent, transaction 173, function 0x03, 12 bytes
2026-09-16 13:30:49 [LOG] Response received, transaction 173, function 0x03, 4 bytes PDU
2026-09-16 13:30:49 [LOG] Reading 0x2432 = 0
2026-09-16 13:30:49 [LOG] Request sent, transaction 174, function 0x03, 12 bytes
2026-09-16 13:30:49 [LOG] Response received, transaction 174, function 0x03, 4 bytes PDU
2026-09-16 13:30:49 [LOG] Reading 0x2433 = 0
2026-09-16 13:30:49 [LOG] Request sent, transaction 175, function 0x03, 12 bytes
2026-09-16 13:30:49 [LOG] Response received, transaction 175, function 0x03, 4 bytes PDU
2026-09-16 13:30:49 [LOG] Reading 0x2434 = 0
2026-09-16 13:30:49 No connected clients to send
2026-09-16 13:31:09 [LOG] Request sent, transaction 176, function 0x03, 12 bytes
2026-09-16 13:31:09 [LOG] Response received, transaction 176, function 0x03, 4 bytes PDU
2026-09-16 13:31:09 [LOG] Reading 0x242c = 1
2026-09-16 13:31:09 [LOG] Request sent, transaction 177, function 0x03, 12 bytes
2026-09-16 13:31:09 [LOG] Response received, transaction 177, function 0x03, 4 bytes PDU
2026-09-16 13:31:09 [LOG] Reading 0x242d = 0
2026-09-16 13:31:09 [LOG] Request sent, transaction 178, function 0x03, 12 bytes
2026-09-16 13:31:09 [LOG] Response received, transaction 178, function 0x03, 4 bytes PDU
2026-09-16 13:31:09 [LOG] Reading 0x242e = 0
2026-09-16 13:31:09 [LOG] Request sent, transaction 179, function 0x03, 12 bytes
2026-09-16 13:31:09 [LOG] Response received, transaction 179, function 0x03, 4 bytes PDU
2026-09-16 13:31:09 [LOG] Reading 0x242f = 0
2026-09-16 13:31:09 [LOG] Request sent, transaction 180, function 0x03, 12 bytes
2026-09-16 13:31:09 [LOG] Response received, transaction 180, function 0x03, 4 bytes PDU
2026-09-16 13:31:09 [LOG] Reading 0x2430 = 0
2026-09-16 13:31:09 [LOG] Request sent, transaction 181, function 0x03, 12 bytes
2026-09-16 13:31:09 [LOG] Response received, transaction 181, function 0x03, 4 bytes PDU
2026-09-16 13:31:09 [LOG] Reading 0x2431 = 0
2026-09-16 13:31:09 [LOG] Request sent, transaction 182, function 0x03, 12 bytes
2026-09-16 13:31:09 [LOG] Response received, transaction 182, function 0x03, 4 bytes PDU
2026-09-16 13:31:09 [LOG] Reading 0x2432 = 0
2026-09-16 13:31:09 [LOG] Request sent, transaction 183, function 0x03, 12 bytes
2026-09-16 13:31:09 [LOG] Response received, transaction 183, function 0x03, 4 bytes PDU
2026-09-16 13:31:09 [LOG] Reading 0x2433 = 0
2026-09-16 13:31:09 [LOG] Request sent, transaction 184, function 0x03, 12 bytes
2026-09-16 13:31:09 [LOG] Response received, transaction 184, function 0x03, 4 bytes PDU
2026-09-16 13:31:09 [LOG] Reading 0x2434 = 0
2026-09-16 13:31:09 No connected clients to send
2026-09-16 13:31:29 [LOG] Request sent, transaction 185, function 0x03, 12 bytes
2026-09-16 13:31:29 [LOG] Response received, transaction 185, function 0x03, 4 bytes PDU
2026-09-16 13:31:29 [LOG] Reading 0x242c = 1
2026-09-16 13:31:29 [LOG] Request sent, transaction 186, function 0x03, 12 bytes
2026-09-16 13:31:29 [LOG] Response received, transaction 186, function 0x03, 4 bytes PDU
2026-09-16 13:31:29 [LOG] Reading 0x242d = 0
2026-09-16 13:31:29 [LOG] Request sent, transaction 187, function 0x03, 12 bytes
2026-09-16 13:31:29 [LOG] Response received, transaction 187, function 0x03, 4 bytes PDU
2026-09-16 13:31:29 [LOG] Reading 0x242e = 0
2026-09-16 13:31:29 [LOG] Request sent, transaction 188, function 0x03, 12 bytes
2026-09-16 13:31:29 [LOG] Response received, transaction 188, function 0x03, 4 bytes PDU
2026-09-16 13:31:29 [LOG] Reading 0x242f = 0
2026-09-16 13:31:29 [LOG] Request sent, transaction 189, function 0x03, 12 bytes
2026-09-16 13:31:29 [LOG] Response received, transaction 189, function 0x03, 4 bytes PDU
2026-09-16 13:31:29 [LOG] Reading 0x2430 = 0
2026-09-16 13:31:29 [LOG] Request sent, transaction 190, function 0x03, 12 bytes
2026-09-16 13:31:29 [LOG] Response received, transaction 190, function 0x03, 4 bytes PDU
2026-09-16 13:31:29 [LOG] Reading 0x2431 = 0
2026-09-16 13:31:29 [LOG] Request sent, transaction 191, function 0x03, 12 bytes
2026-09-16 13:31:29 [LOG] Response received, transaction 191, function 0x03, 4 bytes PDU
2026-09-16 13:31:29 [LOG] Reading 0x2432 = 0
2026-09-16 13:31:29 [LOG] Request sent, transaction 192, function 0x03, 12 bytes
2026-09-16 13:31:29 [LOG] Response received, transaction 192, function 0x03, 4 bytes PDU
2026-09-16 13:31:29 [LOG] Reading 0x2433 = 0
2026-09-16 13:31:29 [LOG] Request sent, transaction 193, function 0x03, 12 bytes
2026-09-16 13:31:29 [LOG] Response received, transaction 193, function 0x03, 4 bytes PDU
2026-09-16 13:31:29 [LOG] Reading 0x2434 = 0
2026-09-16 13:31:29 No connected clients to send
2026-09-16 13:31:49 [LOG] Request sent, transaction 194, function 0x03, 12 bytes
2026-09-16 13:31:49 [LOG] Response received, transaction 194, function 0x03, 4 bytes PDU
2026-09-16 13:31:49 [LOG] Reading 0x242c = 1
2026-09-16 13:31:49 [LOG] Request sent, transaction 195, function 0x03, 12 bytes
2026-09-16 13:31:49 [LOG] Response received, transaction 195, function 0x03, 4 bytes PDU
2026-09-16 13:31:49 [LOG] Reading 0x242d = 0
2026-09-16 13:31:49 [LOG] Request sent, transaction 196, function 0x03, 12 bytes
2026-09-16 13:31:49 [LOG] Response received, transaction 196, function 0x03, 4 bytes PDU
2026-09-16 13:31:49 [LOG] Reading 0x242e = 0
2026-09-16 13:31:49 [LOG] Request sent, transaction 197, function 0x03, 12 bytes
2026-09-16 13:31:49 [LOG] Response received, transaction 197, function 0x03, 4 bytes PDU
2026-09-16 13:31:49 [LOG] Reading 0x242f = 0
2026-09-16 13:31:49 [LOG] Request sent, transaction 198, function 0x03, 12 bytes
2026-09-16 13:31:49 [LOG] Response received, transaction 198, function 0x03, 4 bytes PDU
2026-09-16 13:31:49 [LOG] Reading 0x2430 = 0
2026-09-16 13:31:49 [LOG] Request sent, transaction 199, function 0x03, 12 bytes
2026-09-16 13:31:49 [LOG] Response received, transaction 199, function 0x03, 4 bytes PDU
2026-09-16 13:31:49 [LOG] Reading 0x2431 = 0
2026-09-16 13:31:49 [LOG] Request sent, transaction 200, function 0x03, 12 bytes
2026-09-16 13:31:49 [LOG] Response received, transaction 200, function 0x03, 4 bytes PDU
2026-09-16 13:31:49 [LOG] Reading 0x2432 = 0
2026-09-16 13:31:49 [LOG] Request sent, transaction 201, function 0x03, 12 bytes
2026-09-16 13:31:49 [LOG] Response received, transaction 201, function 0x03, 4 bytes PDU
2026-09-16 13:31:49 [LOG] Reading 0x2433 = 0
2026-09-16 13:31:49 [LOG] Request sent, transaction 202, function 0x03, 12 bytes
2026-09-16 13:31:50 [LOG] Response received, transaction 202, function 0x03, 4 bytes PDU
2026-09-16 13:31:50 [LOG] Reading 0x2434 = 0
2026-09-16 13:31:50 No connected clients to send
2026-09-16 13:32:09 [LOG] Request sent, transaction 203, function 0x03, 12 bytes
2026-09-16 13:32:09 [LOG] Response received, transaction 203, function 0x03, 4 bytes PDU
2026-09-16 13:32:09 [LOG] Reading 0x242c = 1
2026-09-16 13:32:09 [LOG] Request sent, transaction 204, function 0x03, 12 bytes
2026-09-16 13:32:09 [LOG] Response received, transaction 204, function 0x03, 4 bytes PDU
2026-09-16 13:32:09 [LOG] Reading 0x242d = 0
2026-09-16 13:32:09 [LOG] Request sent, transaction 205, function 0x03, 12 bytes
2026-09-16 13:32:09 [LOG] Response received, transaction 205, function 0x03, 4 bytes PDU
2026-09-16 13:32:10 [LOG] Reading 0x242e = 0
2026-09-16 13:32:10 [LOG] Request sent, transaction 206, function 0x03, 12 bytes
2026-09-16 13:32:10 [LOG] Response received, transaction 206, function 0x03, 4 bytes PDU
2026-09-16 13:32:10 [LOG] Reading 0x242f = 0
2026-09-16 13:32:10 [LOG] Request sent, transaction 207, function 0x03, 12 bytes
2026-09-16 13:32:10 [LOG] Response received, transaction 207, function 0x03, 4 bytes PDU
2026-09-16 13:32:10 [LOG] Reading 0x2430 = 0
2026-09-16 13:32:10 [LOG] Request sent, transaction 208, function 0x03, 12 bytes
2026-09-16 13:32:10 [LOG] Response received, transaction 208, function 0x03, 4 bytes PDU
2026-09-16 13:32:10 [LOG] Reading 0x2431 = 0
2026-09-16 13:32:10 [LOG] Request sent, transaction 209, function 0x03, 12 bytes
2026-09-16 13:32:10 [LOG] Response received, transaction 209, function 0x03, 4 bytes PDU
2026-09-16 13:32:10 [LOG] Reading 0x2432 = 0
2026-09-16 13:32:10 [LOG] Request sent, transaction 210, function 0x03, 12 bytes
2026-09-16 13:32:10 [LOG] Response received, transaction 210, function 0x03, 4 bytes PDU
2026-09-16 13:32:10 [LOG] Reading 0x2433 = 0
2026-09-16 13:32:10 [LOG] Request sent, transaction 211, function 0x03, 12 bytes
2026-09-16 13:32:10 [LOG] Response received, transaction 211, function 0x03, 4 bytes PDU
2026-09-16 13:32:10 [LOG] Reading 0x2434 = 0
2026-09-16 13:32:10 No connected clients to send
2026-09-16 13:32:29 [LOG] Request sent, transaction 212, function 0x03, 12 bytes
2026-09-16 13:32:29 [LOG] Response received, transaction 212, function 0x03, 4 bytes PDU
2026-09-16 13:32:29 [LOG] Reading 0x242c = 1
2026-09-16 13:32:29 [LOG] Request sent, transaction 213, function 0x03, 12 bytes
2026-09-16 13:32:29 [LOG] Response received, transaction 213, function 0x03, 4 bytes PDU
2026-09-16 13:32:29 [LOG] Reading 0x242d = 0
2026-09-16 13:32:29 [LOG] Request sent, transaction 214, function 0x03, 12 bytes
2026-09-16 13:32:29 [LOG] Response received, transaction 214, function 0x03, 4 bytes PDU
2026-09-16 13:32:29 [LOG] Reading 0x242e = 0
2026-09-16 13:32:29 [LOG] Request sent, transaction 215, function 0x03, 12 bytes
2026-09-16 13:32:29 [LOG] Response received, transaction 215, function 0x03, 4 bytes PDU
2026-09-16 13:32:29 [LOG] Reading 0x242f = 0
2026-09-16 13:32:29 [LOG] Request sent, transaction 216, function 0x03, 12 bytes
2026-09-16 13:32:29 [LOG] Response received, transaction 216, function 0x03, 4 bytes PDU
2026-09-16 13:32:29 [LOG] Reading 0x2430 = 0
2026-09-16 13:32:29 [LOG] Request sent, transaction 217, function 0x03, 12 bytes
2026-09-16 13:32:29 [LOG] Response received, transaction 217, function 0x03, 4 bytes PDU
2026-09-16 13:32:29 [LOG] Reading 0x2431 = 0
2026-09-16 13:32:29 [LOG] Request sent, transaction 218, function 0x03, 12 bytes
2026-09-16 13:32:29 [LOG] Response received, transaction 218, function 0x03, 4 bytes PDU
2026-09-16 13:32:29 [LOG] Reading 0x2432 = 0
2026-09-16 13:32:29 [LOG] Request sent, transaction 219, function 0x03, 12 bytes
2026-09-16 13:32:29 [LOG] Response received, transaction 219, function 0x03, 4 bytes PDU
2026-09-16 13:32:29 [LOG] Reading 0x2433 = 0
2026-09-16 13:32:29 [LOG] Request sent, transaction 220, function 0x03, 12 bytes
2026-09-16 13:32:29 [LOG] Response received, transaction 220, function 0x03, 4 bytes PDU
2026-09-16 13:32:29 [LOG] Reading 0x2434 = 0
2026-09-16 13:32:29 No connected clients to send
2026-09-16 13:32:49 [LOG] Request sent, transaction 221, function 0x03, 12 bytes
2026-09-16 13:32:49 [LOG] Response received, transaction 221, function 0x03, 4 bytes PDU
2026-09-16 13:32:49 [LOG] Reading 0x242c = 1
2026-09-16 13:32:49 [LOG] Request sent, transaction 222, function 0x03, 12 bytes
2026-09-16 13:32:49 [LOG] Response received, transaction 222, function 0x03, 4 bytes PDU
2026-09-16 13:32:49 [LOG] Reading 0x242d = 0
2026-09-16 13:32:50 [LOG] Request sent, transaction 223, function 0x03, 12 bytes
2026-09-16 13:32:50 [LOG] Response received, transaction 223, function 0x03, 4 bytes PDU
2026-09-16 13:32:50 [LOG] Reading 0x242e = 0
2026-09-16 13:32:50 [LOG] Request sent, transaction 224, function 0x03, 12 bytes
2026-09-16 13:32:50 [LOG] Response received, transaction 224, function 0x03, 4 bytes PDU
2026-09-16 13:32:50 [LOG] Reading 0x242f = 0
2026-09-16 13:32:50 [LOG] Request sent, transaction 225, function 0x03, 12 bytes
2026-09-16 13:32:50 [LOG] Response received, transaction 225, function 0x03, 4 bytes PDU
2026-09-16 13:32:50 [LOG] Reading 0x2430 = 0
2026-09-16 13:32:50 [LOG] Request sent, transaction 226, function 0x03, 12 bytes
2026-09-16 13:32:50 [LOG] Response received, transaction 226, function 0x03, 4 bytes PDU
2026-09-16 13:32:50 [LOG] Reading 0x2431 = 0
2026-09-16 13:32:50 [LOG] Request sent, transaction 227, function 0x03, 12 bytes
2026-09-16 13:32:50 [LOG] Response received, transaction 227, function 0x03, 4 bytes PDU
2026-09-16 13:32:50 [LOG] Reading 0x2432 = 0
2026-09-16 13:32:50 [LOG] Request sent, transaction 228, function 0x03, 12 bytes
2026-09-16 13:32:50 [LOG] Response received, transaction 228, function 0x03, 4 bytes PDU
2026-09-16 13:32:50 [LOG] Reading 0x2433 = 0
2026-09-16 13:32:50 [LOG] Request sent, transaction 229, function 0x03, 12 bytes
2026-09-16 13:32:50 [LOG] Response received, transaction 229, function 0x03, 4 bytes PDU
2026-09-16 13:32:50 [LOG] Reading 0x2434 = 0
2026-09-16 13:32:50 No connected clients to send
2026-09-16 13:33:10 [LOG] Request sent, transaction 230, function 0x03, 12 bytes
2026-09-16 13:33:10 [LOG] Response received, transaction 230, function 0x03, 4 bytes PDU
2026-09-16 13:33:10 [LOG] Reading 0x242c = 1
2026-09-16 13:33:10 [LOG] Request sent, transaction 231, function 0x03, 12 bytes
2026-09-16 13:33:10 [LOG] Response received, transaction 231, function 0x03, 4 bytes PDU
2026-09-16 13:33:10 [LOG] Reading 0x242d = 0
2026-09-16 13:33:10 [LOG] Request sent, transaction 232, function 0x03, 12 bytes
2026-09-16 13:33:10 [LOG] Response received, transaction 232, function 0x03, 4 bytes PDU
2026-09-16 13:33:10 [LOG] Reading 0x242e = 0
2026-09-16 13:33:10 [LOG] Request sent, transaction 233, function 0x03, 12 bytes
2026-09-16 13:33:10 [LOG] Response received, transaction 233, function 0x03, 4 bytes PDU
2026-09-16 13:33:10 [LOG] Reading 0x242f = 0
2026-09-16 13:33:10 [LOG] Request sent, transaction 234, function 0x03, 12 bytes
2026-09-16 13:33:10 [LOG] Response received, transaction 234, function 0x03, 4 bytes PDU
2026-09-16 13:33:10 [LOG] Reading 0x2430 = 0
2026-09-16 13:33:10 [LOG] Request sent, transaction 235, function 0x03, 12 bytes
2026-09-16 13:33:10 [LOG] Response received, transaction 235, function 0x03, 4 bytes PDU
2026-09-16 13:33:10 [LOG] Reading 0x2431 = 0
2026-09-16 13:33:10 [LOG] Request sent, transaction 236, function 0x03, 12 bytes
2026-09-16 13:33:10 [LOG] Response received, transaction 236, function 0x03, 4 bytes PDU
2026-09-16 13:33:10 [LOG] Reading 0x2432 = 0
2026-09-16 13:33:10 [LOG] Request sent, transaction 237, function 0x03, 12 bytes
2026-09-16 13:33:10 [LOG] Response received, transaction 237, function 0x03, 4 bytes PDU
2026-09-16 13:33:10 [LOG] Reading 0x2433 = 0
2026-09-16 13:33:10 [LOG] Request sent, transaction 238, function 0x03, 12 bytes
2026-09-16 13:33:10 [LOG] Response received, transaction 238, function 0x03, 4 bytes PDU
2026-09-16 13:33:10 [LOG] Reading 0x2434 = 0
2026-09-16 13:33:10 No connected clients to send
2026-09-16 13:33:30 [LOG] Request sent, transaction 239, function 0x03, 12 bytes
2026-09-16 13:33:30 [LOG] Response received, transaction 239, function 0x03, 4 bytes PDU
2026-09-16 13:33:30 [LOG] Reading 0x242c = 1
2026-09-16 13:33:30 [LOG] Request sent, transaction 240, function 0x03, 12 bytes
2026-09-16 13:33:30 [LOG] Response received, transaction 240, function 0x03, 4 bytes PDU
2026-09-16 13:33:30 [LOG] Reading 0x242d = 0
2026-09-16 13:33:30 [LOG] Request sent, transaction 241, function 0x03, 12 bytes
2026-09-16 13:33:30 [LOG] Response received, transaction 241, function 0x03, 4 bytes PDU
2026-09-16 13:33:30 [LOG] Reading 0x242e = 0
2026-09-16 13:33:30 [LOG] Request sent, transaction 242, function 0x03, 12 bytes
2026-09-16 13:33:30 [LOG] Response received, transaction 242, function 0x03, 4 bytes PDU
2026-09-16 13:33:30 [LOG] Reading 0x242f = 0
2026-09-16 13:33:30 [LOG] Request sent, transaction 243, function 0x03, 12 bytes
2026-09-16 13:33:30 [LOG] Response received, transaction 243, function 0x03, 4 bytes PDU
2026-09-16 13:33:30 [LOG] Reading 0x2430 = 0
2026-09-16 13:33:30 [LOG] Request sent, transaction 244, function 0x03, 12 bytes
2026-09-16 13:33:30 [LOG] Response received, transaction 244, function 0x03, 4 bytes PDU
2026-09-16 13:33:30 [LOG] Reading 0x2431 = 0
2026-09-16 13:33:30 [LOG] Request sent, transaction 245, function 0x03, 12 bytes
2026-09-16 13:33:30 [LOG] Response received, transaction 245, function 0x03, 4 bytes PDU
2026-09-16 13:33:30 [LOG] Reading 0x2432 = 0
2026-09-16 13:33:30 [LOG] Request sent, transaction 246, function 0x03, 12 bytes
2026-09-16 13:33:30 [LOG] Response received, transaction 246, function 0x03, 4 bytes PDU
2026-09-16 13:33:30 [LOG] Reading 0x2433 = 0
2026-09-16 13:33:30 [LOG] Request sent, transaction 247, function 0x03, 12 bytes
2026-09-16 13:33:30 [LOG] Response received, transaction 247, function 0x03, 4 bytes PDU
2026-09-16 13:33:30 [LOG] Reading 0x2434 = 0
2026-09-16 13:33:30 No connected clients to send
2026-09-16 13:33:50 [LOG] Request sent, transaction 248, function 0x03, 12 bytes
2026-09-16 13:33:50 [LOG] Response received, transaction 248, function 0x03, 4 bytes PDU
2026-09-16 13:33:50 [LOG] Reading 0x242c = 1
2026-09-16 13:33:50 [LOG] Request sent, transaction 249, function 0x03, 12 bytes
2026-09-16 13:33:50 [LOG] Response received, transaction 249, function 0x03, 4 bytes PDU
2026-09-16 13:33:50 [LOG] Reading 0x242d = 0
2026-09-16 13:33:50 [LOG] Request sent, transaction 250, function 0x03, 12 bytes
2026-09-16 13:33:50 [LOG] Response received, transaction 250, function 0x03, 4 bytes PDU
2026-09-16 13:33:50 [LOG] Reading 0x242e = 0
2026-09-16 13:33:50 [LOG] Request sent, transaction 251, function 0x03, 12 bytes
2026-09-16 13:33:50 [LOG] Response received, transaction 251, function 0x03, 4 bytes PDU
2026-09-16 13:33:50 [LOG] Reading 0x242f = 0
2026-09-16 13:33:50 [LOG] Request sent, transaction 252, function 0x03, 12 bytes
2026-09-16 13:33:50 [LOG] Response received, transaction 252, function 0x03, 4 bytes PDU
2026-09-16 13:33:50 [LOG] Reading 0x2430 = 0
2026-09-16 13:33:50 [LOG] Request sent, transaction 253, function 0x03, 12 bytes
2026-09-16 13:33:50 [LOG] Response received, transaction 253, function 0x03, 4 bytes PDU
2026-09-16 13:33:50 [LOG] Reading 0x2431 = 0
2026-09-16 13:33:50 [LOG] Request sent, transaction 254, function 0x03, 12 bytes
2026-09-16 13:33:50 [LOG] Response received, transaction 254, function 0x03, 4 bytes PDU
2026-09-16 13:33:50 [LOG] Reading 0x2432 = 0
2026-09-16 13:33:50 [LOG] Request sent, transaction 255, function 0x03, 12 bytes
2026-09-16 13:33:50 [LOG] Response received, transaction 255, function 0x03, 4 bytes PDU
2026-09-16 13:33:50 [LOG] Reading 0x2433 = 0
2026-09-16 13:33:50 [LOG] Request sent, transaction 256, function 0x03, 12 bytes
2026-09-16 13:33:50 [LOG] Response received, transaction 256, function 0x03, 4 bytes PDU
2026-09-16 13:33:50 [LOG] Reading 0x2434 = 0
2026-09-16 13:33:50 No connected clients to send
2026-09-16 13:34:10 [LOG] Request sent, transaction 257, function 0x03, 12 bytes
2026-09-16 13:34:10 [LOG] Response received, transaction 257, function 0x03, 4 bytes PDU
2026-09-16 13:34:10 [LOG] Reading 0x242c = 1
2026-09-16 13:34:10 [LOG] Request sent, transaction 258, function 0x03, 12 bytes
2026-09-16 13:34:10 [LOG] Response received, transaction 258, function 0x03, 4 bytes PDU
2026-09-16 13:34:10 [LOG] Reading 0x242d = 0
2026-09-16 13:34:10 [LOG] Request sent, transaction 259, function 0x03, 12 bytes
2026-09-16 13:34:10 [LOG] Response received, transaction 259, function 0x03, 4 bytes PDU
2026-09-16 13:34:10 [LOG] Reading 0x242e = 0
2026-09-16 13:34:10 [LOG] Request sent, transaction 260, function 0x03, 12 bytes
2026-09-16 13:34:10 [LOG] Response received, transaction 260, function 0x03, 4 bytes PDU
2026-09-16 13:34:10 [LOG] Reading 0x242f = 0
2026-09-16 13:34:10 [LOG] Request sent, transaction 261, function 0x03, 12 bytes
2026-09-16 13:34:10 [LOG] Response received, transaction 261, function 0x03, 4 bytes PDU
2026-09-16 13:34:10 [LOG] Reading 0x2430 = 0
2026-09-16 13:34:10 [LOG] Request sent, transaction 262, function 0x03, 12 bytes
2026-09-16 13:34:10 [LOG] Response received, transaction 262, function 0x03, 4 bytes PDU
2026-09-16 13:34:10 [LOG] Reading 0x2431 = 0
2026-09-16 13:34:10 [LOG] Request sent, transaction 263, function 0x03, 12 bytes
2026-09-16 13:34:10 [LOG] Response received, transaction 263, function 0x03, 4 bytes PDU
2026-09-16 13:34:10 [LOG] Reading 0x2432 = 0
2026-09-16 13:34:10 [LOG] Request sent, transaction 264, function 0x03, 12 bytes
2026-09-16 13:34:10 [LOG] Response received, transaction 264, function 0x03, 4 bytes PDU
2026-09-16 13:34:10 [LOG] Reading 0x2433 = 0
2026-09-16 13:34:10 [LOG] Request sent, transaction 265, function 0x03, 12 bytes
2026-09-16 13:34:10 [LOG] Response received, transaction 265, function 0x03, 4 bytes PDU
2026-09-16 13:34:10 [LOG] Reading 0x2434 = 0
2026-09-16 13:34:10 No connected clients to send
2026-09-16 13:34:30 [LOG] Request sent, transaction 266, function 0x03, 12 bytes
2026-09-16 13:34:30 [LOG] Response received, transaction 266, function 0x03, 4 bytes PDU
2026-09-16 13:34:30 [LOG] Reading 0x242c = 1
2026-09-16 13:34:30 [LOG] Request sent, transaction 267, function 0x03, 12 bytes
2026-09-16 13:34:30 [LOG] Response received, transaction 267, function 0x03, 4 bytes PDU
2026-09-16 13:34:30 [LOG] Reading 0x242d = 0
2026-09-16 13:34:30 [LOG] Request sent, transaction 268, function 0x03, 12 bytes
2026-09-16 13:34:30 [LOG] Response received, transaction 268, function 0x03, 4 bytes PDU
2026-09-16 13:34:30 [LOG] Reading 0x242e = 0
2026-09-16 13:34:30 [LOG] Request sent, transaction 269, function 0x03, 12 bytes
2026-09-16 13:34:30 [LOG] Response received, transaction 269, function 0x03, 4 bytes PDU
2026-09-16 13:34:30 [LOG] Reading 0x242f = 0
2026-09-16 13:34:30 [LOG] Request sent, transaction 270, function 0x03, 12 bytes
2026-09-16 13:34:30 [LOG] Response received, transaction 270, function 0x03, 4 bytes PDU
2026-09-16 13:34:30 [LOG] Reading 0x2430 = 0
2026-09-16 13:34:30 [LOG] Request sent, transaction 271, function 0x03, 12 bytes
2026-09-16 13:34:30 [LOG] Response received, transaction 271, function 0x03, 4 bytes PDU
2026-09-16 13:34:30 [LOG] Reading 0x2431 = 0
2026-09-16 13:34:30 [LOG] Request sent, transaction 272, function 0x03, 12 bytes
2026-09-16 13:34:30 [LOG] Response received, transaction 272, function 0x03, 4 bytes PDU
2026-09-16 13:34:30 [LOG] Reading 0x2432 = 0
2026-09-16 13:34:30 [LOG] Request sent, transaction 273, function 0x03, 12 bytes
2026-09-16 13:34:30 [LOG] Response received, transaction 273, function 0x03, 4 bytes PDU
2026-09-16 13:34:30 [LOG] Reading 0x2433 = 0
2026-09-16 13:34:30 [LOG] Request sent, transaction 274, function 0x03, 12 bytes
2026-09-16 13:34:30 [LOG] Response received, transaction 274, function 0x03, 4 bytes PDU
2026-09-16 13:34:30 [LOG] Reading 0x2434 = 0
2026-09-16 13:34:30 No connected clients to send
2026-09-16 13:34:50 [LOG] Request sent, transaction 275, function 0x03, 12 bytes
2026-09-16 13:34:50 [LOG] Response received, transaction 275, function 0x03, 4 bytes PDU
2026-09-16 13:34:50 [LOG] Reading 0x242c = 1
2026-09-16 13:34:50 [LOG] Request sent, transaction 276, function 0x03, 12 bytes
2026-09-16 13:34:50 [LOG] Response received, transaction 276, function 0x03, 4 bytes PDU
2026-09-16 13:34:50 [LOG] Reading 0x242d = 0
2026-09-16 13:34:50 [LOG] Request sent, transaction 277, function 0x03, 12 bytes
2026-09-16 13:34:50 [LOG] Response received, transaction 277, function 0x03, 4 bytes PDU
2026-09-16 13:34:50 [LOG] Reading 0x242e = 0
2026-09-16 13:34:50 [LOG] Request sent, transaction 278, function 0x03, 12 bytes
2026-09-16 13:34:50 [LOG] Response received, transaction 278, function 0x03, 4 bytes PDU
2026-09-16 13:34:50 [LOG] Reading 0x242f = 0
2026-09-16 13:34:50 [LOG] Request sent, transaction 279, function 0x03, 12 bytes
2026-09-16 13:34:50 [LOG] Response received, transaction 279, function 0x03, 4 bytes PDU
2026-09-16 13:34:50 [LOG] Reading 0x2430 = 0
2026-09-16 13:34:50 [LOG] Request sent, transaction 280, function 0x03, 12 bytes
2026-09-16 13:34:50 [LOG] Response received, transaction 280, function 0x03, 4 bytes PDU
2026-09-16 13:34:50 [LOG] Reading 0x2431 = 0
2026-09-16 13:34:50 [LOG] Request sent, transaction 281, function 0x03, 12 bytes
2026-09-16 13:34:50 [LOG] Response received, transaction 281, function 0x03, 4 bytes PDU
2026-09-16 13:34:50 [LOG] Reading 0x2432 = 0
2026-09-16 13:34:50 [LOG] Request sent, transaction 282, function 0x03, 12 bytes
2026-09-16 13:34:50 [LOG] Response received, transaction 282, function 0x03, 4 bytes PDU
2026-09-16 13:34:50 [LOG] Reading 0x2433 = 0
2026-09-16 13:34:50 [LOG] Request sent, transaction 283, function 0x03, 12 bytes
2026-09-16 13:34:50 [LOG] Response received, transaction 283, function 0x03, 4 bytes PDU
2026-09-16 13:34:50 [LOG] Reading 0x2434 = 0
2026-09-16 13:34:50 No connected clients to send
2026-09-16 13:35:10 [LOG] Request sent, transaction 284, function 0x03, 12 bytes
2026-09-16 13:35:10 [LOG] Response received, transaction 284, function 0x03, 4 bytes PDU
2026-09-16 13:35:10 [LOG] Reading 0x242c = 1
2026-09-16 13:35:10 [LOG] Request sent, transaction 285, function 0x03, 12 bytes
2026-09-16 13:35:10 [LOG] Response received, transaction 285, function 0x03, 4 bytes PDU
2026-09-16 13:35:10 [LOG] Reading 0x242d = 0
2026-09-16 13:35:10 [LOG] Request sent, transaction 286, function 0x03, 12 bytes
2026-09-16 13:35:10 [LOG] Response received, transaction 286, function 0x03, 4 bytes PDU
2026-09-16 13:35:10 [LOG] Reading 0x242e = 0
2026-09-16 13:35:10 [LOG] Request sent, transaction 287, function 0x03, 12 bytes
2026-09-16 13:35:10 [LOG] Response received, transaction 287, function 0x03, 4 bytes PDU
2026-09-16 13:35:10 [LOG] Reading 0x242f = 0
2026-09-16 13:35:10 [LOG] Request sent, transaction 288, function 0x03, 12 bytes
2026-09-16 13:35:10 [LOG] Response received, transaction 288, function 0x03, 4 bytes PDU
2026-09-16 13:35:10 [LOG] Reading 0x2430 = 0
2026-09-16 13:35:10 [LOG] Request sent, transaction 289, function 0x03, 12 bytes
2026-09-16 13:35:10 [LOG] Response received, transaction 289, function 0x03, 4 bytes PDU
2026-09-16 13:35:10 [LOG] Reading 0x2431 = 0
2026-09-16 13:35:10 [LOG] Request sent, transaction 290, function 0x03, 12 bytes
2026-09-16 13:35:10 [LOG] Response received, transaction 290, function 0x03, 4 bytes PDU
2026-09-16 13:35:10 [LOG] Reading 0x2432 = 0
2026-09-16 13:35:10 [LOG] Request sent, transaction 291, function 0x03, 12 bytes
2026-09-16 13:35:10 [LOG] Response received, transaction 291, function 0x03, 4 bytes PDU
2026-09-16 13:35:10 [LOG] Reading 0x2433 = 0
2026-09-16 13:35:10 [LOG] Request sent, transaction 292, function 0x03, 12 bytes
2026-09-16 13:35:10 [LOG] Response received, transaction 292, function 0x03, 4 bytes PDU
2026-09-16 13:35:10 [LOG] Reading 0x2434 = 0
2026-09-16 13:35:10 No connected clients to send
2026-09-16 13:35:30 [LOG] Request sent, transaction 293, function 0x03, 12 bytes
2026-09-16 13:35:30 [LOG] Response received, transaction 293, function 0x03, 4 bytes PDU
2026-09-16 13:35:30 [LOG] Reading 0x242c = 1
2026-09-16 13:35:30 [LOG] Request sent, transaction 294, function 0x03, 12 bytes
2026-09-16 13:35:30 [LOG] Response received, transaction 294, function 0x03, 4 bytes PDU
2026-09-16 13:35:30 [LOG] Reading 0x242d = 0
2026-09-16 13:35:30 [LOG] Request sent, transaction 295, function 0x03, 12 bytes
2026-09-16 13:35:30 [LOG] Response received, transaction 295, function 0x03, 4 bytes PDU
2026-09-16 13:35:30 [LOG] Reading 0x242e = 0
2026-09-16 13:35:30 [LOG] Request sent, transaction 296, function 0x03, 12 bytes
2026-09-16 13:35:30 [LOG] Response received, transaction 296, function 0x03, 4 bytes PDU
2026-09-16 13:35:30 [LOG] Reading 0x242f = 0
2026-09-16 13:35:30 [LOG] Request sent, transaction 297, function 0x03, 12 bytes
2026-09-16 13:35:30 [LOG] Response received, transaction 297, function 0x03, 4 bytes PDU
2026-09-16 13:35:30 [LOG] Reading 0x2430 = 0
2026-09-16 13:35:30 [LOG] Request sent, transaction 298, function 0x03, 12 bytes
2026-09-16 13:35:30 [LOG] Response received, transaction 298, function 0x03, 4 bytes PDU
2026-09-16 13:35:30 [LOG] Reading 0x2431 = 0
2026-09-16 13:35:30 [LOG] Request sent, transaction 299, function 0x03, 12 bytes
2026-09-16 13:35:30 [LOG] Response received, transaction 299, function 0x03, 4 bytes PDU
2026-09-16 13:35:30 [LOG] Reading 0x2432 = 0
2026-09-16 13:35:30 [LOG] Request sent, transaction 300, function 0x03, 12 bytes
2026-09-16 13:35:30 [LOG] Response received, transaction 300, function 0x03, 4 bytes PDU
2026-09-16 13:35:30 [LOG] Reading 0x2433 = 0
2026-09-16 13:35:30 [LOG] Request sent, transaction 301, function 0x03, 12 bytes
2026-09-16 13:35:30 [LOG] Response received, transaction 301, function 0x03, 4 bytes PDU
2026-09-16 13:35:30 [LOG] Reading 0x2434 = 0
2026-09-16 13:35:30 No connected clients to send
2026-09-16 13:35:50 [LOG] Request sent, transaction 302, function 0x03, 12 bytes
2026-09-16 13:35:50 [LOG] Response received, transaction 302, function 0x03, 4 bytes PDU
2026-09-16 13:35:50 [LOG] Reading 0x242c = 1
2026-09-16 13:35:50 [LOG] Request sent, transaction 303, function 0x03, 12 bytes
2026-09-16 13:35:50 [LOG] Response received, transaction 303, function 0x03, 4 bytes PDU
2026-09-16 13:35:50 [LOG] Reading 0x242d = 0
2026-09-16 13:35:50 [LOG] Request sent, transaction 304, function 0x03, 12 bytes
2026-09-16 13:35:50 [LOG] Response received, transaction 304, function 0x03, 4 bytes PDU
2026-09-16 13:35:50 [LOG] Reading 0x242e = 0
2026-09-16 13:35:50 [LOG] Request sent, transaction 305, function 0x03, 12 bytes
2026-09-16 13:35:50 [LOG] Response received, transaction 305, function 0x03, 4 bytes PDU
2026-09-16 13:35:50 [LOG] Reading 0x242f = 0
2026-09-16 13:35:50 [LOG] Request sent, transaction 306, function 0x03, 12 bytes
2026-09-16 13:35:50 [LOG] Response received, transaction 306, function 0x03, 4 bytes PDU
2026-09-16 13:35:50 [LOG] Reading 0x2430 = 0
2026-09-16 13:35:50 [LOG] Request sent, transaction 307, function 0x03, 12 bytes
2026-09-16 13:35:50 [LOG] Response received, transaction 307, function 0x03, 4 bytes PDU
2026-09-16 13:35:50 [LOG] Reading 0x2431 = 0
2026-09-16 13:35:50 [LOG] Request sent, transaction 308, function 0x03, 12 bytes
2026-09-16 13:35:50 [LOG] Response received, transaction 308, function 0x03, 4 bytes PDU
2026-09-16 13:35:50 [LOG] Reading 0x2432 = 0
2026-09-16 13:35:50 [LOG] Request sent, transaction 309, function 0x03, 12 bytes
2026-09-16 13:35:50 [LOG] Response received, transaction 309, function 0x03, 4 bytes PDU
2026-09-16 13:35:50 [LOG] Reading 0x2433 = 0
2026-09-16 13:35:50 [LOG] Request sent, transaction 310, function 0x03, 12 bytes
2026-09-16 13:35:50 [LOG] Response received, transaction 310, function 0x03, 4 bytes PDU
2026-09-16 13:35:50 [LOG] Reading 0x2434 = 0
2026-09-16 13:35:50 No connected clients to send
2026-09-16 13:36:10 [LOG] Request sent, transaction 311, function 0x03, 12 bytes
2026-09-16 13:36:10 [LOG] Response received, transaction 311, function 0x03, 4 bytes PDU
2026-09-16 13:36:10 [LOG] Reading 0x242c = 1
2026-09-16 13:36:10 [LOG] Request sent, transaction 312, function 0x03, 12 bytes
2026-09-16 13:36:10 [LOG] Response received, transaction 312, function 0x03, 4 bytes PDU
2026-09-16 13:36:10 [LOG] Reading 0x242d = 0
2026-09-16 13:36:10 [LOG] Request sent, transaction 313, function 0x03, 12 bytes
2026-09-16 13:36:10 [LOG] Response received, transaction 313, function 0x03, 4 bytes PDU
2026-09-16 13:36:10 [LOG] Reading 0x242e = 0
2026-09-16 13:36:10 [LOG] Request sent, transaction 314, function 0x03, 12 bytes
2026-09-16 13:36:10 [LOG] Response received, transaction 314, function 0x03, 4 bytes PDU
2026-09-16 13:36:10 [LOG] Reading 0x242f = 0
2026-09-16 13:36:10 [LOG] Request sent, transaction 315, function 0x03, 12 bytes
2026-09-16 13:36:10 [LOG] Response received, transaction 315, function 0x03, 4 bytes PDU
2026-09-16 13:36:10 [LOG] Reading 0x2430 = 0
2026-09-16 13:36:10 [LOG] Request sent, transaction 316, function 0x03, 12 bytes
2026-09-16 13:36:10 [LOG] Response received, transaction 316, function 0x03, 4 bytes PDU
2026-09-16 13:36:10 [LOG] Reading 0x2431 = 0
2026-09-16 13:36:10 [LOG] Request sent, transaction 317, function 0x03, 12 bytes
2026-09-16 13:36:10 [LOG] Response received, transaction 317, function 0x03, 4 bytes PDU
2026-09-16 13:36:10 [LOG] Reading 0x2432 = 0
2026-09-16 13:36:10 [LOG] Request sent, transaction 318, function 0x03, 12 bytes
2026-09-16 13:36:10 [LOG] Response received, transaction 318, function 0x03, 4 bytes PDU
2026-09-16 13:36:10 [LOG] Reading 0x2433 = 0
2026-09-16 13:36:10 [LOG] Request sent, transaction 319, function 0x03, 12 bytes
2026-09-16 13:36:10 [LOG] Response received, transaction 319, function 0x03, 4 bytes PDU
2026-09-16 13:36:10 [LOG] Reading 0x2434 = 0
2026-09-16 13:36:10 No connected clients to send
2026-09-16 13:36:30 [LOG] Request sent, transaction 320, function 0x03, 12 bytes
2026-09-16 13:36:30 [LOG] Response received, transaction 320, function 0x03, 4 bytes PDU
2026-09-16 13:36:30 [LOG] Reading 0x242c = 1
2026-09-16 13:36:30 [LOG] Request sent, transaction 321, function 0x03, 12 bytes
2026-09-16 13:36:30 [LOG] Response received, transaction 321, function 0x03, 4 bytes PDU
2026-09-16 13:36:30 [LOG] Reading 0x242d = 0
2026-09-16 13:36:30 [LOG] Request sent, transaction 322, function 0x03, 12 bytes
2026-09-16 13:36:30 [LOG] Response received, transaction 322, function 0x03, 4 bytes PDU
2026-09-16 13:36:30 [LOG] Reading 0x242e = 0
2026-09-16 13:36:30 [LOG] Request sent, transaction 323, function 0x03, 12 bytes
2026-09-16 13:36:30 [LOG] Response received, transaction 323, function 0x03, 4 bytes PDU
2026-09-16 13:36:30 [LOG] Reading 0x242f = 0
2026-09-16 13:36:30 [LOG] Request sent, transaction 324, function 0x03, 12 bytes
2026-09-16 13:36:30 [LOG] Response received, transaction 324, function 0x03, 4 bytes PDU
2026-09-16 13:36:30 [LOG] Reading 0x2430 = 0
2026-09-16 13:36:30 [LOG] Request sent, transaction 325, function 0x03, 12 bytes
2026-09-16 13:36:30 [LOG] Response received, transaction 325, function 0x03, 4 bytes PDU
2026-09-16 13:36:30 [LOG] Reading 0x2431 = 0
2026-09-16 13:36:30 [LOG] Request sent, transaction 326, function 0x03, 12 bytes
2026-09-16 13:36:30 [LOG] Response received, transaction 326, function 0x03, 4 bytes PDU
2026-09-16 13:36:30 [LOG] Reading 0x2432 = 0
2026-09-16 13:36:30 [LOG] Request sent, transaction 327, function 0x03, 12 bytes
2026-09-16 13:36:30 [LOG] Response received, transaction 327, function 0x03, 4 bytes PDU
2026-09-16 13:36:30 [LOG] Reading 0x2433 = 0
2026-09-16 13:36:30 [LOG] Request sent, transaction 328, function 0x03, 12 bytes
2026-09-16 13:36:30 [LOG] Response received, transaction 328, function 0x03, 4 bytes PDU
2026-09-16 13:36:30 [LOG] Reading 0x2434 = 0
2026-09-16 13:36:30 No connected clients to send
2026-09-16 13:36:50 [LOG] Request sent, transaction 329, function 0x03, 12 bytes
2026-09-16 13:36:50 [LOG] Response received, transaction 329, function 0x03, 4 bytes PDU
2026-09-16 13:36:50 [LOG] Reading 0x242c = 1
2026-09-16 13:36:50 [LOG] Request sent, transaction 330, function 0x03, 12 bytes
2026-09-16 13:36:50 [LOG] Response received, transaction 330, function 0x03, 4 bytes PDU
2026-09-16 13:36:50 [LOG] Reading 0x242d = 0
2026-09-16 13:36:50 [LOG] Request sent, transaction 331, function 0x03, 12 bytes
2026-09-16 13:36:50 [LOG] Response received, transaction 331, function 0x03, 4 bytes PDU
2026-09-16 13:36:50 [LOG] Reading 0x242e = 0
2026-09-16 13:36:50 [LOG] Request sent, transaction 332, function 0x03, 12 bytes
2026-09-16 13:36:50 [LOG] Response received, transaction 332, function 0x03, 4 bytes PDU
2026-09-16 13:36:50 [LOG] Reading 0x242f = 0
2026-09-16 13:36:50 [LOG] Request sent, transaction 333, function 0x03, 12 bytes
2026-09-16 13:36:50 [LOG] Response received, transaction 333, function 0x03, 4 bytes PDU
2026-09-16 13:36:50 [LOG] Reading 0x2430 = 0
2026-09-16 13:36:50 [LOG] Request sent, transaction 334, function 0x03, 12 bytes
2026-09-16 13:36:50 [LOG] Response received, transaction 334, function 0x03, 4 bytes PDU
2026-09-16 13:36:50 [LOG] Reading 0x2431 = 0
2026-09-16 13:36:50 [LOG] Request sent, transaction 335, function 0x03, 12 bytes
2026-09-16 13:36:50 [LOG] Response received, transaction 335, function 0x03, 4 bytes PDU
2026-09-16 13:36:50 [LOG] Reading 0x2432 = 0
2026-09-16 13:36:50 [LOG] Request sent, transaction 336, function 0x03, 12 bytes
2026-09-16 13:36:50 [LOG] Response received, transaction 336, function 0x03, 4 bytes PDU
2026-09-16 13:36:50 [LOG] Reading 0x2433 = 0
2026-09-16 13:36:50 [LOG] Request sent, transaction 337, function 0x03, 12 bytes
2026-09-16 13:36:50 [LOG] Response received, transaction 337, function 0x03, 4 bytes PDU
2026-09-16 13:36:50 [LOG] Reading 0x2434 = 0
2026-09-16 13:36:50 No connected clients to send
2026-09-16 13:37:10 [LOG] Request sent, transaction 338, function 0x03, 12 bytes
2026-09-16 13:37:10 [LOG] Response received, transaction 338, function 0x03, 4 bytes PDU
2026-09-16 13:37:10 [LOG] Reading 0x242c = 1
2026-09-16 13:37:10 [LOG] Request sent, transaction 339, function 0x03, 12 bytes
2026-09-16 13:37:10 [LOG] Response received, transaction 339, function 0x03, 4 bytes PDU
2026-09-16 13:37:10 [LOG] Reading 0x242d = 0
2026-09-16 13:37:10 [LOG] Request sent, transaction 340, function 0x03, 12 bytes
2026-09-16 13:37:10 [LOG] Response received, transaction 340, function 0x03, 4 bytes PDU
2026-09-16 13:37:10 [LOG] Reading 0x242e = 0
2026-09-16 13:37:10 [LOG] Request sent, transaction 341, function 0x03, 12 bytes
2026-09-16 13:37:10 [LOG] Response received, transaction 341, function 0x03, 4 bytes PDU
2026-09-16 13:37:10 [LOG] Reading 0x242f = 0
2026-09-16 13:37:10 [LOG] Request sent, transaction 342, function 0x03, 12 bytes
2026-09-16 13:37:10 [LOG] Response received, transaction 342, function 0x03, 4 bytes PDU
2026-09-16 13:37:10 [LOG] Reading 0x2430 = 0
2026-09-16 13:37:10 [LOG] Request sent, transaction 343, function 0x03, 12 bytes
2026-09-16 13:37:10 [LOG] Response received, transaction 343, function 0x03, 4 bytes PDU
2026-09-16 13:37:10 [LOG] Reading 0x2431 = 0
2026-09-16 13:37:10 [LOG] Request sent, transaction 344, function 0x03, 12 bytes
2026-09-16 13:37:10 [LOG] Response received, transaction 344, function 0x03, 4 bytes PDU
2026-09-16 13:37:10 [LOG] Reading 0x2432 = 0
2026-09-16 13:37:10 [LOG] Request sent, transaction 345, function 0x03, 12 bytes
2026-09-16 13:37:10 [LOG] Response received, transaction 345, function 0x03, 4 bytes PDU
2026-09-16 13:37:10 [LOG] Reading 0x2433 = 0
2026-09-16 13:37:10 [LOG] Request sent, transaction 346, function 0x03, 12 bytes
2026-09-16 13:37:10 [LOG] Response received, transaction 346, function 0x03, 4 bytes PDU
2026-09-16 13:37:10 [LOG] Reading 0x2434 = 0
2026-09-16 13:37:10 No connected clients to send
2026-09-16 13:37:30 [LOG] Request sent, transaction 347, function 0x03, 12 bytes
2026-09-16 13:37:30 [LOG] Response received, transaction 347, function 0x03, 4 bytes PDU
2026-09-16 13:37:30 [LOG] Reading 0x242c = 1
2026-09-16 13:37:30 [LOG] Request sent, transaction 348, function 0x03, 12 bytes
2026-09-16 13:37:30 [LOG] Response received, transaction 348, function 0x03, 4 bytes PDU
2026-09-16 13:37:30 [LOG] Reading 0x242d = 0
2026-09-16 13:37:30 [LOG] Request sent, transaction 349, function 0x03, 12 bytes
2026-09-16 13:37:30 [LOG] Response received, transaction 349, function 0x03, 4 bytes PDU
2026-09-16 13:37:30 [LOG] Reading 0x242e = 0
2026-09-16 13:37:30 [LOG] Request sent, transaction 350, function 0x03, 12 bytes
2026-09-16 13:37:30 [LOG] Response received, transaction 350, function 0x03, 4 bytes PDU
2026-09-16 13:37:30 [LOG] Reading 0x242f = 0
2026-09-16 13:37:30 [LOG] Request sent, transaction 351, function 0x03, 12 bytes
2026-09-16 13:37:30 [LOG] Response received, transaction 351, function 0x03, 4 bytes PDU
2026-09-16 13:37:30 [LOG] Reading 0x2430 = 0
2026-09-16 13:37:30 [LOG] Request sent, transaction 352, function 0x03, 12 bytes
2026-09-16 13:37:30 [LOG] Response received, transaction 352, function 0x03, 4 bytes PDU
2026-09-16 13:37:30 [LOG] Reading 0x2431 = 0
2026-09-16 13:37:30 [LOG] Request sent, transaction 353, function 0x03, 12 bytes
2026-09-16 13:37:30 [LOG] Response received, transaction 353, function 0x03, 4 bytes PDU
2026-09-16 13:37:30 [LOG] Reading 0x2432 = 0
2026-09-16 13:37:30 [LOG] Request sent, transaction 354, function 0x03, 12 bytes
2026-09-16 13:37:30 [LOG] Response received, transaction 354, function 0x03, 4 bytes PDU
2026-09-16 13:37:30 [LOG] Reading 0x2433 = 0
2026-09-16 13:37:30 [LOG] Request sent, transaction 355, function 0x03, 12 bytes
2026-09-16 13:37:30 [LOG] Response received, transaction 355, function 0x03, 4 bytes PDU
2026-09-16 13:37:30 [LOG] Reading 0x2434 = 0
2026-09-16 13:37:30 No connected clients to send
2026-09-16 13:37:50 [LOG] Request sent, transaction 356, function 0x03, 12 bytes
2026-09-16 13:37:50 [LOG] Response received, transaction 356, function 0x03, 4 bytes PDU
2026-09-16 13:37:50 [LOG] Reading 0x242c = 1
2026-09-16 13:37:50 [LOG] Request sent, transaction 357, function 0x03, 12 bytes
2026-09-16 13:37:50 [LOG] Response received, transaction 357, function 0x03, 4 bytes PDU
2026-09-16 13:37:50 [LOG] Reading 0x242d = 0
2026-09-16 13:37:50 [LOG] Request sent, transaction 358, function 0x03, 12 bytes
2026-09-16 13:37:50 [LOG] Response received, transaction 358, function 0x03, 4 bytes PDU
2026-09-16 13:37:50 [LOG] Reading 0x242e = 0
2026-09-16 13:37:50 [LOG] Request sent, transaction 359, function 0x03, 12 bytes
2026-09-16 13:37:50 [LOG] Response received, transaction 359, function 0x03, 4 bytes PDU
2026-09-16 13:37:50 [LOG] Reading 0x242f = 0
2026-09-16 13:37:50 [LOG] Request sent, transaction 360, function 0x03, 12 bytes
2026-09-16 13:37:50 [LOG] Response received, transaction 360, function 0x03, 4 bytes PDU
2026-09-16 13:37:50 [LOG] Reading 0x2430 = 0
2026-09-16 13:37:50 [LOG] Request sent, transaction 361, function 0x03, 12 bytes
2026-09-16 13:37:50 [LOG] Response received, transaction 361, function 0x03, 4 bytes PDU
2026-09-16 13:37:50 [LOG] Reading 0x2431 = 0
2026-09-16 13:37:50 [LOG] Request sent, transaction 362, function 0x03, 12 bytes
2026-09-16 13:37:50 [LOG] Response received, transaction 362, function 0x03, 4 bytes PDU
2026-09-16 13:37:50 [LOG] Reading 0x2432 = 0
2026-09-16 13:37:50 [LOG] Request sent, transaction 363, function 0x03, 12 bytes
2026-09-16 13:37:50 [LOG] Response received, transaction 363, function 0x03, 4 bytes PDU
2026-09-16 13:37:50 [LOG] Reading 0x2433 = 0
2026-09-16 13:37:50 [LOG] Request sent, transaction 364, function 0x03, 12 bytes
2026-09-16 13:37:50 [LOG] Response received, transaction 364, function 0x03, 4 bytes PDU
2026-09-16 13:37:50 [LOG] Reading 0x2434 = 0
2026-09-16 13:37:50 No connected clients to send
2026-09-16 13:38:10 [LOG] Request sent, transaction 365, function 0x03, 12 bytes
2026-09-16 13:38:10 [LOG] Response received, transaction 365, function 0x03, 4 bytes PDU
2026-09-16 13:38:10 [LOG] Reading 0x242c = 1
2026-09-16 13:38:10 [LOG] Request sent, transaction 366, function 0x03, 12 bytes
2026-09-16 13:38:10 [LOG] Response received, transaction 366, function 0x03, 4 bytes PDU
2026-09-16 13:38:10 [LOG] Reading 0x242d = 0
2026-09-16 13:38:10 [LOG] Request sent, transaction 367, function 0x03, 12 bytes
2026-09-16 13:38:10 [LOG] Response received, transaction 367, function 0x03, 4 bytes PDU
2026-09-16 13:38:10 [LOG] Reading 0x242e = 0
2026-09-16 13:38:10 [LOG] Request sent, transaction 368, function 0x03, 12 bytes
2026-09-16 13:38:10 [LOG] Response received, transaction 368, function 0x03, 4 bytes PDU
2026-09-16 13:38:10 [LOG] Reading 0x242f = 0
2026-09-16 13:38:10 [LOG] Request sent, transaction 369, function 0x03, 12 bytes
2026-09-16 13:38:10 [LOG] Response received, transaction 369, function 0x03, 4 bytes PDU
2026-09-16 13:38:10 [LOG] Reading 0x2430 = 0
2026-09-16 13:38:10 [LOG] Request sent, transaction 370, function 0x03, 12 bytes
2026-09-16 13:38:10 [LOG] Response received, transaction 370, function 0x03, 4 bytes PDU
2026-09-16 13:38:10 [LOG] Reading 0x2431 = 0
2026-09-16 13:38:10 [LOG] Request sent, transaction 371, function 0x03, 12 bytes
2026-09-16 13:38:10 [LOG] Response received, transaction 371, function 0x03, 4 bytes PDU
2026-09-16 13:38:10 [LOG] Reading 0x2432 = 0
2026-09-16 13:38:10 [LOG] Request sent, transaction 372, function 0x03, 12 bytes
2026-09-16 13:38:10 [LOG] Response received, transaction 372, function 0x03, 4 bytes PDU
2026-09-16 13:38:10 [LOG] Reading 0x2433 = 0
2026-09-16 13:38:10 [LOG] Request sent, transaction 373, function 0x03, 12 bytes
2026-09-16 13:38:10 [LOG] Response received, transaction 373, function 0x03, 4 bytes PDU
2026-09-16 13:38:10 [LOG] Reading 0x2434 = 0
2026-09-16 13:38:10 No connected clients to send
2026-09-16 13:38:30 [LOG] Request sent, transaction 374, function 0x03, 12 bytes
2026-09-16 13:38:30 [LOG] Response received, transaction 374, function 0x03, 4 bytes PDU
2026-09-16 13:38:30 [LOG] Reading 0x242c = 1
2026-09-16 13:38:30 [LOG] Request sent, transaction 375, function 0x03, 12 bytes
2026-09-16 13:38:30 [LOG] Response received, transaction 375, function 0x03, 4 bytes PDU
2026-09-16 13:38:30 [LOG] Reading 0x242d = 0
2026-09-16 13:38:30 [LOG] Request sent, transaction 376, function 0x03, 12 bytes
2026-09-16 13:38:30 [LOG] Response received, transaction 376, function 0x03, 4 bytes PDU
2026-09-16 13:38:30 [LOG] Reading 0x242e = 0
2026-09-16 13:38:30 [LOG] Request sent, transaction 377, function 0x03, 12 bytes
2026-09-16 13:38:30 [LOG] Response received, transaction 377, function 0x03, 4 bytes PDU
2026-09-16 13:38:30 [LOG] Reading 0x242f = 0
2026-09-16 13:38:30 [LOG] Request sent, transaction 378, function 0x03, 12 bytes
2026-09-16 13:38:30 [LOG] Response received, transaction 378, function 0x03, 4 bytes PDU
2026-09-16 13:38:30 [LOG] Reading 0x2430 = 0
2026-09-16 13:38:30 [LOG] Request sent, transaction 379, function 0x03, 12 bytes
2026-09-16 13:38:30 [LOG] Response received, transaction 379, function 0x03, 4 bytes PDU
2026-09-16 13:38:30 [LOG] Reading 0x2431 = 0
2026-09-16 13:38:30 [LOG] Request sent, transaction 380, function 0x03, 12 bytes
2026-09-16 13:38:30 [LOG] Response received, transaction 380, function 0x03, 4 bytes PDU
2026-09-16 13:38:30 [LOG] Reading 0x2432 = 0
2026-09-16 13:38:30 [LOG] Request sent, transaction 381, function 0x03, 12 bytes
2026-09-16 13:38:30 [LOG] Response received, transaction 381, function 0x03, 4 bytes PDU
2026-09-16 13:38:30 [LOG] Reading 0x2433 = 0
2026-09-16 13:38:30 [LOG] Request sent, transaction 382, function 0x03, 12 bytes
2026-09-16 13:38:30 [LOG] Response received, transaction 382, function 0x03, 4 bytes PDU
2026-09-16 13:38:30 [LOG] Reading 0x2434 = 0
2026-09-16 13:38:30 No connected clients to send
2026-09-16 13:38:50 [LOG] Request sent, transaction 383, function 0x03, 12 bytes
2026-09-16 13:38:50 [LOG] Response received, transaction 383, function 0x03, 4 bytes PDU
2026-09-16 13:38:50 [LOG] Reading 0x242c = 1
2026-09-16 13:38:50 [LOG] Request sent, transaction 384, function 0x03, 12 bytes
2026-09-16 13:38:50 [LOG] Response received, transaction 384, function 0x03, 4 bytes PDU
2026-09-16 13:38:50 [LOG] Reading 0x242d = 0
2026-09-16 13:38:50 [LOG] Request sent, transaction 385, function 0x03, 12 bytes
2026-09-16 13:38:50 [LOG] Response received, transaction 385, function 0x03, 4 bytes PDU
2026-09-16 13:38:50 [LOG] Reading 0x242e = 0
2026-09-16 13:38:50 [LOG] Request sent, transaction 386, function 0x03, 12 bytes
2026-09-16 13:38:50 [LOG] Response received, transaction 386, function 0x03, 4 bytes PDU
2026-09-16 13:38:50 [LOG] Reading 0x242f = 0
2026-09-16 13:38:50 [LOG] Request sent, transaction 387, function 0x03, 12 bytes
2026-09-16 13:38:50 [LOG] Response received, transaction 387, function 0x03, 4 bytes PDU
2026-09-16 13:38:50 [LOG] Reading 0x2430 = 0
2026-09-16 13:38:50 [LOG] Request sent, transaction 388, function 0x03, 12 bytes
2026-09-16 13:38:50 [LOG] Response received, transaction 388, function 0x03, 4 bytes PDU
2026-09-16 13:38:50 [LOG] Reading 0x2431 = 0
2026-09-16 13:38:50 [LOG] Request sent, transaction 389, function 0x03, 12 bytes
2026-09-16 13:38:50 [LOG] Response received, transaction 389, function 0x03, 4 bytes PDU
2026-09-16 13:38:50 [LOG] Reading 0x2432 = 0
2026-09-16 13:38:50 [LOG] Request sent, transaction 390, function 0x03, 12 bytes
2026-09-16 13:38:50 [LOG] Response received, transaction 390, function 0x03, 4 bytes PDU
2026-09-16 13:38:50 [LOG] Reading 0x2433 = 0
2026-09-16 13:38:50 [LOG] Request sent, transaction 391, function 0x03, 12 bytes
2026-09-16 13:38:50 [LOG] Response received, transaction 391, function 0x03, 4 bytes PDU
2026-09-16 13:38:50 [LOG] Reading 0x2434 = 0
2026-09-16 13:38:50 No connected clients to send
2026-09-16 13:39:10 [LOG] Request sent, transaction 392, function 0x03, 12 bytes
2026-09-16 13:39:10 [LOG] Response received, transaction 392, function 0x03, 4 bytes PDU
2026-09-16 13:39:10 [LOG] Reading 0x242c = 1
2026-09-16 13:39:10 [LOG] Request sent, transaction 393, function 0x03, 12 bytes
2026-09-16 13:39:10 [LOG] Response received, transaction 393, function 0x03, 4 bytes PDU
2026-09-16 13:39:10 [LOG] Reading 0x242d = 0
2026-09-16 13:39:10 [LOG] Request sent, transaction 394, function 0x03, 12 bytes
2026-09-16 13:39:10 [LOG] Response received, transaction 394, function 0x03, 4 bytes PDU
2026-09-16 13:39:10 [LOG] Reading 0x242e = 0
2026-09-16 13:39:10 [LOG] Request sent, transaction 395, function 0x03, 12 bytes
2026-09-16 13:39:10 [LOG] Response received, transaction 395, function 0x03, 4 bytes PDU
2026-09-16 13:39:10 [LOG] Reading 0x242f = 0
2026-09-16 13:39:10 [LOG] Request sent, transaction 396, function 0x03, 12 bytes
2026-09-16 13:39:10 [LOG] Response received, transaction 396, function 0x03, 4 bytes PDU
2026-09-16 13:39:10 [LOG] Reading 0x2430 = 0
2026-09-16 13:39:10 [LOG] Request sent, transaction 397, function 0x03, 12 bytes
2026-09-16 13:39:10 [LOG] Response received, transaction 397, function 0x03, 4 bytes PDU
2026-09-16 13:39:10 [LOG] Reading 0x2431 = 0
2026-09-16 13:39:10 [LOG] Request sent, transaction 398, function 0x03, 12 bytes
2026-09-16 13:39:10 [LOG] Response received, transaction 398, function 0x03, 4 bytes PDU
2026-09-16 13:39:10 [LOG] Reading 0x2432 = 0
2026-09-16 13:39:10 [LOG] Request sent, transaction 399, function 0x03, 12 bytes
2026-09-16 13:39:10 [LOG] Response received, transaction 399, function 0x03, 4 bytes PDU
2026-09-16 13:39:10 [LOG] Reading 0x2433 = 0
2026-09-16 13:39:10 [LOG] Request sent, transaction 400, function 0x03, 12 bytes
2026-09-16 13:39:10 [LOG] Response received, transaction 400, function 0x03, 4 bytes PDU
2026-09-16 13:39:10 [LOG] Reading 0x2434 = 0
2026-09-16 13:39:10 No connected clients to send
2026-09-16 13:39:30 [LOG] Request sent, transaction 401, function 0x03, 12 bytes
2026-09-16 13:39:30 [LOG] Response received, transaction 401, function 0x03, 4 bytes PDU
2026-09-16 13:39:30 [LOG] Reading 0x242c = 1
2026-09-16 13:39:30 [LOG] Request sent, transaction 402, function 0x03, 12 bytes
2026-09-16 13:39:30 [LOG] Response received, transaction 402, function 0x03, 4 bytes PDU
2026-09-16 13:39:30 [LOG] Reading 0x242d = 0
2026-09-16 13:39:30 [LOG] Request sent, transaction 403, function 0x03, 12 bytes
2026-09-16 13:39:30 [LOG] Response received, transaction 403, function 0x03, 4 bytes PDU
2026-09-16 13:39:30 [LOG] Reading 0x242e = 0
2026-09-16 13:39:30 [LOG] Request sent, transaction 404, function 0x03, 12 bytes
2026-09-16 13:39:30 [LOG] Response received, transaction 404, function 0x03, 4 bytes PDU
2026-09-16 13:39:30 [LOG] Reading 0x242f = 0
2026-09-16 13:39:30 [LOG] Request sent, transaction 405, function 0x03, 12 bytes
2026-09-16 13:39:30 [LOG] Response received, transaction 405, function 0x03, 4 bytes PDU
2026-09-16 13:39:30 [LOG] Reading 0x2430 = 0
2026-09-16 13:39:30 [LOG] Request sent, transaction 406, function 0x03, 12 bytes
2026-09-16 13:39:30 [LOG] Response received, transaction 406, function 0x03, 4 bytes PDU
2026-09-16 13:39:30 [LOG] Reading 0x2431 = 0
2026-09-16 13:39:30 [LOG] Request sent, transaction 407, function 0x03, 12 bytes
2026-09-16 13:39:30 [LOG] Response received, transaction 407, function 0x03, 4 bytes PDU
2026-09-16 13:39:30 [LOG] Reading 0x2432 = 0
2026-09-16 13:39:30 [LOG] Request sent, transaction 408, function 0x03, 12 bytes
2026-09-16 13:39:30 [LOG] Response received, transaction 408, function 0x03, 4 bytes PDU
2026-09-16 13:39:30 [LOG] Reading 0x2433 = 0
2026-09-16 13:39:30 [LOG] Request sent, transaction 409, function 0x03, 12 bytes
2026-09-16 13:39:30 [LOG] Response received, transaction 409, function 0x03, 4 bytes PDU
2026-09-16 13:39:30 [LOG] Reading 0x2434 = 0
2026-09-16 13:39:30 No connected clients to send
2026-09-16 13:39:50 [LOG] Request sent, transaction 410, function 0x03, 12 bytes
2026-09-16 13:39:50 [LOG] Response received, transaction 410, function 0x03, 4 bytes PDU
2026-09-16 13:39:50 [LOG] Reading 0x242c = 1
2026-09-16 13:39:50 [LOG] Request sent, transaction 411, function 0x03, 12 bytes
2026-09-16 13:39:50 [LOG] Response received, transaction 411, function 0x03, 4 bytes PDU
2026-09-16 13:39:50 [LOG] Reading 0x242d = 0
2026-09-16 13:39:50 [LOG] Request sent, transaction 412, function 0x03, 12 bytes
2026-09-16 13:39:50 [LOG] Response received, transaction 412, function 0x03, 4 bytes PDU
2026-09-16 13:39:50 [LOG] Reading 0x242e = 0
2026-09-16 13:39:50 [LOG] Request sent, transaction 413, function 0x03, 12 bytes
2026-09-16 13:39:50 [LOG] Response received, transaction 413, function 0x03, 4 bytes PDU
2026-09-16 13:39:50 [LOG] Reading 0x242f = 0
2026-09-16 13:39:50 [LOG] Request sent, transaction 414, function 0x03, 12 bytes
2026-09-16 13:39:50 [LOG] Response received, transaction 414, function 0x03, 4 bytes PDU
2026-09-16 13:39:50 [LOG] Reading 0x2430 = 0
2026-09-16 13:39:50 [LOG] Request sent, transaction 415, function 0x03, 12 bytes
2026-09-16 13:39:50 [LOG] Response received, transaction 415, function 0x03, 4 bytes PDU
2026-09-16 13:39:50 [LOG] Reading 0x2431 = 0
2026-09-16 13:39:50 [LOG] Request sent, transaction 416, function 0x03, 12 bytes
2026-09-16 13:39:50 [LOG] Response received, transaction 416, function 0x03, 4 bytes PDU
2026-09-16 13:39:50 [LOG] Reading 0x2432 = 0
2026-09-16 13:39:50 [LOG] Request sent, transaction 417, function 0x03, 12 bytes
2026-09-16 13:39:50 [LOG] Response received, transaction 417, function 0x03, 4 bytes PDU
2026-09-16 13:39:50 [LOG] Reading 0x2433 = 0
2026-09-16 13:39:50 [LOG] Request sent, transaction 418, function 0x03, 12 bytes
2026-09-16 13:39:50 [LOG] Response received, transaction 418, function 0x03, 4 bytes PDU
2026-09-16 13:39:50 [LOG] Reading 0x2434 = 0
2026-09-16 13:39:50 No connected clients to send
2026-09-16 13:40:10 [LOG] Request sent, transaction 419, function 0x03, 12 bytes
2026-09-16 13:40:10 [LOG] Response received, transaction 419, function 0x03, 4 bytes PDU
2026-09-16 13:40:10 [LOG] Reading 0x242c = 1
2026-09-16 13:40:10 [LOG] Request sent, transaction 420, function 0x03, 12 bytes
2026-09-16 13:40:10 [LOG] Response received, transaction 420, function 0x03, 4 bytes PDU
2026-09-16 13:40:10 [LOG] Reading 0x242d = 0
2026-09-16 13:40:10 [LOG] Request sent, transaction 421, function 0x03, 12 bytes
2026-09-16 13:40:10 [LOG] Response received, transaction 421, function 0x03, 4 bytes PDU
2026-09-16 13:40:10 [LOG] Reading 0x242e = 0
2026-09-16 13:40:10 [LOG] Request sent, transaction 422, function 0x03, 12 bytes
2026-09-16 13:40:10 [LOG] Response received, transaction 422, function 0x03, 4 bytes PDU
2026-09-16 13:40:10 [LOG] Reading 0x242f = 0
2026-09-16 13:40:10 [LOG] Request sent, transaction 423, function 0x03, 12 bytes
2026-09-16 13:40:10 [LOG] Response received, transaction 423, function 0x03, 4 bytes PDU
2026-09-16 13:40:10 [LOG] Reading 0x2430 = 0
2026-09-16 13:40:10 [LOG] Request sent, transaction 424, function 0x03, 12 bytes
2026-09-16 13:40:10 [LOG] Response received, transaction 424, function 0x03, 4 bytes PDU
2026-09-16 13:40:10 [LOG] Reading 0x2431 = 0
2026-09-16 13:40:10 [LOG] Request sent, transaction 425, function 0x03, 12 bytes
2026-09-16 13:40:10 [LOG] Response received, transaction 425, function 0x03, 4 bytes PDU
2026-09-16 13:40:10 [LOG] Reading 0x2432 = 0
2026-09-16 13:40:10 [LOG] Request sent, transaction 426, function 0x03, 12 bytes
2026-09-16 13:40:10 [LOG] Response received, transaction 426, function 0x03, 4 bytes PDU
2026-09-16 13:40:10 [LOG] Reading 0x2433 = 0
2026-09-16 13:40:10 [LOG] Request sent, transaction 427, function 0x03, 12 bytes
2026-09-16 13:40:10 [LOG] Response received, transaction 427, function 0x03, 4 bytes PDU
2026-09-16 13:40:10 [LOG] Reading 0x2434 = 0
2026-09-16 13:40:10 No connected clients to send
2026-09-16 13:40:30 [LOG] Request sent, transaction 428, function 0x03, 12 bytes
2026-09-16 13:40:30 [LOG] Response received, transaction 428, function 0x03, 4 bytes PDU
2026-09-16 13:40:30 [LOG] Reading 0x242c = 1
2026-09-16 13:40:30 [LOG] Request sent, transaction 429, function 0x03, 12 bytes
2026-09-16 13:40:30 [LOG] Response received, transaction 429, function 0x03, 4 bytes PDU
2026-09-16 13:40:30 [LOG] Reading 0x242d = 0
2026-09-16 13:40:30 [LOG] Request sent, transaction 430, function 0x03, 12 bytes
2026-09-16 13:40:30 [LOG] Response received, transaction 430, function 0x03, 4 bytes PDU
2026-09-16 13:40:30 [LOG] Reading 0x242e = 0
2026-09-16 13:40:30 [LOG] Request sent, transaction 431, function 0x03, 12 bytes
2026-09-16 13:40:30 [LOG] Response received, transaction 431, function 0x03, 4 bytes PDU
2026-09-16 13:40:30 [LOG] Reading 0x242f = 0
2026-09-16 13:40:30 [LOG] Request sent, transaction 432, function 0x03, 12 bytes
2026-09-16 13:40:30 [LOG] Response received, transaction 432, function 0x03, 4 bytes PDU
2026-09-16 13:40:30 [LOG] Reading 0x2430 = 0
2026-09-16 13:40:30 [LOG] Request sent, transaction 433, function 0x03, 12 bytes
2026-09-16 13:40:30 [LOG] Response received, transaction 433, function 0x03, 4 bytes PDU
2026-09-16 13:40:30 [LOG] Reading 0x2431 = 0
2026-09-16 13:40:30 [LOG] Request sent, transaction 434, function 0x03, 12 bytes
2026-09-16 13:40:30 [LOG] Response received, transaction 434, function 0x03, 4 bytes PDU
2026-09-16 13:40:30 [LOG] Reading 0x2432 = 0
2026-09-16 13:40:30 [LOG] Request sent, transaction 435, function 0x03, 12 bytes
2026-09-16 13:40:30 [LOG] Response received, transaction 435, function 0x03, 4 bytes PDU
2026-09-16 13:40:30 [LOG] Reading 0x2433 = 0
2026-09-16 13:40:30 [LOG] Request sent, transaction 436, function 0x03, 12 bytes
2026-09-16 13:40:30 [LOG] Response received, transaction 436, function 0x03, 4 bytes PDU
2026-09-16 13:40:30 [LOG] Reading 0x2434 = 0
2026-09-16 13:40:30 No connected clients to send
2026-09-16 13:40:50 [LOG] Request sent, transaction 437, function 0x03, 12 bytes
2026-09-16 13:40:50 [LOG] Response received, transaction 437, function 0x03, 4 bytes PDU
2026-09-16 13:40:50 [LOG] Reading 0x242c = 1
2026-09-16 13:40:50 [LOG] Request sent, transaction 438, function 0x03, 12 bytes
2026-09-16 13:40:50 [LOG] Response received, transaction 438, function 0x03, 4 bytes PDU
2026-09-16 13:40:50 [LOG] Reading 0x242d = 0
2026-09-16 13:40:50 [LOG] Request sent, transaction 439, function 0x03, 12 bytes
2026-09-16 13:40:50 [LOG] Response received, transaction 439, function 0x03, 4 bytes PDU
2026-09-16 13:40:50 [LOG] Reading 0x242e = 0
2026-09-16 13:40:50 [LOG] Request sent, transaction 440, function 0x03, 12 bytes
2026-09-16 13:40:50 [LOG] Response received, transaction 440, function 0x03, 4 bytes PDU
2026-09-16 13:40:50 [LOG] Reading 0x242f = 0
2026-09-16 13:40:50 [LOG] Request sent, transaction 441, function 0x03, 12 bytes
2026-09-16 13:40:50 [LOG] Response received, transaction 441, function 0x03, 4 bytes PDU
2026-09-16 13:40:50 [LOG] Reading 0x2430 = 0
2026-09-16 13:40:50 [LOG] Request sent, transaction 442, function 0x03, 12 bytes
2026-09-16 13:40:50 [LOG] Response received, transaction 442, function 0x03, 4 bytes PDU
2026-09-16 13:40:50 [LOG] Reading 0x2431 = 0
2026-09-16 13:40:50 [LOG] Request sent, transaction 443, function 0x03, 12 bytes
2026-09-16 13:40:50 [LOG] Response received, transaction 443, function 0x03, 4 bytes PDU
2026-09-16 13:40:50 [LOG] Reading 0x2432 = 0
2026-09-16 13:40:50 [LOG] Request sent, transaction 444, function 0x03, 12 bytes
2026-09-16 13:40:50 [LOG] Response received, transaction 444, function 0x03, 4 bytes PDU
2026-09-16 13:40:50 [LOG] Reading 0x2433 = 0
2026-09-16 13:40:50 [LOG] Request sent, transaction 445, function 0x03, 12 bytes
2026-09-16 13:40:50 [LOG] Response received, transaction 445, function 0x03, 4 bytes PDU
2026-09-16 13:40:50 [LOG] Reading 0x2434 = 0
2026-09-16 13:40:50 No connected clients to send
2026-09-16 13:41:10 [LOG] Request sent, transaction 446, function 0x03, 12 bytes
2026-09-16 13:41:10 [LOG] Response received, transaction 446, function 0x03, 4 bytes PDU
2026-09-16 13:41:10 [LOG] Reading 0x242c = 1
2026-09-16 13:41:10 [LOG] Request sent, transaction 447, function 0x03, 12 bytes
2026-09-16 13:41:10 [LOG] Response received, transaction 447, function 0x03, 4 bytes PDU
2026-09-16 13:41:10 [LOG] Reading 0x242d = 0
2026-09-16 13:41:10 [LOG] Request sent, transaction 448, function 0x03, 12 bytes
2026-09-16 13:41:10 [LOG] Response received, transaction 448, function 0x03, 4 bytes PDU
2026-09-16 13:41:10 [LOG] Reading 0x242e = 0
2026-09-16 13:41:10 [LOG] Request sent, transaction 449, function 0x03, 12 bytes
2026-09-16 13:41:10 [LOG] Response received, transaction 449, function 0x03, 4 bytes PDU
2026-09-16 13:41:10 [LOG] Reading 0x242f = 0
2026-09-16 13:41:10 [LOG] Request sent, transaction 450, function 0x03, 12 bytes
2026-09-16 13:41:10 [LOG] Response received, transaction 450, function 0x03, 4 bytes PDU
2026-09-16 13:41:10 [LOG] Reading 0x2430 = 0
2026-09-16 13:41:10 [LOG] Request sent, transaction 451, function 0x03, 12 bytes
2026-09-16 13:41:10 [LOG] Response received, transaction 451, function 0x03, 4 bytes PDU
2026-09-16 13:41:10 [LOG] Reading 0x2431 = 0
2026-09-16 13:41:10 [LOG] Request sent, transaction 452, function 0x03, 12 bytes
2026-09-16 13:41:10 [LOG] Response received, transaction 452, function 0x03, 4 bytes PDU
2026-09-16 13:41:10 [LOG] Reading 0x2432 = 0
2026-09-16 13:41:10 [LOG] Request sent, transaction 453, function 0x03, 12 bytes
2026-09-16 13:41:10 [LOG] Response received, transaction 453, function 0x03, 4 bytes PDU
2026-09-16 13:41:10 [LOG] Reading 0x2433 = 0
2026-09-16 13:41:10 [LOG] Request sent, transaction 454, function 0x03, 12 bytes
2026-09-16 13:41:10 [LOG] Response received, transaction 454, function 0x03, 4 bytes PDU
2026-09-16 13:41:10 [LOG] Reading 0x2434 = 0
2026-09-16 13:41:10 No connected clients to send
2026-09-16 13:41:30 [LOG] Request sent, transaction 455, function 0x03, 12 bytes
2026-09-16 13:41:30 [LOG] Response received, transaction 455, function 0x03, 4 bytes PDU
2026-09-16 13:41:30 [LOG] Reading 0x242c = 1
2026-09-16 13:41:30 [LOG] Request sent, transaction 456, function 0x03, 12 bytes
2026-09-16 13:41:30 [LOG] Response received, transaction 456, function 0x03, 4 bytes PDU
2026-09-16 13:41:30 [LOG] Reading 0x242d = 0
2026-09-16 13:41:30 [LOG] Request sent, transaction 457, function 0x03, 12 bytes
2026-09-16 13:41:30 [LOG] Response received, transaction 457, function 0x03, 4 bytes PDU
2026-09-16 13:41:30 [LOG] Reading 0x242e = 0
2026-09-16 13:41:30 [LOG] Request sent, transaction 458, function 0x03, 12 bytes
2026-09-16 13:41:30 [LOG] Response received, transaction 458, function 0x03, 4 bytes PDU
2026-09-16 13:41:30 [LOG] Reading 0x242f = 0
2026-09-16 13:41:30 [LOG] Request sent, transaction 459, function 0x03, 12 bytes
2026-09-16 13:41:30 [LOG] Response received, transaction 459, function 0x03, 4 bytes PDU
2026-09-16 13:41:30 [LOG] Reading 0x2430 = 0
2026-09-16 13:41:30 [LOG] Request sent, transaction 460, function 0x03, 12 bytes
2026-09-16 13:41:30 [LOG] Response received, transaction 460, function 0x03, 4 bytes PDU
2026-09-16 13:41:30 [LOG] Reading 0x2431 = 0
2026-09-16 13:41:30 [LOG] Request sent, transaction 461, function 0x03, 12 bytes
2026-09-16 13:41:30 [LOG] Response received, transaction 461, function 0x03, 4 bytes PDU
2026-09-16 13:41:30 [LOG] Reading 0x2432 = 0
2026-09-16 13:41:30 [LOG] Request sent, transaction 462, function 0x03, 12 bytes
2026-09-16 13:41:30 [LOG] Response received, transaction 462, function 0x03, 4 bytes PDU
2026-09-16 13:41:30 [LOG] Reading 0x2433 = 0
2026-09-16 13:41:30 [LOG] Request sent, transaction 463, function 0x03, 12 bytes
2026-09-16 13:41:30 [LOG] Response received, transaction 463, function 0x03, 4 bytes PDU
2026-09-16 13:41:30 [LOG] Reading 0x2434 = 0
2026-09-16 13:41:30 No connected clients to send
2026-09-16 13:41:50 [LOG] Request sent, transaction 464, function 0x03, 12 bytes
2026-09-16 13:41:50 [LOG] Response received, transaction 464, function 0x03, 4 bytes PDU
2026-09-16 13:41:50 [LOG] Reading 0x242c = 1
2026-09-16 13:41:50 [LOG] Request sent, transaction 465, function 0x03, 12 bytes
2026-09-16 13:41:50 [LOG] Response received, transaction 465, function 0x03, 4 bytes PDU
2026-09-16 13:41:50 [LOG] Reading 0x242d = 0
2026-09-16 13:41:50 [LOG] Request sent, transaction 466, function 0x03, 12 bytes
2026-09-16 13:41:50 [LOG] Response received, transaction 466, function 0x03, 4 bytes PDU
2026-09-16 13:41:50 [LOG] Reading 0x242e = 0
2026-09-16 13:41:50 [LOG] Request sent, transaction 467, function 0x03, 12 bytes
2026-09-16 13:41:50 [LOG] Response received, transaction 467, function 0x03, 4 bytes PDU
2026-09-16 13:41:50 [LOG] Reading 0x242f = 0
2026-09-16 13:41:50 [LOG] Request sent, transaction 468, function 0x03, 12 bytes
2026-09-16 13:41:50 [LOG] Response received, transaction 468, function 0x03, 4 bytes PDU
2026-09-16 13:41:50 [LOG] Reading 0x2430 = 0
2026-09-16 13:41:50 [LOG] Request sent, transaction 469, function 0x03, 12 bytes
2026-09-16 13:41:50 [LOG] Response received, transaction 469, function 0x03, 4 bytes PDU
2026-09-16 13:41:50 [LOG] Reading 0x2431 = 0
2026-09-16 13:41:50 [LOG] Request sent, transaction 470, function 0x03, 12 bytes
2026-09-16 13:41:50 [LOG] Response received, transaction 470, function 0x03, 4 bytes PDU
2026-09-16 13:41:50 [LOG] Reading 0x2432 = 0
2026-09-16 13:41:50 [LOG] Request sent, transaction 471, function 0x03, 12 bytes
2026-09-16 13:41:50 [LOG] Response received, transaction 471, function 0x03, 4 bytes PDU
2026-09-16 13:41:50 [LOG] Reading 0x2433 = 0
2026-09-16 13:41:50 [LOG] Request sent, transaction 472, function 0x03, 12 bytes
2026-09-16 13:41:50 [LOG] Response received, transaction 472, function 0x03, 4 bytes PDU
2026-09-16 13:41:50 [LOG] Reading 0x2434 = 0
2026-09-16 13:41:50 No connected clients to send
2026-09-16 13:42:10 [LOG] Request sent, transaction 473, function 0x03, 12 bytes
2026-09-16 13:42:10 [LOG] Response received, transaction 473, function 0x03, 4 bytes PDU
2026-09-16 13:42:10 [LOG] Reading 0x242c = 1
2026-09-16 13:42:10 [LOG] Request sent, transaction 474, function 0x03, 12 bytes
2026-09-16 13:42:10 [LOG] Response received, transaction 474, function 0x03, 4 bytes PDU
2026-09-16 13:42:10 [LOG] Reading 0x242d = 0
2026-09-16 13:42:10 [LOG] Request sent, transaction 475, function 0x03, 12 bytes
2026-09-16 13:42:10 [LOG] Response received, transaction 475, function 0x03, 4 bytes PDU
2026-09-16 13:42:10 [LOG] Reading 0x242e = 0
2026-09-16 13:42:10 [LOG] Request sent, transaction 476, function 0x03, 12 bytes
2026-09-16 13:42:10 [LOG] Response received, transaction 476, function 0x03, 4 bytes PDU
2026-09-16 13:42:10 [LOG] Reading 0x242f = 0
2026-09-16 13:42:10 [LOG] Request sent, transaction 477, function 0x03, 12 bytes
2026-09-16 13:42:10 [LOG] Response received, transaction 477, function 0x03, 4 bytes PDU
2026-09-16 13:42:10 [LOG] Reading 0x2430 = 0
2026-09-16 13:42:10 [LOG] Request sent, transaction 478, function 0x03, 12 bytes
2026-09-16 13:42:10 [LOG] Response received, transaction 478, function 0x03, 4 bytes PDU
2026-09-16 13:42:10 [LOG] Reading 0x2431 = 0
2026-09-16 13:42:10 [LOG] Request sent, transaction 479, function 0x03, 12 bytes
2026-09-16 13:42:10 [LOG] Response received, transaction 479, function 0x03, 4 bytes PDU
2026-09-16 13:42:10 [LOG] Reading 0x2432 = 0
2026-09-16 13:42:10 [LOG] Request sent, transaction 480, function 0x03, 12 bytes
2026-09-16 13:42:10 [LOG] Response received, transaction 480, function 0x03, 4 bytes PDU
2026-09-16 13:42:10 [LOG] Reading 0x2433 = 0
2026-09-16 13:42:10 [LOG] Request sent, transaction 481, function 0x03, 12 bytes
2026-09-16 13:42:10 [LOG] Response received, transaction 481, function 0x03, 4 bytes PDU
2026-09-16 13:42:10 [LOG] Reading 0x2434 = 0
2026-09-16 13:42:10 No connected clients to send
2026-09-16 13:42:30 [LOG] Request sent, transaction 482, function 0x03, 12 bytes
2026-09-16 13:42:30 [LOG] Response received, transaction 482, function 0x03, 4 bytes PDU
2026-09-16 13:42:30 [LOG] Reading 0x242c = 1
2026-09-16 13:42:30 [LOG] Request sent, transaction 483, function 0x03, 12 bytes
2026-09-16 13:42:30 [LOG] Response received, transaction 483, function 0x03, 4 bytes PDU
2026-09-16 13:42:30 [LOG] Reading 0x242d = 0
2026-09-16 13:42:30 [LOG] Request sent, transaction 484, function 0x03, 12 bytes
2026-09-16 13:42:30 [LOG] Response received, transaction 484, function 0x03, 4 bytes PDU
2026-09-16 13:42:30 [LOG] Reading 0x242e = 0
2026-09-16 13:42:30 [LOG] Request sent, transaction 485, function 0x03, 12 bytes
2026-09-16 13:42:30 [LOG] Response received, transaction 485, function 0x03, 4 bytes PDU
2026-09-16 13:42:30 [LOG] Reading 0x242f = 0
2026-09-16 13:42:30 [LOG] Request sent, transaction 486, function 0x03, 12 bytes
2026-09-16 13:42:30 [LOG] Response received, transaction 486, function 0x03, 4 bytes PDU
2026-09-16 13:42:30 [LOG] Reading 0x2430 = 0
2026-09-16 13:42:30 [LOG] Request sent, transaction 487, function 0x03, 12 bytes
2026-09-16 13:42:30 [LOG] Response received, transaction 487, function 0x03, 4 bytes PDU
2026-09-16 13:42:30 [LOG] Reading 0x2431 = 0
2026-09-16 13:42:30 [LOG] Request sent, transaction 488, function 0x03, 12 bytes
2026-09-16 13:42:30 [LOG] Response received, transaction 488, function 0x03, 4 bytes PDU
2026-09-16 13:42:30 [LOG] Reading 0x2432 = 0
2026-09-16 13:42:30 [LOG] Request sent, transaction 489, function 0x03, 12 bytes
2026-09-16 13:42:30 [LOG] Response received, transaction 489, function 0x03, 4 bytes PDU
2026-09-16 13:42:30 [LOG] Reading 0x2433 = 0
2026-09-16 13:42:30 [LOG] Request sent, transaction 490, function 0x03, 12 bytes
2026-09-16 13:42:30 [LOG] Response received, transaction 490, function 0x03, 4 bytes PDU
2026-09-16 13:42:30 [LOG] Reading 0x2434 = 0
2026-09-16 13:42:30 No connected clients to send
2026-09-16 13:42:50 [LOG] Request sent, transaction 491, function 0x03, 12 bytes
2026-09-16 13:42:50 [LOG] Response received, transaction 491, function 0x03, 4 bytes PDU
2026-09-16 13:42:50 [LOG] Reading 0x242c = 1
2026-09-16 13:42:50 [LOG] Request sent, transaction 492, function 0x03, 12 bytes
2026-09-16 13:42:50 [LOG] Response received, transaction 492, function 0x03, 4 bytes PDU
2026-09-16 13:42:50 [LOG] Reading 0x242d = 0
2026-09-16 13:42:50 [LOG] Request sent, transaction 493, function 0x03, 12 bytes
2026-09-16 13:42:50 [LOG] Response received, transaction 493, function 0x03, 4 bytes PDU
2026-09-16 13:42:50 [LOG] Reading 0x242e = 0
2026-09-16 13:42:50 [LOG] Request sent, transaction 494, function 0x03, 12 bytes
2026-09-16 13:42:50 [LOG] Response received, transaction 494, function 0x03, 4 bytes PDU
2026-09-16 13:42:50 [LOG] Reading 0x242f = 0
2026-09-16 13:42:50 [LOG] Request sent, transaction 495, function 0x03, 12 bytes
2026-09-16 13:42:50 [LOG] Response received, transaction 495, function 0x03, 4 bytes PDU
2026-09-16 13:42:50 [LOG] Reading 0x2430 = 0
2026-09-16 13:42:50 [LOG] Request sent, transaction 496, function 0x03, 12 bytes
2026-09-16 13:42:50 [LOG] Response received, transaction 496, function 0x03, 4 bytes PDU
2026-09-16 13:42:50 [LOG] Reading 0x2431 = 0
2026-09-16 13:42:50 [LOG] Request sent, transaction 497, function 0x03, 12 bytes
2026-09-16 13:42:50 [LOG] Response received, transaction 497, function 0x03, 4 bytes PDU
2026-09-16 13:42:50 [LOG] Reading 0x2432 = 0
2026-09-16 13:42:50 [LOG] Request sent, transaction 498, function 0x03, 12 bytes
2026-09-16 13:42:50 [LOG] Response received, transaction 498, function 0x03, 4 bytes PDU
2026-09-16 13:42:50 [LOG] Reading 0x2433 = 0
2026-09-16 13:42:50 [LOG] Request sent, transaction 499, function 0x03, 12 bytes
2026-09-16 13:42:50 [LOG] Response received, transaction 499, function 0x03, 4 bytes PDU
2026-09-16 13:42:50 [LOG] Reading 0x2434 = 0
2026-09-16 13:42:50 No connected clients to send
2026-09-16 13:43:10 [LOG] Request sent, transaction 500, function 0x03, 12 bytes
2026-09-16 13:43:10 [LOG] Response received, transaction 500, function 0x03, 4 bytes PDU
2026-09-16 13:43:10 [LOG] Reading 0x242c = 1
2026-09-16 13:43:10 [LOG] Request sent, transaction 501, function 0x03, 12 bytes
2026-09-16 13:43:10 [LOG] Response received, transaction 501, function 0x03, 4 bytes PDU
2026-09-16 13:43:10 [LOG] Reading 0x242d = 0
2026-09-16 13:43:10 [LOG] Request sent, transaction 502, function 0x03, 12 bytes
2026-09-16 13:43:10 [LOG] Response received, transaction 502, function 0x03, 4 bytes PDU
2026-09-16 13:43:10 [LOG] Reading 0x242e = 0
2026-09-16 13:43:10 [LOG] Request sent, transaction 503, function 0x03, 12 bytes
2026-09-16 13:43:10 [LOG] Response received, transaction 503, function 0x03, 4 bytes PDU
2026-09-16 13:43:10 [LOG] Reading 0x242f = 0
2026-09-16 13:43:10 [LOG] Request sent, transaction 504, function 0x03, 12 bytes
2026-09-16 13:43:10 [LOG] Response received, transaction 504, function 0x03, 4 bytes PDU
2026-09-16 13:43:10 [LOG] Reading 0x2430 = 0
2026-09-16 13:43:10 [LOG] Request sent, transaction 505, function 0x03, 12 bytes
2026-09-16 13:43:10 [LOG] Response received, transaction 505, function 0x03, 4 bytes PDU
2026-09-16 13:43:10 [LOG] Reading 0x2431 = 0
2026-09-16 13:43:10 [LOG] Request sent, transaction 506, function 0x03, 12 bytes
2026-09-16 13:43:10 [LOG] Response received, transaction 506, function 0x03, 4 bytes PDU
2026-09-16 13:43:10 [LOG] Reading 0x2432 = 0
2026-09-16 13:43:10 [LOG] Request sent, transaction 507, function 0x03, 12 bytes
2026-09-16 13:43:10 [LOG] Response received, transaction 507, function 0x03, 4 bytes PDU
2026-09-16 13:43:10 [LOG] Reading 0x2433 = 0
2026-09-16 13:43:10 [LOG] Request sent, transaction 508, function 0x03, 12 bytes
2026-09-16 13:43:10 [LOG] Response received, transaction 508, function 0x03, 4 bytes PDU
2026-09-16 13:43:10 [LOG] Reading 0x2434 = 0
2026-09-16 13:43:10 No connected clients to send
2026-09-16 13:43:30 [LOG] Request sent, transaction 509, function 0x03, 12 bytes
2026-09-16 13:43:30 [LOG] Response received, transaction 509, function 0x03, 4 bytes PDU
2026-09-16 13:43:30 [LOG] Reading 0x242c = 1
2026-09-16 13:43:30 [LOG] Request sent, transaction 510, function 0x03, 12 bytes
2026-09-16 13:43:30 [LOG] Response received, transaction 510, function 0x03, 4 bytes PDU
2026-09-16 13:43:30 [LOG] Reading 0x242d = 0
2026-09-16 13:43:30 [LOG] Request sent, transaction 511, function 0x03, 12 bytes
2026-09-16 13:43:30 [LOG] Response received, transaction 511, function 0x03, 4 bytes PDU
2026-09-16 13:43:30 [LOG] Reading 0x242e = 0
2026-09-16 13:43:30 [LOG] Request sent, transaction 512, function 0x03, 12 bytes
2026-09-16 13:43:30 [LOG] Response received, transaction 512, function 0x03, 4 bytes PDU
2026-09-16 13:43:30 [LOG] Reading 0x242f = 0
2026-09-16 13:43:30 [LOG] Request sent, transaction 513, function 0x03, 12 bytes
2026-09-16 13:43:30 [LOG] Response received, transaction 513, function 0x03, 4 bytes PDU
2026-09-16 13:43:30 [LOG] Reading 0x2430 = 0
2026-09-16 13:43:30 [LOG] Request sent, transaction 514, function 0x03, 12 bytes
2026-09-16 13:43:30 [LOG] Response received, transaction 514, function 0x03, 4 bytes PDU
2026-09-16 13:43:30 [LOG] Reading 0x2431 = 0
2026-09-16 13:43:30 [LOG] Request sent, transaction 515, function 0x03, 12 bytes
2026-09-16 13:43:30 [LOG] Response received, transaction 515, function 0x03, 4 bytes PDU
2026-09-16 13:43:30 [LOG] Reading 0x2432 = 0
2026-09-16 13:43:30 [LOG] Request sent, transaction 516, function 0x03, 12 bytes
2026-09-16 13:43:30 [LOG] Response received, transaction 516, function 0x03, 4 bytes PDU
2026-09-16 13:43:30 [LOG] Reading 0x2433 = 0
2026-09-16 13:43:30 [LOG] Request sent, transaction 517, function 0x03, 12 bytes
2026-09-16 13:43:30 [LOG] Response received, transaction 517, function 0x03, 4 bytes PDU
2026-09-16 13:43:30 [LOG] Reading 0x2434 = 0
2026-09-16 13:43:30 No connected clients to send
2026-09-16 13:43:50 [LOG] Request sent, transaction 518, function 0x03, 12 bytes
2026-09-16 13:43:50 [LOG] Response received, transaction 518, function 0x03, 4 bytes PDU
2026-09-16 13:43:50 [LOG] Reading 0x242c = 1
2026-09-16 13:43:50 [LOG] Request sent, transaction 519, function 0x03, 12 bytes
2026-09-16 13:43:50 [LOG] Response received, transaction 519, function 0x03, 4 bytes PDU
2026-09-16 13:43:50 [LOG] Reading 0x242d = 0
2026-09-16 13:43:50 [LOG] Request sent, transaction 520, function 0x03, 12 bytes
2026-09-16 13:43:50 [LOG] Response received, transaction 520, function 0x03, 4 bytes PDU
2026-09-16 13:43:50 [LOG] Reading 0x242e = 0
2026-09-16 13:43:50 [LOG] Request sent, transaction 521, function 0x03, 12 bytes
2026-09-16 13:43:50 [LOG] Response received, transaction 521, function 0x03, 4 bytes PDU
2026-09-16 13:43:50 [LOG] Reading 0x242f = 0
2026-09-16 13:43:50 [LOG] Request sent, transaction 522, function 0x03, 12 bytes
2026-09-16 13:43:50 [LOG] Response received, transaction 522, function 0x03, 4 bytes PDU
2026-09-16 13:43:50 [LOG] Reading 0x2430 = 0
2026-09-16 13:43:50 [LOG] Request sent, transaction 523, function 0x03, 12 bytes
2026-09-16 13:43:50 [LOG] Response received, transaction 523, function 0x03, 4 bytes PDU
2026-09-16 13:43:50 [LOG] Reading 0x2431 = 0
2026-09-16 13:43:50 [LOG] Request sent, transaction 524, function 0x03, 12 bytes
2026-09-16 13:43:50 [LOG] Response received, transaction 524, function 0x03, 4 bytes PDU
2026-09-16 13:43:50 [LOG] Reading 0x2432 = 0
2026-09-16 13:43:50 [LOG] Request sent, transaction 525, function 0x03, 12 bytes
2026-09-16 13:43:50 [LOG] Response received, transaction 525, function 0x03, 4 bytes PDU
2026-09-16 13:43:50 [LOG] Reading 0x2433 = 0
2026-09-16 13:43:50 [LOG] Request sent, transaction 526, function 0x03, 12 bytes
2026-09-16 13:43:50 [LOG] Response received, transaction 526, function 0x03, 4 bytes PDU
2026-09-16 13:43:50 [LOG] Reading 0x2434 = 0
2026-09-16 13:43:50 No connected clients to send
2026-09-16 13:44:10 [LOG] Request sent, transaction 527, function 0x03, 12 bytes
2026-09-16 13:44:10 [LOG] Response received, transaction 527, function 0x03, 4 bytes PDU
2026-09-16 13:44:10 [LOG] Reading 0x242c = 1
2026-09-16 13:44:10 [LOG] Request sent, transaction 528, function 0x03, 12 bytes
2026-09-16 13:44:10 [LOG] Response received, transaction 528, function 0x03, 4 bytes PDU
2026-09-16 13:44:10 [LOG] Reading 0x242d = 0
2026-09-16 13:44:10 [LOG] Request sent, transaction 529, function 0x03, 12 bytes
2026-09-16 13:44:10 [LOG] Response received, transaction 529, function 0x03, 4 bytes PDU
2026-09-16 13:44:10 [LOG] Reading 0x242e = 0
2026-09-16 13:44:10 [LOG] Request sent, transaction 530, function 0x03, 12 bytes
2026-09-16 13:44:10 [LOG] Response received, transaction 530, function 0x03, 4 bytes PDU
2026-09-16 13:44:10 [LOG] Reading 0x242f = 0
2026-09-16 13:44:10 [LOG] Request sent, transaction 531, function 0x03, 12 bytes
2026-09-16 13:44:10 [LOG] Response received, transaction 531, function 0x03, 4 bytes PDU
2026-09-16 13:44:10 [LOG] Reading 0x2430 = 0
2026-09-16 13:44:10 [LOG] Request sent, transaction 532, function 0x03, 12 bytes
2026-09-16 13:44:10 [LOG] Response received, transaction 532, function 0x03, 4 bytes PDU
2026-09-16 13:44:10 [LOG] Reading 0x2431 = 0
2026-09-16 13:44:10 [LOG] Request sent, transaction 533, function 0x03, 12 bytes
2026-09-16 13:44:10 [LOG] Response received, transaction 533, function 0x03, 4 bytes PDU
2026-09-16 13:44:10 [LOG] Reading 0x2432 = 0
2026-09-16 13:44:10 [LOG] Request sent, transaction 534, function 0x03, 12 bytes
2026-09-16 13:44:10 [LOG] Response received, transaction 534, function 0x03, 4 bytes PDU
2026-09-16 13:44:10 [LOG] Reading 0x2433 = 0
2026-09-16 13:44:10 [LOG] Request sent, transaction 535, function 0x03, 12 bytes
2026-09-16 13:44:10 [LOG] Response received, transaction 535, function 0x03, 4 bytes PDU
2026-09-16 13:44:10 [LOG] Reading 0x2434 = 0
2026-09-16 13:44:10 No connected clients to send
2026-09-16 13:44:30 [LOG] Request sent, transaction 536, function 0x03, 12 bytes
2026-09-16 13:44:30 [LOG] Response received, transaction 536, function 0x03, 4 bytes PDU
2026-09-16 13:44:30 [LOG] Reading 0x242c = 1
2026-09-16 13:44:30 [LOG] Request sent, transaction 537, function 0x03, 12 bytes
2026-09-16 13:44:30 [LOG] Response received, transaction 537, function 0x03, 4 bytes PDU
2026-09-16 13:44:30 [LOG] Reading 0x242d = 0
2026-09-16 13:44:30 [LOG] Request sent, transaction 538, function 0x03, 12 bytes
2026-09-16 13:44:30 [LOG] Response received, transaction 538, function 0x03, 4 bytes PDU
2026-09-16 13:44:30 [LOG] Reading 0x242e = 0
2026-09-16 13:44:30 [LOG] Request sent, transaction 539, function 0x03, 12 bytes
2026-09-16 13:44:30 [LOG] Response received, transaction 539, function 0x03, 4 bytes PDU
2026-09-16 13:44:30 [LOG] Reading 0x242f = 0
2026-09-16 13:44:30 [LOG] Request sent, transaction 540, function 0x03, 12 bytes
2026-09-16 13:44:30 [LOG] Response received, transaction 540, function 0x03, 4 bytes PDU
2026-09-16 13:44:30 [LOG] Reading 0x2430 = 0
2026-09-16 13:44:30 [LOG] Request sent, transaction 541, function 0x03, 12 bytes
2026-09-16 13:44:30 [LOG] Response received, transaction 541, function 0x03, 4 bytes PDU
2026-09-16 13:44:30 [LOG] Reading 0x2431 = 0
2026-09-16 13:44:30 [LOG] Request sent, transaction 542, function 0x03, 12 bytes
2026-09-16 13:44:30 [LOG] Response received, transaction 542, function 0x03, 4 bytes PDU
2026-09-16 13:44:30 [LOG] Reading 0x2432 = 0
2026-09-16 13:44:30 [LOG] Request sent, transaction 543, function 0x03, 12 bytes
2026-09-16 13:44:30 [LOG] Response received, transaction 543, function 0x03, 4 bytes PDU
2026-09-16 13:44:30 [LOG] Reading 0x2433 = 0
2026-09-16 13:44:30 [LOG] Request sent, transaction 544, function 0x03, 12 bytes
2026-09-16 13:44:30 [LOG] Response received, transaction 544, function 0x03, 4 bytes PDU
2026-09-16 13:44:30 [LOG] Reading 0x2434 = 0
2026-09-16 13:44:30 No connected clients to send
2026-09-16 13:44:50 [LOG] Request sent, transaction 545, function 0x03, 12 bytes
2026-09-16 13:44:50 [LOG] Response received, transaction 545, function 0x03, 4 bytes PDU
2026-09-16 13:44:50 [LOG] Reading 0x242c = 1
2026-09-16 13:44:50 [LOG] Request sent, transaction 546, function 0x03, 12 bytes
2026-09-16 13:44:50 [LOG] Response received, transaction 546, function 0x03, 4 bytes PDU
2026-09-16 13:44:50 [LOG] Reading 0x242d = 0
2026-09-16 13:44:50 [LOG] Request sent, transaction 547, function 0x03, 12 bytes
2026-09-16 13:44:50 [LOG] Response received, transaction 547, function 0x03, 4 bytes PDU
2026-09-16 13:44:50 [LOG] Reading 0x242e = 0
2026-09-16 13:44:50 [LOG] Request sent, transaction 548, function 0x03, 12 bytes
2026-09-16 13:44:50 [LOG] Response received, transaction 548, function 0x03, 4 bytes PDU
2026-09-16 13:44:50 [LOG] Reading 0x242f = 0
2026-09-16 13:44:50 [LOG] Request sent, transaction 549, function 0x03, 12 bytes
2026-09-16 13:44:50 [LOG] Response received, transaction 549, function 0x03, 4 bytes PDU
2026-09-16 13:44:50 [LOG] Reading 0x2430 = 0
2026-09-16 13:44:50 [LOG] Request sent, transaction 550, function 0x03, 12 bytes
2026-09-16 13:44:50 [LOG] Response received, transaction 550, function 0x03, 4 bytes PDU
2026-09-16 13:44:50 [LOG] Reading 0x2431 = 0
2026-09-16 13:44:50 [LOG] Request sent, transaction 551, function 0x03, 12 bytes
2026-09-16 13:44:50 [LOG] Response received, transaction 551, function 0x03, 4 bytes PDU
2026-09-16 13:44:50 [LOG] Reading 0x2432 = 0
2026-09-16 13:44:50 [LOG] Request sent, transaction 552, function 0x03, 12 bytes
2026-09-16 13:44:50 [LOG] Response received, transaction 552, function 0x03, 4 bytes PDU
2026-09-16 13:44:50 [LOG] Reading 0x2433 = 0
2026-09-16 13:44:50 [LOG] Request sent, transaction 553, function 0x03, 12 bytes
2026-09-16 13:44:50 [LOG] Response received, transaction 553, function 0x03, 4 bytes PDU
2026-09-16 13:44:50 [LOG] Reading 0x2434 = 0
2026-09-16 13:44:50 No connected clients to send
2026-09-16 13:45:10 [LOG] Request sent, transaction 554, function 0x03, 12 bytes
2026-09-16 13:45:10 [LOG] Response received, transaction 554, function 0x03, 4 bytes PDU
2026-09-16 13:45:10 [LOG] Reading 0x242c = 1
2026-09-16 13:45:10 [LOG] Request sent, transaction 555, function 0x03, 12 bytes
2026-09-16 13:45:10 [LOG] Response received, transaction 555, function 0x03, 4 bytes PDU
2026-09-16 13:45:10 [LOG] Reading 0x242d = 0
2026-09-16 13:45:10 [LOG] Request sent, transaction 556, function 0x03, 12 bytes
2026-09-16 13:45:10 [LOG] Response received, transaction 556, function 0x03, 4 bytes PDU
2026-09-16 13:45:10 [LOG] Reading 0x242e = 0
2026-09-16 13:45:10 [LOG] Request sent, transaction 557, function 0x03, 12 bytes
2026-09-16 13:45:10 [LOG] Response received, transaction 557, function 0x03, 4 bytes PDU
2026-09-16 13:45:10 [LOG] Reading 0x242f = 0
2026-09-16 13:45:10 [LOG] Request sent, transaction 558, function 0x03, 12 bytes
2026-09-16 13:45:10 [LOG] Response received, transaction 558, function 0x03, 4 bytes PDU
2026-09-16 13:45:10 [LOG] Reading 0x2430 = 0
2026-09-16 13:45:10 [LOG] Request sent, transaction 559, function 0x03, 12 bytes
2026-09-16 13:45:10 [LOG] Response received, transaction 559, function 0x03, 4 bytes PDU
2026-09-16 13:45:10 [LOG] Reading 0x2431 = 0
2026-09-16 13:45:10 [LOG] Request sent, transaction 560, function 0x03, 12 bytes
2026-09-16 13:45:10 [LOG] Response received, transaction 560, function 0x03, 4 bytes PDU
2026-09-16 13:45:10 [LOG] Reading 0x2432 = 0
2026-09-16 13:45:10 [LOG] Request sent, transaction 561, function 0x03, 12 bytes
2026-09-16 13:45:10 [LOG] Response received, transaction 561, function 0x03, 4 bytes PDU
2026-09-16 13:45:10 [LOG] Reading 0x2433 = 0
2026-09-16 13:45:10 [LOG] Request sent, transaction 562, function 0x03, 12 bytes
2026-09-16 13:45:10 [LOG] Response received, transaction 562, function 0x03, 4 bytes PDU
2026-09-16 13:45:10 [LOG] Reading 0x2434 = 0
2026-09-16 13:45:10 No connected clients to send
2026-09-16 13:45:30 [LOG] Request sent, transaction 563, function 0x03, 12 bytes
2026-09-16 13:45:30 [LOG] Response received, transaction 563, function 0x03, 4 bytes PDU
2026-09-16 13:45:30 [LOG] Reading 0x242c = 1
2026-09-16 13:45:30 [LOG] Request sent, transaction 564, function 0x03, 12 bytes
2026-09-16 13:45:30 [LOG] Response received, transaction 564, function 0x03, 4 bytes PDU
2026-09-16 13:45:30 [LOG] Reading 0x242d = 0
2026-09-16 13:45:30 [LOG] Request sent, transaction 565, function 0x03, 12 bytes
2026-09-16 13:45:30 [LOG] Response received, transaction 565, function 0x03, 4 bytes PDU
2026-09-16 13:45:30 [LOG] Reading 0x242e = 0
2026-09-16 13:45:30 [LOG] Request sent, transaction 566, function 0x03, 12 bytes
2026-09-16 13:45:30 [LOG] Response received, transaction 566, function 0x03, 4 bytes PDU
2026-09-16 13:45:30 [LOG] Reading 0x242f = 0
2026-09-16 13:45:30 [LOG] Request sent, transaction 567, function 0x03, 12 bytes
2026-09-16 13:45:30 [LOG] Response received, transaction 567, function 0x03, 4 bytes PDU
2026-09-16 13:45:30 [LOG] Reading 0x2430 = 0
2026-09-16 13:45:30 [LOG] Request sent, transaction 568, function 0x03, 12 bytes
2026-09-16 13:45:30 [LOG] Response received, transaction 568, function 0x03, 4 bytes PDU
2026-09-16 13:45:30 [LOG] Reading 0x2431 = 0
2026-09-16 13:45:30 [LOG] Request sent, transaction 569, function 0x03, 12 bytes
2026-09-16 13:45:30 [LOG] Response received, transaction 569, function 0x03, 4 bytes PDU
2026-09-16 13:45:30 [LOG] Reading 0x2432 = 0
2026-09-16 13:45:30 [LOG] Request sent, transaction 570, function 0x03, 12 bytes
2026-09-16 13:45:30 [LOG] Response received, transaction 570, function 0x03, 4 bytes PDU
2026-09-16 13:45:30 [LOG] Reading 0x2433 = 0
2026-09-16 13:45:30 [LOG] Request sent, transaction 571, function 0x03, 12 bytes
2026-09-16 13:45:30 [LOG] Response received, transaction 571, function 0x03, 4 bytes PDU
2026-09-16 13:45:30 [LOG] Reading 0x2434 = 0
2026-09-16 13:45:30 No connected clients to send
2026-09-16 13:45:50 [LOG] Request sent, transaction 572, function 0x03, 12 bytes
2026-09-16 13:45:50 [LOG] Response received, transaction 572, function 0x03, 4 bytes PDU
2026-09-16 13:45:50 [LOG] Reading 0x242c = 1
2026-09-16 13:45:50 [LOG] Request sent, transaction 573, function 0x03, 12 bytes
2026-09-16 13:45:50 [LOG] Response received, transaction 573, function 0x03, 4 bytes PDU
2026-09-16 13:45:50 [LOG] Reading 0x242d = 0
2026-09-16 13:45:50 [LOG] Request sent, transaction 574, function 0x03, 12 bytes
2026-09-16 13:45:50 [LOG] Response received, transaction 574, function 0x03, 4 bytes PDU
2026-09-16 13:45:50 [LOG] Reading 0x242e = 0
2026-09-16 13:45:50 [LOG] Request sent, transaction 575, function 0x03, 12 bytes
2026-09-16 13:45:50 [LOG] Response received, transaction 575, function 0x03, 4 bytes PDU
2026-09-16 13:45:50 [LOG] Reading 0x242f = 0
2026-09-16 13:45:50 [LOG] Request sent, transaction 576, function 0x03, 12 bytes
2026-09-16 13:45:50 [LOG] Response received, transaction 576, function 0x03, 4 bytes PDU
2026-09-16 13:45:50 [LOG] Reading 0x2430 = 0
2026-09-16 13:45:50 [LOG] Request sent, transaction 577, function 0x03, 12 bytes
2026-09-16 13:45:50 [LOG] Response received, transaction 577, function 0x03, 4 bytes PDU
2026-09-16 13:45:50 [LOG] Reading 0x2431 = 0
2026-09-16 13:45:50 [LOG] Request sent, transaction 578, function 0x03, 12 bytes
2026-09-16 13:45:50 [LOG] Response received, transaction 578, function 0x03, 4 bytes PDU
2026-09-16 13:45:50 [LOG] Reading 0x2432 = 0
2026-09-16 13:45:50 [LOG] Request sent, transaction 579, function 0x03, 12 bytes
2026-09-16 13:45:50 [LOG] Response received, transaction 579, function 0x03, 4 bytes PDU
2026-09-16 13:45:50 [LOG] Reading 0x2433 = 0
2026-09-16 13:45:50 [LOG] Request sent, transaction 580, function 0x03, 12 bytes
2026-09-16 13:45:50 [LOG] Response received, transaction 580, function 0x03, 4 bytes PDU
2026-09-16 13:45:50 [LOG] Reading 0x2434 = 0
2026-09-16 13:45:50 No connected clients to send
2026-09-16 13:46:10 [LOG] Request sent, transaction 581, function 0x03, 12 bytes
2026-09-16 13:46:10 [LOG] Response received, transaction 581, function 0x03, 4 bytes PDU
2026-09-16 13:46:10 [LOG] Reading 0x242c = 1
2026-09-16 13:46:10 [LOG] Request sent, transaction 582, function 0x03, 12 bytes
2026-09-16 13:46:10 [LOG] Response received, transaction 582, function 0x03, 4 bytes PDU
2026-09-16 13:46:10 [LOG] Reading 0x242d = 0
2026-09-16 13:46:10 [LOG] Request sent, transaction 583, function 0x03, 12 bytes
2026-09-16 13:46:10 [LOG] Response received, transaction 583, function 0x03, 4 bytes PDU
2026-09-16 13:46:10 [LOG] Reading 0x242e = 0
2026-09-16 13:46:10 [LOG] Request sent, transaction 584, function 0x03, 12 bytes
2026-09-16 13:46:10 [LOG] Response received, transaction 584, function 0x03, 4 bytes PDU
2026-09-16 13:46:10 [LOG] Reading 0x242f = 0
2026-09-16 13:46:10 [LOG] Request sent, transaction 585, function 0x03, 12 bytes
2026-09-16 13:46:10 [LOG] Response received, transaction 585, function 0x03, 4 bytes PDU
2026-09-16 13:46:10 [LOG] Reading 0x2430 = 0
2026-09-16 13:46:10 [LOG] Request sent, transaction 586, function 0x03, 12 bytes
2026-09-16 13:46:10 [LOG] Response received, transaction 586, function 0x03, 4 bytes PDU
2026-09-16 13:46:10 [LOG] Reading 0x2431 = 0
2026-09-16 13:46:10 [LOG] Request sent, transaction 587, function 0x03, 12 bytes
2026-09-16 13:46:10 [LOG] Response received, transaction 587, function 0x03, 4 bytes PDU
2026-09-16 13:46:10 [LOG] Reading 0x2432 = 0
2026-09-16 13:46:10 [LOG] Request sent, transaction 588, function 0x03, 12 bytes
2026-09-16 13:46:10 [LOG] Response received, transaction 588, function 0x03, 4 bytes PDU
2026-09-16 13:46:10 [LOG] Reading 0x2433 = 0
2026-09-16 13:46:10 [LOG] Request sent, transaction 589, function 0x03, 12 bytes
2026-09-16 13:46:10 [LOG] Response received, transaction 589, function 0x03, 4 bytes PDU
2026-09-16 13:46:10 [LOG] Reading 0x2434 = 0
2026-09-16 13:46:10 No connected clients to send
2026-09-16 13:46:30 [LOG] Request sent, transaction 590, function 0x03, 12 bytes
2026-09-16 13:46:30 [LOG] Response received, transaction 590, function 0x03, 4 bytes PDU
2026-09-16 13:46:30 [LOG] Reading 0x242c = 1
2026-09-16 13:46:30 [LOG] Request sent, transaction 591, function 0x03, 12 bytes
2026-09-16 13:46:30 [LOG] Response received, transaction 591, function 0x03, 4 bytes PDU
2026-09-16 13:46:30 [LOG] Reading 0x242d = 0
2026-09-16 13:46:30 [LOG] Request sent, transaction 592, function 0x03, 12 bytes
2026-09-16 13:46:30 [LOG] Response received, transaction 592, function 0x03, 4 bytes PDU
2026-09-16 13:46:30 [LOG] Reading 0x242e = 0
2026-09-16 13:46:30 [LOG] Request sent, transaction 593, function 0x03, 12 bytes
2026-09-16 13:46:30 [LOG] Response received, transaction 593, function 0x03, 4 bytes PDU
2026-09-16 13:46:30 [LOG] Reading 0x242f = 0
2026-09-16 13:46:30 [LOG] Request sent, transaction 594, function 0x03, 12 bytes
2026-09-16 13:46:30 [LOG] Response received, transaction 594, function 0x03, 4 bytes PDU
2026-09-16 13:46:30 [LOG] Reading 0x2430 = 0
2026-09-16 13:46:30 [LOG] Request sent, transaction 595, function 0x03, 12 bytes
2026-09-16 13:46:30 [LOG] Response received, transaction 595, function 0x03, 4 bytes PDU
2026-09-16 13:46:30 [LOG] Reading 0x2431 = 0
2026-09-16 13:46:30 [LOG] Request sent, transaction 596, function 0x03, 12 bytes
2026-09-16 13:46:30 [LOG] Response received, transaction 596, function 0x03, 4 bytes PDU
2026-09-16 13:46:30 [LOG] Reading 0x2432 = 0
2026-09-16 13:46:30 [LOG] Request sent, transaction 597, function 0x03, 12 bytes
2026-09-16 13:46:30 [LOG] Response received, transaction 597, function 0x03, 4 bytes PDU
2026-09-16 13:46:30 [LOG] Reading 0x2433 = 0
2026-09-16 13:46:30 [LOG] Request sent, transaction 598, function 0x03, 12 bytes
2026-09-16 13:46:30 [LOG] Response received, transaction 598, function 0x03, 4 bytes PDU
2026-09-16 13:46:30 [LOG] Reading 0x2434 = 0
2026-09-16 13:46:30 No connected clients to send
2026-09-16 13:46:50 [LOG] Request sent, transaction 599, function 0x03, 12 bytes
2026-09-16 13:46:50 [LOG] Response received, transaction 599, function 0x03, 4 bytes PDU
2026-09-16 13:46:50 [LOG] Reading 0x242c = 1
2026-09-16 13:46:50 [LOG] Request sent, transaction 600, function 0x03, 12 bytes
2026-09-16 13:46:50 [LOG] Response received, transaction 600, function 0x03, 4 bytes PDU
2026-09-16 13:46:50 [LOG] Reading 0x242d = 0
2026-09-16 13:46:50 [LOG] Request sent, transaction 601, function 0x03, 12 bytes
2026-09-16 13:46:50 [LOG] Response received, transaction 601, function 0x03, 4 bytes PDU
2026-09-16 13:46:50 [LOG] Reading 0x242e = 0
2026-09-16 13:46:50 [LOG] Request sent, transaction 602, function 0x03, 12 bytes
2026-09-16 13:46:50 [LOG] Response received, transaction 602, function 0x03, 4 bytes PDU
2026-09-16 13:46:50 [LOG] Reading 0x242f = 0
2026-09-16 13:46:50 [LOG] Request sent, transaction 603, function 0x03, 12 bytes
2026-09-16 13:46:50 [LOG] Response received, transaction 603, function 0x03, 4 bytes PDU
2026-09-16 13:46:50 [LOG] Reading 0x2430 = 0
2026-09-16 13:46:50 [LOG] Request sent, transaction 604, function 0x03, 12 bytes
2026-09-16 13:46:50 [LOG] Response received, transaction 604, function 0x03, 4 bytes PDU
2026-09-16 13:46:50 [LOG] Reading 0x2431 = 0
2026-09-16 13:46:50 [LOG] Request sent, transaction 605, function 0x03, 12 bytes
2026-09-16 13:46:50 [LOG] Response received, transaction 605, function 0x03, 4 bytes PDU
2026-09-16 13:46:50 [LOG] Reading 0x2432 = 0
2026-09-16 13:46:50 [LOG] Request sent, transaction 606, function 0x03, 12 bytes
2026-09-16 13:46:50 [LOG] Response received, transaction 606, function 0x03, 4 bytes PDU
2026-09-16 13:46:50 [LOG] Reading 0x2433 = 0
2026-09-16 13:46:50 [LOG] Request sent, transaction 607, function 0x03, 12 bytes
2026-09-16 13:46:50 [LOG] Response received, transaction 607, function 0x03, 4 bytes PDU
2026-09-16 13:46:50 [LOG] Reading 0x2434 = 0
2026-09-16 13:46:50 No connected clients to send
2026-09-16 13:47:10 [LOG] Request sent, transaction 608, function 0x03, 12 bytes
2026-09-16 13:47:10 [LOG] Response received, transaction 608, function 0x03, 4 bytes PDU
2026-09-16 13:47:10 [LOG] Reading 0x242c = 1
2026-09-16 13:47:10 [LOG] Request sent, transaction 609, function 0x03, 12 bytes
2026-09-16 13:47:10 [LOG] Response received, transaction 609, function 0x03, 4 bytes PDU
2026-09-16 13:47:10 [LOG] Reading 0x242d = 0
2026-09-16 13:47:10 [LOG] Request sent, transaction 610, function 0x03, 12 bytes
2026-09-16 13:47:10 [LOG] Response received, transaction 610, function 0x03, 4 bytes PDU
2026-09-16 13:47:10 [LOG] Reading 0x242e = 0
2026-09-16 13:47:10 [LOG] Request sent, transaction 611, function 0x03, 12 bytes
2026-09-16 13:47:10 [LOG] Response received, transaction 611, function 0x03, 4 bytes PDU
2026-09-16 13:47:10 [LOG] Reading 0x242f = 0
2026-09-16 13:47:10 [LOG] Request sent, transaction 612, function 0x03, 12 bytes
2026-09-16 13:47:10 [LOG] Response received, transaction 612, function 0x03, 4 bytes PDU
2026-09-16 13:47:10 [LOG] Reading 0x2430 = 0
2026-09-16 13:47:10 [LOG] Request sent, transaction 613, function 0x03, 12 bytes
2026-09-16 13:47:10 [LOG] Response received, transaction 613, function 0x03, 4 bytes PDU
2026-09-16 13:47:10 [LOG] Reading 0x2431 = 0
2026-09-16 13:47:10 [LOG] Request sent, transaction 614, function 0x03, 12 bytes
2026-09-16 13:47:10 [LOG] Response received, transaction 614, function 0x03, 4 bytes PDU
2026-09-16 13:47:10 [LOG] Reading 0x2432 = 0
2026-09-16 13:47:10 [LOG] Request sent, transaction 615, function 0x03, 12 bytes
2026-09-16 13:47:10 [LOG] Response received, transaction 615, function 0x03, 4 bytes PDU
2026-09-16 13:47:10 [LOG] Reading 0x2433 = 0
2026-09-16 13:47:10 [LOG] Request sent, transaction 616, function 0x03, 12 bytes
2026-09-16 13:47:10 [LOG] Response received, transaction 616, function 0x03, 4 bytes PDU
2026-09-16 13:47:10 [LOG] Reading 0x2434 = 0
2026-09-16 13:47:10 No connected clients to send
2026-09-16 13:47:30 [LOG] Request sent, transaction 617, function 0x03, 12 bytes
2026-09-16 13:47:30 [LOG] Response received, transaction 617, function 0x03, 4 bytes PDU
2026-09-16 13:47:30 [LOG] Reading 0x242c = 1
2026-09-16 13:47:30 [LOG] Request sent, transaction 618, function 0x03, 12 bytes
2026-09-16 13:47:30 [LOG] Response received, transaction 618, function 0x03, 4 bytes PDU
2026-09-16 13:47:30 [LOG] Reading 0x242d = 0
2026-09-16 13:47:30 [LOG] Request sent, transaction 619, function 0x03, 12 bytes
2026-09-16 13:47:30 [LOG] Response received, transaction 619, function 0x03, 4 bytes PDU
2026-09-16 13:47:30 [LOG] Reading 0x242e = 0
2026-09-16 13:47:30 [LOG] Request sent, transaction 620, function 0x03, 12 bytes
2026-09-16 13:47:30 [LOG] Response received, transaction 620, function 0x03, 4 bytes PDU
2026-09-16 13:47:30 [LOG] Reading 0x242f = 0
2026-09-16 13:47:30 [LOG] Request sent, transaction 621, function 0x03, 12 bytes
2026-09-16 13:47:30 [LOG] Response received, transaction 621, function 0x03, 4 bytes PDU
2026-09-16 13:47:30 [LOG] Reading 0x2430 = 0
2026-09-16 13:47:30 [LOG] Request sent, transaction 622, function 0x03, 12 bytes
2026-09-16 13:47:30 [LOG] Response received, transaction 622, function 0x03, 4 bytes PDU
2026-09-16 13:47:30 [LOG] Reading 0x2431 = 0
2026-09-16 13:47:30 [LOG] Request sent, transaction 623, function 0x03, 12 bytes
2026-09-16 13:47:30 [LOG] Response received, transaction 623, function 0x03, 4 bytes PDU
2026-09-16 13:47:30 [LOG] Reading 0x2432 = 0
2026-09-16 13:47:30 [LOG] Request sent, transaction 624, function 0x03, 12 bytes
2026-09-16 13:47:30 [LOG] Response received, transaction 624, function 0x03, 4 bytes PDU
2026-09-16 13:47:30 [LOG] Reading 0x2433 = 0
2026-09-16 13:47:30 [LOG] Request sent, transaction 625, function 0x03, 12 bytes
2026-09-16 13:47:30 [LOG] Response received, transaction 625, function 0x03, 4 bytes PDU
2026-09-16 13:47:30 [LOG] Reading 0x2434 = 0
2026-09-16 13:47:30 No connected clients to send
2026-09-16 13:47:50 [LOG] Request sent, transaction 626, function 0x03, 12 bytes
2026-09-16 13:47:50 [LOG] Response received, transaction 626, function 0x03, 4 bytes PDU
2026-09-16 13:47:50 [LOG] Reading 0x242c = 1
2026-09-16 13:47:50 [LOG] Request sent, transaction 627, function 0x03, 12 bytes
2026-09-16 13:47:50 [LOG] Response received, transaction 627, function 0x03, 4 bytes PDU
2026-09-16 13:47:50 [LOG] Reading 0x242d = 0
2026-09-16 13:47:50 [LOG] Request sent, transaction 628, function 0x03, 12 bytes
2026-09-16 13:47:50 [LOG] Response received, transaction 628, function 0x03, 4 bytes PDU
2026-09-16 13:47:50 [LOG] Reading 0x242e = 0
2026-09-16 13:47:50 [LOG] Request sent, transaction 629, function 0x03, 12 bytes
2026-09-16 13:47:50 [LOG] Response received, transaction 629, function 0x03, 4 bytes PDU
2026-09-16 13:47:50 [LOG] Reading 0x242f = 0
2026-09-16 13:47:50 [LOG] Request sent, transaction 630, function 0x03, 12 bytes
2026-09-16 13:47:50 [LOG] Response received, transaction 630, function 0x03, 4 bytes PDU
2026-09-16 13:47:50 [LOG] Reading 0x2430 = 0
2026-09-16 13:47:50 [LOG] Request sent, transaction 631, function 0x03, 12 bytes
2026-09-16 13:47:50 [LOG] Response received, transaction 631, function 0x03, 4 bytes PDU
2026-09-16 13:47:50 [LOG] Reading 0x2431 = 0
2026-09-16 13:47:50 [LOG] Request sent, transaction 632, function 0x03, 12 bytes
2026-09-16 13:47:50 [LOG] Response received, transaction 632, function 0x03, 4 bytes PDU
2026-09-16 13:47:50 [LOG] Reading 0x2432 = 0
2026-09-16 13:47:50 [LOG] Request sent, transaction 633, function 0x03, 12 bytes
2026-09-16 13:47:50 [LOG] Response received, transaction 633, function 0x03, 4 bytes PDU
2026-09-16 13:47:50 [LOG] Reading 0x2433 = 0
2026-09-16 13:47:50 [LOG] Request sent, transaction 634, function 0x03, 12 bytes
2026-09-16 13:47:50 [LOG] Response received, transaction 634, function 0x03, 4 bytes PDU
2026-09-16 13:47:50 [LOG] Reading 0x2434 = 0
2026-09-16 13:47:50 No connected clients to send
2026-09-16 13:48:10 [LOG] Request sent, transaction 635, function 0x03, 12 bytes
2026-09-16 13:48:10 [LOG] Response received, transaction 635, function 0x03, 4 bytes PDU
2026-09-16 13:48:10 [LOG] Reading 0x242c = 1
2026-09-16 13:48:10 [LOG] Request sent, transaction 636, function 0x03, 12 bytes
2026-09-16 13:48:10 [LOG] Response received, transaction 636, function 0x03, 4 bytes PDU
2026-09-16 13:48:10 [LOG] Reading 0x242d = 0
2026-09-16 13:48:10 [LOG] Request sent, transaction 637, function 0x03, 12 bytes
2026-09-16 13:48:10 [LOG] Response received, transaction 637, function 0x03, 4 bytes PDU
2026-09-16 13:48:10 [LOG] Reading 0x242e = 0
2026-09-16 13:48:10 [LOG] Request sent, transaction 638, function 0x03, 12 bytes
2026-09-16 13:48:10 [LOG] Response received, transaction 638, function 0x03, 4 bytes PDU
2026-09-16 13:48:10 [LOG] Reading 0x242f = 0
2026-09-16 13:48:10 [LOG] Request sent, transaction 639, function 0x03, 12 bytes
2026-09-16 13:48:10 [LOG] Response received, transaction 639, function 0x03, 4 bytes PDU
2026-09-16 13:48:10 [LOG] Reading 0x2430 = 0
2026-09-16 13:48:10 [LOG] Request sent, transaction 640, function 0x03, 12 bytes
2026-09-16 13:48:10 [LOG] Response received, transaction 640, function 0x03, 4 bytes PDU
2026-09-16 13:48:10 [LOG] Reading 0x2431 = 0
2026-09-16 13:48:10 [LOG] Request sent, transaction 641, function 0x03, 12 bytes
2026-09-16 13:48:10 [LOG] Response received, transaction 641, function 0x03, 4 bytes PDU
2026-09-16 13:48:10 [LOG] Reading 0x2432 = 0
2026-09-16 13:48:10 [LOG] Request sent, transaction 642, function 0x03, 12 bytes
2026-09-16 13:48:10 [LOG] Response received, transaction 642, function 0x03, 4 bytes PDU
2026-09-16 13:48:10 [LOG] Reading 0x2433 = 0
2026-09-16 13:48:10 [LOG] Request sent, transaction 643, function 0x03, 12 bytes
2026-09-16 13:48:10 [LOG] Response received, transaction 643, function 0x03, 4 bytes PDU
2026-09-16 13:48:10 [LOG] Reading 0x2434 = 0
2026-09-16 13:48:10 No connected clients to send
2026-09-16 13:48:30 [LOG] Request sent, transaction 644, function 0x03, 12 bytes
2026-09-16 13:48:30 [LOG] Response received, transaction 644, function 0x03, 4 bytes PDU
2026-09-16 13:48:30 [LOG] Reading 0x242c = 1
2026-09-16 13:48:30 [LOG] Request sent, transaction 645, function 0x03, 12 bytes
2026-09-16 13:48:30 [LOG] Response received, transaction 645, function 0x03, 4 bytes PDU
2026-09-16 13:48:30 [LOG] Reading 0x242d = 0
2026-09-16 13:48:30 [LOG] Request sent, transaction 646, function 0x03, 12 bytes
2026-09-16 13:48:30 [LOG] Response received, transaction 646, function 0x03, 4 bytes PDU
2026-09-16 13:48:30 [LOG] Reading 0x242e = 0
2026-09-16 13:48:30 [LOG] Request sent, transaction 647, function 0x03, 12 bytes
2026-09-16 13:48:30 [LOG] Response received, transaction 647, function 0x03, 4 bytes PDU
2026-09-16 13:48:30 [LOG] Reading 0x242f = 0
2026-09-16 13:48:30 [LOG] Request sent, transaction 648, function 0x03, 12 bytes
2026-09-16 13:48:30 [LOG] Response received, transaction 648, function 0x03, 4 bytes PDU
2026-09-16 13:48:30 [LOG] Reading 0x2430 = 0
2026-09-16 13:48:30 [LOG] Request sent, transaction 649, function 0x03, 12 bytes
2026-09-16 13:48:30 [LOG] Response received, transaction 649, function 0x03, 4 bytes PDU
2026-09-16 13:48:30 [LOG] Reading 0x2431 = 0
2026-09-16 13:48:30 [LOG] Request sent, transaction 650, function 0x03, 12 bytes
2026-09-16 13:48:30 [LOG] Response received, transaction 650, function 0x03, 4 bytes PDU
2026-09-16 13:48:30 [LOG] Reading 0x2432 = 0
2026-09-16 13:48:30 [LOG] Request sent, transaction 651, function 0x03, 12 bytes
2026-09-16 13:48:30 [LOG] Response received, transaction 651, function 0x03, 4 bytes PDU
2026-09-16 13:48:30 [LOG] Reading 0x2433 = 0
2026-09-16 13:48:30 [LOG] Request sent, transaction 652, function 0x03, 12 bytes
2026-09-16 13:48:30 [LOG] Response received, transaction 652, function 0x03, 4 bytes PDU
2026-09-16 13:48:30 [LOG] Reading 0x2434 = 0
2026-09-16 13:48:30 No connected clients to send
2026-09-16 13:48:50 [LOG] Request sent, transaction 653, function 0x03, 12 bytes
2026-09-16 13:48:50 [LOG] Response received, transaction 653, function 0x03, 4 bytes PDU
2026-09-16 13:48:50 [LOG] Reading 0x242c = 1
2026-09-16 13:48:50 [LOG] Request sent, transaction 654, function 0x03, 12 bytes
2026-09-16 13:48:50 [LOG] Response received, transaction 654, function 0x03, 4 bytes PDU
2026-09-16 13:48:50 [LOG] Reading 0x242d = 0
2026-09-16 13:48:50 [LOG] Request sent, transaction 655, function 0x03, 12 bytes
2026-09-16 13:48:50 [LOG] Response received, transaction 655, function 0x03, 4 bytes PDU
2026-09-16 13:48:50 [LOG] Reading 0x242e = 0
2026-09-16 13:48:50 [LOG] Request sent, transaction 656, function 0x03, 12 bytes
2026-09-16 13:48:50 [LOG] Response received, transaction 656, function 0x03, 4 bytes PDU
2026-09-16 13:48:50 [LOG] Reading 0x242f = 0
2026-09-16 13:48:50 [LOG] Request sent, transaction 657, function 0x03, 12 bytes
2026-09-16 13:48:50 [LOG] Response received, transaction 657, function 0x03, 4 bytes PDU
2026-09-16 13:48:50 [LOG] Reading 0x2430 = 0
2026-09-16 13:48:50 [LOG] Request sent, transaction 658, function 0x03, 12 bytes
2026-09-16 13:48:50 [LOG] Response received, transaction 658, function 0x03, 4 bytes PDU
2026-09-16 13:48:50 [LOG] Reading 0x2431 = 0
2026-09-16 13:48:50 [LOG] Request sent, transaction 659, function 0x03, 12 bytes
2026-09-16 13:48:50 [LOG] Response received, transaction 659, function 0x03, 4 bytes PDU
2026-09-16 13:48:50 [LOG] Reading 0x2432 = 0
2026-09-16 13:48:50 [LOG] Request sent, transaction 660, function 0x03, 12 bytes
2026-09-16 13:48:50 [LOG] Response received, transaction 660, function 0x03, 4 bytes PDU
2026-09-16 13:48:50 [LOG] Reading 0x2433 = 0
2026-09-16 13:48:50 [LOG] Request sent, transaction 661, function 0x03, 12 bytes
2026-09-16 13:48:50 [LOG] Response received, transaction 661, function 0x03, 4 bytes PDU
2026-09-16 13:48:50 [LOG] Reading 0x2434 = 0
2026-09-16 13:48:50 No connected clients to send
2026-09-16 13:49:10 [LOG] Request sent, transaction 662, function 0x03, 12 bytes
2026-09-16 13:49:10 [LOG] Response received, transaction 662, function 0x03, 4 bytes PDU
2026-09-16 13:49:10 [LOG] Reading 0x242c = 1
2026-09-16 13:49:10 [LOG] Request sent, transaction 663, function 0x03, 12 bytes
2026-09-16 13:49:10 [LOG] Response received, transaction 663, function 0x03, 4 bytes PDU
2026-09-16 13:49:10 [LOG] Reading 0x242d = 0
2026-09-16 13:49:10 [LOG] Request sent, transaction 664, function 0x03, 12 bytes
2026-09-16 13:49:10 [LOG] Response received, transaction 664, function 0x03, 4 bytes PDU
2026-09-16 13:49:10 [LOG] Reading 0x242e = 0
2026-09-16 13:49:10 [LOG] Request sent, transaction 665, function 0x03, 12 bytes
2026-09-16 13:49:10 [LOG] Response received, transaction 665, function 0x03, 4 bytes PDU
2026-09-16 13:49:10 [LOG] Reading 0x242f = 0
2026-09-16 13:49:10 [LOG] Request sent, transaction 666, function 0x03, 12 bytes
2026-09-16 13:49:10 [LOG] Response received, transaction 666, function 0x03, 4 bytes PDU
2026-09-16 13:49:10 [LOG] Reading 0x2430 = 0
2026-09-16 13:49:10 [LOG] Request sent, transaction 667, function 0x03, 12 bytes
2026-09-16 13:49:10 [LOG] Response received, transaction 667, function 0x03, 4 bytes PDU
2026-09-16 13:49:10 [LOG] Reading 0x2431 = 0
2026-09-16 13:49:10 [LOG] Request sent, transaction 668, function 0x03, 12 bytes
2026-09-16 13:49:10 [LOG] Response received, transaction 668, function 0x03, 4 bytes PDU
2026-09-16 13:49:10 [LOG] Reading 0x2432 = 0
2026-09-16 13:49:10 [LOG] Request sent, transaction 669, function 0x03, 12 bytes
2026-09-16 13:49:10 [LOG] Response received, transaction 669, function 0x03, 4 bytes PDU
2026-09-16 13:49:10 [LOG] Reading 0x2433 = 0
2026-09-16 13:49:10 [LOG] Request sent, transaction 670, function 0x03, 12 bytes
2026-09-16 13:49:10 [LOG] Response received, transaction 670, function 0x03, 4 bytes PDU
2026-09-16 13:49:10 [LOG] Reading 0x2434 = 0
2026-09-16 13:49:10 No connected clients to send
2026-09-16 13:49:30 [LOG] Request sent, transaction 671, function 0x03, 12 bytes
2026-09-16 13:49:30 [LOG] Response received, transaction 671, function 0x03, 4 bytes PDU
2026-09-16 13:49:30 [LOG] Reading 0x242c = 1
2026-09-16 13:49:30 [LOG] Request sent, transaction 672, function 0x03, 12 bytes
2026-09-16 13:49:30 [LOG] Response received, transaction 672, function 0x03, 4 bytes PDU
2026-09-16 13:49:30 [LOG] Reading 0x242d = 0
2026-09-16 13:49:30 [LOG] Request sent, transaction 673, function 0x03, 12 bytes
2026-09-16 13:49:30 [LOG] Response received, transaction 673, function 0x03, 4 bytes PDU
2026-09-16 13:49:30 [LOG] Reading 0x242e = 0
2026-09-16 13:49:30 [LOG] Request sent, transaction 674, function 0x03, 12 bytes
2026-09-16 13:49:30 [LOG] Response received, transaction 674, function 0x03, 4 bytes PDU
2026-09-16 13:49:30 [LOG] Reading 0x242f = 0
2026-09-16 13:49:30 [LOG] Request sent, transaction 675, function 0x03, 12 bytes
2026-09-16 13:49:30 [LOG] Response received, transaction 675, function 0x03, 4 bytes PDU
2026-09-16 13:49:30 [LOG] Reading 0x2430 = 0
2026-09-16 13:49:30 [LOG] Request sent, transaction 676, function 0x03, 12 bytes
2026-09-16 13:49:30 [LOG] Response received, transaction 676, function 0x03, 4 bytes PDU
2026-09-16 13:49:30 [LOG] Reading 0x2431 = 0
2026-09-16 13:49:30 [LOG] Request sent, transaction 677, function 0x03, 12 bytes
2026-09-16 13:49:30 [LOG] Response received, transaction 677, function 0x03, 4 bytes PDU
2026-09-16 13:49:30 [LOG] Reading 0x2432 = 0
2026-09-16 13:49:30 [LOG] Request sent, transaction 678, function 0x03, 12 bytes
2026-09-16 13:49:30 [LOG] Response received, transaction 678, function 0x03, 4 bytes PDU
2026-09-16 13:49:30 [LOG] Reading 0x2433 = 0
2026-09-16 13:49:30 [LOG] Request sent, transaction 679, function 0x03, 12 bytes
2026-09-16 13:49:30 [LOG] Response received, transaction 679, function 0x03, 4 bytes PDU
2026-09-16 13:49:30 [LOG] Reading 0x2434 = 0
2026-09-16 13:49:30 No connected clients to send
2026-09-16 13:49:51 [LOG] Request sent, transaction 680, function 0x03, 12 bytes
2026-09-16 13:49:51 [LOG] Response received, transaction 680, function 0x03, 4 bytes PDU
2026-09-16 13:49:51 [LOG] Reading 0x242c = 1
2026-09-16 13:49:51 [LOG] Request sent, transaction 681, function 0x03, 12 bytes
2026-09-16 13:49:51 [LOG] Response received, transaction 681, function 0x03, 4 bytes PDU
2026-09-16 13:49:51 [LOG] Reading 0x242d = 0
2026-09-16 13:49:51 [LOG] Request sent, transaction 682, function 0x03, 12 bytes
2026-09-16 13:49:51 [LOG] Response received, transaction 682, function 0x03, 4 bytes PDU
2026-09-16 13:49:51 [LOG] Reading 0x242e = 0
2026-09-16 13:49:51 [LOG] Request sent, transaction 683, function 0x03, 12 bytes
2026-09-16 13:49:51 [LOG] Response received, transaction 683, function 0x03, 4 bytes PDU
2026-09-16 13:49:51 [LOG] Reading 0x242f = 0
2026-09-16 13:49:51 [LOG] Request sent, transaction 684, function 0x03, 12 bytes
2026-09-16 13:49:51 [LOG] Response received, transaction 684, function 0x03, 4 bytes PDU
2026-09-16 13:49:51 [LOG] Reading 0x2430 = 0
2026-09-16 13:49:51 [LOG] Request sent, transaction 685, function 0x03, 12 bytes
2026-09-16 13:49:51 [LOG] Response received, transaction 685, function 0x03, 4 bytes PDU
2026-09-16 13:49:51 [LOG] Reading 0x2431 = 0
2026-09-16 13:49:51 [LOG] Request sent, transaction 686, function 0x03, 12 bytes
2026-09-16 13:49:51 [LOG] Response received, transaction 686, function 0x03, 4 bytes PDU
2026-09-16 13:49:51 [LOG] Reading 0x2432 = 0
2026-09-16 13:49:51 [LOG] Request sent, transaction 687, function 0x03, 12 bytes
2026-09-16 13:49:51 [LOG] Response received, transaction 687, function 0x03, 4 bytes PDU
2026-09-16 13:49:51 [LOG] Reading 0x2433 = 0
2026-09-16 13:49:51 [LOG] Request sent, transaction 688, function 0x03, 12 bytes
2026-09-16 13:49:51 [LOG] Response received, transaction 688, function 0x03, 4 bytes PDU
2026-09-16 13:49:51 [LOG] Reading 0x2434 = 0
2026-09-16 13:49:51 No connected clients to send
2026-09-16 13:50:11 [LOG] Request sent, transaction 689, function 0x03, 12 bytes
2026-09-16 13:50:11 [LOG] Response received, transaction 689, function 0x03, 4 bytes PDU
2026-09-16 13:50:11 [LOG] Reading 0x242c = 1
2026-09-16 13:50:11 [LOG] Request sent, transaction 690, function 0x03, 12 bytes
2026-09-16 13:50:11 [LOG] Response received, transaction 690, function 0x03, 4 bytes PDU
2026-09-16 13:50:11 [LOG] Reading 0x242d = 0
2026-09-16 13:50:11 [LOG] Request sent, transaction 691, function 0x03, 12 bytes
2026-09-16 13:50:11 [LOG] Response received, transaction 691, function 0x03, 4 bytes PDU
2026-09-16 13:50:11 [LOG] Reading 0x242e = 0
2026-09-16 13:50:11 [LOG] Request sent, transaction 692, function 0x03, 12 bytes
2026-09-16 13:50:11 [LOG] Response received, transaction 692, function 0x03, 4 bytes PDU
2026-09-16 13:50:11 [LOG] Reading 0x242f = 0
2026-09-16 13:50:11 [LOG] Request sent, transaction 693, function 0x03, 12 bytes
2026-09-16 13:50:11 [LOG] Response received, transaction 693, function 0x03, 4 bytes PDU
2026-09-16 13:50:11 [LOG] Reading 0x2430 = 0
2026-09-16 13:50:11 [LOG] Request sent, transaction 694, function 0x03, 12 bytes
2026-09-16 13:50:11 [LOG] Response received, transaction 694, function 0x03, 4 bytes PDU
2026-09-16 13:50:11 [LOG] Reading 0x2431 = 0
2026-09-16 13:50:11 [LOG] Request sent, transaction 695, function 0x03, 12 bytes
2026-09-16 13:50:11 [LOG] Response received, transaction 695, function 0x03, 4 bytes PDU
2026-09-16 13:50:11 [LOG] Reading 0x2432 = 0
2026-09-16 13:50:11 [LOG] Request sent, transaction 696, function 0x03, 12 bytes
2026-09-16 13:50:11 [LOG] Response received, transaction 696, function 0x03, 4 bytes PDU
2026-09-16 13:50:11 [LOG] Reading 0x2433 = 0
2026-09-16 13:50:11 [LOG] Request sent, transaction 697, function 0x03, 12 bytes
2026-09-16 13:50:11 [LOG] Response received, transaction 697, function 0x03, 4 bytes PDU
2026-09-16 13:50:11 [LOG] Reading 0x2434 = 0
2026-09-16 13:50:11 No connected clients to send
2026-09-16 13:50:31 [LOG] Request sent, transaction 698, function 0x03, 12 bytes
2026-09-16 13:50:31 [LOG] Response received, transaction 698, function 0x03, 4 bytes PDU
2026-09-16 13:50:31 [LOG] Reading 0x242c = 1
2026-09-16 13:50:31 [LOG] Request sent, transaction 699, function 0x03, 12 bytes
2026-09-16 13:50:31 [LOG] Response received, transaction 699, function 0x03, 4 bytes PDU
2026-09-16 13:50:31 [LOG] Reading 0x242d = 0
2026-09-16 13:50:31 [LOG] Request sent, transaction 700, function 0x03, 12 bytes
2026-09-16 13:50:31 [LOG] Response received, transaction 700, function 0x03, 4 bytes PDU
2026-09-16 13:50:31 [LOG] Reading 0x242e = 0
2026-09-16 13:50:31 [LOG] Request sent, transaction 701, function 0x03, 12 bytes
2026-09-16 13:50:31 [LOG] Response received, transaction 701, function 0x03, 4 bytes PDU
2026-09-16 13:50:31 [LOG] Reading 0x242f = 0
2026-09-16 13:50:31 [LOG] Request sent, transaction 702, function 0x03, 12 bytes
2026-09-16 13:50:31 [LOG] Response received, transaction 702, function 0x03, 4 bytes PDU
2026-09-16 13:50:31 [LOG] Reading 0x2430 = 0
2026-09-16 13:50:31 [LOG] Request sent, transaction 703, function 0x03, 12 bytes
2026-09-16 13:50:31 [LOG] Response received, transaction 703, function 0x03, 4 bytes PDU
2026-09-16 13:50:31 [LOG] Reading 0x2431 = 0
2026-09-16 13:50:31 [LOG] Request sent, transaction 704, function 0x03, 12 bytes
2026-09-16 13:50:31 [LOG] Response received, transaction 704, function 0x03, 4 bytes PDU
2026-09-16 13:50:31 [LOG] Reading 0x2432 = 0
2026-09-16 13:50:31 [LOG] Request sent, transaction 705, function 0x03, 12 bytes
2026-09-16 13:50:31 [LOG] Response received, transaction 705, function 0x03, 4 bytes PDU
2026-09-16 13:50:31 [LOG] Reading 0x2433 = 0
2026-09-16 13:50:31 [LOG] Request sent, transaction 706, function 0x03, 12 bytes
2026-09-16 13:50:31 [LOG] Response received, transaction 706, function 0x03, 4 bytes PDU
2026-09-16 13:50:31 [LOG] Reading 0x2434 = 0
2026-09-16 13:50:31 No connected clients to send
2026-09-16 13:50:51 [LOG] Request sent, transaction 707, function 0x03, 12 bytes
2026-09-16 13:50:51 [LOG] Response received, transaction 707, function 0x03, 4 bytes PDU
2026-09-16 13:50:51 [LOG] Reading 0x242c = 1
2026-09-16 13:50:51 [LOG] Request sent, transaction 708, function 0x03, 12 bytes
2026-09-16 13:50:51 [LOG] Response received, transaction 708, function 0x03, 4 bytes PDU
2026-09-16 13:50:51 [LOG] Reading 0x242d = 0
2026-09-16 13:50:51 [LOG] Request sent, transaction 709, function 0x03, 12 bytes
2026-09-16 13:50:51 [LOG] Response received, transaction 709, function 0x03, 4 bytes PDU
2026-09-16 13:50:51 [LOG] Reading 0x242e = 0
2026-09-16 13:50:51 [LOG] Request sent, transaction 710, function 0x03, 12 bytes
2026-09-16 13:50:51 [LOG] Response received, transaction 710, function 0x03, 4 bytes PDU
2026-09-16 13:50:51 [LOG] Reading 0x242f = 0
2026-09-16 13:50:51 [LOG] Request sent, transaction 711, function 0x03, 12 bytes
2026-09-16 13:50:51 [LOG] Response received, transaction 711, function 0x03, 4 bytes PDU
2026-09-16 13:50:51 [LOG] Reading 0x2430 = 0
2026-09-16 13:50:51 [LOG] Request sent, transaction 712, function 0x03, 12 bytes
2026-09-16 13:50:51 [LOG] Response received, transaction 712, function 0x03, 4 bytes PDU
2026-09-16 13:50:51 [LOG] Reading 0x2431 = 0
2026-09-16 13:50:51 [LOG] Request sent, transaction 713, function 0x03, 12 bytes
2026-09-16 13:50:51 [LOG] Response received, transaction 713, function 0x03, 4 bytes PDU
2026-09-16 13:50:51 [LOG] Reading 0x2432 = 0
2026-09-16 13:50:51 [LOG] Request sent, transaction 714, function 0x03, 12 bytes
2026-09-16 13:50:51 [LOG] Response received, transaction 714, function 0x03, 4 bytes PDU
2026-09-16 13:50:51 [LOG] Reading 0x2433 = 0
2026-09-16 13:50:51 [LOG] Request sent, transaction 715, function 0x03, 12 bytes
2026-09-16 13:50:51 [LOG] Response received, transaction 715, function 0x03, 4 bytes PDU
2026-09-16 13:50:51 [LOG] Reading 0x2434 = 0
2026-09-16 13:50:51 No connected clients to send
2026-09-16 13:51:11 [LOG] Request sent, transaction 716, function 0x03, 12 bytes
2026-09-16 13:51:11 [LOG] Response received, transaction 716, function 0x03, 4 bytes PDU
2026-09-16 13:51:11 [LOG] Reading 0x242c = 1
2026-09-16 13:51:11 [LOG] Request sent, transaction 717, function 0x03, 12 bytes
2026-09-16 13:51:11 [LOG] Response received, transaction 717, function 0x03, 4 bytes PDU
2026-09-16 13:51:11 [LOG] Reading 0x242d = 0
2026-09-16 13:51:11 [LOG] Request sent, transaction 718, function 0x03, 12 bytes
2026-09-16 13:51:11 [LOG] Response received, transaction 718, function 0x03, 4 bytes PDU
2026-09-16 13:51:11 [LOG] Reading 0x242e = 0
2026-09-16 13:51:11 [LOG] Request sent, transaction 719, function 0x03, 12 bytes
2026-09-16 13:51:11 [LOG] Response received, transaction 719, function 0x03, 4 bytes PDU
2026-09-16 13:51:11 [LOG] Reading 0x242f = 0
2026-09-16 13:51:11 [LOG] Request sent, transaction 720, function 0x03, 12 bytes
2026-09-16 13:51:11 [LOG] Response received, transaction 720, function 0x03, 4 bytes PDU
2026-09-16 13:51:11 [LOG] Reading 0x2430 = 0
2026-09-16 13:51:11 [LOG] Request sent, transaction 721, function 0x03, 12 bytes
2026-09-16 13:51:11 [LOG] Response received, transaction 721, function 0x03, 4 bytes PDU
2026-09-16 13:51:11 [LOG] Reading 0x2431 = 0
2026-09-16 13:51:11 [LOG] Request sent, transaction 722, function 0x03, 12 bytes
2026-09-16 13:51:11 [LOG] Response received, transaction 722, function 0x03, 4 bytes PDU
2026-09-16 13:51:11 [LOG] Reading 0x2432 = 0
2026-09-16 13:51:11 [LOG] Request sent, transaction 723, function 0x03, 12 bytes
2026-09-16 13:51:11 [LOG] Response received, transaction 723, function 0x03, 4 bytes PDU
2026-09-16 13:51:11 [LOG] Reading 0x2433 = 0
2026-09-16 13:51:11 [LOG] Request sent, transaction 724, function 0x03, 12 bytes
2026-09-16 13:51:11 [LOG] Response received, transaction 724, function 0x03, 4 bytes PDU
2026-09-16 13:51:11 [LOG] Reading 0x2434 = 0
2026-09-16 13:51:11 No connected clients to send
2026-09-16 13:51:31 [LOG] Request sent, transaction 725, function 0x03, 12 bytes
2026-09-16 13:51:31 [LOG] Response received, transaction 725, function 0x03, 4 bytes PDU
2026-09-16 13:51:31 [LOG] Reading 0x242c = 1
2026-09-16 13:51:31 [LOG] Request sent, transaction 726, function 0x03, 12 bytes
2026-09-16 13:51:31 [LOG] Response received, transaction 726, function 0x03, 4 bytes PDU
2026-09-16 13:51:31 [LOG] Reading 0x242d = 0
2026-09-16 13:51:31 [LOG] Request sent, transaction 727, function 0x03, 12 bytes
2026-09-16 13:51:31 [LOG] Response received, transaction 727, function 0x03, 4 bytes PDU
2026-09-16 13:51:31 [LOG] Reading 0x242e = 0
2026-09-16 13:51:31 [LOG] Request sent, transaction 728, function 0x03, 12 bytes
2026-09-16 13:51:31 [LOG] Response received, transaction 728, function 0x03, 4 bytes PDU
2026-09-16 13:51:31 [LOG] Reading 0x242f = 0
2026-09-16 13:51:31 [LOG] Request sent, transaction 729, function 0x03, 12 bytes
2026-09-16 13:51:31 [LOG] Response received, transaction 729, function 0x03, 4 bytes PDU
2026-09-16 13:51:31 [LOG] Reading 0x2430 = 0
2026-09-16 13:51:31 [LOG] Request sent, transaction 730, function 0x03, 12 bytes
2026-09-16 13:51:31 [LOG] Response received, transaction 730, function 0x03, 4 bytes PDU
2026-09-16 13:51:31 [LOG] Reading 0x2431 = 0
2026-09-16 13:51:31 [LOG] Request sent, transaction 731, function 0x03, 12 bytes
2026-09-16 13:51:31 [LOG] Response received, transaction 731, function 0x03, 4 bytes PDU
2026-09-16 13:51:31 [LOG] Reading 0x2432 = 0
2026-09-16 13:51:31 [LOG] Request sent, transaction 732, function 0x03, 12 bytes
2026-09-16 13:51:31 [LOG] Response received, transaction 732, function 0x03, 4 bytes PDU
2026-09-16 13:51:31 [LOG] Reading 0x2433 = 0
2026-09-16 13:51:31 [LOG] Request sent, transaction 733, function 0x03, 12 bytes
2026-09-16 13:51:31 [LOG] Response received, transaction 733, function 0x03, 4 bytes PDU
2026-09-16 13:51:31 [LOG] Reading 0x2434 = 0
2026-09-16 13:51:31 No connected clients to send
2026-09-16 13:51:51 [LOG] Request sent, transaction 734, function 0x03, 12 bytes
2026-09-16 13:51:51 [LOG] Response received, transaction 734, function 0x03, 4 bytes PDU
2026-09-16 13:51:51 [LOG] Reading 0x242c = 1
2026-09-16 13:51:51 [LOG] Request sent, transaction 735, function 0x03, 12 bytes
2026-09-16 13:51:51 [LOG] Response received, transaction 735, function 0x03, 4 bytes PDU
2026-09-16 13:51:51 [LOG] Reading 0x242d = 0
2026-09-16 13:51:51 [LOG] Request sent, transaction 736, function 0x03, 12 bytes
2026-09-16 13:51:51 [LOG] Response received, transaction 736, function 0x03, 4 bytes PDU
2026-09-16 13:51:51 [LOG] Reading 0x242e = 0
2026-09-16 13:51:51 [LOG] Request sent, transaction 737, function 0x03, 12 bytes
2026-09-16 13:51:51 [LOG] Response received, transaction 737, function 0x03, 4 bytes PDU
2026-09-16 13:51:51 [LOG] Reading 0x242f = 0
2026-09-16 13:51:51 [LOG] Request sent, transaction 738, function 0x03, 12 bytes
2026-09-16 13:51:51 [LOG] Response received, transaction 738, function 0x03, 4 bytes PDU
2026-09-16 13:51:51 [LOG] Reading 0x2430 = 0
2026-09-16 13:51:51 [LOG] Request sent, transaction 739, function 0x03, 12 bytes
2026-09-16 13:51:51 [LOG] Response received, transaction 739, function 0x03, 4 bytes PDU
2026-09-16 13:51:51 [LOG] Reading 0x2431 = 0
2026-09-16 13:51:51 [LOG] Request sent, transaction 740, function 0x03, 12 bytes
2026-09-16 13:51:51 [LOG] Response received, transaction 740, function 0x03, 4 bytes PDU
2026-09-16 13:51:51 [LOG] Reading 0x2432 = 0
2026-09-16 13:51:51 [LOG] Request sent, transaction 741, function 0x03, 12 bytes
2026-09-16 13:51:51 [LOG] Response received, transaction 741, function 0x03, 4 bytes PDU
2026-09-16 13:51:51 [LOG] Reading 0x2433 = 0
2026-09-16 13:51:51 [LOG] Request sent, transaction 742, function 0x03, 12 bytes
2026-09-16 13:51:51 [LOG] Response received, transaction 742, function 0x03, 4 bytes PDU
2026-09-16 13:51:51 [LOG] Reading 0x2434 = 0
2026-09-16 13:51:51 No connected clients to send
2026-09-16 13:52:11 [LOG] Request sent, transaction 743, function 0x03, 12 bytes
2026-09-16 13:52:11 [LOG] Response received, transaction 743, function 0x03, 4 bytes PDU
2026-09-16 13:52:11 [LOG] Reading 0x242c = 1
2026-09-16 13:52:11 [LOG] Request sent, transaction 744, function 0x03, 12 bytes
2026-09-16 13:52:11 [LOG] Response received, transaction 744, function 0x03, 4 bytes PDU
2026-09-16 13:52:11 [LOG] Reading 0x242d = 0
2026-09-16 13:52:11 [LOG] Request sent, transaction 745, function 0x03, 12 bytes
2026-09-16 13:52:11 [LOG] Response received, transaction 745, function 0x03, 4 bytes PDU
2026-09-16 13:52:11 [LOG] Reading 0x242e = 0
2026-09-16 13:52:11 [LOG] Request sent, transaction 746, function 0x03, 12 bytes
2026-09-16 13:52:11 [LOG] Response received, transaction 746, function 0x03, 4 bytes PDU
2026-09-16 13:52:11 [LOG] Reading 0x242f = 0
2026-09-16 13:52:11 [LOG] Request sent, transaction 747, function 0x03, 12 bytes
2026-09-16 13:52:11 [LOG] Response received, transaction 747, function 0x03, 4 bytes PDU
2026-09-16 13:52:11 [LOG] Reading 0x2430 = 0
2026-09-16 13:52:11 [LOG] Request sent, transaction 748, function 0x03, 12 bytes
2026-09-16 13:52:11 [LOG] Response received, transaction 748, function 0x03, 4 bytes PDU
2026-09-16 13:52:11 [LOG] Reading 0x2431 = 0
2026-09-16 13:52:11 [LOG] Request sent, transaction 749, function 0x03, 12 bytes
2026-09-16 13:52:11 [LOG] Response received, transaction 749, function 0x03, 4 bytes PDU
2026-09-16 13:52:11 [LOG] Reading 0x2432 = 0
2026-09-16 13:52:11 [LOG] Request sent, transaction 750, function 0x03, 12 bytes
2026-09-16 13:52:11 [LOG] Response received, transaction 750, function 0x03, 4 bytes PDU
2026-09-16 13:52:11 [LOG] Reading 0x2433 = 0
2026-09-16 13:52:11 [LOG] Request sent, transaction 751, function 0x03, 12 bytes
2026-09-16 13:52:11 [LOG] Response received, transaction 751, function 0x03, 4 bytes PDU
2026-09-16 13:52:11 [LOG] Reading 0x2434 = 0
2026-09-16 13:52:11 No connected clients to send
2026-09-16 13:52:31 [LOG] Request sent, transaction 752, function 0x03, 12 bytes
2026-09-16 13:52:31 [LOG] Response received, transaction 752, function 0x03, 4 bytes PDU
2026-09-16 13:52:31 [LOG] Reading 0x242c = 1
2026-09-16 13:52:31 [LOG] Request sent, transaction 753, function 0x03, 12 bytes
2026-09-16 13:52:31 [LOG] Response received, transaction 753, function 0x03, 4 bytes PDU
2026-09-16 13:52:31 [LOG] Reading 0x242d = 0
2026-09-16 13:52:31 [LOG] Request sent, transaction 754, function 0x03, 12 bytes
2026-09-16 13:52:31 [LOG] Response received, transaction 754, function 0x03, 4 bytes PDU
2026-09-16 13:52:31 [LOG] Reading 0x242e = 0
2026-09-16 13:52:31 [LOG] Request sent, transaction 755, function 0x03, 12 bytes
2026-09-16 13:52:31 [LOG] Response received, transaction 755, function 0x03, 4 bytes PDU
2026-09-16 13:52:31 [LOG] Reading 0x242f = 0
2026-09-16 13:52:31 [LOG] Request sent, transaction 756, function 0x03, 12 bytes
2026-09-16 13:52:31 [LOG] Response received, transaction 756, function 0x03, 4 bytes PDU
2026-09-16 13:52:31 [LOG] Reading 0x2430 = 0
2026-09-16 13:52:31 [LOG] Request sent, transaction 757, function 0x03, 12 bytes
2026-09-16 13:52:31 [LOG] Response received, transaction 757, function 0x03, 4 bytes PDU
2026-09-16 13:52:31 [LOG] Reading 0x2431 = 0
2026-09-16 13:52:31 [LOG] Request sent, transaction 758, function 0x03, 12 bytes
2026-09-16 13:52:31 [LOG] Response received, transaction 758, function 0x03, 4 bytes PDU
2026-09-16 13:52:31 [LOG] Reading 0x2432 = 0
2026-09-16 13:52:31 [LOG] Request sent, transaction 759, function 0x03, 12 bytes
2026-09-16 13:52:31 [LOG] Response received, transaction 759, function 0x03, 4 bytes PDU
2026-09-16 13:52:31 [LOG] Reading 0x2433 = 0
2026-09-16 13:52:31 [LOG] Request sent, transaction 760, function 0x03, 12 bytes
2026-09-16 13:52:31 [LOG] Response received, transaction 760, function 0x03, 4 bytes PDU
2026-09-16 13:52:31 [LOG] Reading 0x2434 = 0
2026-09-16 13:52:31 No connected clients to send
2026-09-16 13:52:51 [LOG] Request sent, transaction 761, function 0x03, 12 bytes
2026-09-16 13:52:51 [LOG] Response received, transaction 761, function 0x03, 4 bytes PDU
2026-09-16 13:52:51 [LOG] Reading 0x242c = 1
2026-09-16 13:52:51 [LOG] Request sent, transaction 762, function 0x03, 12 bytes
2026-09-16 13:52:51 [LOG] Response received, transaction 762, function 0x03, 4 bytes PDU
2026-09-16 13:52:51 [LOG] Reading 0x242d = 0
2026-09-16 13:52:51 [LOG] Request sent, transaction 763, function 0x03, 12 bytes
2026-09-16 13:52:51 [LOG] Response received, transaction 763, function 0x03, 4 bytes PDU
2026-09-16 13:52:51 [LOG] Reading 0x242e = 0
2026-09-16 13:52:51 [LOG] Request sent, transaction 764, function 0x03, 12 bytes
2026-09-16 13:52:51 [LOG] Response received, transaction 764, function 0x03, 4 bytes PDU
2026-09-16 13:52:51 [LOG] Reading 0x242f = 0
2026-09-16 13:52:51 [LOG] Request sent, transaction 765, function 0x03, 12 bytes
2026-09-16 13:52:51 [LOG] Response received, transaction 765, function 0x03, 4 bytes PDU
2026-09-16 13:52:51 [LOG] Reading 0x2430 = 0
2026-09-16 13:52:51 [LOG] Request sent, transaction 766, function 0x03, 12 bytes
2026-09-16 13:52:51 [LOG] Response received, transaction 766, function 0x03, 4 bytes PDU
2026-09-16 13:52:51 [LOG] Reading 0x2431 = 0
2026-09-16 13:52:51 [LOG] Request sent, transaction 767, function 0x03, 12 bytes
2026-09-16 13:52:51 [LOG] Response received, transaction 767, function 0x03, 4 bytes PDU
2026-09-16 13:52:51 [LOG] Reading 0x2432 = 0
2026-09-16 13:52:51 [LOG] Request sent, transaction 768, function 0x03, 12 bytes
2026-09-16 13:52:51 [LOG] Response received, transaction 768, function 0x03, 4 bytes PDU
2026-09-16 13:52:51 [LOG] Reading 0x2433 = 0
2026-09-16 13:52:51 [LOG] Request sent, transaction 769, function 0x03, 12 bytes
2026-09-16 13:52:51 [LOG] Response received, transaction 769, function 0x03, 4 bytes PDU
2026-09-16 13:52:51 [LOG] Reading 0x2434 = 0
2026-09-16 13:52:51 No connected clients to send
2026-09-16 13:53:11 [LOG] Request sent, transaction 770, function 0x03, 12 bytes
2026-09-16 13:53:11 [LOG] Response received, transaction 770, function 0x03, 4 bytes PDU
2026-09-16 13:53:11 [LOG] Reading 0x242c = 1
2026-09-16 13:53:11 [LOG] Request sent, transaction 771, function 0x03, 12 bytes
2026-09-16 13:53:11 [LOG] Response received, transaction 771, function 0x03, 4 bytes PDU
2026-09-16 13:53:11 [LOG] Reading 0x242d = 0
2026-09-16 13:53:11 [LOG] Request sent, transaction 772, function 0x03, 12 bytes
2026-09-16 13:53:11 [LOG] Response received, transaction 772, function 0x03, 4 bytes PDU
2026-09-16 13:53:11 [LOG] Reading 0x242e = 0
2026-09-16 13:53:11 [LOG] Request sent, transaction 773, function 0x03, 12 bytes
2026-09-16 13:53:11 [LOG] Response received, transaction 773, function 0x03, 4 bytes PDU
2026-09-16 13:53:11 [LOG] Reading 0x242f = 0
2026-09-16 13:53:11 [LOG] Request sent, transaction 774, function 0x03, 12 bytes
2026-09-16 13:53:11 [LOG] Response received, transaction 774, function 0x03, 4 bytes PDU
2026-09-16 13:53:11 [LOG] Reading 0x2430 = 0
2026-09-16 13:53:11 [LOG] Request sent, transaction 775, function 0x03, 12 bytes
2026-09-16 13:53:11 [LOG] Response received, transaction 775, function 0x03, 4 bytes PDU
2026-09-16 13:53:11 [LOG] Reading 0x2431 = 0
2026-09-16 13:53:11 [LOG] Request sent, transaction 776, function 0x03, 12 bytes
2026-09-16 13:53:11 [LOG] Response received, transaction 776, function 0x03, 4 bytes PDU
2026-09-16 13:53:11 [LOG] Reading 0x2432 = 0
2026-09-16 13:53:11 [LOG] Request sent, transaction 777, function 0x03, 12 bytes
2026-09-16 13:53:11 [LOG] Response received, transaction 777, function 0x03, 4 bytes PDU
2026-09-16 13:53:11 [LOG] Reading 0x2433 = 0
2026-09-16 13:53:11 [LOG] Request sent, transaction 778, function 0x03, 12 bytes
2026-09-16 13:53:11 [LOG] Response received, transaction 778, function 0x03, 4 bytes PDU
2026-09-16 13:53:11 [LOG] Reading 0x2434 = 0
2026-09-16 13:53:11 No connected clients to send
2026-09-16 13:53:31 [LOG] Request sent, transaction 779, function 0x03, 12 bytes
2026-09-16 13:53:31 [LOG] Response received, transaction 779, function 0x03, 4 bytes PDU
2026-09-16 13:53:31 [LOG] Reading 0x242c = 1
2026-09-16 13:53:31 [LOG] Request sent, transaction 780, function 0x03, 12 bytes
2026-09-16 13:53:31 [LOG] Response received, transaction 780, function 0x03, 4 bytes PDU
2026-09-16 13:53:31 [LOG] Reading 0x242d = 0
2026-09-16 13:53:31 [LOG] Request sent, transaction 781, function 0x03, 12 bytes
2026-09-16 13:53:31 [LOG] Response received, transaction 781, function 0x03, 4 bytes PDU
2026-09-16 13:53:31 [LOG] Reading 0x242e = 0
2026-09-16 13:53:31 [LOG] Request sent, transaction 782, function 0x03, 12 bytes
2026-09-16 13:53:31 [LOG] Response received, transaction 782, function 0x03, 4 bytes PDU
2026-09-16 13:53:31 [LOG] Reading 0x242f = 0
2026-09-16 13:53:31 [LOG] Request sent, transaction 783, function 0x03, 12 bytes
2026-09-16 13:53:31 [LOG] Response received, transaction 783, function 0x03, 4 bytes PDU
2026-09-16 13:53:31 [LOG] Reading 0x2430 = 0
2026-09-16 13:53:31 [LOG] Request sent, transaction 784, function 0x03, 12 bytes
2026-09-16 13:53:31 [LOG] Response received, transaction 784, function 0x03, 4 bytes PDU
2026-09-16 13:53:31 [LOG] Reading 0x2431 = 0
2026-09-16 13:53:31 [LOG] Request sent, transaction 785, function 0x03, 12 bytes
2026-09-16 13:53:31 [LOG] Response received, transaction 785, function 0x03, 4 bytes PDU
2026-09-16 13:53:31 [LOG] Reading 0x2432 = 0
2026-09-16 13:53:31 [LOG] Request sent, transaction 786, function 0x03, 12 bytes
2026-09-16 13:53:31 [LOG] Response received, transaction 786, function 0x03, 4 bytes PDU
2026-09-16 13:53:31 [LOG] Reading 0x2433 = 0
2026-09-16 13:53:31 [LOG] Request sent, transaction 787, function 0x03, 12 bytes
2026-09-16 13:53:31 [LOG] Response received, transaction 787, function 0x03, 4 bytes PDU
2026-09-16 13:53:31 [LOG] Reading 0x2434 = 0
2026-09-16 13:53:31 No connected clients to send
2026-09-16 13:53:51 [LOG] Request sent, transaction 788, function 0x03, 12 bytes
2026-09-16 13:53:51 [LOG] Response received, transaction 788, function 0x03, 4 bytes PDU
2026-09-16 13:53:51 [LOG] Reading 0x242c = 1
2026-09-16 13:53:51 [LOG] Request sent, transaction 789, function 0x03, 12 bytes
2026-09-16 13:53:51 [LOG] Response received, transaction 789, function 0x03, 4 bytes PDU
2026-09-16 13:53:51 [LOG] Reading 0x242d = 0
2026-09-16 13:53:51 [LOG] Request sent, transaction 790, function 0x03, 12 bytes
2026-09-16 13:53:51 [LOG] Response received, transaction 790, function 0x03, 4 bytes PDU
2026-09-16 13:53:51 [LOG] Reading 0x242e = 0
2026-09-16 13:53:51 [LOG] Request sent, transaction 791, function 0x03, 12 bytes
2026-09-16 13:53:51 [LOG] Response received, transaction 791, function 0x03, 4 bytes PDU
2026-09-16 13:53:51 [LOG] Reading 0x242f = 0
2026-09-16 13:53:51 [LOG] Request sent, transaction 792, function 0x03, 12 bytes
2026-09-16 13:53:51 [LOG] Response received, transaction 792, function 0x03, 4 bytes PDU
2026-09-16 13:53:51 [LOG] Reading 0x2430 = 0
2026-09-16 13:53:51 [LOG] Request sent, transaction 793, function 0x03, 12 bytes
2026-09-16 13:53:51 [LOG] Response received, transaction 793, function 0x03, 4 bytes PDU
2026-09-16 13:53:51 [LOG] Reading 0x2431 = 0
2026-09-16 13:53:51 [LOG] Request sent, transaction 794, function 0x03, 12 bytes
2026-09-16 13:53:51 [LOG] Response received, transaction 794, function 0x03, 4 bytes PDU
2026-09-16 13:53:51 [LOG] Reading 0x2432 = 0
2026-09-16 13:53:51 [LOG] Request sent, transaction 795, function 0x03, 12 bytes
2026-09-16 13:53:51 [LOG] Response received, transaction 795, function 0x03, 4 bytes PDU
2026-09-16 13:53:51 [LOG] Reading 0x2433 = 0
2026-09-16 13:53:51 [LOG] Request sent, transaction 796, function 0x03, 12 bytes
2026-09-16 13:53:51 [LOG] Response received, transaction 796, function 0x03, 4 bytes PDU
2026-09-16 13:53:51 [LOG] Reading 0x2434 = 0
2026-09-16 13:53:51 No connected clients to send
2026-09-16 13:54:11 [LOG] Request sent, transaction 797, function 0x03, 12 bytes
2026-09-16 13:54:11 [LOG] Response received, transaction 797, function 0x03, 4 bytes PDU
2026-09-16 13:54:11 [LOG] Reading 0x242c = 1
2026-09-16 13:54:11 [LOG] Request sent, transaction 798, function 0x03, 12 bytes
2026-09-16 13:54:11 [LOG] Response received, transaction 798, function 0x03, 4 bytes PDU
2026-09-16 13:54:11 [LOG] Reading 0x242d = 0
2026-09-16 13:54:11 [LOG] Request sent, transaction 799, function 0x03, 12 bytes
2026-09-16 13:54:11 [LOG] Response received, transaction 799, function 0x03, 4 bytes PDU
2026-09-16 13:54:11 [LOG] Reading 0x242e = 0
2026-09-16 13:54:11 [LOG] Request sent, transaction 800, function 0x03, 12 bytes
2026-09-16 13:54:11 [LOG] Response received, transaction 800, function 0x03, 4 bytes PDU
2026-09-16 13:54:11 [LOG] Reading 0x242f = 0
2026-09-16 13:54:11 [LOG] Request sent, transaction 801, function 0x03, 12 bytes
2026-09-16 13:54:11 [LOG] Response received, transaction 801, function 0x03, 4 bytes PDU
2026-09-16 13:54:11 [LOG] Reading 0x2430 = 0
2026-09-16 13:54:11 [LOG] Request sent, transaction 802, function 0x03, 12 bytes
2026-09-16 13:54:11 [LOG] Response received, transaction 802, function 0x03, 4 bytes PDU
2026-09-16 13:54:11 [LOG] Reading 0x2431 = 0
2026-09-16 13:54:11 [LOG] Request sent, transaction 803, function 0x03, 12 bytes
2026-09-16 13:54:11 [LOG] Response received, transaction 803, function 0x03, 4 bytes PDU
2026-09-16 13:54:11 [LOG] Reading 0x2432 = 0
2026-09-16 13:54:11 [LOG] Request sent, transaction 804, function 0x03, 12 bytes
2026-09-16 13:54:11 [LOG] Response received, transaction 804, function 0x03, 4 bytes PDU
2026-09-16 13:54:11 [LOG] Reading 0x2433 = 0
2026-09-16 13:54:11 [LOG] Request sent, transaction 805, function 0x03, 12 bytes
2026-09-16 13:54:11 [LOG] Response received, transaction 805, function 0x03, 4 bytes PDU
2026-09-16 13:54:11 [LOG] Reading 0x2434 = 0
2026-09-16 13:54:11 No connected clients to send
2026-09-16 13:54:31 [LOG] Request sent, transaction 806, function 0x03, 12 bytes
2026-09-16 13:54:31 [LOG] Response received, transaction 806, function 0x03, 4 bytes PDU
2026-09-16 13:54:31 [LOG] Reading 0x242c = 1
2026-09-16 13:54:31 [LOG] Request sent, transaction 807, function 0x03, 12 bytes
2026-09-16 13:54:31 [LOG] Response received, transaction 807, function 0x03, 4 bytes PDU
2026-09-16 13:54:31 [LOG] Reading 0x242d = 0
2026-09-16 13:54:31 [LOG] Request sent, transaction 808, function 0x03, 12 bytes
2026-09-16 13:54:31 [LOG] Response received, transaction 808, function 0x03, 4 bytes PDU
2026-09-16 13:54:31 [LOG] Reading 0x242e = 0
2026-09-16 13:54:31 [LOG] Request sent, transaction 809, function 0x03, 12 bytes
2026-09-16 13:54:31 [LOG] Response received, transaction 809, function 0x03, 4 bytes PDU
2026-09-16 13:54:31 [LOG] Reading 0x242f = 0
2026-09-16 13:54:31 [LOG] Request sent, transaction 810, function 0x03, 12 bytes
2026-09-16 13:54:31 [LOG] Response received, transaction 810, function 0x03, 4 bytes PDU
2026-09-16 13:54:31 [LOG] Reading 0x2430 = 0
2026-09-16 13:54:31 [LOG] Request sent, transaction 811, function 0x03, 12 bytes
2026-09-16 13:54:31 [LOG] Response received, transaction 811, function 0x03, 4 bytes PDU
2026-09-16 13:54:31 [LOG] Reading 0x2431 = 0
2026-09-16 13:54:31 [LOG] Request sent, transaction 812, function 0x03, 12 bytes
2026-09-16 13:54:31 [LOG] Response received, transaction 812, function 0x03, 4 bytes PDU
2026-09-16 13:54:31 [LOG] Reading 0x2432 = 0
2026-09-16 13:54:31 [LOG] Request sent, transaction 813, function 0x03, 12 bytes
2026-09-16 13:54:31 [LOG] Response received, transaction 813, function 0x03, 4 bytes PDU
2026-09-16 13:54:31 [LOG] Reading 0x2433 = 0
2026-09-16 13:54:31 [LOG] Request sent, transaction 814, function 0x03, 12 bytes
2026-09-16 13:54:31 [LOG] Response received, transaction 814, function 0x03, 4 bytes PDU
2026-09-16 13:54:31 [LOG] Reading 0x2434 = 0
2026-09-16 13:54:31 No connected clients to send
2026-09-16 13:54:51 [LOG] Request sent, transaction 815, function 0x03, 12 bytes
2026-09-16 13:54:51 [LOG] Response received, transaction 815, function 0x03, 4 bytes PDU
2026-09-16 13:54:51 [LOG] Reading 0x242c = 1
2026-09-16 13:54:51 [LOG] Request sent, transaction 816, function 0x03, 12 bytes
2026-09-16 13:54:51 [LOG] Response received, transaction 816, function 0x03, 4 bytes PDU
2026-09-16 13:54:51 [LOG] Reading 0x242d = 0
2026-09-16 13:54:51 [LOG] Request sent, transaction 817, function 0x03, 12 bytes
2026-09-16 13:54:51 [LOG] Response received, transaction 817, function 0x03, 4 bytes PDU
2026-09-16 13:54:51 [LOG] Reading 0x242e = 0
2026-09-16 13:54:51 [LOG] Request sent, transaction 818, function 0x03, 12 bytes
2026-09-16 13:54:51 [LOG] Response received, transaction 818, function 0x03, 4 bytes PDU
2026-09-16 13:54:51 [LOG] Reading 0x242f = 0
2026-09-16 13:54:51 [LOG] Request sent, transaction 819, function 0x03, 12 bytes
2026-09-16 13:54:51 [LOG] Response received, transaction 819, function 0x03, 4 bytes PDU
2026-09-16 13:54:51 [LOG] Reading 0x2430 = 0
2026-09-16 13:54:51 [LOG] Request sent, transaction 820, function 0x03, 12 bytes
2026-09-16 13:54:51 [LOG] Response received, transaction 820, function 0x03, 4 bytes PDU
2026-09-16 13:54:51 [LOG] Reading 0x2431 = 0
2026-09-16 13:54:51 [LOG] Request sent, transaction 821, function 0x03, 12 bytes
2026-09-16 13:54:51 [LOG] Response received, transaction 821, function 0x03, 4 bytes PDU
2026-09-16 13:54:51 [LOG] Reading 0x2432 = 0
2026-09-16 13:54:51 [LOG] Request sent, transaction 822, function 0x03, 12 bytes
2026-09-16 13:54:51 [LOG] Response received, transaction 822, function 0x03, 4 bytes PDU
2026-09-16 13:54:51 [LOG] Reading 0x2433 = 0
2026-09-16 13:54:51 [LOG] Request sent, transaction 823, function 0x03, 12 bytes
2026-09-16 13:54:51 [LOG] Response received, transaction 823, function 0x03, 4 bytes PDU
2026-09-16 13:54:51 [LOG] Reading 0x2434 = 0
2026-09-16 13:54:51 No connected clients to send
2026-09-16 13:55:11 [LOG] Request sent, transaction 824, function 0x03, 12 bytes
2026-09-16 13:55:11 [LOG] Response received, transaction 824, function 0x03, 4 bytes PDU
2026-09-16 13:55:11 [LOG] Reading 0x242c = 1
2026-09-16 13:55:11 [LOG] Request sent, transaction 825, function 0x03, 12 bytes
2026-09-16 13:55:11 [LOG] Response received, transaction 825, function 0x03, 4 bytes PDU
2026-09-16 13:55:11 [LOG] Reading 0x242d = 0
2026-09-16 13:55:11 [LOG] Request sent, transaction 826, function 0x03, 12 bytes
2026-09-16 13:55:11 [LOG] Response received, transaction 826, function 0x03, 4 bytes PDU
2026-09-16 13:55:11 [LOG] Reading 0x242e = 0
2026-09-16 13:55:11 [LOG] Request sent, transaction 827, function 0x03, 12 bytes
2026-09-16 13:55:11 [LOG] Response received, transaction 827, function 0x03, 4 bytes PDU
2026-09-16 13:55:11 [LOG] Reading 0x242f = 0
2026-09-16 13:55:11 [LOG] Request sent, transaction 828, function 0x03, 12 bytes
2026-09-16 13:55:11 [LOG] Response received, transaction 828, function 0x03, 4 bytes PDU
2026-09-16 13:55:11 [LOG] Reading 0x2430 = 0
2026-09-16 13:55:11 [LOG] Request sent, transaction 829, function 0x03, 12 bytes
2026-09-16 13:55:11 [LOG] Response received, transaction 829, function 0x03, 4 bytes PDU
2026-09-16 13:55:11 [LOG] Reading 0x2431 = 0
2026-09-16 13:55:11 [LOG] Request sent, transaction 830, function 0x03, 12 bytes
2026-09-16 13:55:11 [LOG] Response received, transaction 830, function 0x03, 4 bytes PDU
2026-09-16 13:55:11 [LOG] Reading 0x2432 = 0
2026-09-16 13:55:11 [LOG] Request sent, transaction 831, function 0x03, 12 bytes
2026-09-16 13:55:11 [LOG] Response received, transaction 831, function 0x03, 4 bytes PDU
2026-09-16 13:55:11 [LOG] Reading 0x2433 = 0
2026-09-16 13:55:11 [LOG] Request sent, transaction 832, function 0x03, 12 bytes
2026-09-16 13:55:11 [LOG] Response received, transaction 832, function 0x03, 4 bytes PDU
2026-09-16 13:55:11 [LOG] Reading 0x2434 = 0
2026-09-16 13:55:11 No connected clients to send
2026-09-16 13:55:31 [LOG] Request sent, transaction 833, function 0x03, 12 bytes
2026-09-16 13:55:31 [LOG] Response received, transaction 833, function 0x03, 4 bytes PDU
2026-09-16 13:55:31 [LOG] Reading 0x242c = 1
2026-09-16 13:55:31 [LOG] Request sent, transaction 834, function 0x03, 12 bytes
2026-09-16 13:55:31 [LOG] Response received, transaction 834, function 0x03, 4 bytes PDU
2026-09-16 13:55:31 [LOG] Reading 0x242d = 0
2026-09-16 13:55:31 [LOG] Request sent, transaction 835, function 0x03, 12 bytes
2026-09-16 13:55:31 [LOG] Response received, transaction 835, function 0x03, 4 bytes PDU
2026-09-16 13:55:31 [LOG] Reading 0x242e = 0
2026-09-16 13:55:31 [LOG] Request sent, transaction 836, function 0x03, 12 bytes
2026-09-16 13:55:31 [LOG] Response received, transaction 836, function 0x03, 4 bytes PDU
2026-09-16 13:55:31 [LOG] Reading 0x242f = 0
2026-09-16 13:55:31 [LOG] Request sent, transaction 837, function 0x03, 12 bytes
2026-09-16 13:55:31 [LOG] Response received, transaction 837, function 0x03, 4 bytes PDU
2026-09-16 13:55:31 [LOG] Reading 0x2430 = 0
2026-09-16 13:55:31 [LOG] Request sent, transaction 838, function 0x03, 12 bytes
2026-09-16 13:55:31 [LOG] Response received, transaction 838, function 0x03, 4 bytes PDU
2026-09-16 13:55:31 [LOG] Reading 0x2431 = 0
2026-09-16 13:55:31 [LOG] Request sent, transaction 839, function 0x03, 12 bytes
2026-09-16 13:55:31 [LOG] Response received, transaction 839, function 0x03, 4 bytes PDU
2026-09-16 13:55:31 [LOG] Reading 0x2432 = 0
2026-09-16 13:55:31 [LOG] Request sent, transaction 840, function 0x03, 12 bytes
2026-09-16 13:55:31 [LOG] Response received, transaction 840, function 0x03, 4 bytes PDU
2026-09-16 13:55:31 [LOG] Reading 0x2433 = 0
2026-09-16 13:55:31 [LOG] Request sent, transaction 841, function 0x03, 12 bytes
2026-09-16 13:55:31 [LOG] Response received, transaction 841, function 0x03, 4 bytes PDU
2026-09-16 13:55:31 [LOG] Reading 0x2434 = 0
2026-09-16 13:55:31 No connected clients to send
2026-09-16 13:55:51 [LOG] Request sent, transaction 842, function 0x03, 12 bytes
2026-09-16 13:55:51 [LOG] Response received, transaction 842, function 0x03, 4 bytes PDU
2026-09-16 13:55:51 [LOG] Reading 0x242c = 1
2026-09-16 13:55:51 [LOG] Request sent, transaction 843, function 0x03, 12 bytes
2026-09-16 13:55:51 [LOG] Response received, transaction 843, function 0x03, 4 bytes PDU
2026-09-16 13:55:51 [LOG] Reading 0x242d = 0
2026-09-16 13:55:51 [LOG] Request sent, transaction 844, function 0x03, 12 bytes
2026-09-16 13:55:51 [LOG] Response received, transaction 844, function 0x03, 4 bytes PDU
2026-09-16 13:55:51 [LOG] Reading 0x242e = 0
2026-09-16 13:55:51 [LOG] Request sent, transaction 845, function 0x03, 12 bytes
2026-09-16 13:55:51 [LOG] Response received, transaction 845, function 0x03, 4 bytes PDU
2026-09-16 13:55:51 [LOG] Reading 0x242f = 0
2026-09-16 13:55:51 [LOG] Request sent, transaction 846, function 0x03, 12 bytes
2026-09-16 13:55:51 [LOG] Response received, transaction 846, function 0x03, 4 bytes PDU
2026-09-16 13:55:51 [LOG] Reading 0x2430 = 0
2026-09-16 13:55:51 [LOG] Request sent, transaction 847, function 0x03, 12 bytes
2026-09-16 13:55:51 [LOG] Response received, transaction 847, function 0x03, 4 bytes PDU
2026-09-16 13:55:51 [LOG] Reading 0x2431 = 0
2026-09-16 13:55:51 [LOG] Request sent, transaction 848, function 0x03, 12 bytes
2026-09-16 13:55:51 [LOG] Response received, transaction 848, function 0x03, 4 bytes PDU
2026-09-16 13:55:51 [LOG] Reading 0x2432 = 0
2026-09-16 13:55:51 [LOG] Request sent, transaction 849, function 0x03, 12 bytes
2026-09-16 13:55:51 [LOG] Response received, transaction 849, function 0x03, 4 bytes PDU
2026-09-16 13:55:51 [LOG] Reading 0x2433 = 0
2026-09-16 13:55:51 [LOG] Request sent, transaction 850, function 0x03, 12 bytes
2026-09-16 13:55:51 [LOG] Response received, transaction 850, function 0x03, 4 bytes PDU
2026-09-16 13:55:51 [LOG] Reading 0x2434 = 0
2026-09-16 13:55:51 No connected clients to send
2026-09-16 13:56:11 [LOG] Request sent, transaction 851, function 0x03, 12 bytes
2026-09-16 13:56:11 [LOG] Response received, transaction 851, function 0x03, 4 bytes PDU
2026-09-16 13:56:11 [LOG] Reading 0x242c = 1
2026-09-16 13:56:11 [LOG] Request sent, transaction 852, function 0x03, 12 bytes
2026-09-16 13:56:11 [LOG] Response received, transaction 852, function 0x03, 4 bytes PDU
2026-09-16 13:56:11 [LOG] Reading 0x242d = 0
2026-09-16 13:56:11 [LOG] Request sent, transaction 853, function 0x03, 12 bytes
2026-09-16 13:56:11 [LOG] Response received, transaction 853, function 0x03, 4 bytes PDU
2026-09-16 13:56:11 [LOG] Reading 0x242e = 0
2026-09-16 13:56:11 [LOG] Request sent, transaction 854, function 0x03, 12 bytes
2026-09-16 13:56:11 [LOG] Response received, transaction 854, function 0x03, 4 bytes PDU
2026-09-16 13:56:11 [LOG] Reading 0x242f = 0
2026-09-16 13:56:11 [LOG] Request sent, transaction 855, function 0x03, 12 bytes
2026-09-16 13:56:11 [LOG] Response received, transaction 855, function 0x03, 4 bytes PDU
2026-09-16 13:56:11 [LOG] Reading 0x2430 = 0
2026-09-16 13:56:11 [LOG] Request sent, transaction 856, function 0x03, 12 bytes
2026-09-16 13:56:11 [LOG] Response received, transaction 856, function 0x03, 4 bytes PDU
2026-09-16 13:56:11 [LOG] Reading 0x2431 = 0
2026-09-16 13:56:11 [LOG] Request sent, transaction 857, function 0x03, 12 bytes
2026-09-16 13:56:11 [LOG] Response received, transaction 857, function 0x03, 4 bytes PDU
2026-09-16 13:56:11 [LOG] Reading 0x2432 = 0
2026-09-16 13:56:11 [LOG] Request sent, transaction 858, function 0x03, 12 bytes
2026-09-16 13:56:11 [LOG] Response received, transaction 858, function 0x03, 4 bytes PDU
2026-09-16 13:56:11 [LOG] Reading 0x2433 = 0
2026-09-16 13:56:11 [LOG] Request sent, transaction 859, function 0x03, 12 bytes
2026-09-16 13:56:11 [LOG] Response received, transaction 859, function 0x03, 4 bytes PDU
2026-09-16 13:56:11 [LOG] Reading 0x2434 = 0
2026-09-16 13:56:11 No connected clients to send
2026-09-16 13:56:31 [LOG] Request sent, transaction 860, function 0x03, 12 bytes
2026-09-16 13:56:31 [LOG] Response received, transaction 860, function 0x03, 4 bytes PDU
2026-09-16 13:56:31 [LOG] Reading 0x242c = 1
2026-09-16 13:56:31 [LOG] Request sent, transaction 861, function 0x03, 12 bytes
2026-09-16 13:56:31 [LOG] Response received, transaction 861, function 0x03, 4 bytes PDU
2026-09-16 13:56:31 [LOG] Reading 0x242d = 0
2026-09-16 13:56:31 [LOG] Request sent, transaction 862, function 0x03, 12 bytes
2026-09-16 13:56:31 [LOG] Response received, transaction 862, function 0x03, 4 bytes PDU
2026-09-16 13:56:31 [LOG] Reading 0x242e = 0
2026-09-16 13:56:31 [LOG] Request sent, transaction 863, function 0x03, 12 bytes
2026-09-16 13:56:31 [LOG] Response received, transaction 863, function 0x03, 4 bytes PDU
2026-09-16 13:56:31 [LOG] Reading 0x242f = 0
2026-09-16 13:56:31 [LOG] Request sent, transaction 864, function 0x03, 12 bytes
2026-09-16 13:56:31 [LOG] Response received, transaction 864, function 0x03, 4 bytes PDU
2026-09-16 13:56:31 [LOG] Reading 0x2430 = 0
2026-09-16 13:56:31 [LOG] Request sent, transaction 865, function 0x03, 12 bytes
2026-09-16 13:56:31 [LOG] Response received, transaction 865, function 0x03, 4 bytes PDU
2026-09-16 13:56:31 [LOG] Reading 0x2431 = 0
2026-09-16 13:56:31 [LOG] Request sent, transaction 866, function 0x03, 12 bytes
2026-09-16 13:56:31 [LOG] Response received, transaction 866, function 0x03, 4 bytes PDU
2026-09-16 13:56:31 [LOG] Reading 0x2432 = 0
2026-09-16 13:56:31 [LOG] Request sent, transaction 867, function 0x03, 12 bytes
2026-09-16 13:56:31 [LOG] Response received, transaction 867, function 0x03, 4 bytes PDU
2026-09-16 13:56:31 [LOG] Reading 0x2433 = 0
2026-09-16 13:56:31 [LOG] Request sent, transaction 868, function 0x03, 12 bytes
2026-09-16 13:56:31 [LOG] Response received, transaction 868, function 0x03, 4 bytes PDU
2026-09-16 13:56:31 [LOG] Reading 0x2434 = 0
2026-09-16 13:56:31 No connected clients to send
2026-09-16 13:56:51 [LOG] Request sent, transaction 869, function 0x03, 12 bytes
2026-09-16 13:56:51 [LOG] Response received, transaction 869, function 0x03, 4 bytes PDU
2026-09-16 13:56:51 [LOG] Reading 0x242c = 1
2026-09-16 13:56:51 [LOG] Request sent, transaction 870, function 0x03, 12 bytes
2026-09-16 13:56:51 [LOG] Response received, transaction 870, function 0x03, 4 bytes PDU
2026-09-16 13:56:51 [LOG] Reading 0x242d = 0
2026-09-16 13:56:51 [LOG] Request sent, transaction 871, function 0x03, 12 bytes
2026-09-16 13:56:51 [LOG] Response received, transaction 871, function 0x03, 4 bytes PDU
2026-09-16 13:56:51 [LOG] Reading 0x242e = 0
2026-09-16 13:56:51 [LOG] Request sent, transaction 872, function 0x03, 12 bytes
2026-09-16 13:56:51 [LOG] Response received, transaction 872, function 0x03, 4 bytes PDU
2026-09-16 13:56:51 [LOG] Reading 0x242f = 0
2026-09-16 13:56:51 [LOG] Request sent, transaction 873, function 0x03, 12 bytes
2026-09-16 13:56:51 [LOG] Response received, transaction 873, function 0x03, 4 bytes PDU
2026-09-16 13:56:51 [LOG] Reading 0x2430 = 0
2026-09-16 13:56:51 [LOG] Request sent, transaction 874, function 0x03, 12 bytes
2026-09-16 13:56:51 [LOG] Response received, transaction 874, function 0x03, 4 bytes PDU
2026-09-16 13:56:51 [LOG] Reading 0x2431 = 0
2026-09-16 13:56:51 [LOG] Request sent, transaction 875, function 0x03, 12 bytes
2026-09-16 13:56:51 [LOG] Response received, transaction 875, function 0x03, 4 bytes PDU
2026-09-16 13:56:51 [LOG] Reading 0x2432 = 0
2026-09-16 13:56:51 [LOG] Request sent, transaction 876, function 0x03, 12 bytes
2026-09-16 13:56:51 [LOG] Response received, transaction 876, function 0x03, 4 bytes PDU
2026-09-16 13:56:51 [LOG] Reading 0x2433 = 0
2026-09-16 13:56:51 [LOG] Request sent, transaction 877, function 0x03, 12 bytes
2026-09-16 13:56:51 [LOG] Response received, transaction 877, function 0x03, 4 bytes PDU
2026-09-16 13:56:51 [LOG] Reading 0x2434 = 0
2026-09-16 13:56:51 No connected clients to send
2026-09-16 13:57:11 [LOG] Request sent, transaction 878, function 0x03, 12 bytes
2026-09-16 13:57:11 [LOG] Response received, transaction 878, function 0x03, 4 bytes PDU
2026-09-16 13:57:11 [LOG] Reading 0x242c = 1
2026-09-16 13:57:11 [LOG] Request sent, transaction 879, function 0x03, 12 bytes
2026-09-16 13:57:11 [LOG] Response received, transaction 879, function 0x03, 4 bytes PDU
2026-09-16 13:57:11 [LOG] Reading 0x242d = 0
2026-09-16 13:57:11 [LOG] Request sent, transaction 880, function 0x03, 12 bytes
2026-09-16 13:57:11 [LOG] Response received, transaction 880, function 0x03, 4 bytes PDU
2026-09-16 13:57:11 [LOG] Reading 0x242e = 0
2026-09-16 13:57:11 [LOG] Request sent, transaction 881, function 0x03, 12 bytes
2026-09-16 13:57:11 [LOG] Response received, transaction 881, function 0x03, 4 bytes PDU
2026-09-16 13:57:11 [LOG] Reading 0x242f = 0
2026-09-16 13:57:11 [LOG] Request sent, transaction 882, function 0x03, 12 bytes
2026-09-16 13:57:11 [LOG] Response received, transaction 882, function 0x03, 4 bytes PDU
2026-09-16 13:57:11 [LOG] Reading 0x2430 = 0
2026-09-16 13:57:11 [LOG] Request sent, transaction 883, function 0x03, 12 bytes
2026-09-16 13:57:11 [LOG] Response received, transaction 883, function 0x03, 4 bytes PDU
2026-09-16 13:57:11 [LOG] Reading 0x2431 = 0
2026-09-16 13:57:11 [LOG] Request sent, transaction 884, function 0x03, 12 bytes
2026-09-16 13:57:11 [LOG] Response received, transaction 884, function 0x03, 4 bytes PDU
2026-09-16 13:57:11 [LOG] Reading 0x2432 = 0
2026-09-16 13:57:11 [LOG] Request sent, transaction 885, function 0x03, 12 bytes
2026-09-16 13:57:11 [LOG] Response received, transaction 885, function 0x03, 4 bytes PDU
2026-09-16 13:57:11 [LOG] Reading 0x2433 = 0
2026-09-16 13:57:11 [LOG] Request sent, transaction 886, function 0x03, 12 bytes
2026-09-16 13:57:11 [LOG] Response received, transaction 886, function 0x03, 4 bytes PDU
2026-09-16 13:57:11 [LOG] Reading 0x2434 = 0
2026-09-16 13:57:11 No connected clients to send
2026-09-16 13:57:31 [LOG] Request sent, transaction 887, function 0x03, 12 bytes
2026-09-16 13:57:31 [LOG] Response received, transaction 887, function 0x03, 4 bytes PDU
2026-09-16 13:57:31 [LOG] Reading 0x242c = 1
2026-09-16 13:57:31 [LOG] Request sent, transaction 888, function 0x03, 12 bytes
2026-09-16 13:57:31 [LOG] Response received, transaction 888, function 0x03, 4 bytes PDU
2026-09-16 13:57:31 [LOG] Reading 0x242d = 0
2026-09-16 13:57:31 [LOG] Request sent, transaction 889, function 0x03, 12 bytes
2026-09-16 13:57:31 [LOG] Response received, transaction 889, function 0x03, 4 bytes PDU
2026-09-16 13:57:31 [LOG] Reading 0x242e = 0
2026-09-16 13:57:31 [LOG] Request sent, transaction 890, function 0x03, 12 bytes
2026-09-16 13:57:31 [LOG] Response received, transaction 890, function 0x03, 4 bytes PDU
2026-09-16 13:57:31 [LOG] Reading 0x242f = 0
2026-09-16 13:57:31 [LOG] Request sent, transaction 891, function 0x03, 12 bytes
2026-09-16 13:57:31 [LOG] Response received, transaction 891, function 0x03, 4 bytes PDU
2026-09-16 13:57:31 [LOG] Reading 0x2430 = 0
2026-09-16 13:57:31 [LOG] Request sent, transaction 892, function 0x03, 12 bytes
2026-09-16 13:57:31 [LOG] Response received, transaction 892, function 0x03, 4 bytes PDU
2026-09-16 13:57:31 [LOG] Reading 0x2431 = 0
2026-09-16 13:57:31 [LOG] Request sent, transaction 893, function 0x03, 12 bytes
2026-09-16 13:57:31 [LOG] Response received, transaction 893, function 0x03, 4 bytes PDU
2026-09-16 13:57:31 [LOG] Reading 0x2432 = 0
2026-09-16 13:57:31 [LOG] Request sent, transaction 894, function 0x03, 12 bytes
2026-09-16 13:57:31 [LOG] Response received, transaction 894, function 0x03, 4 bytes PDU
2026-09-16 13:57:31 [LOG] Reading 0x2433 = 0
2026-09-16 13:57:31 [LOG] Request sent, transaction 895, function 0x03, 12 bytes
2026-09-16 13:57:31 [LOG] Response received, transaction 895, function 0x03, 4 bytes PDU
2026-09-16 13:57:31 [LOG] Reading 0x2434 = 0
2026-09-16 13:57:31 No connected clients to send
2026-09-16 13:57:51 [LOG] Request sent, transaction 896, function 0x03, 12 bytes
2026-09-16 13:57:51 [LOG] Response received, transaction 896, function 0x03, 4 bytes PDU
2026-09-16 13:57:51 [LOG] Reading 0x242c = 1
2026-09-16 13:57:51 [LOG] Request sent, transaction 897, function 0x03, 12 bytes
2026-09-16 13:57:51 [LOG] Response received, transaction 897, function 0x03, 4 bytes PDU
2026-09-16 13:57:51 [LOG] Reading 0x242d = 0
2026-09-16 13:57:51 [LOG] Request sent, transaction 898, function 0x03, 12 bytes
2026-09-16 13:57:51 [LOG] Response received, transaction 898, function 0x03, 4 bytes PDU
2026-09-16 13:57:51 [LOG] Reading 0x242e = 0
2026-09-16 13:57:51 [LOG] Request sent, transaction 899, function 0x03, 12 bytes
2026-09-16 13:57:51 [LOG] Response received, transaction 899, function 0x03, 4 bytes PDU
2026-09-16 13:57:51 [LOG] Reading 0x242f = 0
2026-09-16 13:57:51 [LOG] Request sent, transaction 900, function 0x03, 12 bytes
2026-09-16 13:57:51 [LOG] Response received, transaction 900, function 0x03, 4 bytes PDU
2026-09-16 13:57:51 [LOG] Reading 0x2430 = 0
2026-09-16 13:57:51 [LOG] Request sent, transaction 901, function 0x03, 12 bytes
2026-09-16 13:57:51 [LOG] Response received, transaction 901, function 0x03, 4 bytes PDU
2026-09-16 13:57:51 [LOG] Reading 0x2431 = 0
2026-09-16 13:57:51 [LOG] Request sent, transaction 902, function 0x03, 12 bytes
2026-09-16 13:57:51 [LOG] Response received, transaction 902, function 0x03, 4 bytes PDU
2026-09-16 13:57:51 [LOG] Reading 0x2432 = 0
2026-09-16 13:57:51 [LOG] Request sent, transaction 903, function 0x03, 12 bytes
2026-09-16 13:57:51 [LOG] Response received, transaction 903, function 0x03, 4 bytes PDU
2026-09-16 13:57:51 [LOG] Reading 0x2433 = 0
2026-09-16 13:57:51 [LOG] Request sent, transaction 904, function 0x03, 12 bytes
2026-09-16 13:57:51 [LOG] Response received, transaction 904, function 0x03, 4 bytes PDU
2026-09-16 13:57:51 [LOG] Reading 0x2434 = 0
2026-09-16 13:57:51 No connected clients to send
2026-09-16 13:58:11 [LOG] Request sent, transaction 905, function 0x03, 12 bytes
2026-09-16 13:58:11 [LOG] Response received, transaction 905, function 0x03, 4 bytes PDU
2026-09-16 13:58:11 [LOG] Reading 0x242c = 1
2026-09-16 13:58:11 [LOG] Request sent, transaction 906, function 0x03, 12 bytes
2026-09-16 13:58:11 [LOG] Response received, transaction 906, function 0x03, 4 bytes PDU
2026-09-16 13:58:11 [LOG] Reading 0x242d = 0
2026-09-16 13:58:11 [LOG] Request sent, transaction 907, function 0x03, 12 bytes
2026-09-16 13:58:11 [LOG] Response received, transaction 907, function 0x03, 4 bytes PDU
2026-09-16 13:58:11 [LOG] Reading 0x242e = 0
2026-09-16 13:58:11 [LOG] Request sent, transaction 908, function 0x03, 12 bytes
2026-09-16 13:58:11 [LOG] Response received, transaction 908, function 0x03, 4 bytes PDU
2026-09-16 13:58:11 [LOG] Reading 0x242f = 0
2026-09-16 13:58:11 [LOG] Request sent, transaction 909, function 0x03, 12 bytes
2026-09-16 13:58:11 [LOG] Response received, transaction 909, function 0x03, 4 bytes PDU
2026-09-16 13:58:11 [LOG] Reading 0x2430 = 0
2026-09-16 13:58:11 [LOG] Request sent, transaction 910, function 0x03, 12 bytes
2026-09-16 13:58:11 [LOG] Response received, transaction 910, function 0x03, 4 bytes PDU
2026-09-16 13:58:11 [LOG] Reading 0x2431 = 0
2026-09-16 13:58:11 [LOG] Request sent, transaction 911, function 0x03, 12 bytes
2026-09-16 13:58:11 [LOG] Response received, transaction 911, function 0x03, 4 bytes PDU
2026-09-16 13:58:11 [LOG] Reading 0x2432 = 0
2026-09-16 13:58:11 [LOG] Request sent, transaction 912, function 0x03, 12 bytes
2026-09-16 13:58:11 [LOG] Response received, transaction 912, function 0x03, 4 bytes PDU
2026-09-16 13:58:11 [LOG] Reading 0x2433 = 0
2026-09-16 13:58:11 [LOG] Request sent, transaction 913, function 0x03, 12 bytes
2026-09-16 13:58:11 [LOG] Response received, transaction 913, function 0x03, 4 bytes PDU
2026-09-16 13:58:11 [LOG] Reading 0x2434 = 0
2026-09-16 13:58:11 No connected clients to send
2026-09-16 13:58:31 [LOG] Request sent, transaction 914, function 0x03, 12 bytes
2026-09-16 13:58:31 [LOG] Response received, transaction 914, function 0x03, 4 bytes PDU
2026-09-16 13:58:31 [LOG] Reading 0x242c = 1
2026-09-16 13:58:31 [LOG] Request sent, transaction 915, function 0x03, 12 bytes
2026-09-16 13:58:31 [LOG] Response received, transaction 915, function 0x03, 4 bytes PDU
2026-09-16 13:58:31 [LOG] Reading 0x242d = 0
2026-09-16 13:58:31 [LOG] Request sent, transaction 916, function 0x03, 12 bytes
2026-09-16 13:58:31 [LOG] Response received, transaction 916, function 0x03, 4 bytes PDU
2026-09-16 13:58:31 [LOG] Reading 0x242e = 0
2026-09-16 13:58:31 [LOG] Request sent, transaction 917, function 0x03, 12 bytes
2026-09-16 13:58:31 [LOG] Response received, transaction 917, function 0x03, 4 bytes PDU
2026-09-16 13:58:31 [LOG] Reading 0x242f = 0
2026-09-16 13:58:31 [LOG] Request sent, transaction 918, function 0x03, 12 bytes
2026-09-16 13:58:31 [LOG] Response received, transaction 918, function 0x03, 4 bytes PDU
2026-09-16 13:58:31 [LOG] Reading 0x2430 = 0
2026-09-16 13:58:31 [LOG] Request sent, transaction 919, function 0x03, 12 bytes
2026-09-16 13:58:31 [LOG] Response received, transaction 919, function 0x03, 4 bytes PDU
2026-09-16 13:58:31 [LOG] Reading 0x2431 = 0
2026-09-16 13:58:31 [LOG] Request sent, transaction 920, function 0x03, 12 bytes
2026-09-16 13:58:31 [LOG] Response received, transaction 920, function 0x03, 4 bytes PDU
2026-09-16 13:58:31 [LOG] Reading 0x2432 = 0
2026-09-16 13:58:31 [LOG] Request sent, transaction 921, function 0x03, 12 bytes
2026-09-16 13:58:31 [LOG] Response received, transaction 921, function 0x03, 4 bytes PDU
2026-09-16 13:58:31 [LOG] Reading 0x2433 = 0
2026-09-16 13:58:31 [LOG] Request sent, transaction 922, function 0x03, 12 bytes
2026-09-16 13:58:31 [LOG] Response received, transaction 922, function 0x03, 4 bytes PDU
2026-09-16 13:58:31 [LOG] Reading 0x2434 = 0
2026-09-16 13:58:31 No connected clients to send
2026-09-16 13:58:51 [LOG] Request sent, transaction 923, function 0x03, 12 bytes
2026-09-16 13:58:51 [LOG] Response received, transaction 923, function 0x03, 4 bytes PDU
2026-09-16 13:58:51 [LOG] Reading 0x242c = 1
2026-09-16 13:58:51 [LOG] Request sent, transaction 924, function 0x03, 12 bytes
2026-09-16 13:58:51 [LOG] Response received, transaction 924, function 0x03, 4 bytes PDU
2026-09-16 13:58:51 [LOG] Reading 0x242d = 0
2026-09-16 13:58:51 [LOG] Request sent, transaction 925, function 0x03, 12 bytes
2026-09-16 13:58:51 [LOG] Response received, transaction 925, function 0x03, 4 bytes PDU
2026-09-16 13:58:51 [LOG] Reading 0x242e = 0
2026-09-16 13:58:51 [LOG] Request sent, transaction 926, function 0x03, 12 bytes
2026-09-16 13:58:51 [LOG] Response received, transaction 926, function 0x03, 4 bytes PDU
2026-09-16 13:58:51 [LOG] Reading 0x242f = 0
2026-09-16 13:58:51 [LOG] Request sent, transaction 927, function 0x03, 12 bytes
2026-09-16 13:58:51 [LOG] Response received, transaction 927, function 0x03, 4 bytes PDU
2026-09-16 13:58:51 [LOG] Reading 0x2430 = 0
2026-09-16 13:58:51 [LOG] Request sent, transaction 928, function 0x03, 12 bytes
2026-09-16 13:58:51 [LOG] Response received, transaction 928, function 0x03, 4 bytes PDU
2026-09-16 13:58:51 [LOG] Reading 0x2431 = 0
2026-09-16 13:58:51 [LOG] Request sent, transaction 929, function 0x03, 12 bytes
2026-09-16 13:58:51 [LOG] Response received, transaction 929, function 0x03, 4 bytes PDU
2026-09-16 13:58:51 [LOG] Reading 0x2432 = 0
2026-09-16 13:58:51 [LOG] Request sent, transaction 930, function 0x03, 12 bytes
2026-09-16 13:58:51 [LOG] Response received, transaction 930, function 0x03, 4 bytes PDU
2026-09-16 13:58:51 [LOG] Reading 0x2433 = 0
2026-09-16 13:58:51 [LOG] Request sent, transaction 931, function 0x03, 12 bytes
2026-09-16 13:58:51 [LOG] Response received, transaction 931, function 0x03, 4 bytes PDU
2026-09-16 13:58:51 [LOG] Reading 0x2434 = 0
2026-09-16 13:58:51 No connected clients to send
2026-09-16 13:59:11 [LOG] Request sent, transaction 932, function 0x03, 12 bytes
2026-09-16 13:59:11 [LOG] Response received, transaction 932, function 0x03, 4 bytes PDU
2026-09-16 13:59:11 [LOG] Reading 0x242c = 1
2026-09-16 13:59:11 [LOG] Request sent, transaction 933, function 0x03, 12 bytes
2026-09-16 13:59:11 [LOG] Response received, transaction 933, function 0x03, 4 bytes PDU
2026-09-16 13:59:11 [LOG] Reading 0x242d = 0
2026-09-16 13:59:11 [LOG] Request sent, transaction 934, function 0x03, 12 bytes
2026-09-16 13:59:11 [LOG] Response received, transaction 934, function 0x03, 4 bytes PDU
2026-09-16 13:59:11 [LOG] Reading 0x242e = 0
2026-09-16 13:59:11 [LOG] Request sent, transaction 935, function 0x03, 12 bytes
2026-09-16 13:59:11 [LOG] Response received, transaction 935, function 0x03, 4 bytes PDU
2026-09-16 13:59:11 [LOG] Reading 0x242f = 0
2026-09-16 13:59:11 [LOG] Request sent, transaction 936, function 0x03, 12 bytes
2026-09-16 13:59:11 [LOG] Response received, transaction 936, function 0x03, 4 bytes PDU
2026-09-16 13:59:11 [LOG] Reading 0x2430 = 0
2026-09-16 13:59:11 [LOG] Request sent, transaction 937, function 0x03, 12 bytes
2026-09-16 13:59:11 [LOG] Response received, transaction 937, function 0x03, 4 bytes PDU
2026-09-16 13:59:11 [LOG] Reading 0x2431 = 0
2026-09-16 13:59:11 [LOG] Request sent, transaction 938, function 0x03, 12 bytes
2026-09-16 13:59:11 [LOG] Response received, transaction 938, function 0x03, 4 bytes PDU
2026-09-16 13:59:11 [LOG] Reading 0x2432 = 0
2026-09-16 13:59:11 [LOG] Request sent, transaction 939, function 0x03, 12 bytes
2026-09-16 13:59:11 [LOG] Response received, transaction 939, function 0x03, 4 bytes PDU
2026-09-16 13:59:11 [LOG] Reading 0x2433 = 0
2026-09-16 13:59:11 [LOG] Request sent, transaction 940, function 0x03, 12 bytes
2026-09-16 13:59:11 [LOG] Response received, transaction 940, function 0x03, 4 bytes PDU
2026-09-16 13:59:11 [LOG] Reading 0x2434 = 0
2026-09-16 13:59:11 No connected clients to send
2026-09-16 13:59:31 [LOG] Request sent, transaction 941, function 0x03, 12 bytes
2026-09-16 13:59:31 [LOG] Response received, transaction 941, function 0x03, 4 bytes PDU
2026-09-16 13:59:31 [LOG] Reading 0x242c = 1
2026-09-16 13:59:31 [LOG] Request sent, transaction 942, function 0x03, 12 bytes
2026-09-16 13:59:31 [LOG] Response received, transaction 942, function 0x03, 4 bytes PDU
2026-09-16 13:59:31 [LOG] Reading 0x242d = 0
2026-09-16 13:59:31 [LOG] Request sent, transaction 943, function 0x03, 12 bytes
2026-09-16 13:59:31 [LOG] Response received, transaction 943, function 0x03, 4 bytes PDU
2026-09-16 13:59:31 [LOG] Reading 0x242e = 0
2026-09-16 13:59:31 [LOG] Request sent, transaction 944, function 0x03, 12 bytes
2026-09-16 13:59:31 [LOG] Response received, transaction 944, function 0x03, 4 bytes PDU
2026-09-16 13:59:31 [LOG] Reading 0x242f = 0
2026-09-16 13:59:31 [LOG] Request sent, transaction 945, function 0x03, 12 bytes
2026-09-16 13:59:31 [LOG] Response received, transaction 945, function 0x03, 4 bytes PDU
2026-09-16 13:59:31 [LOG] Reading 0x2430 = 0
2026-09-16 13:59:31 [LOG] Request sent, transaction 946, function 0x03, 12 bytes
2026-09-16 13:59:31 [LOG] Response received, transaction 946, function 0x03, 4 bytes PDU
2026-09-16 13:59:31 [LOG] Reading 0x2431 = 0
2026-09-16 13:59:31 [LOG] Request sent, transaction 947, function 0x03, 12 bytes
2026-09-16 13:59:31 [LOG] Response received, transaction 947, function 0x03, 4 bytes PDU
2026-09-16 13:59:31 [LOG] Reading 0x2432 = 0
2026-09-16 13:59:31 [LOG] Request sent, transaction 948, function 0x03, 12 bytes
2026-09-16 13:59:31 [LOG] Response received, transaction 948, function 0x03, 4 bytes PDU
2026-09-16 13:59:31 [LOG] Reading 0x2433 = 0
2026-09-16 13:59:31 [LOG] Request sent, transaction 949, function 0x03, 12 bytes
2026-09-16 13:59:31 [LOG] Response received, transaction 949, function 0x03, 4 bytes PDU
2026-09-16 13:59:31 [LOG] Reading 0x2434 = 0
2026-09-16 13:59:31 No connected clients to send
2026-09-16 13:59:51 [LOG] Request sent, transaction 950, function 0x03, 12 bytes
2026-09-16 13:59:51 [LOG] Response received, transaction 950, function 0x03, 4 bytes PDU
2026-09-16 13:59:51 [LOG] Reading 0x242c = 1
2026-09-16 13:59:51 [LOG] Request sent, transaction 951, function 0x03, 12 bytes
2026-09-16 13:59:51 [LOG] Response received, transaction 951, function 0x03, 4 bytes PDU
2026-09-16 13:59:51 [LOG] Reading 0x242d = 0
2026-09-16 13:59:51 [LOG] Request sent, transaction 952, function 0x03, 12 bytes
2026-09-16 13:59:51 [LOG] Response received, transaction 952, function 0x03, 4 bytes PDU
2026-09-16 13:59:51 [LOG] Reading 0x242e = 0
2026-09-16 13:59:51 [LOG] Request sent, transaction 953, function 0x03, 12 bytes
2026-09-16 13:59:51 [LOG] Response received, transaction 953, function 0x03, 4 bytes PDU
2026-09-16 13:59:51 [LOG] Reading 0x242f = 0
2026-09-16 13:59:51 [LOG] Request sent, transaction 954, function 0x03, 12 bytes
2026-09-16 13:59:51 [LOG] Response received, transaction 954, function 0x03, 4 bytes PDU
2026-09-16 13:59:51 [LOG] Reading 0x2430 = 0
2026-09-16 13:59:51 [LOG] Request sent, transaction 955, function 0x03, 12 bytes
2026-09-16 13:59:51 [LOG] Response received, transaction 955, function 0x03, 4 bytes PDU
2026-09-16 13:59:51 [LOG] Reading 0x2431 = 0
2026-09-16 13:59:51 [LOG] Request sent, transaction 956, function 0x03, 12 bytes
2026-09-16 13:59:51 [LOG] Response received, transaction 956, function 0x03, 4 bytes PDU
2026-09-16 13:59:51 [LOG] Reading 0x2432 = 0
2026-09-16 13:59:51 [LOG] Request sent, transaction 957, function 0x03, 12 bytes
2026-09-16 13:59:51 [LOG] Response received, transaction 957, function 0x03, 4 bytes PDU
2026-09-16 13:59:51 [LOG] Reading 0x2433 = 0
2026-09-16 13:59:51 [LOG] Request sent, transaction 958, function 0x03, 12 bytes
2026-09-16 13:59:51 [LOG] Response received, transaction 958, function 0x03, 4 bytes PDU
2026-09-16 13:59:51 [LOG] Reading 0x2434 = 0
2026-09-16 13:59:51 No connected clients to send
2026-09-16 14:00:11 [LOG] Request sent, transaction 959, function 0x03, 12 bytes
2026-09-16 14:00:11 [LOG] Response received, transaction 959, function 0x03, 4 bytes PDU
2026-09-16 14:00:11 [LOG] Reading 0x242c = 1
2026-09-16 14:00:11 [LOG] Request sent, transaction 960, function 0x03, 12 bytes
2026-09-16 14:00:11 [LOG] Response received, transaction 960, function 0x03, 4 bytes PDU
2026-09-16 14:00:11 [LOG] Reading 0x242d = 0
2026-09-16 14:00:11 [LOG] Request sent, transaction 961, function 0x03, 12 bytes
2026-09-16 14:00:11 [LOG] Response received, transaction 961, function 0x03, 4 bytes PDU
2026-09-16 14:00:11 [LOG] Reading 0x242e = 0
2026-09-16 14:00:11 [LOG] Request sent, transaction 962, function 0x03, 12 bytes
2026-09-16 14:00:11 [LOG] Response received, transaction 962, function 0x03, 4 bytes PDU
2026-09-16 14:00:11 [LOG] Reading 0x242f = 0
2026-09-16 14:00:11 [LOG] Request sent, transaction 963, function 0x03, 12 bytes
2026-09-16 14:00:11 [LOG] Response received, transaction 963, function 0x03, 4 bytes PDU
2026-09-16 14:00:11 [LOG] Reading 0x2430 = 0
2026-09-16 14:00:11 [LOG] Request sent, transaction 964, function 0x03, 12 bytes
2026-09-16 14:00:11 [LOG] Response received, transaction 964, function 0x03, 4 bytes PDU
2026-09-16 14:00:11 [LOG] Reading 0x2431 = 0
2026-09-16 14:00:11 [LOG] Request sent, transaction 965, function 0x03, 12 bytes
2026-09-16 14:00:11 [LOG] Response received, transaction 965, function 0x03, 4 bytes PDU
2026-09-16 14:00:11 [LOG] Reading 0x2432 = 0
2026-09-16 14:00:11 [LOG] Request sent, transaction 966, function 0x03, 12 bytes
2026-09-16 14:00:11 [LOG] Response received, transaction 966, function 0x03, 4 bytes PDU
2026-09-16 14:00:11 [LOG] Reading 0x2433 = 0
2026-09-16 14:00:11 [LOG] Request sent, transaction 967, function 0x03, 12 bytes
2026-09-16 14:00:11 [LOG] Response received, transaction 967, function 0x03, 4 bytes PDU
2026-09-16 14:00:11 [LOG] Reading 0x2434 = 0
2026-09-16 14:00:11 No connected clients to send
2026-09-16 14:00:31 [LOG] Request sent, transaction 968, function 0x03, 12 bytes
2026-09-16 14:00:31 [LOG] Response received, transaction 968, function 0x03, 4 bytes PDU
2026-09-16 14:00:31 [LOG] Reading 0x242c = 1
2026-09-16 14:00:31 [LOG] Request sent, transaction 969, function 0x03, 12 bytes
2026-09-16 14:00:31 [LOG] Response received, transaction 969, function 0x03, 4 bytes PDU
2026-09-16 14:00:31 [LOG] Reading 0x242d = 0
2026-09-16 14:00:31 [LOG] Request sent, transaction 970, function 0x03, 12 bytes
2026-09-16 14:00:31 [LOG] Response received, transaction 970, function 0x03, 4 bytes PDU
2026-09-16 14:00:31 [LOG] Reading 0x242e = 0
2026-09-16 14:00:31 [LOG] Request sent, transaction 971, function 0x03, 12 bytes
2026-09-16 14:00:31 [LOG] Response received, transaction 971, function 0x03, 4 bytes PDU
2026-09-16 14:00:31 [LOG] Reading 0x242f = 0
2026-09-16 14:00:31 [LOG] Request sent, transaction 972, function 0x03, 12 bytes
2026-09-16 14:00:31 [LOG] Response received, transaction 972, function 0x03, 4 bytes PDU
2026-09-16 14:00:31 [LOG] Reading 0x2430 = 0
2026-09-16 14:00:31 [LOG] Request sent, transaction 973, function 0x03, 12 bytes
2026-09-16 14:00:31 [LOG] Response received, transaction 973, function 0x03, 4 bytes PDU
2026-09-16 14:00:31 [LOG] Reading 0x2431 = 0
2026-09-16 14:00:31 [LOG] Request sent, transaction 974, function 0x03, 12 bytes
2026-09-16 14:00:31 [LOG] Response received, transaction 974, function 0x03, 4 bytes PDU
2026-09-16 14:00:31 [LOG] Reading 0x2432 = 0
2026-09-16 14:00:31 [LOG] Request sent, transaction 975, function 0x03, 12 bytes
2026-09-16 14:00:31 [LOG] Response received, transaction 975, function 0x03, 4 bytes PDU
2026-09-16 14:00:31 [LOG] Reading 0x2433 = 0
2026-09-16 14:00:31 [LOG] Request sent, transaction 976, function 0x03, 12 bytes
2026-09-16 14:00:31 [LOG] Response received, transaction 976, function 0x03, 4 bytes PDU
2026-09-16 14:00:31 [LOG] Reading 0x2434 = 0
2026-09-16 14:00:31 No connected clients to send
2026-09-16 14:00:51 [LOG] Request sent, transaction 977, function 0x03, 12 bytes
2026-09-16 14:00:51 [LOG] Response received, transaction 977, function 0x03, 4 bytes PDU
2026-09-16 14:00:51 [LOG] Reading 0x242c = 1
2026-09-16 14:00:51 [LOG] Request sent, transaction 978, function 0x03, 12 bytes
2026-09-16 14:00:51 [LOG] Response received, transaction 978, function 0x03, 4 bytes PDU
2026-09-16 14:00:51 [LOG] Reading 0x242d = 0
2026-09-16 14:00:51 [LOG] Request sent, transaction 979, function 0x03, 12 bytes
2026-09-16 14:00:51 [LOG] Response received, transaction 979, function 0x03, 4 bytes PDU
2026-09-16 14:00:51 [LOG] Reading 0x242e = 0
2026-09-16 14:00:51 [LOG] Request sent, transaction 980, function 0x03, 12 bytes
2026-09-16 14:00:51 [LOG] Response received, transaction 980, function 0x03, 4 bytes PDU
2026-09-16 14:00:51 [LOG] Reading 0x242f = 0
2026-09-16 14:00:51 [LOG] Request sent, transaction 981, function 0x03, 12 bytes
2026-09-16 14:00:51 [LOG] Response received, transaction 981, function 0x03, 4 bytes PDU
2026-09-16 14:00:51 [LOG] Reading 0x2430 = 0
2026-09-16 14:00:51 [LOG] Request sent, transaction 982, function 0x03, 12 bytes
2026-09-16 14:00:51 [LOG] Response received, transaction 982, function 0x03, 4 bytes PDU
2026-09-16 14:00:51 [LOG] Reading 0x2431 = 0
2026-09-16 14:00:51 [LOG] Request sent, transaction 983, function 0x03, 12 bytes
2026-09-16 14:00:51 [LOG] Response received, transaction 983, function 0x03, 4 bytes PDU
2026-09-16 14:00:51 [LOG] Reading 0x2432 = 0
2026-09-16 14:00:51 [LOG] Request sent, transaction 984, function 0x03, 12 bytes
2026-09-16 14:00:51 [LOG] Response received, transaction 984, function 0x03, 4 bytes PDU
2026-09-16 14:00:51 [LOG] Reading 0x2433 = 0
2026-09-16 14:00:51 [LOG] Request sent, transaction 985, function 0x03, 12 bytes
2026-09-16 14:00:51 [LOG] Response received, transaction 985, function 0x03, 4 bytes PDU
2026-09-16 14:00:51 [LOG] Reading 0x2434 = 0
2026-09-16 14:00:51 No connected clients to send
2026-09-16 14:01:11 [LOG] Request sent, transaction 986, function 0x03, 12 bytes
2026-09-16 14:01:11 [LOG] Response received, transaction 986, function 0x03, 4 bytes PDU
2026-09-16 14:01:11 [LOG] Reading 0x242c = 1
2026-09-16 14:01:11 [LOG] Request sent, transaction 987, function 0x03, 12 bytes
2026-09-16 14:01:11 [LOG] Response received, transaction 987, function 0x03, 4 bytes PDU
2026-09-16 14:01:11 [LOG] Reading 0x242d = 0
2026-09-16 14:01:11 [LOG] Request sent, transaction 988, function 0x03, 12 bytes
2026-09-16 14:01:11 [LOG] Response received, transaction 988, function 0x03, 4 bytes PDU
2026-09-16 14:01:11 [LOG] Reading 0x242e = 0
2026-09-16 14:01:11 [LOG] Request sent, transaction 989, function 0x03, 12 bytes
2026-09-16 14:01:11 [LOG] Response received, transaction 989, function 0x03, 4 bytes PDU
2026-09-16 14:01:11 [LOG] Reading 0x242f = 0
2026-09-16 14:01:11 [LOG] Request sent, transaction 990, function 0x03, 12 bytes
2026-09-16 14:01:11 [LOG] Response received, transaction 990, function 0x03, 4 bytes PDU
2026-09-16 14:01:11 [LOG] Reading 0x2430 = 0
2026-09-16 14:01:11 [LOG] Request sent, transaction 991, function 0x03, 12 bytes
2026-09-16 14:01:11 [LOG] Response received, transaction 991, function 0x03, 4 bytes PDU
2026-09-16 14:01:11 [LOG] Reading 0x2431 = 0
2026-09-16 14:01:11 [LOG] Request sent, transaction 992, function 0x03, 12 bytes
2026-09-16 14:01:11 [LOG] Response received, transaction 992, function 0x03, 4 bytes PDU
2026-09-16 14:01:11 [LOG] Reading 0x2432 = 0
2026-09-16 14:01:11 [LOG] Request sent, transaction 993, function 0x03, 12 bytes
2026-09-16 14:01:11 [LOG] Response received, transaction 993, function 0x03, 4 bytes PDU
2026-09-16 14:01:11 [LOG] Reading 0x2433 = 0
2026-09-16 14:01:11 [LOG] Request sent, transaction 994, function 0x03, 12 bytes
2026-09-16 14:01:11 [LOG] Response received, transaction 994, function 0x03, 4 bytes PDU
2026-09-16 14:01:11 [LOG] Reading 0x2434 = 0
2026-09-16 14:01:11 No connected clients to send
2026-09-16 14:01:31 [LOG] Request sent, transaction 995, function 0x03, 12 bytes
2026-09-16 14:01:31 [LOG] Response received, transaction 995, function 0x03, 4 bytes PDU
2026-09-16 14:01:31 [LOG] Reading 0x242c = 1
2026-09-16 14:01:31 [LOG] Request sent, transaction 996, function 0x03, 12 bytes
2026-09-16 14:01:31 [LOG] Response received, transaction 996, function 0x03, 4 bytes PDU
2026-09-16 14:01:31 [LOG] Reading 0x242d = 0
2026-09-16 14:01:31 [LOG] Request sent, transaction 997, function 0x03, 12 bytes
2026-09-16 14:01:31 [LOG] Response received, transaction 997, function 0x03, 4 bytes PDU
2026-09-16 14:01:31 [LOG] Reading 0x242e = 0
2026-09-16 14:01:31 [LOG] Request sent, transaction 998, function 0x03, 12 bytes
2026-09-16 14:01:31 [LOG] Response received, transaction 998, function 0x03, 4 bytes PDU
2026-09-16 14:01:31 [LOG] Reading 0x242f = 0
2026-09-16 14:01:31 [LOG] Request sent, transaction 999, function 0x03, 12 bytes
2026-09-16 14:01:31 [LOG] Response received, transaction 999, function 0x03, 4 bytes PDU
2026-09-16 14:01:31 [LOG] Reading 0x2430 = 0
2026-09-16 14:01:31 [LOG] Request sent, transaction 1000, function 0x03, 12 bytes
2026-09-16 14:01:31 [LOG] Response received, transaction 1000, function 0x03, 4 bytes PDU
2026-09-16 14:01:31 [LOG] Reading 0x2431 = 0
2026-09-16 14:01:31 [LOG] Request sent, transaction 1001, function 0x03, 12 bytes
2026-09-16 14:01:31 [LOG] Response received, transaction 1001, function 0x03, 4 bytes PDU
2026-09-16 14:01:31 [LOG] Reading 0x2432 = 0
2026-09-16 14:01:31 [LOG] Request sent, transaction 1002, function 0x03, 12 bytes
2026-09-16 14:01:31 [LOG] Response received, transaction 1002, function 0x03, 4 bytes PDU
2026-09-16 14:01:31 [LOG] Reading 0x2433 = 0
2026-09-16 14:01:31 [LOG] Request sent, transaction 1003, function 0x03, 12 bytes
2026-09-16 14:01:31 [LOG] Response received, transaction 1003, function 0x03, 4 bytes PDU
2026-09-16 14:01:31 [LOG] Reading 0x2434 = 0
2026-09-16 14:01:31 No connected clients to send
2026-09-16 14:01:51 [LOG] Request sent, transaction 1004, function 0x03, 12 bytes
2026-09-16 14:01:51 [LOG] Response received, transaction 1004, function 0x03, 4 bytes PDU
2026-09-16 14:01:51 [LOG] Reading 0x242c = 1
2026-09-16 14:01:51 [LOG] Request sent, transaction 1005, function 0x03, 12 bytes
2026-09-16 14:01:51 [LOG] Response received, transaction 1005, function 0x03, 4 bytes PDU
2026-09-16 14:01:51 [LOG] Reading 0x242d = 0
2026-09-16 14:01:51 [LOG] Request sent, transaction 1006, function 0x03, 12 bytes
2026-09-16 14:01:51 [LOG] Response received, transaction 1006, function 0x03, 4 bytes PDU
2026-09-16 14:01:51 [LOG] Reading 0x242e = 0
2026-09-16 14:01:51 [LOG] Request sent, transaction 1007, function 0x03, 12 bytes
2026-09-16 14:01:51 [LOG] Response received, transaction 1007, function 0x03, 4 bytes PDU
2026-09-16 14:01:51 [LOG] Reading 0x242f = 0
2026-09-16 14:01:51 [LOG] Request sent, transaction 1008, function 0x03, 12 bytes
2026-09-16 14:01:51 [LOG] Response received, transaction 1008, function 0x03, 4 bytes PDU
2026-09-16 14:01:51 [LOG] Reading 0x2430 = 0
2026-09-16 14:01:51 [LOG] Request sent, transaction 1009, function 0x03, 12 bytes
2026-09-16 14:01:51 [LOG] Response received, transaction 1009, function 0x03, 4 bytes PDU
2026-09-16 14:01:51 [LOG] Reading 0x2431 = 0
2026-09-16 14:01:51 [LOG] Request sent, transaction 1010, function 0x03, 12 bytes
2026-09-16 14:01:51 [LOG] Response received, transaction 1010, function 0x03, 4 bytes PDU
2026-09-16 14:01:51 [LOG] Reading 0x2432 = 0
2026-09-16 14:01:51 [LOG] Request sent, transaction 1011, function 0x03, 12 bytes
2026-09-16 14:01:51 [LOG] Response received, transaction 1011, function 0x03, 4 bytes PDU
2026-09-16 14:01:51 [LOG] Reading 0x2433 = 0
2026-09-16 14:01:51 [LOG] Request sent, transaction 1012, function 0x03, 12 bytes
2026-09-16 14:01:51 [LOG] Response received, transaction 1012, function 0x03, 4 bytes PDU
2026-09-16 14:01:51 [LOG] Reading 0x2434 = 0
2026-09-16 14:01:51 No connected clients to send
2026-09-16 14:02:11 [LOG] Request sent, transaction 1013, function 0x03, 12 bytes
2026-09-16 14:02:11 [LOG] Response received, transaction 1013, function 0x03, 4 bytes PDU
2026-09-16 14:02:11 [LOG] Reading 0x242c = 1
2026-09-16 14:02:11 [LOG] Request sent, transaction 1014, function 0x03, 12 bytes
2026-09-16 14:02:11 [LOG] Response received, transaction 1014, function 0x03, 4 bytes PDU
2026-09-16 14:02:11 [LOG] Reading 0x242d = 0
2026-09-16 14:02:11 [LOG] Request sent, transaction 1015, function 0x03, 12 bytes
2026-09-16 14:02:11 [LOG] Response received, transaction 1015, function 0x03, 4 bytes PDU
2026-09-16 14:02:11 [LOG] Reading 0x242e = 0
2026-09-16 14:02:11 [LOG] Request sent, transaction 1016, function 0x03, 12 bytes
2026-09-16 14:02:11 [LOG] Response received, transaction 1016, function 0x03, 4 bytes PDU
2026-09-16 14:02:11 [LOG] Reading 0x242f = 0
2026-09-16 14:02:11 [LOG] Request sent, transaction 1017, function 0x03, 12 bytes
2026-09-16 14:02:11 [LOG] Response received, transaction 1017, function 0x03, 4 bytes PDU
2026-09-16 14:02:11 [LOG] Reading 0x2430 = 0
2026-09-16 14:02:11 [LOG] Request sent, transaction 1018, function 0x03, 12 bytes
2026-09-16 14:02:11 [LOG] Response received, transaction 1018, function 0x03, 4 bytes PDU
2026-09-16 14:02:11 [LOG] Reading 0x2431 = 0
2026-09-16 14:02:11 [LOG] Request sent, transaction 1019, function 0x03, 12 bytes
2026-09-16 14:02:11 [LOG] Response received, transaction 1019, function 0x03, 4 bytes PDU
2026-09-16 14:02:11 [LOG] Reading 0x2432 = 0
2026-09-16 14:02:11 [LOG] Request sent, transaction 1020, function 0x03, 12 bytes
2026-09-16 14:02:11 [LOG] Response received, transaction 1020, function 0x03, 4 bytes PDU
2026-09-16 14:02:11 [LOG] Reading 0x2433 = 0
2026-09-16 14:02:11 [LOG] Request sent, transaction 1021, function 0x03, 12 bytes
2026-09-16 14:02:11 [LOG] Response received, transaction 1021, function 0x03, 4 bytes PDU
2026-09-16 14:02:11 [LOG] Reading 0x2434 = 0
2026-09-16 14:02:11 No connected clients to send
2026-09-16 14:02:31 [LOG] Request sent, transaction 1022, function 0x03, 12 bytes
2026-09-16 14:02:31 [LOG] Response received, transaction 1022, function 0x03, 4 bytes PDU
2026-09-16 14:02:31 [LOG] Reading 0x242c = 1
2026-09-16 14:02:31 [LOG] Request sent, transaction 1023, function 0x03, 12 bytes
2026-09-16 14:02:31 [LOG] Response received, transaction 1023, function 0x03, 4 bytes PDU
2026-09-16 14:02:31 [LOG] Reading 0x242d = 0
2026-09-16 14:02:31 [LOG] Request sent, transaction 1024, function 0x03, 12 bytes
2026-09-16 14:02:31 [LOG] Response received, transaction 1024, function 0x03, 4 bytes PDU
2026-09-16 14:02:31 [LOG] Reading 0x242e = 0
2026-09-16 14:02:31 [LOG] Request sent, transaction 1025, function 0x03, 12 bytes
2026-09-16 14:02:31 [LOG] Response received, transaction 1025, function 0x03, 4 bytes PDU
2026-09-16 14:02:31 [LOG] Reading 0x242f = 0
2026-09-16 14:02:31 [LOG] Request sent, transaction 1026, function 0x03, 12 bytes
2026-09-16 14:02:31 [LOG] Response received, transaction 1026, function 0x03, 4 bytes PDU
2026-09-16 14:02:31 [LOG] Reading 0x2430 = 0
2026-09-16 14:02:31 [LOG] Request sent, transaction 1027, function 0x03, 12 bytes
2026-09-16 14:02:31 [LOG] Response received, transaction 1027, function 0x03, 4 bytes PDU
2026-09-16 14:02:31 [LOG] Reading 0x2431 = 0
2026-09-16 14:02:31 [LOG] Request sent, transaction 1028, function 0x03, 12 bytes
2026-09-16 14:02:31 [LOG] Response received, transaction 1028, function 0x03, 4 bytes PDU
2026-09-16 14:02:31 [LOG] Reading 0x2432 = 0
2026-09-16 14:02:31 [LOG] Request sent, transaction 1029, function 0x03, 12 bytes
2026-09-16 14:02:31 [LOG] Response received, transaction 1029, function 0x03, 4 bytes PDU
2026-09-16 14:02:31 [LOG] Reading 0x2433 = 0
2026-09-16 14:02:31 [LOG] Request sent, transaction 1030, function 0x03, 12 bytes
2026-09-16 14:02:31 [LOG] Response received, transaction 1030, function 0x03, 4 bytes PDU
2026-09-16 14:02:31 [LOG] Reading 0x2434 = 0
2026-09-16 14:02:31 No connected clients to send
2026-09-16 14:02:51 [LOG] Request sent, transaction 1031, function 0x03, 12 bytes
2026-09-16 14:02:51 [LOG] Response received, transaction 1031, function 0x03, 4 bytes PDU
2026-09-16 14:02:51 [LOG] Reading 0x242c = 1
2026-09-16 14:02:51 [LOG] Request sent, transaction 1032, function 0x03, 12 bytes
2026-09-16 14:02:51 [LOG] Response received, transaction 1032, function 0x03, 4 bytes PDU
2026-09-16 14:02:51 [LOG] Reading 0x242d = 0
2026-09-16 14:02:51 [LOG] Request sent, transaction 1033, function 0x03, 12 bytes
2026-09-16 14:02:51 [LOG] Response received, transaction 1033, function 0x03, 4 bytes PDU
2026-09-16 14:02:51 [LOG] Reading 0x242e = 0
2026-09-16 14:02:51 [LOG] Request sent, transaction 1034, function 0x03, 12 bytes
2026-09-16 14:02:51 [LOG] Response received, transaction 1034, function 0x03, 4 bytes PDU
2026-09-16 14:02:51 [LOG] Reading 0x242f = 0
2026-09-16 14:02:51 [LOG] Request sent, transaction 1035, function 0x03, 12 bytes
2026-09-16 14:02:51 [LOG] Response received, transaction 1035, function 0x03, 4 bytes PDU
2026-09-16 14:02:51 [LOG] Reading 0x2430 = 0
2026-09-16 14:02:51 [LOG] Request sent, transaction 1036, function 0x03, 12 bytes
2026-09-16 14:02:51 [LOG] Response received, transaction 1036, function 0x03, 4 bytes PDU
2026-09-16 14:02:51 [LOG] Reading 0x2431 = 0
2026-09-16 14:02:51 [LOG] Request sent, transaction 1037, function 0x03, 12 bytes
2026-09-16 14:02:51 [LOG] Response received, transaction 1037, function 0x03, 4 bytes PDU
2026-09-16 14:02:51 [LOG] Reading 0x2432 = 0
2026-09-16 14:02:51 [LOG] Request sent, transaction 1038, function 0x03, 12 bytes
2026-09-16 14:02:51 [LOG] Response received, transaction 1038, function 0x03, 4 bytes PDU
2026-09-16 14:02:51 [LOG] Reading 0x2433 = 0
2026-09-16 14:02:51 [LOG] Request sent, transaction 1039, function 0x03, 12 bytes
2026-09-16 14:02:51 [LOG] Response received, transaction 1039, function 0x03, 4 bytes PDU
2026-09-16 14:02:51 [LOG] Reading 0x2434 = 0
2026-09-16 14:02:51 No connected clients to send
2026-09-16 14:03:11 [LOG] Request sent, transaction 1040, function 0x03, 12 bytes
2026-09-16 14:03:11 [LOG] Response received, transaction 1040, function 0x03, 4 bytes PDU
2026-09-16 14:03:11 [LOG] Reading 0x242c = 1
2026-09-16 14:03:11 [LOG] Request sent, transaction 1041, function 0x03, 12 bytes
2026-09-16 14:03:11 [LOG] Response received, transaction 1041, function 0x03, 4 bytes PDU
2026-09-16 14:03:11 [LOG] Reading 0x242d = 0
2026-09-16 14:03:11 [LOG] Request sent, transaction 1042, function 0x03, 12 bytes
2026-09-16 14:03:11 [LOG] Response received, transaction 1042, function 0x03, 4 bytes PDU
2026-09-16 14:03:11 [LOG] Reading 0x242e = 0
2026-09-16 14:03:11 [LOG] Request sent, transaction 1043, function 0x03, 12 bytes
2026-09-16 14:03:11 [LOG] Response received, transaction 1043, function 0x03, 4 bytes PDU
2026-09-16 14:03:11 [LOG] Reading 0x242f = 0
2026-09-16 14:03:11 [LOG] Request sent, transaction 1044, function 0x03, 12 bytes
2026-09-16 14:03:11 [LOG] Response received, transaction 1044, function 0x03, 4 bytes PDU
2026-09-16 14:03:11 [LOG] Reading 0x2430 = 0
2026-09-16 14:03:11 [LOG] Request sent, transaction 1045, function 0x03, 12 bytes
2026-09-16 14:03:11 [LOG] Response received, transaction 1045, function 0x03, 4 bytes PDU
2026-09-16 14:03:11 [LOG] Reading 0x2431 = 0
2026-09-16 14:03:11 [LOG] Request sent, transaction 1046, function 0x03, 12 bytes
2026-09-16 14:03:11 [LOG] Response received, transaction 1046, function 0x03, 4 bytes PDU
2026-09-16 14:03:11 [LOG] Reading 0x2432 = 0
2026-09-16 14:03:11 [LOG] Request sent, transaction 1047, function 0x03, 12 bytes
2026-09-16 14:03:11 [LOG] Response received, transaction 1047, function 0x03, 4 bytes PDU
2026-09-16 14:03:11 [LOG] Reading 0x2433 = 0
2026-09-16 14:03:11 [LOG] Request sent, transaction 1048, function 0x03, 12 bytes
2026-09-16 14:03:11 [LOG] Response received, transaction 1048, function 0x03, 4 bytes PDU
2026-09-16 14:03:11 [LOG] Reading 0x2434 = 0
2026-09-16 14:03:11 No connected clients to send
2026-09-16 14:03:31 [LOG] Request sent, transaction 1049, function 0x03, 12 bytes
2026-09-16 14:03:31 [LOG] Response received, transaction 1049, function 0x03, 4 bytes PDU
2026-09-16 14:03:31 [LOG] Reading 0x242c = 1
2026-09-16 14:03:31 [LOG] Request sent, transaction 1050, function 0x03, 12 bytes
2026-09-16 14:03:31 [LOG] Response received, transaction 1050, function 0x03, 4 bytes PDU
2026-09-16 14:03:31 [LOG] Reading 0x242d = 0
2026-09-16 14:03:31 [LOG] Request sent, transaction 1051, function 0x03, 12 bytes
2026-09-16 14:03:31 [LOG] Response received, transaction 1051, function 0x03, 4 bytes PDU
2026-09-16 14:03:31 [LOG] Reading 0x242e = 0
2026-09-16 14:03:31 [LOG] Request sent, transaction 1052, function 0x03, 12 bytes
2026-09-16 14:03:31 [LOG] Response received, transaction 1052, function 0x03, 4 bytes PDU
2026-09-16 14:03:31 [LOG] Reading 0x242f = 0
2026-09-16 14:03:31 [LOG] Request sent, transaction 1053, function 0x03, 12 bytes
2026-09-16 14:03:31 [LOG] Response received, transaction 1053, function 0x03, 4 bytes PDU
2026-09-16 14:03:31 [LOG] Reading 0x2430 = 0
2026-09-16 14:03:31 [LOG] Request sent, transaction 1054, function 0x03, 12 bytes
2026-09-16 14:03:31 [LOG] Response received, transaction 1054, function 0x03, 4 bytes PDU
2026-09-16 14:03:31 [LOG] Reading 0x2431 = 0
2026-09-16 14:03:31 [LOG] Request sent, transaction 1055, function 0x03, 12 bytes
2026-09-16 14:03:31 [LOG] Response received, transaction 1055, function 0x03, 4 bytes PDU
2026-09-16 14:03:31 [LOG] Reading 0x2432 = 0
2026-09-16 14:03:31 [LOG] Request sent, transaction 1056, function 0x03, 12 bytes
2026-09-16 14:03:31 [LOG] Response received, transaction 1056, function 0x03, 4 bytes PDU
2026-09-16 14:03:31 [LOG] Reading 0x2433 = 0
2026-09-16 14:03:31 [LOG] Request sent, transaction 1057, function 0x03, 12 bytes
2026-09-16 14:03:31 [LOG] Response received, transaction 1057, function 0x03, 4 bytes PDU
2026-09-16 14:03:31 [LOG] Reading 0x2434 = 0
2026-09-16 14:03:31 No connected clients to send
2026-09-16 14:03:51 [LOG] Request sent, transaction 1058, function 0x03, 12 bytes
2026-09-16 14:03:51 [LOG] Response received, transaction 1058, function 0x03, 4 bytes PDU
2026-09-16 14:03:51 [LOG] Reading 0x242c = 1
2026-09-16 14:03:51 [LOG] Request sent, transaction 1059, function 0x03, 12 bytes
2026-09-16 14:03:51 [LOG] Response received, transaction 1059, function 0x03, 4 bytes PDU
2026-09-16 14:03:51 [LOG] Reading 0x242d = 0
2026-09-16 14:03:51 [LOG] Request sent, transaction 1060, function 0x03, 12 bytes
2026-09-16 14:03:51 [LOG] Response received, transaction 1060, function 0x03, 4 bytes PDU
2026-09-16 14:03:51 [LOG] Reading 0x242e = 0
2026-09-16 14:03:51 [LOG] Request sent, transaction 1061, function 0x03, 12 bytes
2026-09-16 14:03:51 [LOG] Response received, transaction 1061, function 0x03, 4 bytes PDU
2026-09-16 14:03:51 [LOG] Reading 0x242f = 0
2026-09-16 14:03:51 [LOG] Request sent, transaction 1062, function 0x03, 12 bytes
2026-09-16 14:03:51 [LOG] Response received, transaction 1062, function 0x03, 4 bytes PDU
2026-09-16 14:03:51 [LOG] Reading 0x2430 = 0
2026-09-16 14:03:51 [LOG] Request sent, transaction 1063, function 0x03, 12 bytes
2026-09-16 14:03:51 [LOG] Response received, transaction 1063, function 0x03, 4 bytes PDU
2026-09-16 14:03:51 [LOG] Reading 0x2431 = 0
2026-09-16 14:03:51 [LOG] Request sent, transaction 1064, function 0x03, 12 bytes
2026-09-16 14:03:51 [LOG] Response received, transaction 1064, function 0x03, 4 bytes PDU
2026-09-16 14:03:51 [LOG] Reading 0x2432 = 0
2026-09-16 14:03:51 [LOG] Request sent, transaction 1065, function 0x03, 12 bytes
2026-09-16 14:03:51 [LOG] Response received, transaction 1065, function 0x03, 4 bytes PDU
2026-09-16 14:03:51 [LOG] Reading 0x2433 = 0
2026-09-16 14:03:51 [LOG] Request sent, transaction 1066, function 0x03, 12 bytes
2026-09-16 14:03:51 [LOG] Response received, transaction 1066, function 0x03, 4 bytes PDU
2026-09-16 14:03:51 [LOG] Reading 0x2434 = 0
2026-09-16 14:03:51 No connected clients to send
2026-09-16 14:04:11 [LOG] Request sent, transaction 1067, function 0x03, 12 bytes
2026-09-16 14:04:11 [LOG] Response received, transaction 1067, function 0x03, 4 bytes PDU
2026-09-16 14:04:11 [LOG] Reading 0x242c = 1
2026-09-16 14:04:11 [LOG] Request sent, transaction 1068, function 0x03, 12 bytes
2026-09-16 14:04:11 [LOG] Response received, transaction 1068, function 0x03, 4 bytes PDU
2026-09-16 14:04:11 [LOG] Reading 0x242d = 0
2026-09-16 14:04:11 [LOG] Request sent, transaction 1069, function 0x03, 12 bytes
2026-09-16 14:04:11 [LOG] Response received, transaction 1069, function 0x03, 4 bytes PDU
2026-09-16 14:04:11 [LOG] Reading 0x242e = 0
2026-09-16 14:04:11 [LOG] Request sent, transaction 1070, function 0x03, 12 bytes
2026-09-16 14:04:11 [LOG] Response received, transaction 1070, function 0x03, 4 bytes PDU
2026-09-16 14:04:11 [LOG] Reading 0x242f = 0
2026-09-16 14:04:11 [LOG] Request sent, transaction 1071, function 0x03, 12 bytes
2026-09-16 14:04:11 [LOG] Response received, transaction 1071, function 0x03, 4 bytes PDU
2026-09-16 14:04:11 [LOG] Reading 0x2430 = 0
2026-09-16 14:04:11 [LOG] Request sent, transaction 1072, function 0x03, 12 bytes
2026-09-16 14:04:11 [LOG] Response received, transaction 1072, function 0x03, 4 bytes PDU
2026-09-16 14:04:11 [LOG] Reading 0x2431 = 0
2026-09-16 14:04:11 [LOG] Request sent, transaction 1073, function 0x03, 12 bytes
2026-09-16 14:04:11 [LOG] Response received, transaction 1073, function 0x03, 4 bytes PDU
2026-09-16 14:04:11 [LOG] Reading 0x2432 = 0
2026-09-16 14:04:11 [LOG] Request sent, transaction 1074, function 0x03, 12 bytes
2026-09-16 14:04:11 [LOG] Response received, transaction 1074, function 0x03, 4 bytes PDU
2026-09-16 14:04:11 [LOG] Reading 0x2433 = 0
2026-09-16 14:04:11 [LOG] Request sent, transaction 1075, function 0x03, 12 bytes
2026-09-16 14:04:11 [LOG] Response received, transaction 1075, function 0x03, 4 bytes PDU
2026-09-16 14:04:11 [LOG] Reading 0x2434 = 0
2026-09-16 14:04:11 No connected clients to send
2026-09-16 14:04:31 [LOG] Request sent, transaction 1076, function 0x03, 12 bytes
2026-09-16 14:04:31 [LOG] Response received, transaction 1076, function 0x03, 4 bytes PDU
2026-09-16 14:04:31 [LOG] Reading 0x242c = 1
2026-09-16 14:04:31 [LOG] Request sent, transaction 1077, function 0x03, 12 bytes
2026-09-16 14:04:31 [LOG] Response received, transaction 1077, function 0x03, 4 bytes PDU
2026-09-16 14:04:31 [LOG] Reading 0x242d = 0
2026-09-16 14:04:31 [LOG] Request sent, transaction 1078, function 0x03, 12 bytes
2026-09-16 14:04:31 [LOG] Response received, transaction 1078, function 0x03, 4 bytes PDU
2026-09-16 14:04:31 [LOG] Reading 0x242e = 0
2026-09-16 14:04:31 [LOG] Request sent, transaction 1079, function 0x03, 12 bytes
2026-09-16 14:04:31 [LOG] Response received, transaction 1079, function 0x03, 4 bytes PDU
2026-09-16 14:04:31 [LOG] Reading 0x242f = 0
2026-09-16 14:04:31 [LOG] Request sent, transaction 1080, function 0x03, 12 bytes
2026-09-16 14:04:31 [LOG] Response received, transaction 1080, function 0x03, 4 bytes PDU
2026-09-16 14:04:31 [LOG] Reading 0x2430 = 0
2026-09-16 14:04:31 [LOG] Request sent, transaction 1081, function 0x03, 12 bytes
2026-09-16 14:04:31 [LOG] Response received, transaction 1081, function 0x03, 4 bytes PDU
2026-09-16 14:04:31 [LOG] Reading 0x2431 = 0
2026-09-16 14:04:31 [LOG] Request sent, transaction 1082, function 0x03, 12 bytes
2026-09-16 14:04:31 [LOG] Response received, transaction 1082, function 0x03, 4 bytes PDU
2026-09-16 14:04:31 [LOG] Reading 0x2432 = 0
2026-09-16 14:04:31 [LOG] Request sent, transaction 1083, function 0x03, 12 bytes
2026-09-16 14:04:31 [LOG] Response received, transaction 1083, function 0x03, 4 bytes PDU
2026-09-16 14:04:31 [LOG] Reading 0x2433 = 0
2026-09-16 14:04:31 [LOG] Request sent, transaction 1084, function 0x03, 12 bytes
2026-09-16 14:04:31 [LOG] Response received, transaction 1084, function 0x03, 4 bytes PDU
2026-09-16 14:04:31 [LOG] Reading 0x2434 = 0
2026-09-16 14:04:31 No connected clients to send
2026-09-16 14:04:51 [LOG] Request sent, transaction 1085, function 0x03, 12 bytes
2026-09-16 14:04:51 [LOG] Response received, transaction 1085, function 0x03, 4 bytes PDU
2026-09-16 14:04:51 [LOG] Reading 0x242c = 1
2026-09-16 14:04:51 [LOG] Request sent, transaction 1086, function 0x03, 12 bytes
2026-09-16 14:04:51 [LOG] Response received, transaction 1086, function 0x03, 4 bytes PDU
2026-09-16 14:04:51 [LOG] Reading 0x242d = 0
2026-09-16 14:04:51 [LOG] Request sent, transaction 1087, function 0x03, 12 bytes
2026-09-16 14:04:51 [LOG] Response received, transaction 1087, function 0x03, 4 bytes PDU
2026-09-16 14:04:51 [LOG] Reading 0x242e = 0
2026-09-16 14:04:51 [LOG] Request sent, transaction 1088, function 0x03, 12 bytes
2026-09-16 14:04:51 [LOG] Response received, transaction 1088, function 0x03, 4 bytes PDU
2026-09-16 14:04:51 [LOG] Reading 0x242f = 0
2026-09-16 14:04:51 [LOG] Request sent, transaction 1089, function 0x03, 12 bytes
2026-09-16 14:04:51 [LOG] Response received, transaction 1089, function 0x03, 4 bytes PDU
2026-09-16 14:04:51 [LOG] Reading 0x2430 = 0
2026-09-16 14:04:51 [LOG] Request sent, transaction 1090, function 0x03, 12 bytes
2026-09-16 14:04:51 [LOG] Response received, transaction 1090, function 0x03, 4 bytes PDU
2026-09-16 14:04:51 [LOG] Reading 0x2431 = 0
2026-09-16 14:04:51 [LOG] Request sent, transaction 1091, function 0x03, 12 bytes
2026-09-16 14:04:51 [LOG] Response received, transaction 1091, function 0x03, 4 bytes PDU
2026-09-16 14:04:51 [LOG] Reading 0x2432 = 0
2026-09-16 14:04:51 [LOG] Request sent, transaction 1092, function 0x03, 12 bytes
2026-09-16 14:04:51 [LOG] Response received, transaction 1092, function 0x03, 4 bytes PDU
2026-09-16 14:04:51 [LOG] Reading 0x2433 = 0
2026-09-16 14:04:51 [LOG] Request sent, transaction 1093, function 0x03, 12 bytes
2026-09-16 14:04:51 [LOG] Response received, transaction 1093, function 0x03, 4 bytes PDU
2026-09-16 14:04:51 [LOG] Reading 0x2434 = 0
2026-09-16 14:04:51 No connected clients to send
2026-09-16 14:05:11 [LOG] Request sent, transaction 1094, function 0x03, 12 bytes
2026-09-16 14:05:11 [LOG] Response received, transaction 1094, function 0x03, 4 bytes PDU
2026-09-16 14:05:11 [LOG] Reading 0x242c = 1
2026-09-16 14:05:11 [LOG] Request sent, transaction 1095, function 0x03, 12 bytes
2026-09-16 14:05:11 [LOG] Response received, transaction 1095, function 0x03, 4 bytes PDU
2026-09-16 14:05:11 [LOG] Reading 0x242d = 0
2026-09-16 14:05:11 [LOG] Request sent, transaction 1096, function 0x03, 12 bytes
2026-09-16 14:05:11 [LOG] Response received, transaction 1096, function 0x03, 4 bytes PDU
2026-09-16 14:05:11 [LOG] Reading 0x242e = 0
2026-09-16 14:05:11 [LOG] Request sent, transaction 1097, function 0x03, 12 bytes
2026-09-16 14:05:11 [LOG] Response received, transaction 1097, function 0x03, 4 bytes PDU
2026-09-16 14:05:11 [LOG] Reading 0x242f = 0
2026-09-16 14:05:11 [LOG] Request sent, transaction 1098, function 0x03, 12 bytes
2026-09-16 14:05:11 [LOG] Response received, transaction 1098, function 0x03, 4 bytes PDU
2026-09-16 14:05:11 [LOG] Reading 0x2430 = 0
2026-09-16 14:05:11 [LOG] Request sent, transaction 1099, function 0x03, 12 bytes
2026-09-16 14:05:11 [LOG] Response received, transaction 1099, function 0x03, 4 bytes PDU
2026-09-16 14:05:11 [LOG] Reading 0x2431 = 0
2026-09-16 14:05:11 [LOG] Request sent, transaction 1100, function 0x03, 12 bytes
2026-09-16 14:05:11 [LOG] Response received, transaction 1100, function 0x03, 4 bytes PDU
2026-09-16 14:05:11 [LOG] Reading 0x2432 = 0
2026-09-16 14:05:11 [LOG] Request sent, transaction 1101, function 0x03, 12 bytes
2026-09-16 14:05:11 [LOG] Response received, transaction 1101, function 0x03, 4 bytes PDU
2026-09-16 14:05:11 [LOG] Reading 0x2433 = 0
2026-09-16 14:05:11 [LOG] Request sent, transaction 1102, function 0x03, 12 bytes
2026-09-16 14:05:11 [LOG] Response received, transaction 1102, function 0x03, 4 bytes PDU
2026-09-16 14:05:11 [LOG] Reading 0x2434 = 0
2026-09-16 14:05:11 No connected clients to send
2026-09-16 14:05:31 [LOG] Request sent, transaction 1103, function 0x03, 12 bytes
2026-09-16 14:05:31 [LOG] Response received, transaction 1103, function 0x03, 4 bytes PDU
2026-09-16 14:05:31 [LOG] Reading 0x242c = 1
2026-09-16 14:05:31 [LOG] Request sent, transaction 1104, function 0x03, 12 bytes
2026-09-16 14:05:31 [LOG] Response received, transaction 1104, function 0x03, 4 bytes PDU
2026-09-16 14:05:31 [LOG] Reading 0x242d = 0
2026-09-16 14:05:31 [LOG] Request sent, transaction 1105, function 0x03, 12 bytes
2026-09-16 14:05:31 [LOG] Response received, transaction 1105, function 0x03, 4 bytes PDU
2026-09-16 14:05:31 [LOG] Reading 0x242e = 0
2026-09-16 14:05:31 [LOG] Request sent, transaction 1106, function 0x03, 12 bytes
2026-09-16 14:05:31 [LOG] Response received, transaction 1106, function 0x03, 4 bytes PDU
2026-09-16 14:05:31 [LOG] Reading 0x242f = 0
2026-09-16 14:05:31 [LOG] Request sent, transaction 1107, function 0x03, 12 bytes
2026-09-16 14:05:31 [LOG] Response received, transaction 1107, function 0x03, 4 bytes PDU
2026-09-16 14:05:31 [LOG] Reading 0x2430 = 0
2026-09-16 14:05:31 [LOG] Request sent, transaction 1108, function 0x03, 12 bytes
2026-09-16 14:05:31 [LOG] Response received, transaction 1108, function 0x03, 4 bytes PDU
2026-09-16 14:05:31 [LOG] Reading 0x2431 = 0
2026-09-16 14:05:31 [LOG] Request sent, transaction 1109, function 0x03, 12 bytes
2026-09-16 14:05:31 [LOG] Response received, transaction 1109, function 0x03, 4 bytes PDU
2026-09-16 14:05:31 [LOG] Reading 0x2432 = 0
2026-09-16 14:05:31 [LOG] Request sent, transaction 1110, function 0x03, 12 bytes
2026-09-16 14:05:31 [LOG] Response received, transaction 1110, function 0x03, 4 bytes PDU
2026-09-16 14:05:31 [LOG] Reading 0x2433 = 0
2026-09-16 14:05:31 [LOG] Request sent, transaction 1111, function 0x03, 12 bytes
2026-09-16 14:05:31 [LOG] Response received, transaction 1111, function 0x03, 4 bytes PDU
2026-09-16 14:05:31 [LOG] Reading 0x2434 = 0
2026-09-16 14:05:31 No connected clients to send
2026-09-16 14:05:51 [LOG] Request sent, transaction 1112, function 0x03, 12 bytes
2026-09-16 14:05:51 [LOG] Response received, transaction 1112, function 0x03, 4 bytes PDU
2026-09-16 14:05:51 [LOG] Reading 0x242c = 1
2026-09-16 14:05:51 [LOG] Request sent, transaction 1113, function 0x03, 12 bytes
2026-09-16 14:05:51 [LOG] Response received, transaction 1113, function 0x03, 4 bytes PDU
2026-09-16 14:05:51 [LOG] Reading 0x242d = 0
2026-09-16 14:05:51 [LOG] Request sent, transaction 1114, function 0x03, 12 bytes
2026-09-16 14:05:51 [LOG] Response received, transaction 1114, function 0x03, 4 bytes PDU
2026-09-16 14:05:51 [LOG] Reading 0x242e = 0
2026-09-16 14:05:51 [LOG] Request sent, transaction 1115, function 0x03, 12 bytes
2026-09-16 14:05:51 [LOG] Response received, transaction 1115, function 0x03, 4 bytes PDU
2026-09-16 14:05:51 [LOG] Reading 0x242f = 0
2026-09-16 14:05:51 [LOG] Request sent, transaction 1116, function 0x03, 12 bytes
2026-09-16 14:05:51 [LOG] Response received, transaction 1116, function 0x03, 4 bytes PDU
2026-09-16 14:05:51 [LOG] Reading 0x2430 = 0
2026-09-16 14:05:51 [LOG] Request sent, transaction 1117, function 0x03, 12 bytes
2026-09-16 14:05:51 [LOG] Response received, transaction 1117, function 0x03, 4 bytes PDU
2026-09-16 14:05:51 [LOG] Reading 0x2431 = 0
2026-09-16 14:05:51 [LOG] Request sent, transaction 1118, function 0x03, 12 bytes
2026-09-16 14:05:51 [LOG] Response received, transaction 1118, function 0x03, 4 bytes PDU
2026-09-16 14:05:51 [LOG] Reading 0x2432 = 0
2026-09-16 14:05:51 [LOG] Request sent, transaction 1119, function 0x03, 12 bytes
2026-09-16 14:05:51 [LOG] Response received, transaction 1119, function 0x03, 4 bytes PDU
2026-09-16 14:05:51 [LOG] Reading 0x2433 = 0
2026-09-16 14:05:51 [LOG] Request sent, transaction 1120, function 0x03, 12 bytes
2026-09-16 14:05:51 [LOG] Response received, transaction 1120, function 0x03, 4 bytes PDU
2026-09-16 14:05:51 [LOG] Reading 0x2434 = 0
2026-09-16 14:05:51 No connected clients to send
2026-09-16 14:06:11 [LOG] Request sent, transaction 1121, function 0x03, 12 bytes
2026-09-16 14:06:11 [LOG] Response received, transaction 1121, function 0x03, 4 bytes PDU
2026-09-16 14:06:11 [LOG] Reading 0x242c = 1
2026-09-16 14:06:11 [LOG] Request sent, transaction 1122, function 0x03, 12 bytes
2026-09-16 14:06:11 [LOG] Response received, transaction 1122, function 0x03, 4 bytes PDU
2026-09-16 14:06:11 [LOG] Reading 0x242d = 0
2026-09-16 14:06:11 [LOG] Request sent, transaction 1123, function 0x03, 12 bytes
2026-09-16 14:06:11 [LOG] Response received, transaction 1123, function 0x03, 4 bytes PDU
2026-09-16 14:06:11 [LOG] Reading 0x242e = 0
2026-09-16 14:06:11 [LOG] Request sent, transaction 1124, function 0x03, 12 bytes
2026-09-16 14:06:11 [LOG] Response received, transaction 1124, function 0x03, 4 bytes PDU
2026-09-16 14:06:11 [LOG] Reading 0x242f = 0
2026-09-16 14:06:11 [LOG] Request sent, transaction 1125, function 0x03, 12 bytes
2026-09-16 14:06:11 [LOG] Response received, transaction 1125, function 0x03, 4 bytes PDU
2026-09-16 14:06:11 [LOG] Reading 0x2430 = 0
2026-09-16 14:06:11 [LOG] Request sent, transaction 1126, function 0x03, 12 bytes
2026-09-16 14:06:11 [LOG] Response received, transaction 1126, function 0x03, 4 bytes PDU
2026-09-16 14:06:11 [LOG] Reading 0x2431 = 0
2026-09-16 14:06:11 [LOG] Request sent, transaction 1127, function 0x03, 12 bytes
2026-09-16 14:06:11 [LOG] Response received, transaction 1127, function 0x03, 4 bytes PDU
2026-09-16 14:06:11 [LOG] Reading 0x2432 = 0
2026-09-16 14:06:11 [LOG] Request sent, transaction 1128, function 0x03, 12 bytes
2026-09-16 14:06:11 [LOG] Response received, transaction 1128, function 0x03, 4 bytes PDU
2026-09-16 14:06:11 [LOG] Reading 0x2433 = 0
2026-09-16 14:06:11 [LOG] Request sent, transaction 1129, function 0x03, 12 bytes
2026-09-16 14:06:11 [LOG] Response received, transaction 1129, function 0x03, 4 bytes PDU
2026-09-16 14:06:11 [LOG] Reading 0x2434 = 0
2026-09-16 14:06:11 No connected clients to send
2026-09-16 14:06:31 [LOG] Request sent, transaction 1130, function 0x03, 12 bytes
2026-09-16 14:06:31 [LOG] Response received, transaction 1130, function 0x03, 4 bytes PDU
2026-09-16 14:06:31 [LOG] Reading 0x242c = 1
2026-09-16 14:06:31 [LOG] Request sent, transaction 1131, function 0x03, 12 bytes
2026-09-16 14:06:31 [LOG] Response received, transaction 1131, function 0x03, 4 bytes PDU
2026-09-16 14:06:31 [LOG] Reading 0x242d = 0
2026-09-16 14:06:31 [LOG] Request sent, transaction 1132, function 0x03, 12 bytes
2026-09-16 14:06:31 [LOG] Response received, transaction 1132, function 0x03, 4 bytes PDU
2026-09-16 14:06:31 [LOG] Reading 0x242e = 0
2026-09-16 14:06:31 [LOG] Request sent, transaction 1133, function 0x03, 12 bytes
2026-09-16 14:06:31 [LOG] Response received, transaction 1133, function 0x03, 4 bytes PDU
2026-09-16 14:06:31 [LOG] Reading 0x242f = 0
2026-09-16 14:06:31 [LOG] Request sent, transaction 1134, function 0x03, 12 bytes
2026-09-16 14:06:31 [LOG] Response received, transaction 1134, function 0x03, 4 bytes PDU
2026-09-16 14:06:31 [LOG] Reading 0x2430 = 0
2026-09-16 14:06:31 [LOG] Request sent, transaction 1135, function 0x03, 12 bytes
2026-09-16 14:06:31 [LOG] Response received, transaction 1135, function 0x03, 4 bytes PDU
2026-09-16 14:06:31 [LOG] Reading 0x2431 = 0
2026-09-16 14:06:31 [LOG] Request sent, transaction 1136, function 0x03, 12 bytes
2026-09-16 14:06:31 [LOG] Response received, transaction 1136, function 0x03, 4 bytes PDU
2026-09-16 14:06:31 [LOG] Reading 0x2432 = 0
2026-09-16 14:06:31 [LOG] Request sent, transaction 1137, function 0x03, 12 bytes
2026-09-16 14:06:31 [LOG] Response received, transaction 1137, function 0x03, 4 bytes PDU
2026-09-16 14:06:31 [LOG] Reading 0x2433 = 0
2026-09-16 14:06:31 [LOG] Request sent, transaction 1138, function 0x03, 12 bytes
2026-09-16 14:06:31 [LOG] Response received, transaction 1138, function 0x03, 4 bytes PDU
2026-09-16 14:06:31 [LOG] Reading 0x2434 = 0
2026-09-16 14:06:31 No connected clients to send
2026-09-16 14:06:51 [LOG] Request sent, transaction 1139, function 0x03, 12 bytes
2026-09-16 14:06:51 [LOG] Response received, transaction 1139, function 0x03, 4 bytes PDU
2026-09-16 14:06:51 [LOG] Reading 0x242c = 1
2026-09-16 14:06:51 [LOG] Request sent, transaction 1140, function 0x03, 12 bytes
2026-09-16 14:06:51 [LOG] Response received, transaction 1140, function 0x03, 4 bytes PDU
2026-09-16 14:06:51 [LOG] Reading 0x242d = 0
2026-09-16 14:06:51 [LOG] Request sent, transaction 1141, function 0x03, 12 bytes
2026-09-16 14:06:51 [LOG] Response received, transaction 1141, function 0x03, 4 bytes PDU
2026-09-16 14:06:51 [LOG] Reading 0x242e = 0
2026-09-16 14:06:51 [LOG] Request sent, transaction 1142, function 0x03, 12 bytes
2026-09-16 14:06:51 [LOG] Response received, transaction 1142, function 0x03, 4 bytes PDU
2026-09-16 14:06:51 [LOG] Reading 0x242f = 0
2026-09-16 14:06:51 [LOG] Request sent, transaction 1143, function 0x03, 12 bytes
2026-09-16 14:06:51 [LOG] Response received, transaction 1143, function 0x03, 4 bytes PDU
2026-09-16 14:06:51 [LOG] Reading 0x2430 = 0
2026-09-16 14:06:51 [LOG] Request sent, transaction 1144, function 0x03, 12 bytes
2026-09-16 14:06:51 [LOG] Response received, transaction 1144, function 0x03, 4 bytes PDU
2026-09-16 14:06:51 [LOG] Reading 0x2431 = 0
2026-09-16 14:06:51 [LOG] Request sent, transaction 1145, function 0x03, 12 bytes
2026-09-16 14:06:51 [LOG] Response received, transaction 1145, function 0x03, 4 bytes PDU
2026-09-16 14:06:51 [LOG] Reading 0x2432 = 0
2026-09-16 14:06:51 [LOG] Request sent, transaction 1146, function 0x03, 12 bytes
2026-09-16 14:06:51 [LOG] Response received, transaction 1146, function 0x03, 4 bytes PDU
2026-09-16 14:06:51 [LOG] Reading 0x2433 = 0
2026-09-16 14:06:51 [LOG] Request sent, transaction 1147, function 0x03, 12 bytes
2026-09-16 14:06:51 [LOG] Response received, transaction 1147, function 0x03, 4 bytes PDU
2026-09-16 14:06:51 [LOG] Reading 0x2434 = 0
2026-09-16 14:06:51 No connected clients to send
2026-09-16 14:07:11 [LOG] Request sent, transaction 1148, function 0x03, 12 bytes
2026-09-16 14:07:11 [LOG] Response received, transaction 1148, function 0x03, 4 bytes PDU
2026-09-16 14:07:11 [LOG] Reading 0x242c = 1
2026-09-16 14:07:11 [LOG] Request sent, transaction 1149, function 0x03, 12 bytes
2026-09-16 14:07:11 [LOG] Response received, transaction 1149, function 0x03, 4 bytes PDU
2026-09-16 14:07:11 [LOG] Reading 0x242d = 0
2026-09-16 14:07:11 [LOG] Request sent, transaction 1150, function 0x03, 12 bytes
2026-09-16 14:07:11 [LOG] Response received, transaction 1150, function 0x03, 4 bytes PDU
2026-09-16 14:07:11 [LOG] Reading 0x242e = 0
2026-09-16 14:07:11 [LOG] Request sent, transaction 1151, function 0x03, 12 bytes
2026-09-16 14:07:11 [LOG] Response received, transaction 1151, function 0x03, 4 bytes PDU
2026-09-16 14:07:11 [LOG] Reading 0x242f = 0
2026-09-16 14:07:11 [LOG] Request sent, transaction 1152, function 0x03, 12 bytes
2026-09-16 14:07:11 [LOG] Response received, transaction 1152, function 0x03, 4 bytes PDU
2026-09-16 14:07:11 [LOG] Reading 0x2430 = 0
2026-09-16 14:07:11 [LOG] Request sent, transaction 1153, function 0x03, 12 bytes
2026-09-16 14:07:11 [LOG] Response received, transaction 1153, function 0x03, 4 bytes PDU
2026-09-16 14:07:11 [LOG] Reading 0x2431 = 0
2026-09-16 14:07:11 [LOG] Request sent, transaction 1154, function 0x03, 12 bytes
2026-09-16 14:07:11 [LOG] Response received, transaction 1154, function 0x03, 4 bytes PDU
2026-09-16 14:07:11 [LOG] Reading 0x2432 = 0
2026-09-16 14:07:11 [LOG] Request sent, transaction 1155, function 0x03, 12 bytes
2026-09-16 14:07:11 [LOG] Response received, transaction 1155, function 0x03, 4 bytes PDU
2026-09-16 14:07:11 [LOG] Reading 0x2433 = 0
2026-09-16 14:07:11 [LOG] Request sent, transaction 1156, function 0x03, 12 bytes
2026-09-16 14:07:11 [LOG] Response received, transaction 1156, function 0x03, 4 bytes PDU
2026-09-16 14:07:11 [LOG] Reading 0x2434 = 0
2026-09-16 14:07:11 No connected clients to send
2026-09-16 14:07:31 [LOG] Request sent, transaction 1157, function 0x03, 12 bytes
2026-09-16 14:07:31 [LOG] Response received, transaction 1157, function 0x03, 4 bytes PDU
2026-09-16 14:07:31 [LOG] Reading 0x242c = 1
2026-09-16 14:07:31 [LOG] Request sent, transaction 1158, function 0x03, 12 bytes
2026-09-16 14:07:31 [LOG] Response received, transaction 1158, function 0x03, 4 bytes PDU
2026-09-16 14:07:31 [LOG] Reading 0x242d = 0
2026-09-16 14:07:31 [LOG] Request sent, transaction 1159, function 0x03, 12 bytes
2026-09-16 14:07:31 [LOG] Response received, transaction 1159, function 0x03, 4 bytes PDU
2026-09-16 14:07:31 [LOG] Reading 0x242e = 0
2026-09-16 14:07:31 [LOG] Request sent, transaction 1160, function 0x03, 12 bytes
2026-09-16 14:07:31 [LOG] Response received, transaction 1160, function 0x03, 4 bytes PDU
2026-09-16 14:07:31 [LOG] Reading 0x242f = 0
2026-09-16 14:07:31 [LOG] Request sent, transaction 1161, function 0x03, 12 bytes
2026-09-16 14:07:31 [LOG] Response received, transaction 1161, function 0x03, 4 bytes PDU
2026-09-16 14:07:31 [LOG] Reading 0x2430 = 0
2026-09-16 14:07:31 [LOG] Request sent, transaction 1162, function 0x03, 12 bytes
2026-09-16 14:07:31 [LOG] Response received, transaction 1162, function 0x03, 4 bytes PDU
2026-09-16 14:07:31 [LOG] Reading 0x2431 = 0
2026-09-16 14:07:31 [LOG] Request sent, transaction 1163, function 0x03, 12 bytes
2026-09-16 14:07:31 [LOG] Response received, transaction 1163, function 0x03, 4 bytes PDU
2026-09-16 14:07:31 [LOG] Reading 0x2432 = 0
2026-09-16 14:07:31 [LOG] Request sent, transaction 1164, function 0x03, 12 bytes
2026-09-16 14:07:31 [LOG] Response received, transaction 1164, function 0x03, 4 bytes PDU
2026-09-16 14:07:31 [LOG] Reading 0x2433 = 0
2026-09-16 14:07:31 [LOG] Request sent, transaction 1165, function 0x03, 12 bytes
2026-09-16 14:07:31 [LOG] Response received, transaction 1165, function 0x03, 4 bytes PDU
2026-09-16 14:07:31 [LOG] Reading 0x2434 = 0
2026-09-16 14:07:31 No connected clients to send
2026-09-16 14:07:51 [LOG] Request sent, transaction 1166, function 0x03, 12 bytes
2026-09-16 14:07:51 [LOG] Response received, transaction 1166, function 0x03, 4 bytes PDU
2026-09-16 14:07:51 [LOG] Reading 0x242c = 1
2026-09-16 14:07:51 [LOG] Request sent, transaction 1167, function 0x03, 12 bytes
2026-09-16 14:07:51 [LOG] Response received, transaction 1167, function 0x03, 4 bytes PDU
2026-09-16 14:07:51 [LOG] Reading 0x242d = 0
2026-09-16 14:07:51 [LOG] Request sent, transaction 1168, function 0x03, 12 bytes
2026-09-16 14:07:51 [LOG] Response received, transaction 1168, function 0x03, 4 bytes PDU
2026-09-16 14:07:51 [LOG] Reading 0x242e = 0
2026-09-16 14:07:51 [LOG] Request sent, transaction 1169, function 0x03, 12 bytes
2026-09-16 14:07:51 [LOG] Response received, transaction 1169, function 0x03, 4 bytes PDU
2026-09-16 14:07:51 [LOG] Reading 0x242f = 0
2026-09-16 14:07:51 [LOG] Request sent, transaction 1170, function 0x03, 12 bytes
2026-09-16 14:07:51 [LOG] Response received, transaction 1170, function 0x03, 4 bytes PDU
2026-09-16 14:07:51 [LOG] Reading 0x2430 = 0
2026-09-16 14:07:51 [LOG] Request sent, transaction 1171, function 0x03, 12 bytes
2026-09-16 14:07:51 [LOG] Response received, transaction 1171, function 0x03, 4 bytes PDU
2026-09-16 14:07:51 [LOG] Reading 0x2431 = 0
2026-09-16 14:07:51 [LOG] Request sent, transaction 1172, function 0x03, 12 bytes
2026-09-16 14:07:51 [LOG] Response received, transaction 1172, function 0x03, 4 bytes PDU
2026-09-16 14:07:51 [LOG] Reading 0x2432 = 0
2026-09-16 14:07:51 [LOG] Request sent, transaction 1173, function 0x03, 12 bytes
2026-09-16 14:07:51 [LOG] Response received, transaction 1173, function 0x03, 4 bytes PDU
2026-09-16 14:07:51 [LOG] Reading 0x2433 = 0
2026-09-16 14:07:51 [LOG] Request sent, transaction 1174, function 0x03, 12 bytes
2026-09-16 14:07:51 [LOG] Response received, transaction 1174, function 0x03, 4 bytes PDU
2026-09-16 14:07:51 [LOG] Reading 0x2434 = 0
2026-09-16 14:07:51 No connected clients to send
2026-09-16 14:08:11 [LOG] Request sent, transaction 1175, function 0x03, 12 bytes
2026-09-16 14:08:11 [LOG] Response received, transaction 1175, function 0x03, 4 bytes PDU
2026-09-16 14:08:11 [LOG] Reading 0x242c = 1
2026-09-16 14:08:11 [LOG] Request sent, transaction 1176, function 0x03, 12 bytes
2026-09-16 14:08:11 [LOG] Response received, transaction 1176, function 0x03, 4 bytes PDU
2026-09-16 14:08:11 [LOG] Reading 0x242d = 0
2026-09-16 14:08:11 [LOG] Request sent, transaction 1177, function 0x03, 12 bytes
2026-09-16 14:08:11 [LOG] Response received, transaction 1177, function 0x03, 4 bytes PDU
2026-09-16 14:08:11 [LOG] Reading 0x242e = 0
2026-09-16 14:08:11 [LOG] Request sent, transaction 1178, function 0x03, 12 bytes
2026-09-16 14:08:11 [LOG] Response received, transaction 1178, function 0x03, 4 bytes PDU
2026-09-16 14:08:11 [LOG] Reading 0x242f = 0
2026-09-16 14:08:11 [LOG] Request sent, transaction 1179, function 0x03, 12 bytes
2026-09-16 14:08:11 [LOG] Response received, transaction 1179, function 0x03, 4 bytes PDU
2026-09-16 14:08:11 [LOG] Reading 0x2430 = 0
2026-09-16 14:08:11 [LOG] Request sent, transaction 1180, function 0x03, 12 bytes
2026-09-16 14:08:11 [LOG] Response received, transaction 1180, function 0x03, 4 bytes PDU
2026-09-16 14:08:11 [LOG] Reading 0x2431 = 0
2026-09-16 14:08:11 [LOG] Request sent, transaction 1181, function 0x03, 12 bytes
2026-09-16 14:08:11 [LOG] Response received, transaction 1181, function 0x03, 4 bytes PDU
2026-09-16 14:08:11 [LOG] Reading 0x2432 = 0
2026-09-16 14:08:11 [LOG] Request sent, transaction 1182, function 0x03, 12 bytes
2026-09-16 14:08:11 [LOG] Response received, transaction 1182, function 0x03, 4 bytes PDU
2026-09-16 14:08:11 [LOG] Reading 0x2433 = 0
2026-09-16 14:08:11 [LOG] Request sent, transaction 1183, function 0x03, 12 bytes
2026-09-16 14:08:11 [LOG] Response received, transaction 1183, function 0x03, 4 bytes PDU
2026-09-16 14:08:11 [LOG] Reading 0x2434 = 0
2026-09-16 14:08:11 No connected clients to send
2026-09-16 14:08:31 [LOG] Request sent, transaction 1184, function 0x03, 12 bytes
2026-09-16 14:08:31 [LOG] Response received, transaction 1184, function 0x03, 4 bytes PDU
2026-09-16 14:08:31 [LOG] Reading 0x242c = 1
2026-09-16 14:08:31 [LOG] Request sent, transaction 1185, function 0x03, 12 bytes
2026-09-16 14:08:31 [LOG] Response received, transaction 1185, function 0x03, 4 bytes PDU
2026-09-16 14:08:31 [LOG] Reading 0x242d = 0
2026-09-16 14:08:31 [LOG] Request sent, transaction 1186, function 0x03, 12 bytes
2026-09-16 14:08:31 [LOG] Response received, transaction 1186, function 0x03, 4 bytes PDU
2026-09-16 14:08:31 [LOG] Reading 0x242e = 0
2026-09-16 14:08:31 [LOG] Request sent, transaction 1187, function 0x03, 12 bytes
2026-09-16 14:08:31 [LOG] Response received, transaction 1187, function 0x03, 4 bytes PDU
2026-09-16 14:08:31 [LOG] Reading 0x242f = 0
2026-09-16 14:08:31 [LOG] Request sent, transaction 1188, function 0x03, 12 bytes
2026-09-16 14:08:31 [LOG] Response received, transaction 1188, function 0x03, 4 bytes PDU
2026-09-16 14:08:31 [LOG] Reading 0x2430 = 0
2026-09-16 14:08:31 [LOG] Request sent, transaction 1189, function 0x03, 12 bytes
2026-09-16 14:08:31 [LOG] Response received, transaction 1189, function 0x03, 4 bytes PDU
2026-09-16 14:08:31 [LOG] Reading 0x2431 = 0
2026-09-16 14:08:31 [LOG] Request sent, transaction 1190, function 0x03, 12 bytes
2026-09-16 14:08:31 [LOG] Response received, transaction 1190, function 0x03, 4 bytes PDU
2026-09-16 14:08:31 [LOG] Reading 0x2432 = 0
2026-09-16 14:08:31 [LOG] Request sent, transaction 1191, function 0x03, 12 bytes
2026-09-16 14:08:31 [LOG] Response received, transaction 1191, function 0x03, 4 bytes PDU
2026-09-16 14:08:31 [LOG] Reading 0x2433 = 0
2026-09-16 14:08:31 [LOG] Request sent, transaction 1192, function 0x03, 12 bytes
2026-09-16 14:08:31 [LOG] Response received, transaction 1192, function 0x03, 4 bytes PDU
2026-09-16 14:08:31 [LOG] Reading 0x2434 = 0
2026-09-16 14:08:31 No connected clients to send
2026-09-16 14:08:51 [LOG] Request sent, transaction 1193, function 0x03, 12 bytes
2026-09-16 14:08:51 [LOG] Response received, transaction 1193, function 0x03, 4 bytes PDU
2026-09-16 14:08:51 [LOG] Reading 0x242c = 1
2026-09-16 14:08:51 [LOG] Request sent, transaction 1194, function 0x03, 12 bytes
2026-09-16 14:08:51 [LOG] Response received, transaction 1194, function 0x03, 4 bytes PDU
2026-09-16 14:08:51 [LOG] Reading 0x242d = 0
2026-09-16 14:08:51 [LOG] Request sent, transaction 1195, function 0x03, 12 bytes
2026-09-16 14:08:51 [LOG] Response received, transaction 1195, function 0x03, 4 bytes PDU
2026-09-16 14:08:51 [LOG] Reading 0x242e = 0
2026-09-16 14:08:51 [LOG] Request sent, transaction 1196, function 0x03, 12 bytes
2026-09-16 14:08:51 [LOG] Response received, transaction 1196, function 0x03, 4 bytes PDU
2026-09-16 14:08:51 [LOG] Reading 0x242f = 0
2026-09-16 14:08:51 [LOG] Request sent, transaction 1197, function 0x03, 12 bytes
2026-09-16 14:08:51 [LOG] Response received, transaction 1197, function 0x03, 4 bytes PDU
2026-09-16 14:08:51 [LOG] Reading 0x2430 = 0
2026-09-16 14:08:51 [LOG] Request sent, transaction 1198, function 0x03, 12 bytes
2026-09-16 14:08:51 [LOG] Response received, transaction 1198, function 0x03, 4 bytes PDU
2026-09-16 14:08:51 [LOG] Reading 0x2431 = 0
2026-09-16 14:08:51 [LOG] Request sent, transaction 1199, function 0x03, 12 bytes
2026-09-16 14:08:51 [LOG] Response received, transaction 1199, function 0x03, 4 bytes PDU
2026-09-16 14:08:51 [LOG] Reading 0x2432 = 0
2026-09-16 14:08:51 [LOG] Request sent, transaction 1200, function 0x03, 12 bytes
2026-09-16 14:08:51 [LOG] Response received, transaction 1200, function 0x03, 4 bytes PDU
2026-09-16 14:08:51 [LOG] Reading 0x2433 = 0
2026-09-16 14:08:51 [LOG] Request sent, transaction 1201, function 0x03, 12 bytes
2026-09-16 14:08:51 [LOG] Response received, transaction 1201, function 0x03, 4 bytes PDU
2026-09-16 14:08:51 [LOG] Reading 0x2434 = 0
2026-09-16 14:08:51 No connected clients to send
2026-09-16 14:09:11 [LOG] Request sent, transaction 1202, function 0x03, 12 bytes
2026-09-16 14:09:11 [LOG] Response received, transaction 1202, function 0x03, 4 bytes PDU
2026-09-16 14:09:11 [LOG] Reading 0x242c = 1
2026-09-16 14:09:11 [LOG] Request sent, transaction 1203, function 0x03, 12 bytes
2026-09-16 14:09:11 [LOG] Response received, transaction 1203, function 0x03, 4 bytes PDU
2026-09-16 14:09:11 [LOG] Reading 0x242d = 0
2026-09-16 14:09:11 [LOG] Request sent, transaction 1204, function 0x03, 12 bytes
2026-09-16 14:09:11 [LOG] Response received, transaction 1204, function 0x03, 4 bytes PDU
2026-09-16 14:09:11 [LOG] Reading 0x242e = 0
2026-09-16 14:09:11 [LOG] Request sent, transaction 1205, function 0x03, 12 bytes
2026-09-16 14:09:11 [LOG] Response received, transaction 1205, function 0x03, 4 bytes PDU
2026-09-16 14:09:11 [LOG] Reading 0x242f = 0
2026-09-16 14:09:11 [LOG] Request sent, transaction 1206, function 0x03, 12 bytes
2026-09-16 14:09:11 [LOG] Response received, transaction 1206, function 0x03, 4 bytes PDU
2026-09-16 14:09:11 [LOG] Reading 0x2430 = 0
2026-09-16 14:09:11 [LOG] Request sent, transaction 1207, function 0x03, 12 bytes
2026-09-16 14:09:11 [LOG] Response received, transaction 1207, function 0x03, 4 bytes PDU
2026-09-16 14:09:11 [LOG] Reading 0x2431 = 0
2026-09-16 14:09:11 [LOG] Request sent, transaction 1208, function 0x03, 12 bytes
2026-09-16 14:09:11 [LOG] Response received, transaction 1208, function 0x03, 4 bytes PDU
2026-09-16 14:09:11 [LOG] Reading 0x2432 = 0
2026-09-16 14:09:11 [LOG] Request sent, transaction 1209, function 0x03, 12 bytes
2026-09-16 14:09:11 [LOG] Response received, transaction 1209, function 0x03, 4 bytes PDU
2026-09-16 14:09:11 [LOG] Reading 0x2433 = 0
2026-09-16 14:09:11 [LOG] Request sent, transaction 1210, function 0x03, 12 bytes
2026-09-16 14:09:11 [LOG] Response received, transaction 1210, function 0x03, 4 bytes PDU
2026-09-16 14:09:11 [LOG] Reading 0x2434 = 0
2026-09-16 14:09:11 No connected clients to send
2026-09-16 14:09:31 [LOG] Request sent, transaction 1211, function 0x03, 12 bytes
2026-09-16 14:09:31 [LOG] Response received, transaction 1211, function 0x03, 4 bytes PDU
2026-09-16 14:09:31 [LOG] Reading 0x242c = 1
2026-09-16 14:09:31 [LOG] Request sent, transaction 1212, function 0x03, 12 bytes
2026-09-16 14:09:31 [LOG] Response received, transaction 1212, function 0x03, 4 bytes PDU
2026-09-16 14:09:31 [LOG] Reading 0x242d = 0
2026-09-16 14:09:31 [LOG] Request sent, transaction 1213, function 0x03, 12 bytes
2026-09-16 14:09:31 [LOG] Response received, transaction 1213, function 0x03, 4 bytes PDU
2026-09-16 14:09:31 [LOG] Reading 0x242e = 0
2026-09-16 14:09:31 [LOG] Request sent, transaction 1214, function 0x03, 12 bytes
2026-09-16 14:09:31 [LOG] Response received, transaction 1214, function 0x03, 4 bytes PDU
2026-09-16 14:09:31 [LOG] Reading 0x242f = 0
2026-09-16 14:09:31 [LOG] Request sent, transaction 1215, function 0x03, 12 bytes
2026-09-16 14:09:31 [LOG] Response received, transaction 1215, function 0x03, 4 bytes PDU
2026-09-16 14:09:31 [LOG] Reading 0x2430 = 0
2026-09-16 14:09:31 [LOG] Request sent, transaction 1216, function 0x03, 12 bytes
2026-09-16 14:09:31 [LOG] Response received, transaction 1216, function 0x03, 4 bytes PDU
2026-09-16 14:09:31 [LOG] Reading 0x2431 = 0
2026-09-16 14:09:31 [LOG] Request sent, transaction 1217, function 0x03, 12 bytes
2026-09-16 14:09:31 [LOG] Response received, transaction 1217, function 0x03, 4 bytes PDU
2026-09-16 14:09:31 [LOG] Reading 0x2432 = 0
2026-09-16 14:09:31 [LOG] Request sent, transaction 1218, function 0x03, 12 bytes
2026-09-16 14:09:31 [LOG] Response received, transaction 1218, function 0x03, 4 bytes PDU
2026-09-16 14:09:31 [LOG] Reading 0x2433 = 0
2026-09-16 14:09:31 [LOG] Request sent, transaction 1219, function 0x03, 12 bytes
2026-09-16 14:09:31 [LOG] Response received, transaction 1219, function 0x03, 4 bytes PDU
2026-09-16 14:09:31 [LOG] Reading 0x2434 = 0
2026-09-16 14:09:31 No connected clients to send
2026-09-16 14:09:51 [LOG] Request sent, transaction 1220, function 0x03, 12 bytes
2026-09-16 14:09:51 [LOG] Response received, transaction 1220, function 0x03, 4 bytes PDU
2026-09-16 14:09:51 [LOG] Reading 0x242c = 1
2026-09-16 14:09:51 [LOG] Request sent, transaction 1221, function 0x03, 12 bytes
2026-09-16 14:09:51 [LOG] Response received, transaction 1221, function 0x03, 4 bytes PDU
2026-09-16 14:09:51 [LOG] Reading 0x242d = 0
2026-09-16 14:09:51 [LOG] Request sent, transaction 1222, function 0x03, 12 bytes
2026-09-16 14:09:51 [LOG] Response received, transaction 1222, function 0x03, 4 bytes PDU
2026-09-16 14:09:51 [LOG] Reading 0x242e = 0
2026-09-16 14:09:51 [LOG] Request sent, transaction 1223, function 0x03, 12 bytes
2026-09-16 14:09:51 [LOG] Response received, transaction 1223, function 0x03, 4 bytes PDU
2026-09-16 14:09:51 [LOG] Reading 0x242f = 0
2026-09-16 14:09:51 [LOG] Request sent, transaction 1224, function 0x03, 12 bytes
2026-09-16 14:09:51 [LOG] Response received, transaction 1224, function 0x03, 4 bytes PDU
2026-09-16 14:09:51 [LOG] Reading 0x2430 = 0
2026-09-16 14:09:51 [LOG] Request sent, transaction 1225, function 0x03, 12 bytes
2026-09-16 14:09:51 [LOG] Response received, transaction 1225, function 0x03, 4 bytes PDU
2026-09-16 14:09:51 [LOG] Reading 0x2431 = 0
2026-09-16 14:09:51 [LOG] Request sent, transaction 1226, function 0x03, 12 bytes
2026-09-16 14:09:51 [LOG] Response received, transaction 1226, function 0x03, 4 bytes PDU
2026-09-16 14:09:51 [LOG] Reading 0x2432 = 0
2026-09-16 14:09:51 [LOG] Request sent, transaction 1227, function 0x03, 12 bytes
2026-09-16 14:09:51 [LOG] Response received, transaction 1227, function 0x03, 4 bytes PDU
2026-09-16 14:09:51 [LOG] Reading 0x2433 = 0
2026-09-16 14:09:51 [LOG] Request sent, transaction 1228, function 0x03, 12 bytes
2026-09-16 14:09:51 [LOG] Response received, transaction 1228, function 0x03, 4 bytes PDU
2026-09-16 14:09:51 [LOG] Reading 0x2434 = 0
2026-09-16 14:09:51 No connected clients to send
2026-09-16 14:10:11 [LOG] Request sent, transaction 1229, function 0x03, 12 bytes
2026-09-16 14:10:11 [LOG] Response received, transaction 1229, function 0x03, 4 bytes PDU
2026-09-16 14:10:11 [LOG] Reading 0x242c = 1
2026-09-16 14:10:11 [LOG] Request sent, transaction 1230, function 0x03, 12 bytes
2026-09-16 14:10:11 [LOG] Response received, transaction 1230, function 0x03, 4 bytes PDU
2026-09-16 14:10:11 [LOG] Reading 0x242d = 0
2026-09-16 14:10:11 [LOG] Request sent, transaction 1231, function 0x03, 12 bytes
2026-09-16 14:10:11 [LOG] Response received, transaction 1231, function 0x03, 4 bytes PDU
2026-09-16 14:10:11 [LOG] Reading 0x242e = 0
2026-09-16 14:10:11 [LOG] Request sent, transaction 1232, function 0x03, 12 bytes
2026-09-16 14:10:11 [LOG] Response received, transaction 1232, function 0x03, 4 bytes PDU
2026-09-16 14:10:11 [LOG] Reading 0x242f = 0
2026-09-16 14:10:11 [LOG] Request sent, transaction 1233, function 0x03, 12 bytes
2026-09-16 14:10:11 [LOG] Response received, transaction 1233, function 0x03, 4 bytes PDU
2026-09-16 14:10:11 [LOG] Reading 0x2430 = 0
2026-09-16 14:10:11 [LOG] Request sent, transaction 1234, function 0x03, 12 bytes
2026-09-16 14:10:11 [LOG] Response received, transaction 1234, function 0x03, 4 bytes PDU
2026-09-16 14:10:11 [LOG] Reading 0x2431 = 0
2026-09-16 14:10:11 [LOG] Request sent, transaction 1235, function 0x03, 12 bytes
2026-09-16 14:10:11 [LOG] Response received, transaction 1235, function 0x03, 4 bytes PDU
2026-09-16 14:10:11 [LOG] Reading 0x2432 = 0
2026-09-16 14:10:11 [LOG] Request sent, transaction 1236, function 0x03, 12 bytes
2026-09-16 14:10:11 [LOG] Response received, transaction 1236, function 0x03, 4 bytes PDU
2026-09-16 14:10:11 [LOG] Reading 0x2433 = 0
2026-09-16 14:10:11 [LOG] Request sent, transaction 1237, function 0x03, 12 bytes
2026-09-16 14:10:11 [LOG] Response received, transaction 1237, function 0x03, 4 bytes PDU
2026-09-16 14:10:11 [LOG] Reading 0x2434 = 0
2026-09-16 14:10:11 No connected clients to send
2026-09-16 14:10:31 [LOG] Request sent, transaction 1238, function 0x03, 12 bytes
2026-09-16 14:10:31 [LOG] Response received, transaction 1238, function 0x03, 4 bytes PDU
2026-09-16 14:10:31 [LOG] Reading 0x242c = 1
2026-09-16 14:10:31 [LOG] Request sent, transaction 1239, function 0x03, 12 bytes
2026-09-16 14:10:31 [LOG] Response received, transaction 1239, function 0x03, 4 bytes PDU
2026-09-16 14:10:31 [LOG] Reading 0x242d = 0
2026-09-16 14:10:31 [LOG] Request sent, transaction 1240, function 0x03, 12 bytes
2026-09-16 14:10:31 [LOG] Response received, transaction 1240, function 0x03, 4 bytes PDU
2026-09-16 14:10:31 [LOG] Reading 0x242e = 0
2026-09-16 14:10:31 [LOG] Request sent, transaction 1241, function 0x03, 12 bytes
2026-09-16 14:10:31 [LOG] Response received, transaction 1241, function 0x03, 4 bytes PDU
2026-09-16 14:10:31 [LOG] Reading 0x242f = 0
2026-09-16 14:10:31 [LOG] Request sent, transaction 1242, function 0x03, 12 bytes
2026-09-16 14:10:31 [LOG] Response received, transaction 1242, function 0x03, 4 bytes PDU
2026-09-16 14:10:31 [LOG] Reading 0x2430 = 0
2026-09-16 14:10:31 [LOG] Request sent, transaction 1243, function 0x03, 12 bytes
2026-09-16 14:10:31 [LOG] Response received, transaction 1243, function 0x03, 4 bytes PDU
2026-09-16 14:10:31 [LOG] Reading 0x2431 = 0
2026-09-16 14:10:31 [LOG] Request sent, transaction 1244, function 0x03, 12 bytes
2026-09-16 14:10:31 [LOG] Response received, transaction 1244, function 0x03, 4 bytes PDU
2026-09-16 14:10:31 [LOG] Reading 0x2432 = 0
2026-09-16 14:10:31 [LOG] Request sent, transaction 1245, function 0x03, 12 bytes
2026-09-16 14:10:31 [LOG] Response received, transaction 1245, function 0x03, 4 bytes PDU
2026-09-16 14:10:31 [LOG] Reading 0x2433 = 0
2026-09-16 14:10:31 [LOG] Request sent, transaction 1246, function 0x03, 12 bytes
2026-09-16 14:10:31 [LOG] Response received, transaction 1246, function 0x03, 4 bytes PDU
2026-09-16 14:10:31 [LOG] Reading 0x2434 = 0
2026-09-16 14:10:31 No connected clients to send
2026-09-16 14:10:51 [LOG] Request sent, transaction 1247, function 0x03, 12 bytes
2026-09-16 14:10:51 [LOG] Response received, transaction 1247, function 0x03, 4 bytes PDU
2026-09-16 14:10:51 [LOG] Reading 0x242c = 1
2026-09-16 14:10:51 [LOG] Request sent, transaction 1248, function 0x03, 12 bytes
2026-09-16 14:10:51 [LOG] Response received, transaction 1248, function 0x03, 4 bytes PDU
2026-09-16 14:10:51 [LOG] Reading 0x242d = 0
2026-09-16 14:10:51 [LOG] Request sent, transaction 1249, function 0x03, 12 bytes
2026-09-16 14:10:51 [LOG] Response received, transaction 1249, function 0x03, 4 bytes PDU
2026-09-16 14:10:51 [LOG] Reading 0x242e = 0
2026-09-16 14:10:51 [LOG] Request sent, transaction 1250, function 0x03, 12 bytes
2026-09-16 14:10:51 [LOG] Response received, transaction 1250, function 0x03, 4 bytes PDU
2026-09-16 14:10:51 [LOG] Reading 0x242f = 0
2026-09-16 14:10:51 [LOG] Request sent, transaction 1251, function 0x03, 12 bytes
2026-09-16 14:10:51 [LOG] Response received, transaction 1251, function 0x03, 4 bytes PDU
2026-09-16 14:10:51 [LOG] Reading 0x2430 = 0
2026-09-16 14:10:51 [LOG] Request sent, transaction 1252, function 0x03, 12 bytes
2026-09-16 14:10:51 [LOG] Response received, transaction 1252, function 0x03, 4 bytes PDU
2026-09-16 14:10:51 [LOG] Reading 0x2431 = 0
2026-09-16 14:10:51 [LOG] Request sent, transaction 1253, function 0x03, 12 bytes
2026-09-16 14:10:51 [LOG] Response received, transaction 1253, function 0x03, 4 bytes PDU
2026-09-16 14:10:51 [LOG] Reading 0x2432 = 0
2026-09-16 14:10:51 [LOG] Request sent, transaction 1254, function 0x03, 12 bytes
2026-09-16 14:10:51 [LOG] Response received, transaction 1254, function 0x03, 4 bytes PDU
2026-09-16 14:10:51 [LOG] Reading 0x2433 = 0
2026-09-16 14:10:51 [LOG] Request sent, transaction 1255, function 0x03, 12 bytes
2026-09-16 14:10:51 [LOG] Response received, transaction 1255, function 0x03, 4 bytes PDU
2026-09-16 14:10:51 [LOG] Reading 0x2434 = 0
2026-09-16 14:10:51 No connected clients to send
2026-09-16 14:11:11 [LOG] Request sent, transaction 1256, function 0x03, 12 bytes
2026-09-16 14:11:11 [LOG] Response received, transaction 1256, function 0x03, 4 bytes PDU
2026-09-16 14:11:11 [LOG] Reading 0x242c = 1
2026-09-16 14:11:11 [LOG] Request sent, transaction 1257, function 0x03, 12 bytes
2026-09-16 14:11:11 [LOG] Response received, transaction 1257, function 0x03, 4 bytes PDU
2026-09-16 14:11:11 [LOG] Reading 0x242d = 0
2026-09-16 14:11:11 [LOG] Request sent, transaction 1258, function 0x03, 12 bytes
2026-09-16 14:11:11 [LOG] Response received, transaction 1258, function 0x03, 4 bytes PDU
2026-09-16 14:11:11 [LOG] Reading 0x242e = 0
2026-09-16 14:11:11 [LOG] Request sent, transaction 1259, function 0x03, 12 bytes
2026-09-16 14:11:11 [LOG] Response received, transaction 1259, function 0x03, 4 bytes PDU
2026-09-16 14:11:11 [LOG] Reading 0x242f = 0
2026-09-16 14:11:11 [LOG] Request sent, transaction 1260, function 0x03, 12 bytes
2026-09-16 14:11:11 [LOG] Response received, transaction 1260, function 0x03, 4 bytes PDU
2026-09-16 14:11:11 [LOG] Reading 0x2430 = 0
2026-09-16 14:11:11 [LOG] Request sent, transaction 1261, function 0x03, 12 bytes
2026-09-16 14:11:11 [LOG] Response received, transaction 1261, function 0x03, 4 bytes PDU
2026-09-16 14:11:11 [LOG] Reading 0x2431 = 0
2026-09-16 14:11:11 [LOG] Request sent, transaction 1262, function 0x03, 12 bytes
2026-09-16 14:11:11 [LOG] Response received, transaction 1262, function 0x03, 4 bytes PDU
2026-09-16 14:11:11 [LOG] Reading 0x2432 = 0
2026-09-16 14:11:11 [LOG] Request sent, transaction 1263, function 0x03, 12 bytes
2026-09-16 14:11:11 [LOG] Response received, transaction 1263, function 0x03, 4 bytes PDU
2026-09-16 14:11:11 [LOG] Reading 0x2433 = 0
2026-09-16 14:11:11 [LOG] Request sent, transaction 1264, function 0x03, 12 bytes
2026-09-16 14:11:11 [LOG] Response received, transaction 1264, function 0x03, 4 bytes PDU
2026-09-16 14:11:11 [LOG] Reading 0x2434 = 0
2026-09-16 14:11:11 No connected clients to send
2026-09-16 14:11:31 [LOG] Request sent, transaction 1265, function 0x03, 12 bytes
2026-09-16 14:11:31 [LOG] Response received, transaction 1265, function 0x03, 4 bytes PDU
2026-09-16 14:11:31 [LOG] Reading 0x242c = 1
2026-09-16 14:11:31 [LOG] Request sent, transaction 1266, function 0x03, 12 bytes
2026-09-16 14:11:31 [LOG] Response received, transaction 1266, function 0x03, 4 bytes PDU
2026-09-16 14:11:31 [LOG] Reading 0x242d = 0
2026-09-16 14:11:31 [LOG] Request sent, transaction 1267, function 0x03, 12 bytes
2026-09-16 14:11:31 [LOG] Response received, transaction 1267, function 0x03, 4 bytes PDU
2026-09-16 14:11:31 [LOG] Reading 0x242e = 0
2026-09-16 14:11:31 [LOG] Request sent, transaction 1268, function 0x03, 12 bytes
2026-09-16 14:11:31 [LOG] Response received, transaction 1268, function 0x03, 4 bytes PDU
2026-09-16 14:11:31 [LOG] Reading 0x242f = 0
2026-09-16 14:11:31 [LOG] Request sent, transaction 1269, function 0x03, 12 bytes
2026-09-16 14:11:31 [LOG] Response received, transaction 1269, function 0x03, 4 bytes PDU
2026-09-16 14:11:31 [LOG] Reading 0x2430 = 0
2026-09-16 14:11:31 [LOG] Request sent, transaction 1270, function 0x03, 12 bytes
2026-09-16 14:11:31 [LOG] Response received, transaction 1270, function 0x03, 4 bytes PDU
2026-09-16 14:11:31 [LOG] Reading 0x2431 = 0
2026-09-16 14:11:31 [LOG] Request sent, transaction 1271, function 0x03, 12 bytes
2026-09-16 14:11:31 [LOG] Response received, transaction 1271, function 0x03, 4 bytes PDU
2026-09-16 14:11:31 [LOG] Reading 0x2432 = 0
2026-09-16 14:11:31 [LOG] Request sent, transaction 1272, function 0x03, 12 bytes
2026-09-16 14:11:31 [LOG] Response received, transaction 1272, function 0x03, 4 bytes PDU
2026-09-16 14:11:31 [LOG] Reading 0x2433 = 0
2026-09-16 14:11:31 [LOG] Request sent, transaction 1273, function 0x03, 12 bytes
2026-09-16 14:11:31 [LOG] Response received, transaction 1273, function 0x03, 4 bytes PDU
2026-09-16 14:11:31 [LOG] Reading 0x2434 = 0
2026-09-16 14:11:31 No connected clients to send
2026-09-16 14:11:51 [LOG] Request sent, transaction 1274, function 0x03, 12 bytes
2026-09-16 14:11:51 [LOG] Response received, transaction 1274, function 0x03, 4 bytes PDU
2026-09-16 14:11:51 [LOG] Reading 0x242c = 1
2026-09-16 14:11:51 [LOG] Request sent, transaction 1275, function 0x03, 12 bytes
2026-09-16 14:11:51 [LOG] Response received, transaction 1275, function 0x03, 4 bytes PDU
2026-09-16 14:11:51 [LOG] Reading 0x242d = 0
2026-09-16 14:11:51 [LOG] Request sent, transaction 1276, function 0x03, 12 bytes
2026-09-16 14:11:51 [LOG] Response received, transaction 1276, function 0x03, 4 bytes PDU
2026-09-16 14:11:51 [LOG] Reading 0x242e = 0
2026-09-16 14:11:51 [LOG] Request sent, transaction 1277, function 0x03, 12 bytes
2026-09-16 14:11:51 [LOG] Response received, transaction 1277, function 0x03, 4 bytes PDU
2026-09-16 14:11:51 [LOG] Reading 0x242f = 0
2026-09-16 14:11:51 [LOG] Request sent, transaction 1278, function 0x03, 12 bytes
2026-09-16 14:11:51 [LOG] Response received, transaction 1278, function 0x03, 4 bytes PDU
2026-09-16 14:11:51 [LOG] Reading 0x2430 = 0
2026-09-16 14:11:51 [LOG] Request sent, transaction 1279, function 0x03, 12 bytes
2026-09-16 14:11:51 [LOG] Response received, transaction 1279, function 0x03, 4 bytes PDU
2026-09-16 14:11:51 [LOG] Reading 0x2431 = 0
2026-09-16 14:11:51 [LOG] Request sent, transaction 1280, function 0x03, 12 bytes
2026-09-16 14:11:51 [LOG] Response received, transaction 1280, function 0x03, 4 bytes PDU
2026-09-16 14:11:51 [LOG] Reading 0x2432 = 0
2026-09-16 14:11:51 [LOG] Request sent, transaction 1281, function 0x03, 12 bytes
2026-09-16 14:11:51 [LOG] Response received, transaction 1281, function 0x03, 4 bytes PDU
2026-09-16 14:11:51 [LOG] Reading 0x2433 = 0
2026-09-16 14:11:51 [LOG] Request sent, transaction 1282, function 0x03, 12 bytes
2026-09-16 14:11:51 [LOG] Response received, transaction 1282, function 0x03, 4 bytes PDU
2026-09-16 14:11:51 [LOG] Reading 0x2434 = 0
2026-09-16 14:11:51 No connected clients to send
2026-09-16 14:12:11 [LOG] Request sent, transaction 1283, function 0x03, 12 bytes
2026-09-16 14:12:11 [LOG] Response received, transaction 1283, function 0x03, 4 bytes PDU
2026-09-16 14:12:11 [LOG] Reading 0x242c = 1
2026-09-16 14:12:11 [LOG] Request sent, transaction 1284, function 0x03, 12 bytes
2026-09-16 14:12:11 [LOG] Response received, transaction 1284, function 0x03, 4 bytes PDU
2026-09-16 14:12:11 [LOG] Reading 0x242d = 0
2026-09-16 14:12:11 [LOG] Request sent, transaction 1285, function 0x03, 12 bytes
2026-09-16 14:12:11 [LOG] Response received, transaction 1285, function 0x03, 4 bytes PDU
2026-09-16 14:12:11 [LOG] Reading 0x242e = 0
2026-09-16 14:12:11 [LOG] Request sent, transaction 1286, function 0x03, 12 bytes
2026-09-16 14:12:11 [LOG] Response received, transaction 1286, function 0x03, 4 bytes PDU
2026-09-16 14:12:11 [LOG] Reading 0x242f = 0
2026-09-16 14:12:11 [LOG] Request sent, transaction 1287, function 0x03, 12 bytes
2026-09-16 14:12:11 [LOG] Response received, transaction 1287, function 0x03, 4 bytes PDU
2026-09-16 14:12:11 [LOG] Reading 0x2430 = 0
2026-09-16 14:12:11 [LOG] Request sent, transaction 1288, function 0x03, 12 bytes
2026-09-16 14:12:11 [LOG] Response received, transaction 1288, function 0x03, 4 bytes PDU
2026-09-16 14:12:11 [LOG] Reading 0x2431 = 0
2026-09-16 14:12:11 [LOG] Request sent, transaction 1289, function 0x03, 12 bytes
2026-09-16 14:12:11 [LOG] Response received, transaction 1289, function 0x03, 4 bytes PDU
2026-09-16 14:12:11 [LOG] Reading 0x2432 = 0
2026-09-16 14:12:11 [LOG] Request sent, transaction 1290, function 0x03, 12 bytes
2026-09-16 14:12:11 [LOG] Response received, transaction 1290, function 0x03, 4 bytes PDU
2026-09-16 14:12:11 [LOG] Reading 0x2433 = 0
2026-09-16 14:12:11 [LOG] Request sent, transaction 1291, function 0x03, 12 bytes
2026-09-16 14:12:11 [LOG] Response received, transaction 1291, function 0x03, 4 bytes PDU
2026-09-16 14:12:11 [LOG] Reading 0x2434 = 0
2026-09-16 14:12:11 No connected clients to send
2026-09-16 14:12:31 [LOG] Request sent, transaction 1292, function 0x03, 12 bytes
2026-09-16 14:12:31 [LOG] Response received, transaction 1292, function 0x03, 4 bytes PDU
2026-09-16 14:12:31 [LOG] Reading 0x242c = 1
2026-09-16 14:12:31 [LOG] Request sent, transaction 1293, function 0x03, 12 bytes
2026-09-16 14:12:31 [LOG] Response received, transaction 1293, function 0x03, 4 bytes PDU
2026-09-16 14:12:31 [LOG] Reading 0x242d = 0
2026-09-16 14:12:31 [LOG] Request sent, transaction 1294, function 0x03, 12 bytes
2026-09-16 14:12:31 [LOG] Response received, transaction 1294, function 0x03, 4 bytes PDU
2026-09-16 14:12:31 [LOG] Reading 0x242e = 0
2026-09-16 14:12:31 [LOG] Request sent, transaction 1295, function 0x03, 12 bytes
2026-09-16 14:12:31 [LOG] Response received, transaction 1295, function 0x03, 4 bytes PDU
2026-09-16 14:12:31 [LOG] Reading 0x242f = 0
2026-09-16 14:12:31 [LOG] Request sent, transaction 1296, function 0x03, 12 bytes
2026-09-16 14:12:31 [LOG] Response received, transaction 1296, function 0x03, 4 bytes PDU
2026-09-16 14:12:31 [LOG] Reading 0x2430 = 0
2026-09-16 14:12:31 [LOG] Request sent, transaction 1297, function 0x03, 12 bytes
2026-09-16 14:12:31 [LOG] Response received, transaction 1297, function 0x03, 4 bytes PDU
2026-09-16 14:12:31 [LOG] Reading 0x2431 = 0
2026-09-16 14:12:31 [LOG] Request sent, transaction 1298, function 0x03, 12 bytes
2026-09-16 14:12:31 [LOG] Response received, transaction 1298, function 0x03, 4 bytes PDU
2026-09-16 14:12:31 [LOG] Reading 0x2432 = 0
2026-09-16 14:12:31 [LOG] Request sent, transaction 1299, function 0x03, 12 bytes
2026-09-16 14:12:31 [LOG] Response received, transaction 1299, function 0x03, 4 bytes PDU
2026-09-16 14:12:31 [LOG] Reading 0x2433 = 0
2026-09-16 14:12:31 [LOG] Request sent, transaction 1300, function 0x03, 12 bytes
2026-09-16 14:12:31 [LOG] Response received, transaction 1300, function 0x03, 4 bytes PDU
2026-09-16 14:12:31 [LOG] Reading 0x2434 = 0
2026-09-16 14:12:31 No connected clients to send
2026-09-16 14:12:51 [LOG] Request sent, transaction 1301, function 0x03, 12 bytes
2026-09-16 14:12:51 [LOG] Response received, transaction 1301, function 0x03, 4 bytes PDU
2026-09-16 14:12:51 [LOG] Reading 0x242c = 1
2026-09-16 14:12:51 [LOG] Request sent, transaction 1302, function 0x03, 12 bytes
2026-09-16 14:12:51 [LOG] Response received, transaction 1302, function 0x03, 4 bytes PDU
2026-09-16 14:12:51 [LOG] Reading 0x242d = 0
2026-09-16 14:12:51 [LOG] Request sent, transaction 1303, function 0x03, 12 bytes
2026-09-16 14:12:51 [LOG] Response received, transaction 1303, function 0x03, 4 bytes PDU
2026-09-16 14:12:51 [LOG] Reading 0x242e = 0
2026-09-16 14:12:51 [LOG] Request sent, transaction 1304, function 0x03, 12 bytes
2026-09-16 14:12:51 [LOG] Response received, transaction 1304, function 0x03, 4 bytes PDU
2026-09-16 14:12:51 [LOG] Reading 0x242f = 0
2026-09-16 14:12:51 [LOG] Request sent, transaction 1305, function 0x03, 12 bytes
2026-09-16 14:12:51 [LOG] Response received, transaction 1305, function 0x03, 4 bytes PDU
2026-09-16 14:12:51 [LOG] Reading 0x2430 = 0
2026-09-16 14:12:51 [LOG] Request sent, transaction 1306, function 0x03, 12 bytes
2026-09-16 14:12:51 [LOG] Response received, transaction 1306, function 0x03, 4 bytes PDU
2026-09-16 14:12:51 [LOG] Reading 0x2431 = 0
2026-09-16 14:12:51 [LOG] Request sent, transaction 1307, function 0x03, 12 bytes
2026-09-16 14:12:51 [LOG] Response received, transaction 1307, function 0x03, 4 bytes PDU
2026-09-16 14:12:51 [LOG] Reading 0x2432 = 0
2026-09-16 14:12:51 [LOG] Request sent, transaction 1308, function 0x03, 12 bytes
2026-09-16 14:12:51 [LOG] Response received, transaction 1308, function 0x03, 4 bytes PDU
2026-09-16 14:12:51 [LOG] Reading 0x2433 = 0
2026-09-16 14:12:51 [LOG] Request sent, transaction 1309, function 0x03, 12 bytes
2026-09-16 14:12:51 [LOG] Response received, transaction 1309, function 0x03, 4 bytes PDU
2026-09-16 14:12:51 [LOG] Reading 0x2434 = 0
2026-09-16 14:12:51 No connected clients to send
2026-09-16 14:13:11 [LOG] Request sent, transaction 1310, function 0x03, 12 bytes
2026-09-16 14:13:11 [LOG] Response received, transaction 1310, function 0x03, 4 bytes PDU
2026-09-16 14:13:11 [LOG] Reading 0x242c = 1
2026-09-16 14:13:11 [LOG] Request sent, transaction 1311, function 0x03, 12 bytes
2026-09-16 14:13:11 [LOG] Response received, transaction 1311, function 0x03, 4 bytes PDU
2026-09-16 14:13:11 [LOG] Reading 0x242d = 0
2026-09-16 14:13:11 [LOG] Request sent, transaction 1312, function 0x03, 12 bytes
2026-09-16 14:13:11 [LOG] Response received, transaction 1312, function 0x03, 4 bytes PDU
2026-09-16 14:13:11 [LOG] Reading 0x242e = 0
2026-09-16 14:13:11 [LOG] Request sent, transaction 1313, function 0x03, 12 bytes
2026-09-16 14:13:11 [LOG] Response received, transaction 1313, function 0x03, 4 bytes PDU
2026-09-16 14:13:11 [LOG] Reading 0x242f = 0
2026-09-16 14:13:11 [LOG] Request sent, transaction 1314, function 0x03, 12 bytes
2026-09-16 14:13:11 [LOG] Response received, transaction 1314, function 0x03, 4 bytes PDU
2026-09-16 14:13:11 [LOG] Reading 0x2430 = 0
2026-09-16 14:13:11 [LOG] Request sent, transaction 1315, function 0x03, 12 bytes
2026-09-16 14:13:11 [LOG] Response received, transaction 1315, function 0x03, 4 bytes PDU
2026-09-16 14:13:11 [LOG] Reading 0x2431 = 0
2026-09-16 14:13:11 [LOG] Request sent, transaction 1316, function 0x03, 12 bytes
2026-09-16 14:13:11 [LOG] Response received, transaction 1316, function 0x03, 4 bytes PDU
2026-09-16 14:13:11 [LOG] Reading 0x2432 = 0
2026-09-16 14:13:11 [LOG] Request sent, transaction 1317, function 0x03, 12 bytes
2026-09-16 14:13:11 [LOG] Response received, transaction 1317, function 0x03, 4 bytes PDU
2026-09-16 14:13:11 [LOG] Reading 0x2433 = 0
2026-09-16 14:13:11 [LOG] Request sent, transaction 1318, function 0x03, 12 bytes
2026-09-16 14:13:11 [LOG] Response received, transaction 1318, function 0x03, 4 bytes PDU
2026-09-16 14:13:11 [LOG] Reading 0x2434 = 0
2026-09-16 14:13:11 No connected clients to send
2026-09-16 14:13:31 [LOG] Request sent, transaction 1319, function 0x03, 12 bytes
2026-09-16 14:13:31 [LOG] Response received, transaction 1319, function 0x03, 4 bytes PDU
2026-09-16 14:13:31 [LOG] Reading 0x242c = 1
2026-09-16 14:13:31 [LOG] Request sent, transaction 1320, function 0x03, 12 bytes
2026-09-16 14:13:31 [LOG] Response received, transaction 1320, function 0x03, 4 bytes PDU
2026-09-16 14:13:31 [LOG] Reading 0x242d = 0
2026-09-16 14:13:31 [LOG] Request sent, transaction 1321, function 0x03, 12 bytes
2026-09-16 14:13:31 [LOG] Response received, transaction 1321, function 0x03, 4 bytes PDU
2026-09-16 14:13:31 [LOG] Reading 0x242e = 0
2026-09-16 14:13:31 [LOG] Request sent, transaction 1322, function 0x03, 12 bytes
2026-09-16 14:13:31 [LOG] Response received, transaction 1322, function 0x03, 4 bytes PDU
2026-09-16 14:13:31 [LOG] Reading 0x242f = 0
2026-09-16 14:13:31 [LOG] Request sent, transaction 1323, function 0x03, 12 bytes
2026-09-16 14:13:31 [LOG] Response received, transaction 1323, function 0x03, 4 bytes PDU
2026-09-16 14:13:31 [LOG] Reading 0x2430 = 0
2026-09-16 14:13:31 [LOG] Request sent, transaction 1324, function 0x03, 12 bytes
2026-09-16 14:13:31 [LOG] Response received, transaction 1324, function 0x03, 4 bytes PDU
2026-09-16 14:13:31 [LOG] Reading 0x2431 = 0
2026-09-16 14:13:31 [LOG] Request sent, transaction 1325, function 0x03, 12 bytes
2026-09-16 14:13:31 [LOG] Response received, transaction 1325, function 0x03, 4 bytes PDU
2026-09-16 14:13:31 [LOG] Reading 0x2432 = 0
2026-09-16 14:13:31 [LOG] Request sent, transaction 1326, function 0x03, 12 bytes
2026-09-16 14:13:31 [LOG] Response received, transaction 1326, function 0x03, 4 bytes PDU
2026-09-16 14:13:31 [LOG] Reading 0x2433 = 0
2026-09-16 14:13:31 [LOG] Request sent, transaction 1327, function 0x03, 12 bytes
2026-09-16 14:13:31 [LOG] Response received, transaction 1327, function 0x03, 4 bytes PDU
2026-09-16 14:13:31 [LOG] Reading 0x2434 = 0
2026-09-16 14:13:31 No connected clients to send
2026-09-16 14:13:51 [LOG] Request sent, transaction 1328, function 0x03, 12 bytes
2026-09-16 14:13:51 [LOG] Response received, transaction 1328, function 0x03, 4 bytes PDU
2026-09-16 14:13:51 [LOG] Reading 0x242c = 1
2026-09-16 14:13:51 [LOG] Request sent, transaction 1329, function 0x03, 12 bytes
2026-09-16 14:13:51 [LOG] Response received, transaction 1329, function 0x03, 4 bytes PDU
2026-09-16 14:13:51 [LOG] Reading 0x242d = 0
2026-09-16 14:13:51 [LOG] Request sent, transaction 1330, function 0x03, 12 bytes
2026-09-16 14:13:51 [LOG] Response received, transaction 1330, function 0x03, 4 bytes PDU
2026-09-16 14:13:51 [LOG] Reading 0x242e = 0
2026-09-16 14:13:51 [LOG] Request sent, transaction 1331, function 0x03, 12 bytes
2026-09-16 14:13:51 [LOG] Response received, transaction 1331, function 0x03, 4 bytes PDU
2026-09-16 14:13:51 [LOG] Reading 0x242f = 0
2026-09-16 14:13:51 [LOG] Request sent, transaction 1332, function 0x03, 12 bytes
2026-09-16 14:13:51 [LOG] Response received, transaction 1332, function 0x03, 4 bytes PDU
2026-09-16 14:13:51 [LOG] Reading 0x2430 = 0
2026-09-16 14:13:51 [LOG] Request sent, transaction 1333, function 0x03, 12 bytes
2026-09-16 14:13:51 [LOG] Response received, transaction 1333, function 0x03, 4 bytes PDU
2026-09-16 14:13:51 [LOG] Reading 0x2431 = 0
2026-09-16 14:13:51 [LOG] Request sent, transaction 1334, function 0x03, 12 bytes
2026-09-16 14:13:51 [LOG] Response received, transaction 1334, function 0x03, 4 bytes PDU
2026-09-16 14:13:51 [LOG] Reading 0x2432 = 0
2026-09-16 14:13:51 [LOG] Request sent, transaction 1335, function 0x03, 12 bytes
2026-09-16 14:13:51 [LOG] Response received, transaction 1335, function 0x03, 4 bytes PDU
2026-09-16 14:13:51 [LOG] Reading 0x2433 = 0
2026-09-16 14:13:51 [LOG] Request sent, transaction 1336, function 0x03, 12 bytes
2026-09-16 14:13:51 [LOG] Response received, transaction 1336, function 0x03, 4 bytes PDU
2026-09-16 14:13:51 [LOG] Reading 0x2434 = 0
2026-09-16 14:13:51 No connected clients to send
2026-09-16 14:14:11 [LOG] Request sent, transaction 1337, function 0x03, 12 bytes
2026-09-16 14:14:11 [LOG] Response received, transaction 1337, function 0x03, 4 bytes PDU
2026-09-16 14:14:11 [LOG] Reading 0x242c = 1
2026-09-16 14:14:11 [LOG] Request sent, transaction 1338, function 0x03, 12 bytes
2026-09-16 14:14:11 [LOG] Response received, transaction 1338, function 0x03, 4 bytes PDU
2026-09-16 14:14:11 [LOG] Reading 0x242d = 0
2026-09-16 14:14:11 [LOG] Request sent, transaction 1339, function 0x03, 12 bytes
2026-09-16 14:14:11 [LOG] Response received, transaction 1339, function 0x03, 4 bytes PDU
2026-09-16 14:14:11 [LOG] Reading 0x242e = 0
2026-09-16 14:14:11 [LOG] Request sent, transaction 1340, function 0x03, 12 bytes
2026-09-16 14:14:11 [LOG] Response received, transaction 1340, function 0x03, 4 bytes PDU
2026-09-16 14:14:11 [LOG] Reading 0x242f = 0
2026-09-16 14:14:11 [LOG] Request sent, transaction 1341, function 0x03, 12 bytes
2026-09-16 14:14:11 [LOG] Response received, transaction 1341, function 0x03, 4 bytes PDU
2026-09-16 14:14:11 [LOG] Reading 0x2430 = 0
2026-09-16 14:14:11 [LOG] Request sent, transaction 1342, function 0x03, 12 bytes
2026-09-16 14:14:11 [LOG] Response received, transaction 1342, function 0x03, 4 bytes PDU
2026-09-16 14:14:11 [LOG] Reading 0x2431 = 0
2026-09-16 14:14:11 [LOG] Request sent, transaction 1343, function 0x03, 12 bytes
2026-09-16 14:14:11 [LOG] Response received, transaction 1343, function 0x03, 4 bytes PDU
2026-09-16 14:14:11 [LOG] Reading 0x2432 = 0
2026-09-16 14:14:11 [LOG] Request sent, transaction 1344, function 0x03, 12 bytes
2026-09-16 14:14:11 [LOG] Response received, transaction 1344, function 0x03, 4 bytes PDU
2026-09-16 14:14:11 [LOG] Reading 0x2433 = 0
2026-09-16 14:14:11 [LOG] Request sent, transaction 1345, function 0x03, 12 bytes
2026-09-16 14:14:11 [LOG] Response received, transaction 1345, function 0x03, 4 bytes PDU
2026-09-16 14:14:11 [LOG] Reading 0x2434 = 0
2026-09-16 14:14:11 No connected clients to send
2026-09-16 14:14:31 [LOG] Request sent, transaction 1346, function 0x03, 12 bytes
2026-09-16 14:14:31 [LOG] Response received, transaction 1346, function 0x03, 4 bytes PDU
2026-09-16 14:14:31 [LOG] Reading 0x242c = 1
2026-09-16 14:14:31 [LOG] Request sent, transaction 1347, function 0x03, 12 bytes
2026-09-16 14:14:31 [LOG] Response received, transaction 1347, function 0x03, 4 bytes PDU
2026-09-16 14:14:31 [LOG] Reading 0x242d = 0
2026-09-16 14:14:31 [LOG] Request sent, transaction 1348, function 0x03, 12 bytes
2026-09-16 14:14:31 [LOG] Response received, transaction 1348, function 0x03, 4 bytes PDU
2026-09-16 14:14:31 [LOG] Reading 0x242e = 0
2026-09-16 14:14:31 [LOG] Request sent, transaction 1349, function 0x03, 12 bytes
2026-09-16 14:14:31 [LOG] Response received, transaction 1349, function 0x03, 4 bytes PDU
2026-09-16 14:14:31 [LOG] Reading 0x242f = 0
2026-09-16 14:14:31 [LOG] Request sent, transaction 1350, function 0x03, 12 bytes
2026-09-16 14:14:31 [LOG] Response received, transaction 1350, function 0x03, 4 bytes PDU
2026-09-16 14:14:31 [LOG] Reading 0x2430 = 0
2026-09-16 14:14:31 [LOG] Request sent, transaction 1351, function 0x03, 12 bytes
2026-09-16 14:14:31 [LOG] Response received, transaction 1351, function 0x03, 4 bytes PDU
2026-09-16 14:14:31 [LOG] Reading 0x2431 = 0
2026-09-16 14:14:31 [LOG] Request sent, transaction 1352, function 0x03, 12 bytes
2026-09-16 14:14:31 [LOG] Response received, transaction 1352, function 0x03, 4 bytes PDU
2026-09-16 14:14:31 [LOG] Reading 0x2432 = 0
2026-09-16 14:14:31 [LOG] Request sent, transaction 1353, function 0x03, 12 bytes
2026-09-16 14:14:31 [LOG] Response received, transaction 1353, function 0x03, 4 bytes PDU
2026-09-16 14:14:31 [LOG] Reading 0x2433 = 0
2026-09-16 14:14:31 [LOG] Request sent, transaction 1354, function 0x03, 12 bytes
2026-09-16 14:14:31 [LOG] Response received, transaction 1354, function 0x03, 4 bytes PDU
2026-09-16 14:14:31 [LOG] Reading 0x2434 = 0
2026-09-16 14:14:31 No connected clients to send
2026-09-16 14:14:51 [LOG] Request sent, transaction 1355, function 0x03, 12 bytes
2026-09-16 14:14:51 [LOG] Response received, transaction 1355, function 0x03, 4 bytes PDU
2026-09-16 14:14:51 [LOG] Reading 0x242c = 1
2026-09-16 14:14:51 [LOG] Request sent, transaction 1356, function 0x03, 12 bytes
2026-09-16 14:14:51 [LOG] Response received, transaction 1356, function 0x03, 4 bytes PDU
2026-09-16 14:14:51 [LOG] Reading 0x242d = 0
2026-09-16 14:14:51 [LOG] Request sent, transaction 1357, function 0x03, 12 bytes
2026-09-16 14:14:51 [LOG] Response received, transaction 1357, function 0x03, 4 bytes PDU
2026-09-16 14:14:51 [LOG] Reading 0x242e = 0
2026-09-16 14:14:51 [LOG] Request sent, transaction 1358, function 0x03, 12 bytes
2026-09-16 14:14:51 [LOG] Response received, transaction 1358, function 0x03, 4 bytes PDU
2026-09-16 14:14:51 [LOG] Reading 0x242f = 0
2026-09-16 14:14:51 [LOG] Request sent, transaction 1359, function 0x03, 12 bytes
2026-09-16 14:14:51 [LOG] Response received, transaction 1359, function 0x03, 4 bytes PDU
2026-09-16 14:14:51 [LOG] Reading 0x2430 = 0
2026-09-16 14:14:51 [LOG] Request sent, transaction 1360, function 0x03, 12 bytes
2026-09-16 14:14:51 [LOG] Response received, transaction 1360, function 0x03, 4 bytes PDU
2026-09-16 14:14:51 [LOG] Reading 0x2431 = 0
2026-09-16 14:14:51 [LOG] Request sent, transaction 1361, function 0x03, 12 bytes
2026-09-16 14:14:51 [LOG] Response received, transaction 1361, function 0x03, 4 bytes PDU
2026-09-16 14:14:51 [LOG] Reading 0x2432 = 0
2026-09-16 14:14:51 [LOG] Request sent, transaction 1362, function 0x03, 12 bytes
2026-09-16 14:14:51 [LOG] Response received, transaction 1362, function 0x03, 4 bytes PDU
2026-09-16 14:14:51 [LOG] Reading 0x2433 = 0
2026-09-16 14:14:51 [LOG] Request sent, transaction 1363, function 0x03, 12 bytes
2026-09-16 14:14:51 [LOG] Response received, transaction 1363, function 0x03, 4 bytes PDU
2026-09-16 14:14:51 [LOG] Reading 0x2434 = 0
2026-09-16 14:14:51 No connected clients to send
2026-09-16 14:15:11 [LOG] Request sent, transaction 1364, function 0x03, 12 bytes
2026-09-16 14:15:11 [LOG] Response received, transaction 1364, function 0x03, 4 bytes PDU
2026-09-16 14:15:11 [LOG] Reading 0x242c = 1
2026-09-16 14:15:11 [LOG] Request sent, transaction 1365, function 0x03, 12 bytes
2026-09-16 14:15:11 [LOG] Response received, transaction 1365, function 0x03, 4 bytes PDU
2026-09-16 14:15:11 [LOG] Reading 0x242d = 0
2026-09-16 14:15:11 [LOG] Request sent, transaction 1366, function 0x03, 12 bytes
2026-09-16 14:15:11 [LOG] Response received, transaction 1366, function 0x03, 4 bytes PDU
2026-09-16 14:15:11 [LOG] Reading 0x242e = 0
2026-09-16 14:15:11 [LOG] Request sent, transaction 1367, function 0x03, 12 bytes
2026-09-16 14:15:11 [LOG] Response received, transaction 1367, function 0x03, 4 bytes PDU
2026-09-16 14:15:11 [LOG] Reading 0x242f = 0
2026-09-16 14:15:11 [LOG] Request sent, transaction 1368, function 0x03, 12 bytes
2026-09-16 14:15:11 [LOG] Response received, transaction 1368, function 0x03, 4 bytes PDU
2026-09-16 14:15:11 [LOG] Reading 0x2430 = 0
2026-09-16 14:15:11 [LOG] Request sent, transaction 1369, function 0x03, 12 bytes
2026-09-16 14:15:11 [LOG] Response received, transaction 1369, function 0x03, 4 bytes PDU
2026-09-16 14:15:11 [LOG] Reading 0x2431 = 0
2026-09-16 14:15:11 [LOG] Request sent, transaction 1370, function 0x03, 12 bytes
2026-09-16 14:15:11 [LOG] Response received, transaction 1370, function 0x03, 4 bytes PDU
2026-09-16 14:15:11 [LOG] Reading 0x2432 = 0
2026-09-16 14:15:11 [LOG] Request sent, transaction 1371, function 0x03, 12 bytes
2026-09-16 14:15:11 [LOG] Response received, transaction 1371, function 0x03, 4 bytes PDU
2026-09-16 14:15:11 [LOG] Reading 0x2433 = 0
2026-09-16 14:15:11 [LOG] Request sent, transaction 1372, function 0x03, 12 bytes
2026-09-16 14:15:11 [LOG] Response received, transaction 1372, function 0x03, 4 bytes PDU
2026-09-16 14:15:11 [LOG] Reading 0x2434 = 0
2026-09-16 14:15:11 No connected clients to send
2026-09-16 14:15:31 [LOG] Request sent, transaction 1373, function 0x03, 12 bytes
2026-09-16 14:15:31 [LOG] Response received, transaction 1373, function 0x03, 4 bytes PDU
2026-09-16 14:15:31 [LOG] Reading 0x242c = 1
2026-09-16 14:15:31 [LOG] Request sent, transaction 1374, function 0x03, 12 bytes
2026-09-16 14:15:31 [LOG] Response received, transaction 1374, function 0x03, 4 bytes PDU
2026-09-16 14:15:31 [LOG] Reading 0x242d = 0
2026-09-16 14:15:31 [LOG] Request sent, transaction 1375, function 0x03, 12 bytes
2026-09-16 14:15:31 [LOG] Response received, transaction 1375, function 0x03, 4 bytes PDU
2026-09-16 14:15:31 [LOG] Reading 0x242e = 0
2026-09-16 14:15:31 [LOG] Request sent, transaction 1376, function 0x03, 12 bytes
2026-09-16 14:15:31 [LOG] Response received, transaction 1376, function 0x03, 4 bytes PDU
2026-09-16 14:15:31 [LOG] Reading 0x242f = 0
2026-09-16 14:15:31 [LOG] Request sent, transaction 1377, function 0x03, 12 bytes
2026-09-16 14:15:31 [LOG] Response received, transaction 1377, function 0x03, 4 bytes PDU
2026-09-16 14:15:31 [LOG] Reading 0x2430 = 0
2026-09-16 14:15:31 [LOG] Request sent, transaction 1378, function 0x03, 12 bytes
2026-09-16 14:15:31 [LOG] Response received, transaction 1378, function 0x03, 4 bytes PDU
2026-09-16 14:15:31 [LOG] Reading 0x2431 = 0
2026-09-16 14:15:31 [LOG] Request sent, transaction 1379, function 0x03, 12 bytes
2026-09-16 14:15:31 [LOG] Response received, transaction 1379, function 0x03, 4 bytes PDU
2026-09-16 14:15:31 [LOG] Reading 0x2432 = 0
2026-09-16 14:15:31 [LOG] Request sent, transaction 1380, function 0x03, 12 bytes
2026-09-16 14:15:31 [LOG] Response received, transaction 1380, function 0x03, 4 bytes PDU
2026-09-16 14:15:31 [LOG] Reading 0x2433 = 0
2026-09-16 14:15:31 [LOG] Request sent, transaction 1381, function 0x03, 12 bytes
2026-09-16 14:15:31 [LOG] Response received, transaction 1381, function 0x03, 4 bytes PDU
2026-09-16 14:15:31 [LOG] Reading 0x2434 = 0
2026-09-16 14:15:31 No connected clients to send
2026-09-16 14:15:51 [LOG] Request sent, transaction 1382, function 0x03, 12 bytes
2026-09-16 14:15:51 [LOG] Response received, transaction 1382, function 0x03, 4 bytes PDU
2026-09-16 14:15:51 [LOG] Reading 0x242c = 1
2026-09-16 14:15:51 [LOG] Request sent, transaction 1383, function 0x03, 12 bytes
2026-09-16 14:15:51 [LOG] Response received, transaction 1383, function 0x03, 4 bytes PDU
2026-09-16 14:15:51 [LOG] Reading 0x242d = 0
2026-09-16 14:15:51 [LOG] Request sent, transaction 1384, function 0x03, 12 bytes
2026-09-16 14:15:51 [LOG] Response received, transaction 1384, function 0x03, 4 bytes PDU
2026-09-16 14:15:51 [LOG] Reading 0x242e = 0
2026-09-16 14:15:51 [LOG] Request sent, transaction 1385, function 0x03, 12 bytes
2026-09-16 14:15:51 [LOG] Response received, transaction 1385, function 0x03, 4 bytes PDU
2026-09-16 14:15:51 [LOG] Reading 0x242f = 0
2026-09-16 14:15:51 [LOG] Request sent, transaction 1386, function 0x03, 12 bytes
2026-09-16 14:15:51 [LOG] Response received, transaction 1386, function 0x03, 4 bytes PDU
2026-09-16 14:15:51 [LOG] Reading 0x2430 = 0
2026-09-16 14:15:51 [LOG] Request sent, transaction 1387, function 0x03, 12 bytes
2026-09-16 14:15:51 [LOG] Response received, transaction 1387, function 0x03, 4 bytes PDU
2026-09-16 14:15:51 [LOG] Reading 0x2431 = 0
2026-09-16 14:15:51 [LOG] Request sent, transaction 1388, function 0x03, 12 bytes
2026-09-16 14:15:51 [LOG] Response received, transaction 1388, function 0x03, 4 bytes PDU
2026-09-16 14:15:51 [LOG] Reading 0x2432 = 0
2026-09-16 14:15:51 [LOG] Request sent, transaction 1389, function 0x03, 12 bytes
2026-09-16 14:15:51 [LOG] Response received, transaction 1389, function 0x03, 4 bytes PDU
2026-09-16 14:15:51 [LOG] Reading 0x2433 = 0
2026-09-16 14:15:51 [LOG] Request sent, transaction 1390, function 0x03, 12 bytes
2026-09-16 14:15:51 [LOG] Response received, transaction 1390, function 0x03, 4 bytes PDU
2026-09-16 14:15:51 [LOG] Reading 0x2434 = 0
2026-09-16 14:15:51 No connected clients to send
2026-09-16 14:16:11 [LOG] Request sent, transaction 1391, function 0x03, 12 bytes
2026-09-16 14:16:11 [LOG] Response received, transaction 1391, function 0x03, 4 bytes PDU
2026-09-16 14:16:11 [LOG] Reading 0x242c = 1
2026-09-16 14:16:11 [LOG] Request sent, transaction 1392, function 0x03, 12 bytes
2026-09-16 14:16:11 [LOG] Response received, transaction 1392, function 0x03, 4 bytes PDU
2026-09-16 14:16:11 [LOG] Reading 0x242d = 0
2026-09-16 14:16:11 [LOG] Request sent, transaction 1393, function 0x03, 12 bytes
2026-09-16 14:16:11 [LOG] Response received, transaction 1393, function 0x03, 4 bytes PDU
2026-09-16 14:16:11 [LOG] Reading 0x242e = 0
2026-09-16 14:16:11 [LOG] Request sent, transaction 1394, function 0x03, 12 bytes
2026-09-16 14:16:11 [LOG] Response received, transaction 1394, function 0x03, 4 bytes PDU
2026-09-16 14:16:11 [LOG] Reading 0x242f = 0
2026-09-16 14:16:11 [LOG] Request sent, transaction 1395, function 0x03, 12 bytes
2026-09-16 14:16:11 [LOG] Response received, transaction 1395, function 0x03, 4 bytes PDU
2026-09-16 14:16:11 [LOG] Reading 0x2430 = 0
2026-09-16 14:16:11 [LOG] Request sent, transaction 1396, function 0x03, 12 bytes
2026-09-16 14:16:11 [LOG] Response received, transaction 1396, function 0x03, 4 bytes PDU
2026-09-16 14:16:11 [LOG] Reading 0x2431 = 0
2026-09-16 14:16:11 [LOG] Request sent, transaction 1397, function 0x03, 12 bytes
2026-09-16 14:16:11 [LOG] Response received, transaction 1397, function 0x03, 4 bytes PDU
2026-09-16 14:16:11 [LOG] Reading 0x2432 = 0
2026-09-16 14:16:11 [LOG] Request sent, transaction 1398, function 0x03, 12 bytes
2026-09-16 14:16:11 [LOG] Response received, transaction 1398, function 0x03, 4 bytes PDU
2026-09-16 14:16:11 [LOG] Reading 0x2433 = 0
2026-09-16 14:16:11 [LOG] Request sent, transaction 1399, function 0x03, 12 bytes
2026-09-16 14:16:11 [LOG] Response received, transaction 1399, function 0x03, 4 bytes PDU
2026-09-16 14:16:11 [LOG] Reading 0x2434 = 0
2026-09-16 14:16:11 No connected clients to send
2026-09-16 14:16:31 [LOG] Request sent, transaction 1400, function 0x03, 12 bytes
2026-09-16 14:16:31 [LOG] Response received, transaction 1400, function 0x03, 4 bytes PDU
2026-09-16 14:16:31 [LOG] Reading 0x242c = 1
2026-09-16 14:16:31 [LOG] Request sent, transaction 1401, function 0x03, 12 bytes
2026-09-16 14:16:31 [LOG] Response received, transaction 1401, function 0x03, 4 bytes PDU
2026-09-16 14:16:31 [LOG] Reading 0x242d = 0
2026-09-16 14:16:31 [LOG] Request sent, transaction 1402, function 0x03, 12 bytes
2026-09-16 14:16:31 [LOG] Response received, transaction 1402, function 0x03, 4 bytes PDU
2026-09-16 14:16:31 [LOG] Reading 0x242e = 0
2026-09-16 14:16:31 [LOG] Request sent, transaction 1403, function 0x03, 12 bytes
2026-09-16 14:16:31 [LOG] Response received, transaction 1403, function 0x03, 4 bytes PDU
2026-09-16 14:16:31 [LOG] Reading 0x242f = 0
2026-09-16 14:16:31 [LOG] Request sent, transaction 1404, function 0x03, 12 bytes
2026-09-16 14:16:31 [LOG] Response received, transaction 1404, function 0x03, 4 bytes PDU
2026-09-16 14:16:31 [LOG] Reading 0x2430 = 0
2026-09-16 14:16:31 [LOG] Request sent, transaction 1405, function 0x03, 12 bytes
2026-09-16 14:16:31 [LOG] Response received, transaction 1405, function 0x03, 4 bytes PDU
2026-09-16 14:16:31 [LOG] Reading 0x2431 = 0
2026-09-16 14:16:31 [LOG] Request sent, transaction 1406, function 0x03, 12 bytes
2026-09-16 14:16:31 [LOG] Response received, transaction 1406, function 0x03, 4 bytes PDU
2026-09-16 14:16:31 [LOG] Reading 0x2432 = 0
2026-09-16 14:16:31 [LOG] Request sent, transaction 1407, function 0x03, 12 bytes
2026-09-16 14:16:31 [LOG] Response received, transaction 1407, function 0x03, 4 bytes PDU
2026-09-16 14:16:31 [LOG] Reading 0x2433 = 0
2026-09-16 14:16:31 [LOG] Request sent, transaction 1408, function 0x03, 12 bytes
2026-09-16 14:16:31 [LOG] Response received, transaction 1408, function 0x03, 4 bytes PDU
2026-09-16 14:16:31 [LOG] Reading 0x2434 = 0
2026-09-16 14:16:31 No connected clients to send
2026-09-16 14:16:51 [LOG] Request sent, transaction 1409, function 0x03, 12 bytes
2026-09-16 14:16:51 [LOG] Response received, transaction 1409, function 0x03, 4 bytes PDU
2026-09-16 14:16:51 [LOG] Reading 0x242c = 1
2026-09-16 14:16:51 [LOG] Request sent, transaction 1410, function 0x03, 12 bytes
2026-09-16 14:16:51 [LOG] Response received, transaction 1410, function 0x03, 4 bytes PDU
2026-09-16 14:16:51 [LOG] Reading 0x242d = 0
2026-09-16 14:16:51 [LOG] Request sent, transaction 1411, function 0x03, 12 bytes
2026-09-16 14:16:51 [LOG] Response received, transaction 1411, function 0x03, 4 bytes PDU
2026-09-16 14:16:51 [LOG] Reading 0x242e = 0
2026-09-16 14:16:51 [LOG] Request sent, transaction 1412, function 0x03, 12 bytes
2026-09-16 14:16:51 [LOG] Response received, transaction 1412, function 0x03, 4 bytes PDU
2026-09-16 14:16:51 [LOG] Reading 0x242f = 0
2026-09-16 14:16:51 [LOG] Request sent, transaction 1413, function 0x03, 12 bytes
2026-09-16 14:16:51 [LOG] Response received, transaction 1413, function 0x03, 4 bytes PDU
2026-09-16 14:16:51 [LOG] Reading 0x2430 = 0
2026-09-16 14:16:51 [LOG] Request sent, transaction 1414, function 0x03, 12 bytes
2026-09-16 14:16:51 [LOG] Response received, transaction 1414, function 0x03, 4 bytes PDU
2026-09-16 14:16:51 [LOG] Reading 0x2431 = 0
2026-09-16 14:16:51 [LOG] Request sent, transaction 1415, function 0x03, 12 bytes
2026-09-16 14:16:51 [LOG] Response received, transaction 1415, function 0x03, 4 bytes PDU
2026-09-16 14:16:51 [LOG] Reading 0x2432 = 0
2026-09-16 14:16:51 [LOG] Request sent, transaction 1416, function 0x03, 12 bytes
2026-09-16 14:16:51 [LOG] Response received, transaction 1416, function 0x03, 4 bytes PDU
2026-09-16 14:16:51 [LOG] Reading 0x2433 = 0
2026-09-16 14:16:51 [LOG] Request sent, transaction 1417, function 0x03, 12 bytes
2026-09-16 14:16:51 [LOG] Response received, transaction 1417, function 0x03, 4 bytes PDU
2026-09-16 14:16:51 [LOG] Reading 0x2434 = 0
2026-09-16 14:16:51 No connected clients to send
2026-09-16 14:17:11 [LOG] Request sent, transaction 1418, function 0x03, 12 bytes
2026-09-16 14:17:11 [LOG] Response received, transaction 1418, function 0x03, 4 bytes PDU
2026-09-16 14:17:11 [LOG] Reading 0x242c = 1
2026-09-16 14:17:11 [LOG] Request sent, transaction 1419, function 0x03, 12 bytes
2026-09-16 14:17:11 [LOG] Response received, transaction 1419, function 0x03, 4 bytes PDU
2026-09-16 14:17:11 [LOG] Reading 0x242d = 0
2026-09-16 14:17:11 [LOG] Request sent, transaction 1420, function 0x03, 12 bytes
2026-09-16 14:17:11 [LOG] Response received, transaction 1420, function 0x03, 4 bytes PDU
2026-09-16 14:17:11 [LOG] Reading 0x242e = 0
2026-09-16 14:17:11 [LOG] Request sent, transaction 1421, function 0x03, 12 bytes
2026-09-16 14:17:11 [LOG] Response received, transaction 1421, function 0x03, 4 bytes PDU
2026-09-16 14:17:11 [LOG] Reading 0x242f = 0
2026-09-16 14:17:11 [LOG] Request sent, transaction 1422, function 0x03, 12 bytes
2026-09-16 14:17:11 [LOG] Response received, transaction 1422, function 0x03, 4 bytes PDU
2026-09-16 14:17:11 [LOG] Reading 0x2430 = 0
2026-09-16 14:17:11 [LOG] Request sent, transaction 1423, function 0x03, 12 bytes
2026-09-16 14:17:11 [LOG] Response received, transaction 1423, function 0x03, 4 bytes PDU
2026-09-16 14:17:11 [LOG] Reading 0x2431 = 0
2026-09-16 14:17:11 [LOG] Request sent, transaction 1424, function 0x03, 12 bytes
2026-09-16 14:17:11 [LOG] Response received, transaction 1424, function 0x03, 4 bytes PDU
2026-09-16 14:17:11 [LOG] Reading 0x2432 = 0
2026-09-16 14:17:11 [LOG] Request sent, transaction 1425, function 0x03, 12 bytes
2026-09-16 14:17:11 [LOG] Response received, transaction 1425, function 0x03, 4 bytes PDU
2026-09-16 14:17:11 [LOG] Reading 0x2433 = 0
2026-09-16 14:17:11 [LOG] Request sent, transaction 1426, function 0x03, 12 bytes
2026-09-16 14:17:11 [LOG] Response received, transaction 1426, function 0x03, 4 bytes PDU
2026-09-16 14:17:11 [LOG] Reading 0x2434 = 0
2026-09-16 14:17:11 No connected clients to send
2026-09-16 14:17:31 [LOG] Request sent, transaction 1427, function 0x03, 12 bytes
2026-09-16 14:17:31 [LOG] Response received, transaction 1427, function 0x03, 4 bytes PDU
2026-09-16 14:17:31 [LOG] Reading 0x242c = 1
2026-09-16 14:17:31 [LOG] Request sent, transaction 1428, function 0x03, 12 bytes
2026-09-16 14:17:31 [LOG] Response received, transaction 1428, function 0x03, 4 bytes PDU
2026-09-16 14:17:31 [LOG] Reading 0x242d = 0
2026-09-16 14:17:31 [LOG] Request sent, transaction 1429, function 0x03, 12 bytes
2026-09-16 14:17:31 [LOG] Response received, transaction 1429, function 0x03, 4 bytes PDU
2026-09-16 14:17:31 [LOG] Reading 0x242e = 0
2026-09-16 14:17:31 [LOG] Request sent, transaction 1430, function 0x03, 12 bytes
2026-09-16 14:17:31 [LOG] Response received, transaction 1430, function 0x03, 4 bytes PDU
2026-09-16 14:17:31 [LOG] Reading 0x242f = 0
2026-09-16 14:17:31 [LOG] Request sent, transaction 1431, function 0x03, 12 bytes
2026-09-16 14:17:31 [LOG] Response received, transaction 1431, function 0x03, 4 bytes PDU
2026-09-16 14:17:31 [LOG] Reading 0x2430 = 0
2026-09-16 14:17:31 [LOG] Request sent, transaction 1432, function 0x03, 12 bytes
2026-09-16 14:17:31 [LOG] Response received, transaction 1432, function 0x03, 4 bytes PDU
2026-09-16 14:17:31 [LOG] Reading 0x2431 = 0
2026-09-16 14:17:31 [LOG] Request sent, transaction 1433, function 0x03, 12 bytes
2026-09-16 14:17:31 [LOG] Response received, transaction 1433, function 0x03, 4 bytes PDU
2026-09-16 14:17:31 [LOG] Reading 0x2432 = 0
2026-09-16 14:17:31 [LOG] Request sent, transaction 1434, function 0x03, 12 bytes
2026-09-16 14:17:31 [LOG] Response received, transaction 1434, function 0x03, 4 bytes PDU
2026-09-16 14:17:31 [LOG] Reading 0x2433 = 0
2026-09-16 14:17:31 [LOG] Request sent, transaction 1435, function 0x03, 12 bytes
2026-09-16 14:17:31 [LOG] Response received, transaction 1435, function 0x03, 4 bytes PDU
2026-09-16 14:17:31 [LOG] Reading 0x2434 = 0
2026-09-16 14:17:31 No connected clients to send
2026-09-16 14:17:51 [LOG] Request sent, transaction 1436, function 0x03, 12 bytes
2026-09-16 14:17:51 [LOG] Response received, transaction 1436, function 0x03, 4 bytes PDU
2026-09-16 14:17:51 [LOG] Reading 0x242c = 1
2026-09-16 14:17:51 [LOG] Request sent, transaction 1437, function 0x03, 12 bytes
2026-09-16 14:17:51 [LOG] Response received, transaction 1437, function 0x03, 4 bytes PDU
2026-09-16 14:17:51 [LOG] Reading 0x242d = 0
2026-09-16 14:17:51 [LOG] Request sent, transaction 1438, function 0x03, 12 bytes
2026-09-16 14:17:51 [LOG] Response received, transaction 1438, function 0x03, 4 bytes PDU
2026-09-16 14:17:51 [LOG] Reading 0x242e = 0
2026-09-16 14:17:51 [LOG] Request sent, transaction 1439, function 0x03, 12 bytes
2026-09-16 14:17:51 [LOG] Response received, transaction 1439, function 0x03, 4 bytes PDU
2026-09-16 14:17:51 [LOG] Reading 0x242f = 0
2026-09-16 14:17:51 [LOG] Request sent, transaction 1440, function 0x03, 12 bytes
2026-09-16 14:17:51 [LOG] Response received, transaction 1440, function 0x03, 4 bytes PDU
2026-09-16 14:17:51 [LOG] Reading 0x2430 = 0
2026-09-16 14:17:51 [LOG] Request sent, transaction 1441, function 0x03, 12 bytes
2026-09-16 14:17:51 [LOG] Response received, transaction 1441, function 0x03, 4 bytes PDU
2026-09-16 14:17:51 [LOG] Reading 0x2431 = 0
2026-09-16 14:17:51 [LOG] Request sent, transaction 1442, function 0x03, 12 bytes
2026-09-16 14:17:51 [LOG] Response received, transaction 1442, function 0x03, 4 bytes PDU
2026-09-16 14:17:51 [LOG] Reading 0x2432 = 0
2026-09-16 14:17:51 [LOG] Request sent, transaction 1443, function 0x03, 12 bytes
2026-09-16 14:17:51 [LOG] Response received, transaction 1443, function 0x03, 4 bytes PDU
2026-09-16 14:17:51 [LOG] Reading 0x2433 = 0
2026-09-16 14:17:51 [LOG] Request sent, transaction 1444, function 0x03, 12 bytes
2026-09-16 14:17:51 [LOG] Response received, transaction 1444, function 0x03, 4 bytes PDU
2026-09-16 14:17:51 [LOG] Reading 0x2434 = 0
2026-09-16 14:17:51 No connected clients to send
2026-09-16 14:18:11 [LOG] Request sent, transaction 1445, function 0x03, 12 bytes
2026-09-16 14:18:11 [LOG] Response received, transaction 1445, function 0x03, 4 bytes PDU
2026-09-16 14:18:11 [LOG] Reading 0x242c = 1
2026-09-16 14:18:11 [LOG] Request sent, transaction 1446, function 0x03, 12 bytes
2026-09-16 14:18:11 [LOG] Response received, transaction 1446, function 0x03, 4 bytes PDU
2026-09-16 14:18:11 [LOG] Reading 0x242d = 0
2026-09-16 14:18:11 [LOG] Request sent, transaction 1447, function 0x03, 12 bytes
2026-09-16 14:18:11 [LOG] Response received, transaction 1447, function 0x03, 4 bytes PDU
2026-09-16 14:18:11 [LOG] Reading 0x242e = 0
2026-09-16 14:18:11 [LOG] Request sent, transaction 1448, function 0x03, 12 bytes
2026-09-16 14:18:11 [LOG] Response received, transaction 1448, function 0x03, 4 bytes PDU
2026-09-16 14:18:11 [LOG] Reading 0x242f = 0
2026-09-16 14:18:11 [LOG] Request sent, transaction 1449, function 0x03, 12 bytes
2026-09-16 14:18:11 [LOG] Response received, transaction 1449, function 0x03, 4 bytes PDU
2026-09-16 14:18:11 [LOG] Reading 0x2430 = 0
2026-09-16 14:18:11 [LOG] Request sent, transaction 1450, function 0x03, 12 bytes
2026-09-16 14:18:12 [LOG] Response received, transaction 1450, function 0x03, 4 bytes PDU
2026-09-16 14:18:12 [LOG] Reading 0x2431 = 0
2026-09-16 14:18:12 [LOG] Request sent, transaction 1451, function 0x03, 12 bytes
2026-09-16 14:18:12 [LOG] Response received, transaction 1451, function 0x03, 4 bytes PDU
2026-09-16 14:18:12 [LOG] Reading 0x2432 = 0
2026-09-16 14:18:12 [LOG] Request sent, transaction 1452, function 0x03, 12 bytes
2026-09-16 14:18:12 [LOG] Response received, transaction 1452, function 0x03, 4 bytes PDU
2026-09-16 14:18:12 [LOG] Reading 0x2433 = 0
2026-09-16 14:18:12 [LOG] Request sent, transaction 1453, function 0x03, 12 bytes
2026-09-16 14:18:12 [LOG] Response received, transaction 1453, function 0x03, 4 bytes PDU
2026-09-16 14:18:12 [LOG] Reading 0x2434 = 0
2026-09-16 14:18:12 No connected clients to send
2026-09-16 14:18:31 [LOG] Request sent, transaction 1454, function 0x03, 12 bytes
2026-09-16 14:18:31 [LOG] Response received, transaction 1454, function 0x03, 4 bytes PDU
2026-09-16 14:18:31 [LOG] Reading 0x242c = 1
2026-09-16 14:18:31 [LOG] Request sent, transaction 1455, function 0x03, 12 bytes
2026-09-16 14:18:31 [LOG] Response received, transaction 1455, function 0x03, 4 bytes PDU
2026-09-16 14:18:31 [LOG] Reading 0x242d = 0
2026-09-16 14:18:31 [LOG] Request sent, transaction 1456, function 0x03, 12 bytes
2026-09-16 14:18:31 [LOG] Response received, transaction 1456, function 0x03, 4 bytes PDU
2026-09-16 14:18:31 [LOG] Reading 0x242e = 0
2026-09-16 14:18:31 [LOG] Request sent, transaction 1457, function 0x03, 12 bytes
2026-09-16 14:18:31 [LOG] Response received, transaction 1457, function 0x03, 4 bytes PDU
2026-09-16 14:18:31 [LOG] Reading 0x242f = 0
2026-09-16 14:18:31 [LOG] Request sent, transaction 1458, function 0x03, 12 bytes
2026-09-16 14:18:31 [LOG] Response received, transaction 1458, function 0x03, 4 bytes PDU
2026-09-16 14:18:31 [LOG] Reading 0x2430 = 0
2026-09-16 14:18:31 [LOG] Request sent, transaction 1459, function 0x03, 12 bytes
2026-09-16 14:18:31 [LOG] Response received, transaction 1459, function 0x03, 4 bytes PDU
2026-09-16 14:18:31 [LOG] Reading 0x2431 = 0
2026-09-16 14:18:31 [LOG] Request sent, transaction 1460, function 0x03, 12 bytes
2026-09-16 14:18:31 [LOG] Response received, transaction 1460, function 0x03, 4 bytes PDU
2026-09-16 14:18:31 [LOG] Reading 0x2432 = 0
2026-09-16 14:18:31 [LOG] Request sent, transaction 1461, function 0x03, 12 bytes
2026-09-16 14:18:31 [LOG] Response received, transaction 1461, function 0x03, 4 bytes PDU
2026-09-16 14:18:31 [LOG] Reading 0x2433 = 0
2026-09-16 14:18:31 [LOG] Request sent, transaction 1462, function 0x03, 12 bytes
2026-09-16 14:18:31 [LOG] Response received, transaction 1462, function 0x03, 4 bytes PDU
2026-09-16 14:18:32 [LOG] Reading 0x2434 = 0
2026-09-16 14:18:32 No connected clients to send
2026-09-16 14:18:51 [LOG] Request sent, transaction 1463, function 0x03, 12 bytes
2026-09-16 14:18:51 [LOG] Response received, transaction 1463, function 0x03, 4 bytes PDU
2026-09-16 14:18:51 [LOG] Reading 0x242c = 1
2026-09-16 14:18:51 [LOG] Request sent, transaction 1464, function 0x03, 12 bytes
2026-09-16 14:18:51 [LOG] Response received, transaction 1464, function 0x03, 4 bytes PDU
2026-09-16 14:18:51 [LOG] Reading 0x242d = 0
2026-09-16 14:18:51 [LOG] Request sent, transaction 1465, function 0x03, 12 bytes
2026-09-16 14:18:51 [LOG] Response received, transaction 1465, function 0x03, 4 bytes PDU
2026-09-16 14:18:51 [LOG] Reading 0x242e = 0
2026-09-16 14:18:51 [LOG] Request sent, transaction 1466, function 0x03, 12 bytes
2026-09-16 14:18:51 [LOG] Response received, transaction 1466, function 0x03, 4 bytes PDU
2026-09-16 14:18:51 [LOG] Reading 0x242f = 0
2026-09-16 14:18:51 [LOG] Request sent, transaction 1467, function 0x03, 12 bytes
2026-09-16 14:18:51 [LOG] Response received, transaction 1467, function 0x03, 4 bytes PDU
2026-09-16 14:18:51 [LOG] Reading 0x2430 = 0
2026-09-16 14:18:51 [LOG] Request sent, transaction 1468, function 0x03, 12 bytes
2026-09-16 14:18:51 [LOG] Response received, transaction 1468, function 0x03, 4 bytes PDU
2026-09-16 14:18:51 [LOG] Reading 0x2431 = 0
2026-09-16 14:18:51 [LOG] Request sent, transaction 1469, function 0x03, 12 bytes
2026-09-16 14:18:51 [LOG] Response received, transaction 1469, function 0x03, 4 bytes PDU
2026-09-16 14:18:51 [LOG] Reading 0x2432 = 0
2026-09-16 14:18:52 [LOG] Request sent, transaction 1470, function 0x03, 12 bytes
2026-09-16 14:18:52 [LOG] Response received, transaction 1470, function 0x03, 4 bytes PDU
2026-09-16 14:18:52 [LOG] Reading 0x2433 = 0
2026-09-16 14:18:52 [LOG] Request sent, transaction 1471, function 0x03, 12 bytes
2026-09-16 14:18:52 [LOG] Response received, transaction 1471, function 0x03, 4 bytes PDU
2026-09-16 14:18:52 [LOG] Reading 0x2434 = 0
2026-09-16 14:18:52 No connected clients to send
2026-09-16 14:19:11 [LOG] Request sent, transaction 1472, function 0x03, 12 bytes
2026-09-16 14:19:11 [LOG] Response received, transaction 1472, function 0x03, 4 bytes PDU
2026-09-16 14:19:11 [LOG] Reading 0x242c = 1
2026-09-16 14:19:11 [LOG] Request sent, transaction 1473, function 0x03, 12 bytes
2026-09-16 14:19:11 [LOG] Response received, transaction 1473, function 0x03, 4 bytes PDU
2026-09-16 14:19:11 [LOG] Reading 0x242d = 0
2026-09-16 14:19:11 [LOG] Request sent, transaction 1474, function 0x03, 12 bytes
2026-09-16 14:19:11 [LOG] Response received, transaction 1474, function 0x03, 4 bytes PDU
2026-09-16 14:19:11 [LOG] Reading 0x242e = 0
2026-09-16 14:19:11 [LOG] Request sent, transaction 1475, function 0x03, 12 bytes
2026-09-16 14:19:11 [LOG] Response received, transaction 1475, function 0x03, 4 bytes PDU
2026-09-16 14:19:11 [LOG] Reading 0x242f = 0
2026-09-16 14:19:11 [LOG] Request sent, transaction 1476, function 0x03, 12 bytes
2026-09-16 14:19:11 [LOG] Response received, transaction 1476, function 0x03, 4 bytes PDU
2026-09-16 14:19:11 [LOG] Reading 0x2430 = 0
2026-09-16 14:19:11 [LOG] Request sent, transaction 1477, function 0x03, 12 bytes
2026-09-16 14:19:11 [LOG] Response received, transaction 1477, function 0x03, 4 bytes PDU
2026-09-16 14:19:11 [LOG] Reading 0x2431 = 0
2026-09-16 14:19:11 [LOG] Request sent, transaction 1478, function 0x03, 12 bytes
2026-09-16 14:19:11 [LOG] Response received, transaction 1478, function 0x03, 4 bytes PDU
2026-09-16 14:19:12 [LOG] Reading 0x2432 = 0
2026-09-16 14:19:12 [LOG] Request sent, transaction 1479, function 0x03, 12 bytes
2026-09-16 14:19:12 [LOG] Response received, transaction 1479, function 0x03, 4 bytes PDU
2026-09-16 14:19:12 [LOG] Reading 0x2433 = 0
2026-09-16 14:19:12 [LOG] Request sent, transaction 1480, function 0x03, 12 bytes
2026-09-16 14:19:12 [LOG] Response received, transaction 1480, function 0x03, 4 bytes PDU
2026-09-16 14:19:12 [LOG] Reading 0x2434 = 0
2026-09-16 14:19:12 No connected clients to send
2026-09-16 14:19:31 [LOG] Request sent, transaction 1481, function 0x03, 12 bytes
2026-09-16 14:19:31 [LOG] Response received, transaction 1481, function 0x03, 4 bytes PDU
2026-09-16 14:19:31 [LOG] Reading 0x242c = 1
2026-09-16 14:19:31 [LOG] Request sent, transaction 1482, function 0x03, 12 bytes
2026-09-16 14:19:31 [LOG] Response received, transaction 1482, function 0x03, 4 bytes PDU
2026-09-16 14:19:31 [LOG] Reading 0x242d = 0
2026-09-16 14:19:31 [LOG] Request sent, transaction 1483, function 0x03, 12 bytes
2026-09-16 14:19:31 [LOG] Response received, transaction 1483, function 0x03, 4 bytes PDU
2026-09-16 14:19:31 [LOG] Reading 0x242e = 0
2026-09-16 14:19:31 [LOG] Request sent, transaction 1484, function 0x03, 12 bytes
2026-09-16 14:19:31 [LOG] Response received, transaction 1484, function 0x03, 4 bytes PDU
2026-09-16 14:19:31 [LOG] Reading 0x242f = 0
2026-09-16 14:19:31 [LOG] Request sent, transaction 1485, function 0x03, 12 bytes
2026-09-16 14:19:31 [LOG] Response received, transaction 1485, function 0x03, 4 bytes PDU
2026-09-16 14:19:31 [LOG] Reading 0x2430 = 0
2026-09-16 14:19:31 [LOG] Request sent, transaction 1486, function 0x03, 12 bytes
2026-09-16 14:19:31 [LOG] Response received, transaction 1486, function 0x03, 4 bytes PDU
2026-09-16 14:19:31 [LOG] Reading 0x2431 = 0
2026-09-16 14:19:31 [LOG] Request sent, transaction 1487, function 0x03, 12 bytes
2026-09-16 14:19:31 [LOG] Response received, transaction 1487, function 0x03, 4 bytes PDU
2026-09-16 14:19:31 [LOG] Reading 0x2432 = 0
2026-09-16 14:19:31 [LOG] Request sent, transaction 1488, function 0x03, 12 bytes
2026-09-16 14:19:31 [LOG] Response received, transaction 1488, function 0x03, 4 bytes PDU
2026-09-16 14:19:31 [LOG] Reading 0x2433 = 0
2026-09-16 14:19:31 [LOG] Request sent, transaction 1489, function 0x03, 12 bytes
2026-09-16 14:19:31 [LOG] Response received, transaction 1489, function 0x03, 4 bytes PDU
2026-09-16 14:19:31 [LOG] Reading 0x2434 = 0
2026-09-16 14:19:31 No connected clients to send
2026-09-16 14:19:51 [LOG] Request sent, transaction 1490, function 0x03, 12 bytes
2026-09-16 14:19:51 [LOG] Response received, transaction 1490, function 0x03, 4 bytes PDU
2026-09-16 14:19:51 [LOG] Reading 0x242c = 1
2026-09-16 14:19:51 [LOG] Request sent, transaction 1491, function 0x03, 12 bytes
2026-09-16 14:19:51 [LOG] Response received, transaction 1491, function 0x03, 4 bytes PDU
2026-09-16 14:19:51 [LOG] Reading 0x242d = 0
2026-09-16 14:19:51 [LOG] Request sent, transaction 1492, function 0x03, 12 bytes
2026-09-16 14:19:51 [LOG] Response received, transaction 1492, function 0x03, 4 bytes PDU
2026-09-16 14:19:51 [LOG] Reading 0x242e = 0
2026-09-16 14:19:51 [LOG] Request sent, transaction 1493, function 0x03, 12 bytes
2026-09-16 14:19:51 [LOG] Response received, transaction 1493, function 0x03, 4 bytes PDU
2026-09-16 14:19:51 [LOG] Reading 0x242f = 0
2026-09-16 14:19:51 [LOG] Request sent, transaction 1494, function 0x03, 12 bytes
2026-09-16 14:19:52 [LOG] Response received, transaction 1494, function 0x03, 4 bytes PDU
2026-09-16 14:19:52 [LOG] Reading 0x2430 = 0
2026-09-16 14:19:52 [LOG] Request sent, transaction 1495, function 0x03, 12 bytes
2026-09-16 14:19:52 [LOG] Response received, transaction 1495, function 0x03, 4 bytes PDU
2026-09-16 14:19:52 [LOG] Reading 0x2431 = 0
2026-09-16 14:19:52 [LOG] Request sent, transaction 1496, function 0x03, 12 bytes
2026-09-16 14:19:52 [LOG] Response received, transaction 1496, function 0x03, 4 bytes PDU
2026-09-16 14:19:52 [LOG] Reading 0x2432 = 0
2026-09-16 14:19:52 [LOG] Request sent, transaction 1497, function 0x03, 12 bytes
2026-09-16 14:19:52 [LOG] Response received, transaction 1497, function 0x03, 4 bytes PDU
2026-09-16 14:19:52 [LOG] Reading 0x2433 = 0
2026-09-16 14:19:52 [LOG] Request sent, transaction 1498, function 0x03, 12 bytes
2026-09-16 14:19:52 [LOG] Response received, transaction 1498, function 0x03, 4 bytes PDU
2026-09-16 14:19:52 [LOG] Reading 0x2434 = 0
2026-09-16 14:19:52 No connected clients to send
2026-09-16 14:20:11 [LOG] Request sent, transaction 1499, function 0x03, 12 bytes
2026-09-16 14:20:11 [LOG] Response received, transaction 1499, function 0x03, 4 bytes PDU
2026-09-16 14:20:11 [LOG] Reading 0x242c = 1
2026-09-16 14:20:11 [LOG] Request sent, transaction 1500, function 0x03, 12 bytes
2026-09-16 14:20:11 [LOG] Response received, transaction 1500, function 0x03, 4 bytes PDU
2026-09-16 14:20:11 [LOG] Reading 0x242d = 0
2026-09-16 14:20:11 [LOG] Request sent, transaction 1501, function 0x03, 12 bytes
2026-09-16 14:20:11 [LOG] Response received, transaction 1501, function 0x03, 4 bytes PDU
2026-09-16 14:20:12 [LOG] Reading 0x242e = 0
2026-09-16 14:20:12 [LOG] Request sent, transaction 1502, function 0x03, 12 bytes
2026-09-16 14:20:12 [LOG] Response received, transaction 1502, function 0x03, 4 bytes PDU
2026-09-16 14:20:12 [LOG] Reading 0x242f = 0
2026-09-16 14:20:12 [LOG] Request sent, transaction 1503, function 0x03, 12 bytes
2026-09-16 14:20:12 [LOG] Response received, transaction 1503, function 0x03, 4 bytes PDU
2026-09-16 14:20:12 [LOG] Reading 0x2430 = 0
2026-09-16 14:20:12 [LOG] Request sent, transaction 1504, function 0x03, 12 bytes
2026-09-16 14:20:12 [LOG] Response received, transaction 1504, function 0x03, 4 bytes PDU
2026-09-16 14:20:12 [LOG] Reading 0x2431 = 0
2026-09-16 14:20:12 [LOG] Request sent, transaction 1505, function 0x03, 12 bytes
2026-09-16 14:20:12 [LOG] Response received, transaction 1505, function 0x03, 4 bytes PDU
2026-09-16 14:20:12 [LOG] Reading 0x2432 = 0
2026-09-16 14:20:12 [LOG] Request sent, transaction 1506, function 0x03, 12 bytes
2026-09-16 14:20:12 [LOG] Response received, transaction 1506, function 0x03, 4 bytes PDU
2026-09-16 14:20:12 [LOG] Reading 0x2433 = 0
2026-09-16 14:20:12 [LOG] Request sent, transaction 1507, function 0x03, 12 bytes
2026-09-16 14:20:12 [LOG] Response received, transaction 1507, function 0x03, 4 bytes PDU
2026-09-16 14:20:12 [LOG] Reading 0x2434 = 0
2026-09-16 14:20:12 No connected clients to send
2026-09-16 14:20:32 [LOG] Request sent, transaction 1508, function 0x03, 12 bytes
2026-09-16 14:20:32 [LOG] Response received, transaction 1508, function 0x03, 4 bytes PDU
2026-09-16 14:20:32 [LOG] Reading 0x242c = 1
2026-09-16 14:20:32 [LOG] Request sent, transaction 1509, function 0x03, 12 bytes
2026-09-16 14:20:32 [LOG] Response received, transaction 1509, function 0x03, 4 bytes PDU
2026-09-16 14:20:32 [LOG] Reading 0x242d = 0
2026-09-16 14:20:32 [LOG] Request sent, transaction 1510, function 0x03, 12 bytes
2026-09-16 14:20:32 [LOG] Response received, transaction 1510, function 0x03, 4 bytes PDU
2026-09-16 14:20:32 [LOG] Reading 0x242e = 0
2026-09-16 14:20:32 [LOG] Request sent, transaction 1511, function 0x03, 12 bytes
2026-09-16 14:20:32 [LOG] Response received, transaction 1511, function 0x03, 4 bytes PDU
2026-09-16 14:20:32 [LOG] Reading 0x242f = 0
2026-09-16 14:20:32 [LOG] Request sent, transaction 1512, function 0x03, 12 bytes
2026-09-16 14:20:32 [LOG] Response received, transaction 1512, function 0x03, 4 bytes PDU
2026-09-16 14:20:32 [LOG] Reading 0x2430 = 0
2026-09-16 14:20:32 [LOG] Request sent, transaction 1513, function 0x03, 12 bytes
2026-09-16 14:20:32 [LOG] Response received, transaction 1513, function 0x03, 4 bytes PDU
2026-09-16 14:20:32 [LOG] Reading 0x2431 = 0
2026-09-16 14:20:32 [LOG] Request sent, transaction 1514, function 0x03, 12 bytes
2026-09-16 14:20:32 [LOG] Response received, transaction 1514, function 0x03, 4 bytes PDU
2026-09-16 14:20:32 [LOG] Reading 0x2432 = 0
2026-09-16 14:20:32 [LOG] Request sent, transaction 1515, function 0x03, 12 bytes
2026-09-16 14:20:32 [LOG] Response received, transaction 1515, function 0x03, 4 bytes PDU
2026-09-16 14:20:32 [LOG] Reading 0x2433 = 0
2026-09-16 14:20:32 [LOG] Request sent, transaction 1516, function 0x03, 12 bytes
2026-09-16 14:20:32 [LOG] Response received, transaction 1516, function 0x03, 4 bytes PDU
2026-09-16 14:20:32 [LOG] Reading 0x2434 = 0
2026-09-16 14:20:32 No connected clients to send
2026-09-16 14:20:52 [LOG] Request sent, transaction 1517, function 0x03, 12 bytes
2026-09-16 14:20:52 [LOG] Response received, transaction 1517, function 0x03, 4 bytes PDU
2026-09-16 14:20:52 [LOG] Reading 0x242c = 1
2026-09-16 14:20:52 [LOG] Request sent, transaction 1518, function 0x03, 12 bytes
2026-09-16 14:20:52 [LOG] Response received, transaction 1518, function 0x03, 4 bytes PDU
2026-09-16 14:20:52 [LOG] Reading 0x242d = 0
2026-09-16 14:20:52 [LOG] Request sent, transaction 1519, function 0x03, 12 bytes
2026-09-16 14:20:52 [LOG] Response received, transaction 1519, function 0x03, 4 bytes PDU
2026-09-16 14:20:52 [LOG] Reading 0x242e = 0
2026-09-16 14:20:52 [LOG] Request sent, transaction 1520, function 0x03, 12 bytes
2026-09-16 14:20:52 [LOG] Response received, transaction 1520, function 0x03, 4 bytes PDU
2026-09-16 14:20:52 [LOG] Reading 0x242f = 0
2026-09-16 14:20:52 [LOG] Request sent, transaction 1521, function 0x03, 12 bytes
2026-09-16 14:20:52 [LOG] Response received, transaction 1521, function 0x03, 4 bytes PDU
2026-09-16 14:20:52 [LOG] Reading 0x2430 = 0
2026-09-16 14:20:52 [LOG] Request sent, transaction 1522, function 0x03, 12 bytes
2026-09-16 14:20:52 [LOG] Response received, transaction 1522, function 0x03, 4 bytes PDU
2026-09-16 14:20:52 [LOG] Reading 0x2431 = 0
2026-09-16 14:20:52 [LOG] Request sent, transaction 1523, function 0x03, 12 bytes
2026-09-16 14:20:52 [LOG] Response received, transaction 1523, function 0x03, 4 bytes PDU
2026-09-16 14:20:52 [LOG] Reading 0x2432 = 0
2026-09-16 14:20:52 [LOG] Request sent, transaction 1524, function 0x03, 12 bytes
2026-09-16 14:20:52 [LOG] Response received, transaction 1524, function 0x03, 4 bytes PDU
2026-09-16 14:20:52 [LOG] Reading 0x2433 = 0
2026-09-16 14:20:52 [LOG] Request sent, transaction 1525, function 0x03, 12 bytes
2026-09-16 14:20:52 [LOG] Response received, transaction 1525, function 0x03, 4 bytes PDU
2026-09-16 14:20:52 [LOG] Reading 0x2434 = 0
2026-09-16 14:20:52 No connected clients to send
2026-09-16 14:21:12 [LOG] Request sent, transaction 1526, function 0x03, 12 bytes
2026-09-16 14:21:12 [LOG] Response received, transaction 1526, function 0x03, 4 bytes PDU
2026-09-16 14:21:12 [LOG] Reading 0x242c = 1
2026-09-16 14:21:12 [LOG] Request sent, transaction 1527, function 0x03, 12 bytes
2026-09-16 14:21:12 [LOG] Response received, transaction 1527, function 0x03, 4 bytes PDU
2026-09-16 14:21:12 [LOG] Reading 0x242d = 0
2026-09-16 14:21:12 [LOG] Request sent, transaction 1528, function 0x03, 12 bytes
2026-09-16 14:21:12 [LOG] Response received, transaction 1528, function 0x03, 4 bytes PDU
2026-09-16 14:21:12 [LOG] Reading 0x242e = 0
2026-09-16 14:21:12 [LOG] Request sent, transaction 1529, function 0x03, 12 bytes
2026-09-16 14:21:12 [LOG] Response received, transaction 1529, function 0x03, 4 bytes PDU
2026-09-16 14:21:12 [LOG] Reading 0x242f = 0
2026-09-16 14:21:12 [LOG] Request sent, transaction 1530, function 0x03, 12 bytes
2026-09-16 14:21:12 [LOG] Response received, transaction 1530, function 0x03, 4 bytes PDU
2026-09-16 14:21:12 [LOG] Reading 0x2430 = 0
2026-09-16 14:21:12 [LOG] Request sent, transaction 1531, function 0x03, 12 bytes
2026-09-16 14:21:12 [LOG] Response received, transaction 1531, function 0x03, 4 bytes PDU
2026-09-16 14:21:12 [LOG] Reading 0x2431 = 0
2026-09-16 14:21:12 [LOG] Request sent, transaction 1532, function 0x03, 12 bytes
2026-09-16 14:21:12 [LOG] Response received, transaction 1532, function 0x03, 4 bytes PDU
2026-09-16 14:21:12 [LOG] Reading 0x2432 = 0
2026-09-16 14:21:12 [LOG] Request sent, transaction 1533, function 0x03, 12 bytes
2026-09-16 14:21:12 [LOG] Response received, transaction 1533, function 0x03, 4 bytes PDU
2026-09-16 14:21:12 [LOG] Reading 0x2433 = 0
2026-09-16 14:21:12 [LOG] Request sent, transaction 1534, function 0x03, 12 bytes
2026-09-16 14:21:12 [LOG] Response received, transaction 1534, function 0x03, 4 bytes PDU
2026-09-16 14:21:12 [LOG] Reading 0x2434 = 0
2026-09-16 14:21:12 No connected clients to send
2026-09-16 14:21:32 [LOG] Request sent, transaction 1535, function 0x03, 12 bytes
2026-09-16 14:21:32 [LOG] Response received, transaction 1535, function 0x03, 4 bytes PDU
2026-09-16 14:21:32 [LOG] Reading 0x242c = 1
2026-09-16 14:21:32 [LOG] Request sent, transaction 1536, function 0x03, 12 bytes
2026-09-16 14:21:32 [LOG] Response received, transaction 1536, function 0x03, 4 bytes PDU
2026-09-16 14:21:32 [LOG] Reading 0x242d = 0
2026-09-16 14:21:32 [LOG] Request sent, transaction 1537, function 0x03, 12 bytes
2026-09-16 14:21:32 [LOG] Response received, transaction 1537, function 0x03, 4 bytes PDU
2026-09-16 14:21:32 [LOG] Reading 0x242e = 0
2026-09-16 14:21:32 [LOG] Request sent, transaction 1538, function 0x03, 12 bytes
2026-09-16 14:21:32 [LOG] Response received, transaction 1538, function 0x03, 4 bytes PDU
2026-09-16 14:21:32 [LOG] Reading 0x242f = 0
2026-09-16 14:21:32 [LOG] Request sent, transaction 1539, function 0x03, 12 bytes
2026-09-16 14:21:32 [LOG] Response received, transaction 1539, function 0x03, 4 bytes PDU
2026-09-16 14:21:32 [LOG] Reading 0x2430 = 0
2026-09-16 14:21:32 [LOG] Request sent, transaction 1540, function 0x03, 12 bytes
2026-09-16 14:21:32 [LOG] Response received, transaction 1540, function 0x03, 4 bytes PDU
2026-09-16 14:21:32 [LOG] Reading 0x2431 = 0
2026-09-16 14:21:32 [LOG] Request sent, transaction 1541, function 0x03, 12 bytes
2026-09-16 14:21:32 [LOG] Response received, transaction 1541, function 0x03, 4 bytes PDU
2026-09-16 14:21:32 [LOG] Reading 0x2432 = 0
2026-09-16 14:21:32 [LOG] Request sent, transaction 1542, function 0x03, 12 bytes
2026-09-16 14:21:32 [LOG] Response received, transaction 1542, function 0x03, 4 bytes PDU
2026-09-16 14:21:32 [LOG] Reading 0x2433 = 0
2026-09-16 14:21:32 [LOG] Request sent, transaction 1543, function 0x03, 12 bytes
2026-09-16 14:21:32 [LOG] Response received, transaction 1543, function 0x03, 4 bytes PDU
2026-09-16 14:21:32 [LOG] Reading 0x2434 = 0
2026-09-16 14:21:32 No connected clients to send
2026-09-16 14:21:52 [LOG] Request sent, transaction 1544, function 0x03, 12 bytes
2026-09-16 14:21:52 [LOG] Response received, transaction 1544, function 0x03, 4 bytes PDU
2026-09-16 14:21:52 [LOG] Reading 0x242c = 1
2026-09-16 14:21:52 [LOG] Request sent, transaction 1545, function 0x03, 12 bytes
2026-09-16 14:21:52 [LOG] Response received, transaction 1545, function 0x03, 4 bytes PDU
2026-09-16 14:21:52 [LOG] Reading 0x242d = 0
2026-09-16 14:21:52 [LOG] Request sent, transaction 1546, function 0x03, 12 bytes
2026-09-16 14:21:52 [LOG] Response received, transaction 1546, function 0x03, 4 bytes PDU
2026-09-16 14:21:52 [LOG] Reading 0x242e = 0
2026-09-16 14:21:52 [LOG] Request sent, transaction 1547, function 0x03, 12 bytes
2026-09-16 14:21:52 [LOG] Response received, transaction 1547, function 0x03, 4 bytes PDU
2026-09-16 14:21:52 [LOG] Reading 0x242f = 0
2026-09-16 14:21:52 [LOG] Request sent, transaction 1548, function 0x03, 12 bytes
2026-09-16 14:21:52 [LOG] Response received, transaction 1548, function 0x03, 4 bytes PDU
2026-09-16 14:21:52 [LOG] Reading 0x2430 = 0
2026-09-16 14:21:52 [LOG] Request sent, transaction 1549, function 0x03, 12 bytes
2026-09-16 14:21:52 [LOG] Response received, transaction 1549, function 0x03, 4 bytes PDU
2026-09-16 14:21:52 [LOG] Reading 0x2431 = 0
2026-09-16 14:21:52 [LOG] Request sent, transaction 1550, function 0x03, 12 bytes
2026-09-16 14:21:52 [LOG] Response received, transaction 1550, function 0x03, 4 bytes PDU
2026-09-16 14:21:52 [LOG] Reading 0x2432 = 0
2026-09-16 14:21:52 [LOG] Request sent, transaction 1551, function 0x03, 12 bytes
2026-09-16 14:21:52 [LOG] Response received, transaction 1551, function 0x03, 4 bytes PDU
2026-09-16 14:21:52 [LOG] Reading 0x2433 = 0
2026-09-16 14:21:52 [LOG] Request sent, transaction 1552, function 0x03, 12 bytes
2026-09-16 14:21:52 [LOG] Response received, transaction 1552, function 0x03, 4 bytes PDU
2026-09-16 14:21:52 [LOG] Reading 0x2434 = 0
2026-09-16 14:21:52 No connected clients to send
2026-09-16 14:22:12 [LOG] Request sent, transaction 1553, function 0x03, 12 bytes
2026-09-16 14:22:12 [LOG] Response received, transaction 1553, function 0x03, 4 bytes PDU
2026-09-16 14:22:12 [LOG] Reading 0x242c = 1
2026-09-16 14:22:12 [LOG] Request sent, transaction 1554, function 0x03, 12 bytes
2026-09-16 14:22:12 [LOG] Response received, transaction 1554, function 0x03, 4 bytes PDU
2026-09-16 14:22:12 [LOG] Reading 0x242d = 0
2026-09-16 14:22:12 [LOG] Request sent, transaction 1555, function 0x03, 12 bytes
2026-09-16 14:22:12 [LOG] Response received, transaction 1555, function 0x03, 4 bytes PDU
2026-09-16 14:22:12 [LOG] Reading 0x242e = 0
2026-09-16 14:22:12 [LOG] Request sent, transaction 1556, function 0x03, 12 bytes
2026-09-16 14:22:12 [LOG] Response received, transaction 1556, function 0x03, 4 bytes PDU
2026-09-16 14:22:12 [LOG] Reading 0x242f = 0
2026-09-16 14:22:12 [LOG] Request sent, transaction 1557, function 0x03, 12 bytes
2026-09-16 14:22:12 [LOG] Response received, transaction 1557, function 0x03, 4 bytes PDU
2026-09-16 14:22:12 [LOG] Reading 0x2430 = 0
2026-09-16 14:22:12 [LOG] Request sent, transaction 1558, function 0x03, 12 bytes
2026-09-16 14:22:12 [LOG] Response received, transaction 1558, function 0x03, 4 bytes PDU
2026-09-16 14:22:12 [LOG] Reading 0x2431 = 0
2026-09-16 14:22:12 [LOG] Request sent, transaction 1559, function 0x03, 12 bytes
2026-09-16 14:22:12 [LOG] Response received, transaction 1559, function 0x03, 4 bytes PDU
2026-09-16 14:22:12 [LOG] Reading 0x2432 = 0
2026-09-16 14:22:12 [LOG] Request sent, transaction 1560, function 0x03, 12 bytes
2026-09-16 14:22:12 [LOG] Response received, transaction 1560, function 0x03, 4 bytes PDU
2026-09-16 14:22:12 [LOG] Reading 0x2433 = 0
2026-09-16 14:22:12 [LOG] Request sent, transaction 1561, function 0x03, 12 bytes
2026-09-16 14:22:12 [LOG] Response received, transaction 1561, function 0x03, 4 bytes PDU
2026-09-16 14:22:12 [LOG] Reading 0x2434 = 0
2026-09-16 14:22:12 No connected clients to send
2026-09-16 14:22:32 [LOG] Request sent, transaction 1562, function 0x03, 12 bytes
2026-09-16 14:22:32 [LOG] Response received, transaction 1562, function 0x03, 4 bytes PDU
2026-09-16 14:22:32 [LOG] Reading 0x242c = 1
2026-09-16 14:22:32 [LOG] Request sent, transaction 1563, function 0x03, 12 bytes
2026-09-16 14:22:32 [LOG] Response received, transaction 1563, function 0x03, 4 bytes PDU
2026-09-16 14:22:32 [LOG] Reading 0x242d = 0
2026-09-16 14:22:32 [LOG] Request sent, transaction 1564, function 0x03, 12 bytes
2026-09-16 14:22:32 [LOG] Response received, transaction 1564, function 0x03, 4 bytes PDU
2026-09-16 14:22:32 [LOG] Reading 0x242e = 0
2026-09-16 14:22:32 [LOG] Request sent, transaction 1565, function 0x03, 12 bytes
2026-09-16 14:22:32 [LOG] Response received, transaction 1565, function 0x03, 4 bytes PDU
2026-09-16 14:22:32 [LOG] Reading 0x242f = 0
2026-09-16 14:22:32 [LOG] Request sent, transaction 1566, function 0x03, 12 bytes
2026-09-16 14:22:32 [LOG] Response received, transaction 1566, function 0x03, 4 bytes PDU
2026-09-16 14:22:32 [LOG] Reading 0x2430 = 0
2026-09-16 14:22:32 [LOG] Request sent, transaction 1567, function 0x03, 12 bytes
2026-09-16 14:22:32 [LOG] Response received, transaction 1567, function 0x03, 4 bytes PDU
2026-09-16 14:22:32 [LOG] Reading 0x2431 = 0
2026-09-16 14:22:32 [LOG] Request sent, transaction 1568, function 0x03, 12 bytes
2026-09-16 14:22:32 [LOG] Response received, transaction 1568, function 0x03, 4 bytes PDU
2026-09-16 14:22:32 [LOG] Reading 0x2432 = 0
2026-09-16 14:22:32 [LOG] Request sent, transaction 1569, function 0x03, 12 bytes
2026-09-16 14:22:32 [LOG] Response received, transaction 1569, function 0x03, 4 bytes PDU
2026-09-16 14:22:32 [LOG] Reading 0x2433 = 0
2026-09-16 14:22:32 [LOG] Request sent, transaction 1570, function 0x03, 12 bytes
2026-09-16 14:22:32 [LOG] Response received, transaction 1570, function 0x03, 4 bytes PDU
2026-09-16 14:22:32 [LOG] Reading 0x2434 = 0
2026-09-16 14:22:32 No connected clients to send
2026-09-16 14:22:52 [LOG] Request sent, transaction 1571, function 0x03, 12 bytes
2026-09-16 14:22:52 [LOG] Response received, transaction 1571, function 0x03, 4 bytes PDU
2026-09-16 14:22:52 [LOG] Reading 0x242c = 1
2026-09-16 14:22:52 [LOG] Request sent, transaction 1572, function 0x03, 12 bytes
2026-09-16 14:22:52 [LOG] Response received, transaction 1572, function 0x03, 4 bytes PDU
2026-09-16 14:22:52 [LOG] Reading 0x242d = 0
2026-09-16 14:22:52 [LOG] Request sent, transaction 1573, function 0x03, 12 bytes
2026-09-16 14:22:52 [LOG] Response received, transaction 1573, function 0x03, 4 bytes PDU
2026-09-16 14:22:52 [LOG] Reading 0x242e = 0
2026-09-16 14:22:52 [LOG] Request sent, transaction 1574, function 0x03, 12 bytes
2026-09-16 14:22:52 [LOG] Response received, transaction 1574, function 0x03, 4 bytes PDU
2026-09-16 14:22:52 [LOG] Reading 0x242f = 0
2026-09-16 14:22:52 [LOG] Request sent, transaction 1575, function 0x03, 12 bytes
2026-09-16 14:22:52 [LOG] Response received, transaction 1575, function 0x03, 4 bytes PDU
2026-09-16 14:22:52 [LOG] Reading 0x2430 = 0
2026-09-16 14:22:52 [LOG] Request sent, transaction 1576, function 0x03, 12 bytes
2026-09-16 14:22:52 [LOG] Response received, transaction 1576, function 0x03, 4 bytes PDU
2026-09-16 14:22:52 [LOG] Reading 0x2431 = 0
2026-09-16 14:22:52 [LOG] Request sent, transaction 1577, function 0x03, 12 bytes
2026-09-16 14:22:52 [LOG] Response received, transaction 1577, function 0x03, 4 bytes PDU
2026-09-16 14:22:52 [LOG] Reading 0x2432 = 0
2026-09-16 14:22:52 [LOG] Request sent, transaction 1578, function 0x03, 12 bytes
2026-09-16 14:22:52 [LOG] Response received, transaction 1578, function 0x03, 4 bytes PDU
2026-09-16 14:22:52 [LOG] Reading 0x2433 = 0
2026-09-16 14:22:52 [LOG] Request sent, transaction 1579, function 0x03, 12 bytes
2026-09-16 14:22:52 [LOG] Response received, transaction 1579, function 0x03, 4 bytes PDU
2026-09-16 14:22:52 [LOG] Reading 0x2434 = 0
2026-09-16 14:22:52 No connected clients to send
2026-09-16 14:23:12 [LOG] Request sent, transaction 1580, function 0x03, 12 bytes
2026-09-16 14:23:12 [LOG] Response received, transaction 1580, function 0x03, 4 bytes PDU
2026-09-16 14:23:12 [LOG] Reading 0x242c = 1
2026-09-16 14:23:12 [LOG] Request sent, transaction 1581, function 0x03, 12 bytes
2026-09-16 14:23:12 [LOG] Response received, transaction 1581, function 0x03, 4 bytes PDU
2026-09-16 14:23:12 [LOG] Reading 0x242d = 0
2026-09-16 14:23:12 [LOG] Request sent, transaction 1582, function 0x03, 12 bytes
2026-09-16 14:23:12 [LOG] Response received, transaction 1582, function 0x03, 4 bytes PDU
2026-09-16 14:23:12 [LOG] Reading 0x242e = 0
2026-09-16 14:23:12 [LOG] Request sent, transaction 1583, function 0x03, 12 bytes
2026-09-16 14:23:12 [LOG] Response received, transaction 1583, function 0x03, 4 bytes PDU
2026-09-16 14:23:12 [LOG] Reading 0x242f = 0
2026-09-16 14:23:12 [LOG] Request sent, transaction 1584, function 0x03, 12 bytes
2026-09-16 14:23:12 [LOG] Response received, transaction 1584, function 0x03, 4 bytes PDU
2026-09-16 14:23:12 [LOG] Reading 0x2430 = 0
2026-09-16 14:23:12 [LOG] Request sent, transaction 1585, function 0x03, 12 bytes
2026-09-16 14:23:12 [LOG] Response received, transaction 1585, function 0x03, 4 bytes PDU
2026-09-16 14:23:12 [LOG] Reading 0x2431 = 0
2026-09-16 14:23:12 [LOG] Request sent, transaction 1586, function 0x03, 12 bytes
2026-09-16 14:23:12 [LOG] Response received, transaction 1586, function 0x03, 4 bytes PDU
2026-09-16 14:23:12 [LOG] Reading 0x2432 = 0
2026-09-16 14:23:12 [LOG] Request sent, transaction 1587, function 0x03, 12 bytes
2026-09-16 14:23:12 [LOG] Response received, transaction 1587, function 0x03, 4 bytes PDU
2026-09-16 14:23:12 [LOG] Reading 0x2433 = 0
2026-09-16 14:23:12 [LOG] Request sent, transaction 1588, function 0x03, 12 bytes
2026-09-16 14:23:12 [LOG] Response received, transaction 1588, function 0x03, 4 bytes PDU
2026-09-16 14:23:12 [LOG] Reading 0x2434 = 0
2026-09-16 14:23:12 No connected clients to send
2026-09-16 14:23:32 [LOG] Request sent, transaction 1589, function 0x03, 12 bytes
2026-09-16 14:23:32 [LOG] Response received, transaction 1589, function 0x03, 4 bytes PDU
2026-09-16 14:23:32 [LOG] Reading 0x242c = 1
2026-09-16 14:23:32 [LOG] Request sent, transaction 1590, function 0x03, 12 bytes
2026-09-16 14:23:32 [LOG] Response received, transaction 1590, function 0x03, 4 bytes PDU
2026-09-16 14:23:32 [LOG] Reading 0x242d = 0
2026-09-16 14:23:32 [LOG] Request sent, transaction 1591, function 0x03, 12 bytes
2026-09-16 14:23:32 [LOG] Response received, transaction 1591, function 0x03, 4 bytes PDU
2026-09-16 14:23:32 [LOG] Reading 0x242e = 0
2026-09-16 14:23:32 [LOG] Request sent, transaction 1592, function 0x03, 12 bytes
2026-09-16 14:23:32 [LOG] Response received, transaction 1592, function 0x03, 4 bytes PDU
2026-09-16 14:23:32 [LOG] Reading 0x242f = 0
2026-09-16 14:23:32 [LOG] Request sent, transaction 1593, function 0x03, 12 bytes
2026-09-16 14:23:32 [LOG] Response received, transaction 1593, function 0x03, 4 bytes PDU
2026-09-16 14:23:32 [LOG] Reading 0x2430 = 0
2026-09-16 14:23:32 [LOG] Request sent, transaction 1594, function 0x03, 12 bytes
2026-09-16 14:23:32 [LOG] Response received, transaction 1594, function 0x03, 4 bytes PDU
2026-09-16 14:23:32 [LOG] Reading 0x2431 = 0
2026-09-16 14:23:32 [LOG] Request sent, transaction 1595, function 0x03, 12 bytes
2026-09-16 14:23:32 [LOG] Response received, transaction 1595, function 0x03, 4 bytes PDU
2026-09-16 14:23:32 [LOG] Reading 0x2432 = 0
2026-09-16 14:23:32 [LOG] Request sent, transaction 1596, function 0x03, 12 bytes
2026-09-16 14:23:32 [LOG] Response received, transaction 1596, function 0x03, 4 bytes PDU
2026-09-16 14:23:32 [LOG] Reading 0x2433 = 0
2026-09-16 14:23:32 [LOG] Request sent, transaction 1597, function 0x03, 12 bytes
2026-09-16 14:23:32 [LOG] Response received, transaction 1597, function 0x03, 4 bytes PDU
2026-09-16 14:23:32 [LOG] Reading 0x2434 = 0
2026-09-16 14:23:32 No connected clients to send
2026-09-16 14:23:52 [LOG] Request sent, transaction 1598, function 0x03, 12 bytes
2026-09-16 14:23:52 [LOG] Response received, transaction 1598, function 0x03, 4 bytes PDU
2026-09-16 14:23:52 [LOG] Reading 0x242c = 1
2026-09-16 14:23:52 [LOG] Request sent, transaction 1599, function 0x03, 12 bytes
2026-09-16 14:23:52 [LOG] Response received, transaction 1599, function 0x03, 4 bytes PDU
2026-09-16 14:23:52 [LOG] Reading 0x242d = 0
2026-09-16 14:23:52 [LOG] Request sent, transaction 1600, function 0x03, 12 bytes
2026-09-16 14:23:52 [LOG] Response received, transaction 1600, function 0x03, 4 bytes PDU
2026-09-16 14:23:52 [LOG] Reading 0x242e = 0
2026-09-16 14:23:52 [LOG] Request sent, transaction 1601, function 0x03, 12 bytes
2026-09-16 14:23:52 [LOG] Response received, transaction 1601, function 0x03, 4 bytes PDU
2026-09-16 14:23:52 [LOG] Reading 0x242f = 0
2026-09-16 14:23:52 [LOG] Request sent, transaction 1602, function 0x03, 12 bytes
2026-09-16 14:23:52 [LOG] Response received, transaction 1602, function 0x03, 4 bytes PDU
2026-09-16 14:23:52 [LOG] Reading 0x2430 = 0
2026-09-16 14:23:52 [LOG] Request sent, transaction 1603, function 0x03, 12 bytes
2026-09-16 14:23:52 [LOG] Response received, transaction 1603, function 0x03, 4 bytes PDU
2026-09-16 14:23:52 [LOG] Reading 0x2431 = 0
2026-09-16 14:23:52 [LOG] Request sent, transaction 1604, function 0x03, 12 bytes
2026-09-16 14:23:52 [LOG] Response received, transaction 1604, function 0x03, 4 bytes PDU
2026-09-16 14:23:52 [LOG] Reading 0x2432 = 0
2026-09-16 14:23:52 [LOG] Request sent, transaction 1605, function 0x03, 12 bytes
2026-09-16 14:23:52 [LOG] Response received, transaction 1605, function 0x03, 4 bytes PDU
2026-09-16 14:23:52 [LOG] Reading 0x2433 = 0
2026-09-16 14:23:52 [LOG] Request sent, transaction 1606, function 0x03, 12 bytes
2026-09-16 14:23:52 [LOG] Response received, transaction 1606, function 0x03, 4 bytes PDU
2026-09-16 14:23:52 [LOG] Reading 0x2434 = 0
2026-09-16 14:23:52 No connected clients to send
2026-09-16 14:24:12 [LOG] Request sent, transaction 1607, function 0x03, 12 bytes
2026-09-16 14:24:12 [LOG] Response received, transaction 1607, function 0x03, 4 bytes PDU
2026-09-16 14:24:12 [LOG] Reading 0x242c = 1
2026-09-16 14:24:12 [LOG] Request sent, transaction 1608, function 0x03, 12 bytes
2026-09-16 14:24:12 [LOG] Response received, transaction 1608, function 0x03, 4 bytes PDU
2026-09-16 14:24:12 [LOG] Reading 0x242d = 0
2026-09-16 14:24:12 [LOG] Request sent, transaction 1609, function 0x03, 12 bytes
2026-09-16 14:24:12 [LOG] Response received, transaction 1609, function 0x03, 4 bytes PDU
2026-09-16 14:24:12 [LOG] Reading 0x242e = 0
2026-09-16 14:24:12 [LOG] Request sent, transaction 1610, function 0x03, 12 bytes
2026-09-16 14:24:12 [LOG] Response received, transaction 1610, function 0x03, 4 bytes PDU
2026-09-16 14:24:12 [LOG] Reading 0x242f = 0
2026-09-16 14:24:12 [LOG] Request sent, transaction 1611, function 0x03, 12 bytes
2026-09-16 14:24:12 [LOG] Response received, transaction 1611, function 0x03, 4 bytes PDU
2026-09-16 14:24:12 [LOG] Reading 0x2430 = 0
2026-09-16 14:24:12 [LOG] Request sent, transaction 1612, function 0x03, 12 bytes
2026-09-16 14:24:12 [LOG] Response received, transaction 1612, function 0x03, 4 bytes PDU
2026-09-16 14:24:12 [LOG] Reading 0x2431 = 0
2026-09-16 14:24:12 [LOG] Request sent, transaction 1613, function 0x03, 12 bytes
2026-09-16 14:24:12 [LOG] Response received, transaction 1613, function 0x03, 4 bytes PDU
2026-09-16 14:24:12 [LOG] Reading 0x2432 = 0
2026-09-16 14:24:12 [LOG] Request sent, transaction 1614, function 0x03, 12 bytes
2026-09-16 14:24:12 [LOG] Response received, transaction 1614, function 0x03, 4 bytes PDU
2026-09-16 14:24:12 [LOG] Reading 0x2433 = 0
2026-09-16 14:24:12 [LOG] Request sent, transaction 1615, function 0x03, 12 bytes
2026-09-16 14:24:12 [LOG] Response received, transaction 1615, function 0x03, 4 bytes PDU
2026-09-16 14:24:12 [LOG] Reading 0x2434 = 0
2026-09-16 14:24:12 No connected clients to send
2026-09-16 14:24:32 [LOG] Request sent, transaction 1616, function 0x03, 12 bytes
2026-09-16 14:24:32 [LOG] Response received, transaction 1616, function 0x03, 4 bytes PDU
2026-09-16 14:24:32 [LOG] Reading 0x242c = 1
2026-09-16 14:24:32 [LOG] Request sent, transaction 1617, function 0x03, 12 bytes
2026-09-16 14:24:32 [LOG] Response received, transaction 1617, function 0x03, 4 bytes PDU
2026-09-16 14:24:32 [LOG] Reading 0x242d = 0
2026-09-16 14:24:32 [LOG] Request sent, transaction 1618, function 0x03, 12 bytes
2026-09-16 14:24:32 [LOG] Response received, transaction 1618, function 0x03, 4 bytes PDU
2026-09-16 14:24:32 [LOG] Reading 0x242e = 0
2026-09-16 14:24:32 [LOG] Request sent, transaction 1619, function 0x03, 12 bytes
2026-09-16 14:24:32 [LOG] Response received, transaction 1619, function 0x03, 4 bytes PDU
2026-09-16 14:24:32 [LOG] Reading 0x242f = 0
2026-09-16 14:24:32 [LOG] Request sent, transaction 1620, function 0x03, 12 bytes
2026-09-16 14:24:32 [LOG] Response received, transaction 1620, function 0x03, 4 bytes PDU
2026-09-16 14:24:32 [LOG] Reading 0x2430 = 0
2026-09-16 14:24:32 [LOG] Request sent, transaction 1621, function 0x03, 12 bytes
2026-09-16 14:24:32 [LOG] Response received, transaction 1621, function 0x03, 4 bytes PDU
2026-09-16 14:24:32 [LOG] Reading 0x2431 = 0
2026-09-16 14:24:32 [LOG] Request sent, transaction 1622, function 0x03, 12 bytes
2026-09-16 14:24:32 [LOG] Response received, transaction 1622, function 0x03, 4 bytes PDU
2026-09-16 14:24:32 [LOG] Reading 0x2432 = 0
2026-09-16 14:24:32 [LOG] Request sent, transaction 1623, function 0x03, 12 bytes
2026-09-16 14:24:32 [LOG] Response received, transaction 1623, function 0x03, 4 bytes PDU
2026-09-16 14:24:32 [LOG] Reading 0x2433 = 0
2026-09-16 14:24:32 [LOG] Request sent, transaction 1624, function 0x03, 12 bytes
2026-09-16 14:24:32 [LOG] Response received, transaction 1624, function 0x03, 4 bytes PDU
2026-09-16 14:24:32 [LOG] Reading 0x2434 = 0
2026-09-16 14:24:32 No connected clients to send
2026-09-16 14:24:52 [LOG] Request sent, transaction 1625, function 0x03, 12 bytes
2026-09-16 14:24:52 [LOG] Response received, transaction 1625, function 0x03, 4 bytes PDU
2026-09-16 14:24:52 [LOG] Reading 0x242c = 1
2026-09-16 14:24:52 [LOG] Request sent, transaction 1626, function 0x03, 12 bytes
2026-09-16 14:24:52 [LOG] Response received, transaction 1626, function 0x03, 4 bytes PDU
2026-09-16 14:24:52 [LOG] Reading 0x242d = 0
2026-09-16 14:24:52 [LOG] Request sent, transaction 1627, function 0x03, 12 bytes
2026-09-16 14:24:52 [LOG] Response received, transaction 1627, function 0x03, 4 bytes PDU
2026-09-16 14:24:52 [LOG] Reading 0x242e = 0
2026-09-16 14:24:52 [LOG] Request sent, transaction 1628, function 0x03, 12 bytes
2026-09-16 14:24:52 [LOG] Response received, transaction 1628, function 0x03, 4 bytes PDU
2026-09-16 14:24:52 [LOG] Reading 0x242f = 0
2026-09-16 14:24:52 [LOG] Request sent, transaction 1629, function 0x03, 12 bytes
2026-09-16 14:24:52 [LOG] Response received, transaction 1629, function 0x03, 4 bytes PDU
2026-09-16 14:24:52 [LOG] Reading 0x2430 = 0
2026-09-16 14:24:52 [LOG] Request sent, transaction 1630, function 0x03, 12 bytes
2026-09-16 14:24:52 [LOG] Response received, transaction 1630, function 0x03, 4 bytes PDU
2026-09-16 14:24:52 [LOG] Reading 0x2431 = 0
2026-09-16 14:24:52 [LOG] Request sent, transaction 1631, function 0x03, 12 bytes
2026-09-16 14:24:52 [LOG] Response received, transaction 1631, function 0x03, 4 bytes PDU
2026-09-16 14:24:52 [LOG] Reading 0x2432 = 0
2026-09-16 14:24:52 [LOG] Request sent, transaction 1632, function 0x03, 12 bytes
2026-09-16 14:24:52 [LOG] Response received, transaction 1632, function 0x03, 4 bytes PDU
2026-09-16 14:24:52 [LOG] Reading 0x2433 = 0
2026-09-16 14:24:52 [LOG] Request sent, transaction 1633, function 0x03, 12 bytes
2026-09-16 14:24:52 [LOG] Response received, transaction 1633, function 0x03, 4 bytes PDU
2026-09-16 14:24:52 [LOG] Reading 0x2434 = 0
2026-09-16 14:24:52 No connected clients to send
2026-09-16 14:25:12 [LOG] Request sent, transaction 1634, function 0x03, 12 bytes
2026-09-16 14:25:12 [LOG] Response received, transaction 1634, function 0x03, 4 bytes PDU
2026-09-16 14:25:12 [LOG] Reading 0x242c = 1
2026-09-16 14:25:12 [LOG] Request sent, transaction 1635, function 0x03, 12 bytes
2026-09-16 14:25:12 [LOG] Response received, transaction 1635, function 0x03, 4 bytes PDU
2026-09-16 14:25:12 [LOG] Reading 0x242d = 0
2026-09-16 14:25:12 [LOG] Request sent, transaction 1636, function 0x03, 12 bytes
2026-09-16 14:25:12 [LOG] Response received, transaction 1636, function 0x03, 4 bytes PDU
2026-09-16 14:25:12 [LOG] Reading 0x242e = 0
2026-09-16 14:25:12 [LOG] Request sent, transaction 1637, function 0x03, 12 bytes
2026-09-16 14:25:12 [LOG] Response received, transaction 1637, function 0x03, 4 bytes PDU
2026-09-16 14:25:12 [LOG] Reading 0x242f = 0
2026-09-16 14:25:12 [LOG] Request sent, transaction 1638, function 0x03, 12 bytes
2026-09-16 14:25:12 [LOG] Response received, transaction 1638, function 0x03, 4 bytes PDU
2026-09-16 14:25:12 [LOG] Reading 0x2430 = 0
2026-09-16 14:25:12 [LOG] Request sent, transaction 1639, function 0x03, 12 bytes
2026-09-16 14:25:12 [LOG] Response received, transaction 1639, function 0x03, 4 bytes PDU
2026-09-16 14:25:12 [LOG] Reading 0x2431 = 0
2026-09-16 14:25:12 [LOG] Request sent, transaction 1640, function 0x03, 12 bytes
2026-09-16 14:25:12 [LOG] Response received, transaction 1640, function 0x03, 4 bytes PDU
2026-09-16 14:25:12 [LOG] Reading 0x2432 = 0
2026-09-16 14:25:12 [LOG] Request sent, transaction 1641, function 0x03, 12 bytes
2026-09-16 14:25:12 [LOG] Response received, transaction 1641, function 0x03, 4 bytes PDU
2026-09-16 14:25:12 [LOG] Reading 0x2433 = 0
2026-09-16 14:25:12 [LOG] Request sent, transaction 1642, function 0x03, 12 bytes
2026-09-16 14:25:12 [LOG] Response received, transaction 1642, function 0x03, 4 bytes PDU
2026-09-16 14:25:12 [LOG] Reading 0x2434 = 0
2026-09-16 14:25:12 No connected clients to send
2026-09-16 14:25:32 [LOG] Request sent, transaction 1643, function 0x03, 12 bytes
2026-09-16 14:25:32 [LOG] Response received, transaction 1643, function 0x03, 4 bytes PDU
2026-09-16 14:25:32 [LOG] Reading 0x242c = 1
2026-09-16 14:25:32 [LOG] Request sent, transaction 1644, function 0x03, 12 bytes
2026-09-16 14:25:32 [LOG] Response received, transaction 1644, function 0x03, 4 bytes PDU
2026-09-16 14:25:32 [LOG] Reading 0x242d = 0
2026-09-16 14:25:32 [LOG] Request sent, transaction 1645, function 0x03, 12 bytes
2026-09-16 14:25:32 [LOG] Response received, transaction 1645, function 0x03, 4 bytes PDU
2026-09-16 14:25:32 [LOG] Reading 0x242e = 0
2026-09-16 14:25:32 [LOG] Request sent, transaction 1646, function 0x03, 12 bytes
2026-09-16 14:25:32 [LOG] Response received, transaction 1646, function 0x03, 4 bytes PDU
2026-09-16 14:25:32 [LOG] Reading 0x242f = 0
2026-09-16 14:25:32 [LOG] Request sent, transaction 1647, function 0x03, 12 bytes
2026-09-16 14:25:32 [LOG] Response received, transaction 1647, function 0x03, 4 bytes PDU
2026-09-16 14:25:32 [LOG] Reading 0x2430 = 0
2026-09-16 14:25:32 [LOG] Request sent, transaction 1648, function 0x03, 12 bytes
2026-09-16 14:25:32 [LOG] Response received, transaction 1648, function 0x03, 4 bytes PDU
2026-09-16 14:25:32 [LOG] Reading 0x2431 = 0
2026-09-16 14:25:32 [LOG] Request sent, transaction 1649, function 0x03, 12 bytes
2026-09-16 14:25:32 [LOG] Response received, transaction 1649, function 0x03, 4 bytes PDU
2026-09-16 14:25:32 [LOG] Reading 0x2432 = 0
2026-09-16 14:25:32 [LOG] Request sent, transaction 1650, function 0x03, 12 bytes
2026-09-16 14:25:32 [LOG] Response received, transaction 1650, function 0x03, 4 bytes PDU
2026-09-16 14:25:32 [LOG] Reading 0x2433 = 0
2026-09-16 14:25:32 [LOG] Request sent, transaction 1651, function 0x03, 12 bytes
2026-09-16 14:25:32 [LOG] Response received, transaction 1651, function 0x03, 4 bytes PDU
2026-09-16 14:25:32 [LOG] Reading 0x2434 = 0
2026-09-16 14:25:32 No connected clients to send
2026-09-16 14:25:52 [LOG] Request sent, transaction 1652, function 0x03, 12 bytes
2026-09-16 14:25:52 [LOG] Response received, transaction 1652, function 0x03, 4 bytes PDU
2026-09-16 14:25:52 [LOG] Reading 0x242c = 1
2026-09-16 14:25:52 [LOG] Request sent, transaction 1653, function 0x03, 12 bytes
2026-09-16 14:25:52 [LOG] Response received, transaction 1653, function 0x03, 4 bytes PDU
2026-09-16 14:25:52 [LOG] Reading 0x242d = 0
2026-09-16 14:25:52 [LOG] Request sent, transaction 1654, function 0x03, 12 bytes
2026-09-16 14:25:52 [LOG] Response received, transaction 1654, function 0x03, 4 bytes PDU
2026-09-16 14:25:52 [LOG] Reading 0x242e = 0
2026-09-16 14:25:52 [LOG] Request sent, transaction 1655, function 0x03, 12 bytes
2026-09-16 14:25:52 [LOG] Response received, transaction 1655, function 0x03, 4 bytes PDU
2026-09-16 14:25:52 [LOG] Reading 0x242f = 0
2026-09-16 14:25:52 [LOG] Request sent, transaction 1656, function 0x03, 12 bytes
2026-09-16 14:25:52 [LOG] Response received, transaction 1656, function 0x03, 4 bytes PDU
2026-09-16 14:25:52 [LOG] Reading 0x2430 = 0
2026-09-16 14:25:52 [LOG] Request sent, transaction 1657, function 0x03, 12 bytes
2026-09-16 14:25:52 [LOG] Response received, transaction 1657, function 0x03, 4 bytes PDU
2026-09-16 14:25:52 [LOG] Reading 0x2431 = 0
2026-09-16 14:25:52 [LOG] Request sent, transaction 1658, function 0x03, 12 bytes
2026-09-16 14:25:52 [LOG] Response received, transaction 1658, function 0x03, 4 bytes PDU
2026-09-16 14:25:52 [LOG] Reading 0x2432 = 0
2026-09-16 14:25:52 [LOG] Request sent, transaction 1659, function 0x03, 12 bytes
2026-09-16 14:25:52 [LOG] Response received, transaction 1659, function 0x03, 4 bytes PDU
2026-09-16 14:25:52 [LOG] Reading 0x2433 = 0
2026-09-16 14:25:52 [LOG] Request sent, transaction 1660, function 0x03, 12 bytes
2026-09-16 14:25:52 [LOG] Response received, transaction 1660, function 0x03, 4 bytes PDU
2026-09-16 14:25:52 [LOG] Reading 0x2434 = 0
2026-09-16 14:25:52 No connected clients to send
2026-09-16 14:26:12 [LOG] Request sent, transaction 1661, function 0x03, 12 bytes
2026-09-16 14:26:12 [LOG] Response received, transaction 1661, function 0x03, 4 bytes PDU
2026-09-16 14:26:12 [LOG] Reading 0x242c = 1
2026-09-16 14:26:12 [LOG] Request sent, transaction 1662, function 0x03, 12 bytes
2026-09-16 14:26:12 [LOG] Response received, transaction 1662, function 0x03, 4 bytes PDU
2026-09-16 14:26:12 [LOG] Reading 0x242d = 0
2026-09-16 14:26:12 [LOG] Request sent, transaction 1663, function 0x03, 12 bytes
2026-09-16 14:26:12 [LOG] Response received, transaction 1663, function 0x03, 4 bytes PDU
2026-09-16 14:26:12 [LOG] Reading 0x242e = 0
2026-09-16 14:26:12 [LOG] Request sent, transaction 1664, function 0x03, 12 bytes
2026-09-16 14:26:12 [LOG] Response received, transaction 1664, function 0x03, 4 bytes PDU
2026-09-16 14:26:12 [LOG] Reading 0x242f = 0
2026-09-16 14:26:12 [LOG] Request sent, transaction 1665, function 0x03, 12 bytes
2026-09-16 14:26:12 [LOG] Response received, transaction 1665, function 0x03, 4 bytes PDU
2026-09-16 14:26:12 [LOG] Reading 0x2430 = 0
2026-09-16 14:26:12 [LOG] Request sent, transaction 1666, function 0x03, 12 bytes
2026-09-16 14:26:12 [LOG] Response received, transaction 1666, function 0x03, 4 bytes PDU
2026-09-16 14:26:12 [LOG] Reading 0x2431 = 0
2026-09-16 14:26:12 [LOG] Request sent, transaction 1667, function 0x03, 12 bytes
2026-09-16 14:26:12 [LOG] Response received, transaction 1667, function 0x03, 4 bytes PDU
2026-09-16 14:26:12 [LOG] Reading 0x2432 = 0
2026-09-16 14:26:12 [LOG] Request sent, transaction 1668, function 0x03, 12 bytes
2026-09-16 14:26:12 [LOG] Response received, transaction 1668, function 0x03, 4 bytes PDU
2026-09-16 14:26:12 [LOG] Reading 0x2433 = 0
2026-09-16 14:26:12 [LOG] Request sent, transaction 1669, function 0x03, 12 bytes
2026-09-16 14:26:12 [LOG] Response received, transaction 1669, function 0x03, 4 bytes PDU
2026-09-16 14:26:12 [LOG] Reading 0x2434 = 0
2026-09-16 14:26:12 No connected clients to send
2026-09-16 14:26:32 [LOG] Request sent, transaction 1670, function 0x03, 12 bytes
2026-09-16 14:26:32 [LOG] Response received, transaction 1670, function 0x03, 4 bytes PDU
2026-09-16 14:26:32 [LOG] Reading 0x242c = 1
2026-09-16 14:26:32 [LOG] Request sent, transaction 1671, function 0x03, 12 bytes
2026-09-16 14:26:32 [LOG] Response received, transaction 1671, function 0x03, 4 bytes PDU
2026-09-16 14:26:32 [LOG] Reading 0x242d = 0
2026-09-16 14:26:32 [LOG] Request sent, transaction 1672, function 0x03, 12 bytes
2026-09-16 14:26:32 [LOG] Response received, transaction 1672, function 0x03, 4 bytes PDU
2026-09-16 14:26:32 [LOG] Reading 0x242e = 0
2026-09-16 14:26:32 [LOG] Request sent, transaction 1673, function 0x03, 12 bytes
2026-09-16 14:26:32 [LOG] Response received, transaction 1673, function 0x03, 4 bytes PDU
2026-09-16 14:26:32 [LOG] Reading 0x242f = 0
2026-09-16 14:26:32 [LOG] Request sent, transaction 1674, function 0x03, 12 bytes
2026-09-16 14:26:32 [LOG] Response received, transaction 1674, function 0x03, 4 bytes PDU
2026-09-16 14:26:32 [LOG] Reading 0x2430 = 0
2026-09-16 14:26:32 [LOG] Request sent, transaction 1675, function 0x03, 12 bytes
2026-09-16 14:26:32 [LOG] Response received, transaction 1675, function 0x03, 4 bytes PDU
2026-09-16 14:26:32 [LOG] Reading 0x2431 = 0
2026-09-16 14:26:32 [LOG] Request sent, transaction 1676, function 0x03, 12 bytes
2026-09-16 14:26:32 [LOG] Response received, transaction 1676, function 0x03, 4 bytes PDU
2026-09-16 14:26:32 [LOG] Reading 0x2432 = 0
2026-09-16 14:26:32 [LOG] Request sent, transaction 1677, function 0x03, 12 bytes
2026-09-16 14:26:32 [LOG] Response received, transaction 1677, function 0x03, 4 bytes PDU
2026-09-16 14:26:32 [LOG] Reading 0x2433 = 0
2026-09-16 14:26:32 [LOG] Request sent, transaction 1678, function 0x03, 12 bytes
2026-09-16 14:26:32 [LOG] Response received, transaction 1678, function 0x03, 4 bytes PDU
2026-09-16 14:26:32 [LOG] Reading 0x2434 = 0
2026-09-16 14:26:32 No connected clients to send
2026-09-16 14:26:52 [LOG] Request sent, transaction 1679, function 0x03, 12 bytes
2026-09-16 14:26:52 [LOG] Response received, transaction 1679, function 0x03, 4 bytes PDU
2026-09-16 14:26:52 [LOG] Reading 0x242c = 1
2026-09-16 14:26:52 [LOG] Request sent, transaction 1680, function 0x03, 12 bytes
2026-09-16 14:26:52 [LOG] Response received, transaction 1680, function 0x03, 4 bytes PDU
2026-09-16 14:26:52 [LOG] Reading 0x242d = 0
2026-09-16 14:26:52 [LOG] Request sent, transaction 1681, function 0x03, 12 bytes
2026-09-16 14:26:52 [LOG] Response received, transaction 1681, function 0x03, 4 bytes PDU
2026-09-16 14:26:52 [LOG] Reading 0x242e = 0
2026-09-16 14:26:52 [LOG] Request sent, transaction 1682, function 0x03, 12 bytes
2026-09-16 14:26:52 [LOG] Response received, transaction 1682, function 0x03, 4 bytes PDU
2026-09-16 14:26:52 [LOG] Reading 0x242f = 0
2026-09-16 14:26:52 [LOG] Request sent, transaction 1683, function 0x03, 12 bytes
2026-09-16 14:26:52 [LOG] Response received, transaction 1683, function 0x03, 4 bytes PDU
2026-09-16 14:26:52 [LOG] Reading 0x2430 = 0
2026-09-16 14:26:52 [LOG] Request sent, transaction 1684, function 0x03, 12 bytes
2026-09-16 14:26:52 [LOG] Response received, transaction 1684, function 0x03, 4 bytes PDU
2026-09-16 14:26:52 [LOG] Reading 0x2431 = 0
2026-09-16 14:26:52 [LOG] Request sent, transaction 1685, function 0x03, 12 bytes
2026-09-16 14:26:52 [LOG] Response received, transaction 1685, function 0x03, 4 bytes PDU
2026-09-16 14:26:52 [LOG] Reading 0x2432 = 0
2026-09-16 14:26:52 [LOG] Request sent, transaction 1686, function 0x03, 12 bytes
2026-09-16 14:26:52 [LOG] Response received, transaction 1686, function 0x03, 4 bytes PDU
2026-09-16 14:26:52 [LOG] Reading 0x2433 = 0
2026-09-16 14:26:52 [LOG] Request sent, transaction 1687, function 0x03, 12 bytes
2026-09-16 14:26:52 [LOG] Response received, transaction 1687, function 0x03, 4 bytes PDU
2026-09-16 14:26:52 [LOG] Reading 0x2434 = 0
2026-09-16 14:26:52 No connected clients to send
2026-09-16 14:27:12 [LOG] Request sent, transaction 1688, function 0x03, 12 bytes
2026-09-16 14:27:12 [LOG] Response received, transaction 1688, function 0x03, 4 bytes PDU
2026-09-16 14:27:12 [LOG] Reading 0x242c = 1
2026-09-16 14:27:12 [LOG] Request sent, transaction 1689, function 0x03, 12 bytes
2026-09-16 14:27:12 [LOG] Response received, transaction 1689, function 0x03, 4 bytes PDU
2026-09-16 14:27:12 [LOG] Reading 0x242d = 0
2026-09-16 14:27:12 [LOG] Request sent, transaction 1690, function 0x03, 12 bytes
2026-09-16 14:27:12 [LOG] Response received, transaction 1690, function 0x03, 4 bytes PDU
2026-09-16 14:27:12 [LOG] Reading 0x242e = 0
2026-09-16 14:27:12 [LOG] Request sent, transaction 1691, function 0x03, 12 bytes
2026-09-16 14:27:12 [LOG] Response received, transaction 1691, function 0x03, 4 bytes PDU
2026-09-16 14:27:12 [LOG] Reading 0x242f = 0
2026-09-16 14:27:12 [LOG] Request sent, transaction 1692, function 0x03, 12 bytes
2026-09-16 14:27:12 [LOG] Response received, transaction 1692, function 0x03, 4 bytes PDU
2026-09-16 14:27:12 [LOG] Reading 0x2430 = 0
2026-09-16 14:27:12 [LOG] Request sent, transaction 1693, function 0x03, 12 bytes
2026-09-16 14:27:12 [LOG] Response received, transaction 1693, function 0x03, 4 bytes PDU
2026-09-16 14:27:12 [LOG] Reading 0x2431 = 0
2026-09-16 14:27:12 [LOG] Request sent, transaction 1694, function 0x03, 12 bytes
2026-09-16 14:27:12 [LOG] Response received, transaction 1694, function 0x03, 4 bytes PDU
2026-09-16 14:27:12 [LOG] Reading 0x2432 = 0
2026-09-16 14:27:12 [LOG] Request sent, transaction 1695, function 0x03, 12 bytes
2026-09-16 14:27:12 [LOG] Response received, transaction 1695, function 0x03, 4 bytes PDU
2026-09-16 14:27:12 [LOG] Reading 0x2433 = 0
2026-09-16 14:27:12 [LOG] Request sent, transaction 1696, function 0x03, 12 bytes
2026-09-16 14:27:12 [LOG] Response received, transaction 1696, function 0x03, 4 bytes PDU
2026-09-16 14:27:12 [LOG] Reading 0x2434 = 0
2026-09-16 14:27:12 No connected clients to send
2026-09-16 14:27:32 [LOG] Request sent, transaction 1697, function 0x03, 12 bytes
2026-09-16 14:27:32 [LOG] Response received, transaction 1697, function 0x03, 4 bytes PDU
2026-09-16 14:27:32 [LOG] Reading 0x242c = 1
2026-09-16 14:27:32 [LOG] Request sent, transaction 1698, function 0x03, 12 bytes
2026-09-16 14:27:32 [LOG] Response received, transaction 1698, function 0x03, 4 bytes PDU
2026-09-16 14:27:32 [LOG] Reading 0x242d = 0
2026-09-16 14:27:32 [LOG] Request sent, transaction 1699, function 0x03, 12 bytes
2026-09-16 14:27:32 [LOG] Response received, transaction 1699, function 0x03, 4 bytes PDU
2026-09-16 14:27:32 [LOG] Reading 0x242e = 0
2026-09-16 14:27:32 [LOG] Request sent, transaction 1700, function 0x03, 12 bytes
2026-09-16 14:27:32 [LOG] Response received, transaction 1700, function 0x03, 4 bytes PDU
2026-09-16 14:27:32 [LOG] Reading 0x242f = 0
2026-09-16 14:27:32 [LOG] Request sent, transaction 1701, function 0x03, 12 bytes
2026-09-16 14:27:32 [LOG] Response received, transaction 1701, function 0x03, 4 bytes PDU
2026-09-16 14:27:32 [LOG] Reading 0x2430 = 0
2026-09-16 14:27:32 [LOG] Request sent, transaction 1702, function 0x03, 12 bytes
2026-09-16 14:27:32 [LOG] Response received, transaction 1702, function 0x03, 4 bytes PDU
2026-09-16 14:27:32 [LOG] Reading 0x2431 = 0
2026-09-16 14:27:32 [LOG] Request sent, transaction 1703, function 0x03, 12 bytes
2026-09-16 14:27:32 [LOG] Response received, transaction 1703, function 0x03, 4 bytes PDU
2026-09-16 14:27:32 [LOG] Reading 0x2432 = 0
2026-09-16 14:27:32 [LOG] Request sent, transaction 1704, function 0x03, 12 bytes
2026-09-16 14:27:32 [LOG] Response received, transaction 1704, function 0x03, 4 bytes PDU
2026-09-16 14:27:32 [LOG] Reading 0x2433 = 0
2026-09-16 14:27:32 [LOG] Request sent, transaction 1705, function 0x03, 12 bytes
2026-09-16 14:27:32 [LOG] Response received, transaction 1705, function 0x03, 4 bytes PDU
2026-09-16 14:27:32 [LOG] Reading 0x2434 = 0
2026-09-16 14:27:32 No connected clients to send
2026-09-16 14:27:52 [LOG] Request sent, transaction 1706, function 0x03, 12 bytes
2026-09-16 14:27:52 [LOG] Response received, transaction 1706, function 0x03, 4 bytes PDU
2026-09-16 14:27:52 [LOG] Reading 0x242c = 1
2026-09-16 14:27:52 [LOG] Request sent, transaction 1707, function 0x03, 12 bytes
2026-09-16 14:27:52 [LOG] Response received, transaction 1707, function 0x03, 4 bytes PDU
2026-09-16 14:27:52 [LOG] Reading 0x242d = 0
2026-09-16 14:27:52 [LOG] Request sent, transaction 1708, function 0x03, 12 bytes
2026-09-16 14:27:52 [LOG] Response received, transaction 1708, function 0x03, 4 bytes PDU
2026-09-16 14:27:52 [LOG] Reading 0x242e = 0
2026-09-16 14:27:52 [LOG] Request sent, transaction 1709, function 0x03, 12 bytes
2026-09-16 14:27:52 [LOG] Response received, transaction 1709, function 0x03, 4 bytes PDU
2026-09-16 14:27:52 [LOG] Reading 0x242f = 0
2026-09-16 14:27:52 [LOG] Request sent, transaction 1710, function 0x03, 12 bytes
2026-09-16 14:27:52 [LOG] Response received, transaction 1710, function 0x03, 4 bytes PDU
2026-09-16 14:27:52 [LOG] Reading 0x2430 = 0
2026-09-16 14:27:52 [LOG] Request sent, transaction 1711, function 0x03, 12 bytes
2026-09-16 14:27:52 [LOG] Response received, transaction 1711, function 0x03, 4 bytes PDU
2026-09-16 14:27:52 [LOG] Reading 0x2431 = 0
2026-09-16 14:27:52 [LOG] Request sent, transaction 1712, function 0x03, 12 bytes
2026-09-16 14:27:52 [LOG] Response received, transaction 1712, function 0x03, 4 bytes PDU
2026-09-16 14:27:52 [LOG] Reading 0x2432 = 0
2026-09-16 14:27:52 [LOG] Request sent, transaction 1713, function 0x03, 12 bytes
2026-09-16 14:27:52 [LOG] Response received, transaction 1713, function 0x03, 4 bytes PDU
2026-09-16 14:27:52 [LOG] Reading 0x2433 = 0
2026-09-16 14:27:52 [LOG] Request sent, transaction 1714, function 0x03, 12 bytes
2026-09-16 14:27:52 [LOG] Response received, transaction 1714, function 0x03, 4 bytes PDU
2026-09-16 14:27:52 [LOG] Reading 0x2434 = 0
2026-09-16 14:27:52 No connected clients to send
2026-09-16 14:28:12 [LOG] Request sent, transaction 1715, function 0x03, 12 bytes
2026-09-16 14:28:12 [LOG] Response received, transaction 1715, function 0x03, 4 bytes PDU
2026-09-16 14:28:12 [LOG] Reading 0x242c = 0
2026-09-16 14:28:12 [LOG] Request sent, transaction 1716, function 0x03, 12 bytes
2026-09-16 14:28:12 [LOG] Response received, transaction 1716, function 0x03, 4 bytes PDU
2026-09-16 14:28:12 [LOG] Reading 0x242d = 0
2026-09-16 14:28:12 [LOG] Request sent, transaction 1717, function 0x03, 12 bytes
2026-09-16 14:28:12 [LOG] Response received, transaction 1717, function 0x03, 4 bytes PDU
2026-09-16 14:28:12 [LOG] Reading 0x242e = 0
2026-09-16 14:28:12 [LOG] Request sent, transaction 1718, function 0x03, 12 bytes
2026-09-16 14:28:12 [LOG] Response received, transaction 1718, function 0x03, 4 bytes PDU
2026-09-16 14:28:12 [LOG] Reading 0x242f = 0
2026-09-16 14:28:12 [LOG] Request sent, transaction 1719, function 0x03, 12 bytes
2026-09-16 14:28:12 [LOG] Response received, transaction 1719, function 0x03, 4 bytes PDU
2026-09-16 14:28:12 [LOG] Reading 0x2430 = 0
2026-09-16 14:28:12 [LOG] Request sent, transaction 1720, function 0x03, 12 bytes
2026-09-16 14:28:12 [LOG] Response received, transaction 1720, function 0x03, 4 bytes PDU
2026-09-16 14:28:12 [LOG] Reading 0x2431 = 0
2026-09-16 14:28:12 [LOG] Request sent, transaction 1721, function 0x03, 12 bytes
2026-09-16 14:28:12 [LOG] Response received, transaction 1721, function 0x03, 4 bytes PDU
2026-09-16 14:28:12 [LOG] Reading 0x2432 = 0
2026-09-16 14:28:12 [LOG] Request sent, transaction 1722, function 0x03, 12 bytes
2026-09-16 14:28:12 [LOG] Response received, transaction 1722, function 0x03, 4 bytes PDU
2026-09-16 14:28:12 [LOG] Reading 0x2433 = 0
2026-09-16 14:28:12 [LOG] Request sent, transaction 1723, function 0x03, 12 bytes
2026-09-16 14:28:12 [LOG] Response received, transaction 1723, function 0x03, 4 bytes PDU
2026-09-16 14:28:12 [LOG] Reading 0x2434 = 0
2026-09-16 14:28:12 No connected clients to send
2026-09-16 14:28:32 [LOG] Request sent, transaction 1724, function 0x03, 12 bytes
2026-09-16 14:28:32 [LOG] Response received, transaction 1724, function 0x03, 4 bytes PDU
2026-09-16 14:28:32 [LOG] Reading 0x242c = 1
2026-09-16 14:28:32 [LOG] Request sent, transaction 1725, function 0x03, 12 bytes
2026-09-16 14:28:32 [LOG] Response received, transaction 1725, function 0x03, 4 bytes PDU
2026-09-16 14:28:32 [LOG] Reading 0x242d = 0
2026-09-16 14:28:32 [LOG] Request sent, transaction 1726, function 0x03, 12 bytes
2026-09-16 14:28:32 [LOG] Response received, transaction 1726, function 0x03, 4 bytes PDU
2026-09-16 14:28:32 [LOG] Reading 0x242e = 0
2026-09-16 14:28:32 [LOG] Request sent, transaction 1727, function 0x03, 12 bytes
2026-09-16 14:28:32 [LOG] Response received, transaction 1727, function 0x03, 4 bytes PDU
2026-09-16 14:28:32 [LOG] Reading 0x242f = 0
2026-09-16 14:28:32 [LOG] Request sent, transaction 1728, function 0x03, 12 bytes
2026-09-16 14:28:32 [LOG] Response received, transaction 1728, function 0x03, 4 bytes PDU
2026-09-16 14:28:32 [LOG] Reading 0x2430 = 0
2026-09-16 14:28:32 [LOG] Request sent, transaction 1729, function 0x03, 12 bytes
2026-09-16 14:28:32 [LOG] Response received, transaction 1729, function 0x03, 4 bytes PDU
2026-09-16 14:28:32 [LOG] Reading 0x2431 = 0
2026-09-16 14:28:32 [LOG] Request sent, transaction 1730, function 0x03, 12 bytes
2026-09-16 14:28:32 [LOG] Response received, transaction 1730, function 0x03, 4 bytes PDU
2026-09-16 14:28:32 [LOG] Reading 0x2432 = 0
2026-09-16 14:28:32 [LOG] Request sent, transaction 1731, function 0x03, 12 bytes
2026-09-16 14:28:32 [LOG] Response received, transaction 1731, function 0x03, 4 bytes PDU
2026-09-16 14:28:32 [LOG] Reading 0x2433 = 0
2026-09-16 14:28:32 [LOG] Request sent, transaction 1732, function 0x03, 12 bytes
2026-09-16 14:28:32 [LOG] Response received, transaction 1732, function 0x03, 4 bytes PDU
2026-09-16 14:28:32 [LOG] Reading 0x2434 = 0
2026-09-16 14:28:32 No connected clients to send
2026-09-16 14:28:52 [LOG] Request sent, transaction 1733, function 0x03, 12 bytes
2026-09-16 14:28:52 [LOG] Response received, transaction 1733, function 0x03, 4 bytes PDU
2026-09-16 14:28:52 [LOG] Reading 0x242c = 1
2026-09-16 14:28:52 [LOG] Request sent, transaction 1734, function 0x03, 12 bytes
2026-09-16 14:28:52 [LOG] Response received, transaction 1734, function 0x03, 4 bytes PDU
2026-09-16 14:28:52 [LOG] Reading 0x242d = 0
2026-09-16 14:28:52 [LOG] Request sent, transaction 1735, function 0x03, 12 bytes
2026-09-16 14:28:52 [LOG] Response received, transaction 1735, function 0x03, 4 bytes PDU
2026-09-16 14:28:52 [LOG] Reading 0x242e = 0
2026-09-16 14:28:52 [LOG] Request sent, transaction 1736, function 0x03, 12 bytes
2026-09-16 14:28:52 [LOG] Response received, transaction 1736, function 0x03, 4 bytes PDU
2026-09-16 14:28:52 [LOG] Reading 0x242f = 0
2026-09-16 14:28:52 [LOG] Request sent, transaction 1737, function 0x03, 12 bytes
2026-09-16 14:28:52 [LOG] Response received, transaction 1737, function 0x03, 4 bytes PDU
2026-09-16 14:28:52 [LOG] Reading 0x2430 = 0
2026-09-16 14:28:52 [LOG] Request sent, transaction 1738, function 0x03, 12 bytes
2026-09-16 14:28:52 [LOG] Response received, transaction 1738, function 0x03, 4 bytes PDU
2026-09-16 14:28:52 [LOG] Reading 0x2431 = 0
2026-09-16 14:28:52 [LOG] Request sent, transaction 1739, function 0x03, 12 bytes
2026-09-16 14:28:52 [LOG] Response received, transaction 1739, function 0x03, 4 bytes PDU
2026-09-16 14:28:52 [LOG] Reading 0x2432 = 0
2026-09-16 14:28:52 [LOG] Request sent, transaction 1740, function 0x03, 12 bytes
2026-09-16 14:28:52 [LOG] Response received, transaction 1740, function 0x03, 4 bytes PDU
2026-09-16 14:28:52 [LOG] Reading 0x2433 = 0
2026-09-16 14:28:52 [LOG] Request sent, transaction 1741, function 0x03, 12 bytes
2026-09-16 14:28:52 [LOG] Response received, transaction 1741, function 0x03, 4 bytes PDU
2026-09-16 14:28:52 [LOG] Reading 0x2434 = 0
2026-09-16 14:28:52 No connected clients to send
2026-09-16 14:29:12 [LOG] Request sent, transaction 1742, function 0x03, 12 bytes
2026-09-16 14:29:12 [LOG] Response received, transaction 1742, function 0x03, 4 bytes PDU
2026-09-16 14:29:12 [LOG] Reading 0x242c = 1
2026-09-16 14:29:12 [LOG] Request sent, transaction 1743, function 0x03, 12 bytes
2026-09-16 14:29:12 [LOG] Response received, transaction 1743, function 0x03, 4 bytes PDU
2026-09-16 14:29:12 [LOG] Reading 0x242d = 0
2026-09-16 14:29:12 [LOG] Request sent, transaction 1744, function 0x03, 12 bytes
2026-09-16 14:29:12 [LOG] Response received, transaction 1744, function 0x03, 4 bytes PDU
2026-09-16 14:29:12 [LOG] Reading 0x242e = 0
2026-09-16 14:29:12 [LOG] Request sent, transaction 1745, function 0x03, 12 bytes
2026-09-16 14:29:12 [LOG] Response received, transaction 1745, function 0x03, 4 bytes PDU
2026-09-16 14:29:12 [LOG] Reading 0x242f = 0
2026-09-16 14:29:12 [LOG] Request sent, transaction 1746, function 0x03, 12 bytes
2026-09-16 14:29:12 [LOG] Response received, transaction 1746, function 0x03, 4 bytes PDU
2026-09-16 14:29:12 [LOG] Reading 0x2430 = 0
2026-09-16 14:29:12 [LOG] Request sent, transaction 1747, function 0x03, 12 bytes
2026-09-16 14:29:12 [LOG] Response received, transaction 1747, function 0x03, 4 bytes PDU
2026-09-16 14:29:12 [LOG] Reading 0x2431 = 0
2026-09-16 14:29:12 [LOG] Request sent, transaction 1748, function 0x03, 12 bytes
2026-09-16 14:29:12 [LOG] Response received, transaction 1748, function 0x03, 4 bytes PDU
2026-09-16 14:29:12 [LOG] Reading 0x2432 = 0
2026-09-16 14:29:12 [LOG] Request sent, transaction 1749, function 0x03, 12 bytes
2026-09-16 14:29:12 [LOG] Response received, transaction 1749, function 0x03, 4 bytes PDU
2026-09-16 14:29:12 [LOG] Reading 0x2433 = 0
2026-09-16 14:29:12 [LOG] Request sent, transaction 1750, function 0x03, 12 bytes
2026-09-16 14:29:12 [LOG] Response received, transaction 1750, function 0x03, 4 bytes PDU
2026-09-16 14:29:12 [LOG] Reading 0x2434 = 0
2026-09-16 14:29:12 No connected clients to send
2026-09-16 14:29:32 [LOG] Request sent, transaction 1751, function 0x03, 12 bytes
2026-09-16 14:29:32 [LOG] Response received, transaction 1751, function 0x03, 4 bytes PDU
2026-09-16 14:29:32 [LOG] Reading 0x242c = 1
2026-09-16 14:29:32 [LOG] Request sent, transaction 1752, function 0x03, 12 bytes
2026-09-16 14:29:32 [LOG] Response received, transaction 1752, function 0x03, 4 bytes PDU
2026-09-16 14:29:32 [LOG] Reading 0x242d = 0
2026-09-16 14:29:32 [LOG] Request sent, transaction 1753, function 0x03, 12 bytes
2026-09-16 14:29:32 [LOG] Response received, transaction 1753, function 0x03, 4 bytes PDU
2026-09-16 14:29:32 [LOG] Reading 0x242e = 0
2026-09-16 14:29:32 [LOG] Request sent, transaction 1754, function 0x03, 12 bytes
2026-09-16 14:29:32 [LOG] Response received, transaction 1754, function 0x03, 4 bytes PDU
2026-09-16 14:29:32 [LOG] Reading 0x242f = 0
2026-09-16 14:29:32 [LOG] Request sent, transaction 1755, function 0x03, 12 bytes
2026-09-16 14:29:32 [LOG] Response received, transaction 1755, function 0x03, 4 bytes PDU
2026-09-16 14:29:32 [LOG] Reading 0x2430 = 0
2026-09-16 14:29:32 [LOG] Request sent, transaction 1756, function 0x03, 12 bytes
2026-09-16 14:29:32 [LOG] Response received, transaction 1756, function 0x03, 4 bytes PDU
2026-09-16 14:29:32 [LOG] Reading 0x2431 = 0
2026-09-16 14:29:32 [LOG] Request sent, transaction 1757, function 0x03, 12 bytes
2026-09-16 14:29:32 [LOG] Response received, transaction 1757, function 0x03, 4 bytes PDU
2026-09-16 14:29:32 [LOG] Reading 0x2432 = 0
2026-09-16 14:29:32 [LOG] Request sent, transaction 1758, function 0x03, 12 bytes
2026-09-16 14:29:32 [LOG] Response received, transaction 1758, function 0x03, 4 bytes PDU
2026-09-16 14:29:32 [LOG] Reading 0x2433 = 0
2026-09-16 14:29:32 [LOG] Request sent, transaction 1759, function 0x03, 12 bytes
2026-09-16 14:29:32 [LOG] Response received, transaction 1759, function 0x03, 4 bytes PDU
2026-09-16 14:29:32 [LOG] Reading 0x2434 = 0
2026-09-16 14:29:32 No connected clients to send
2026-09-16 14:29:52 [LOG] Request sent, transaction 1760, function 0x03, 12 bytes
2026-09-16 14:29:52 [LOG] Response received, transaction 1760, function 0x03, 4 bytes PDU
2026-09-16 14:29:52 [LOG] Reading 0x242c = 1
2026-09-16 14:29:52 [LOG] Request sent, transaction 1761, function 0x03, 12 bytes
2026-09-16 14:29:52 [LOG] Response received, transaction 1761, function 0x03, 4 bytes PDU
2026-09-16 14:29:52 [LOG] Reading 0x242d = 0
2026-09-16 14:29:52 [LOG] Request sent, transaction 1762, function 0x03, 12 bytes
2026-09-16 14:29:52 [LOG] Response received, transaction 1762, function 0x03, 4 bytes PDU
2026-09-16 14:29:52 [LOG] Reading 0x242e = 0
2026-09-16 14:29:52 [LOG] Request sent, transaction 1763, function 0x03, 12 bytes
2026-09-16 14:29:52 [LOG] Response received, transaction 1763, function 0x03, 4 bytes PDU
2026-09-16 14:29:52 [LOG] Reading 0x242f = 0
2026-09-16 14:29:52 [LOG] Request sent, transaction 1764, function 0x03, 12 bytes
2026-09-16 14:29:52 [LOG] Response received, transaction 1764, function 0x03, 4 bytes PDU
2026-09-16 14:29:52 [LOG] Reading 0x2430 = 0
2026-09-16 14:29:52 [LOG] Request sent, transaction 1765, function 0x03, 12 bytes
2026-09-16 14:29:52 [LOG] Response received, transaction 1765, function 0x03, 4 bytes PDU
2026-09-16 14:29:52 [LOG] Reading 0x2431 = 0
2026-09-16 14:29:52 [LOG] Request sent, transaction 1766, function 0x03, 12 bytes
2026-09-16 14:29:52 [LOG] Response received, transaction 1766, function 0x03, 4 bytes PDU
2026-09-16 14:29:52 [LOG] Reading 0x2432 = 0
2026-09-16 14:29:52 [LOG] Request sent, transaction 1767, function 0x03, 12 bytes
2026-09-16 14:29:52 [LOG] Response received, transaction 1767, function 0x03, 4 bytes PDU
2026-09-16 14:29:52 [LOG] Reading 0x2433 = 0
2026-09-16 14:29:52 [LOG] Request sent, transaction 1768, function 0x03, 12 bytes
2026-09-16 14:29:52 [LOG] Response received, transaction 1768, function 0x03, 4 bytes PDU
2026-09-16 14:29:52 [LOG] Reading 0x2434 = 0
2026-09-16 14:29:52 No connected clients to send
2026-09-16 14:30:12 [LOG] Request sent, transaction 1769, function 0x03, 12 bytes
2026-09-16 14:30:12 [LOG] Response received, transaction 1769, function 0x03, 4 bytes PDU
2026-09-16 14:30:12 [LOG] Reading 0x242c = 0
2026-09-16 14:30:12 [LOG] Request sent, transaction 1770, function 0x03, 12 bytes
2026-09-16 14:30:12 [LOG] Response received, transaction 1770, function 0x03, 4 bytes PDU
2026-09-16 14:30:12 [LOG] Reading 0x242d = 0
2026-09-16 14:30:12 [LOG] Request sent, transaction 1771, function 0x03, 12 bytes
2026-09-16 14:30:12 [LOG] Response received, transaction 1771, function 0x03, 4 bytes PDU
2026-09-16 14:30:12 [LOG] Reading 0x242e = 0
2026-09-16 14:30:12 [LOG] Request sent, transaction 1772, function 0x03, 12 bytes
2026-09-16 14:30:12 [LOG] Response received, transaction 1772, function 0x03, 4 bytes PDU
2026-09-16 14:30:12 [LOG] Reading 0x242f = 0
2026-09-16 14:30:12 [LOG] Request sent, transaction 1773, function 0x03, 12 bytes
2026-09-16 14:30:12 [LOG] Response received, transaction 1773, function 0x03, 4 bytes PDU
2026-09-16 14:30:12 [LOG] Reading 0x2430 = 0
2026-09-16 14:30:12 [LOG] Request sent, transaction 1774, function 0x03, 12 bytes
2026-09-16 14:30:12 [LOG] Response received, transaction 1774, function 0x03, 4 bytes PDU
2026-09-16 14:30:12 [LOG] Reading 0x2431 = 0
2026-09-16 14:30:12 [LOG] Request sent, transaction 1775, function 0x03, 12 bytes
2026-09-16 14:30:12 [LOG] Response received, transaction 1775, function 0x03, 4 bytes PDU
2026-09-16 14:30:12 [LOG] Reading 0x2432 = 0
2026-09-16 14:30:12 [LOG] Request sent, transaction 1776, function 0x03, 12 bytes
2026-09-16 14:30:12 [LOG] Response received, transaction 1776, function 0x03, 4 bytes PDU
2026-09-16 14:30:12 [LOG] Reading 0x2433 = 0
2026-09-16 14:30:12 [LOG] Request sent, transaction 1777, function 0x03, 12 bytes
2026-09-16 14:30:12 [LOG] Response received, transaction 1777, function 0x03, 4 bytes PDU
2026-09-16 14:30:12 [LOG] Reading 0x2434 = 0
2026-09-16 14:30:12 No connected clients to send
2026-09-16 14:30:32 [LOG] Request sent, transaction 1778, function 0x03, 12 bytes
2026-09-16 14:30:32 [LOG] Response received, transaction 1778, function 0x03, 4 bytes PDU
2026-09-16 14:30:32 [LOG] Reading 0x242c = 0
2026-09-16 14:30:32 [LOG] Request sent, transaction 1779, function 0x03, 12 bytes
2026-09-16 14:30:32 [LOG] Response received, transaction 1779, function 0x03, 4 bytes PDU
2026-09-16 14:30:32 [LOG] Reading 0x242d = 0
2026-09-16 14:30:32 [LOG] Request sent, transaction 1780, function 0x03, 12 bytes
2026-09-16 14:30:32 [LOG] Response received, transaction 1780, function 0x03, 4 bytes PDU
2026-09-16 14:30:32 [LOG] Reading 0x242e = 0
2026-09-16 14:30:32 [LOG] Request sent, transaction 1781, function 0x03, 12 bytes
2026-09-16 14:30:32 [LOG] Response received, transaction 1781, function 0x03, 4 bytes PDU
2026-09-16 14:30:32 [LOG] Reading 0x242f = 0
2026-09-16 14:30:32 [LOG] Request sent, transaction 1782, function 0x03, 12 bytes
2026-09-16 14:30:32 [LOG] Response received, transaction 1782, function 0x03, 4 bytes PDU
2026-09-16 14:30:32 [LOG] Reading 0x2430 = 0
2026-09-16 14:30:32 [LOG] Request sent, transaction 1783, function 0x03, 12 bytes
2026-09-16 14:30:32 [LOG] Response received, transaction 1783, function 0x03, 4 bytes PDU
2026-09-16 14:30:32 [LOG] Reading 0x2431 = 0
2026-09-16 14:30:32 [LOG] Request sent, transaction 1784, function 0x03, 12 bytes
2026-09-16 14:30:32 [LOG] Response received, transaction 1784, function 0x03, 4 bytes PDU
2026-09-16 14:30:32 [LOG] Reading 0x2432 = 0
2026-09-16 14:30:32 [LOG] Request sent, transaction 1785, function 0x03, 12 bytes
2026-09-16 14:30:32 [LOG] Response received, transaction 1785, function 0x03, 4 bytes PDU
2026-09-16 14:30:32 [LOG] Reading 0x2433 = 0
2026-09-16 14:30:32 [LOG] Request sent, transaction 1786, function 0x03, 12 bytes
2026-09-16 14:30:32 [LOG] Response received, transaction 1786, function 0x03, 4 bytes PDU
2026-09-16 14:30:32 [LOG] Reading 0x2434 = 0
2026-09-16 14:30:32 No connected clients to send
2026-09-16 14:30:52 [LOG] Request sent, transaction 1787, function 0x03, 12 bytes
2026-09-16 14:30:52 [LOG] Response received, transaction 1787, function 0x03, 4 bytes PDU
2026-09-16 14:30:52 [LOG] Reading 0x242c = 0
2026-09-16 14:30:52 [LOG] Request sent, transaction 1788, function 0x03, 12 bytes
2026-09-16 14:30:52 [LOG] Response received, transaction 1788, function 0x03, 4 bytes PDU
2026-09-16 14:30:52 [LOG] Reading 0x242d = 0
2026-09-16 14:30:52 [LOG] Request sent, transaction 1789, function 0x03, 12 bytes
2026-09-16 14:30:52 [LOG] Response received, transaction 1789, function 0x03, 4 bytes PDU
2026-09-16 14:30:52 [LOG] Reading 0x242e = 0
2026-09-16 14:30:52 [LOG] Request sent, transaction 1790, function 0x03, 12 bytes
2026-09-16 14:30:52 [LOG] Response received, transaction 1790, function 0x03, 4 bytes PDU
2026-09-16 14:30:52 [LOG] Reading 0x242f = 0
2026-09-16 14:30:52 [LOG] Request sent, transaction 1791, function 0x03, 12 bytes
2026-09-16 14:30:52 [LOG] Response received, transaction 1791, function 0x03, 4 bytes PDU
2026-09-16 14:30:52 [LOG] Reading 0x2430 = 0
2026-09-16 14:30:52 [LOG] Request sent, transaction 1792, function 0x03, 12 bytes
2026-09-16 14:30:52 [LOG] Response received, transaction 1792, function 0x03, 4 bytes PDU
2026-09-16 14:30:52 [LOG] Reading 0x2431 = 0
2026-09-16 14:30:52 [LOG] Request sent, transaction 1793, function 0x03, 12 bytes
2026-09-16 14:30:52 [LOG] Response received, transaction 1793, function 0x03, 4 bytes PDU
2026-09-16 14:30:52 [LOG] Reading 0x2432 = 0
2026-09-16 14:30:52 [LOG] Request sent, transaction 1794, function 0x03, 12 bytes
2026-09-16 14:30:52 [LOG] Response received, transaction 1794, function 0x03, 4 bytes PDU
2026-09-16 14:30:52 [LOG] Reading 0x2433 = 0
2026-09-16 14:30:52 [LOG] Request sent, transaction 1795, function 0x03, 12 bytes
2026-09-16 14:30:52 [LOG] Response received, transaction 1795, function 0x03, 4 bytes PDU
2026-09-16 14:30:52 [LOG] Reading 0x2434 = 0
2026-09-16 14:30:52 No connected clients to send
2026-09-16 14:31:12 [LOG] Request sent, transaction 1796, function 0x03, 12 bytes
2026-09-16 14:31:12 [LOG] Response received, transaction 1796, function 0x03, 4 bytes PDU
2026-09-16 14:31:12 [LOG] Reading 0x242c = 0
2026-09-16 14:31:12 [LOG] Request sent, transaction 1797, function 0x03, 12 bytes
2026-09-16 14:31:12 [LOG] Response received, transaction 1797, function 0x03, 4 bytes PDU
2026-09-16 14:31:12 [LOG] Reading 0x242d = 0
2026-09-16 14:31:12 [LOG] Request sent, transaction 1798, function 0x03, 12 bytes
2026-09-16 14:31:12 [LOG] Response received, transaction 1798, function 0x03, 4 bytes PDU
2026-09-16 14:31:12 [LOG] Reading 0x242e = 0
2026-09-16 14:31:12 [LOG] Request sent, transaction 1799, function 0x03, 12 bytes
2026-09-16 14:31:12 [LOG] Response received, transaction 1799, function 0x03, 4 bytes PDU
2026-09-16 14:31:12 [LOG] Reading 0x242f = 0
2026-09-16 14:31:12 [LOG] Request sent, transaction 1800, function 0x03, 12 bytes
2026-09-16 14:31:12 [LOG] Response received, transaction 1800, function 0x03, 4 bytes PDU
2026-09-16 14:31:12 [LOG] Reading 0x2430 = 0
2026-09-16 14:31:12 [LOG] Request sent, transaction 1801, function 0x03, 12 bytes
2026-09-16 14:31:12 [LOG] Response received, transaction 1801, function 0x03, 4 bytes PDU
2026-09-16 14:31:12 [LOG] Reading 0x2431 = 0
2026-09-16 14:31:12 [LOG] Request sent, transaction 1802, function 0x03, 12 bytes
2026-09-16 14:31:12 [LOG] Response received, transaction 1802, function 0x03, 4 bytes PDU
2026-09-16 14:31:12 [LOG] Reading 0x2432 = 0
2026-09-16 14:31:12 [LOG] Request sent, transaction 1803, function 0x03, 12 bytes
2026-09-16 14:31:12 [LOG] Response received, transaction 1803, function 0x03, 4 bytes PDU
2026-09-16 14:31:12 [LOG] Reading 0x2433 = 0
2026-09-16 14:31:12 [LOG] Request sent, transaction 1804, function 0x03, 12 bytes
2026-09-16 14:31:12 [LOG] Response received, transaction 1804, function 0x03, 4 bytes PDU
2026-09-16 14:31:12 [LOG] Reading 0x2434 = 0
2026-09-16 14:31:12 No connected clients to send
2026-09-16 14:31:32 [LOG] Request sent, transaction 1805, function 0x03, 12 bytes
2026-09-16 14:31:32 [LOG] Response received, transaction 1805, function 0x03, 4 bytes PDU
2026-09-16 14:31:32 [LOG] Reading 0x242c = 0
2026-09-16 14:31:32 [LOG] Request sent, transaction 1806, function 0x03, 12 bytes
2026-09-16 14:31:32 [LOG] Response received, transaction 1806, function 0x03, 4 bytes PDU
2026-09-16 14:31:32 [LOG] Reading 0x242d = 0
2026-09-16 14:31:32 [LOG] Request sent, transaction 1807, function 0x03, 12 bytes
2026-09-16 14:31:32 [LOG] Response received, transaction 1807, function 0x03, 4 bytes PDU
2026-09-16 14:31:32 [LOG] Reading 0x242e = 0
2026-09-16 14:31:32 [LOG] Request sent, transaction 1808, function 0x03, 12 bytes
2026-09-16 14:31:32 [LOG] Response received, transaction 1808, function 0x03, 4 bytes PDU
2026-09-16 14:31:32 [LOG] Reading 0x242f = 0
2026-09-16 14:31:32 [LOG] Request sent, transaction 1809, function 0x03, 12 bytes
2026-09-16 14:31:32 [LOG] Response received, transaction 1809, function 0x03, 4 bytes PDU
2026-09-16 14:31:32 [LOG] Reading 0x2430 = 0
2026-09-16 14:31:32 [LOG] Request sent, transaction 1810, function 0x03, 12 bytes
2026-09-16 14:31:32 [LOG] Response received, transaction 1810, function 0x03, 4 bytes PDU
2026-09-16 14:31:32 [LOG] Reading 0x2431 = 0
2026-09-16 14:31:32 [LOG] Request sent, transaction 1811, function 0x03, 12 bytes
2026-09-16 14:31:32 [LOG] Response received, transaction 1811, function 0x03, 4 bytes PDU
2026-09-16 14:31:32 [LOG] Reading 0x2432 = 0
2026-09-16 14:31:32 [LOG] Request sent, transaction 1812, function 0x03, 12 bytes
2026-09-16 14:31:32 [LOG] Response received, transaction 1812, function 0x03, 4 bytes PDU
2026-09-16 14:31:32 [LOG] Reading 0x2433 = 0
2026-09-16 14:31:32 [LOG] Request sent, transaction 1813, function 0x03, 12 bytes
2026-09-16 14:31:32 [LOG] Response received, transaction 1813, function 0x03, 4 bytes PDU
2026-09-16 14:31:32 [LOG] Reading 0x2434 = 0
2026-09-16 14:31:32 No connected clients to send
2026-09-16 14:31:52 [LOG] Request sent, transaction 1814, function 0x03, 12 bytes
2026-09-16 14:31:52 [LOG] Response received, transaction 1814, function 0x03, 4 bytes PDU
2026-09-16 14:31:52 [LOG] Reading 0x242c = 0
2026-09-16 14:31:52 [LOG] Request sent, transaction 1815, function 0x03, 12 bytes
2026-09-16 14:31:52 [LOG] Response received, transaction 1815, function 0x03, 4 bytes PDU
2026-09-16 14:31:52 [LOG] Reading 0x242d = 0
2026-09-16 14:31:52 [LOG] Request sent, transaction 1816, function 0x03, 12 bytes
2026-09-16 14:31:52 [LOG] Response received, transaction 1816, function 0x03, 4 bytes PDU
2026-09-16 14:31:52 [LOG] Reading 0x242e = 0
2026-09-16 14:31:52 [LOG] Request sent, transaction 1817, function 0x03, 12 bytes
2026-09-16 14:31:52 [LOG] Response received, transaction 1817, function 0x03, 4 bytes PDU
2026-09-16 14:31:52 [LOG] Reading 0x242f = 0
2026-09-16 14:31:52 [LOG] Request sent, transaction 1818, function 0x03, 12 bytes
2026-09-16 14:31:52 [LOG] Response received, transaction 1818, function 0x03, 4 bytes PDU
2026-09-16 14:31:52 [LOG] Reading 0x2430 = 0
2026-09-16 14:31:52 [LOG] Request sent, transaction 1819, function 0x03, 12 bytes
2026-09-16 14:31:52 [LOG] Response received, transaction 1819, function 0x03, 4 bytes PDU
2026-09-16 14:31:52 [LOG] Reading 0x2431 = 0
2026-09-16 14:31:52 [LOG] Request sent, transaction 1820, function 0x03, 12 bytes
2026-09-16 14:31:52 [LOG] Response received, transaction 1820, function 0x03, 4 bytes PDU
2026-09-16 14:31:52 [LOG] Reading 0x2432 = 0
2026-09-16 14:31:52 [LOG] Request sent, transaction 1821, function 0x03, 12 bytes
2026-09-16 14:31:52 [LOG] Response received, transaction 1821, function 0x03, 4 bytes PDU
2026-09-16 14:31:52 [LOG] Reading 0x2433 = 0
2026-09-16 14:31:52 [LOG] Request sent, transaction 1822, function 0x03, 12 bytes
2026-09-16 14:31:52 [LOG] Response received, transaction 1822, function 0x03, 4 bytes PDU
2026-09-16 14:31:52 [LOG] Reading 0x2434 = 0
2026-09-16 14:31:52 No connected clients to send
2026-09-16 14:32:12 [LOG] Request sent, transaction 1823, function 0x03, 12 bytes
2026-09-16 14:32:12 [LOG] Response received, transaction 1823, function 0x03, 4 bytes PDU
2026-09-16 14:32:12 [LOG] Reading 0x242c = 0
2026-09-16 14:32:12 [LOG] Request sent, transaction 1824, function 0x03, 12 bytes
2026-09-16 14:32:12 [LOG] Response received, transaction 1824, function 0x03, 4 bytes PDU
2026-09-16 14:32:12 [LOG] Reading 0x242d = 0
2026-09-16 14:32:12 [LOG] Request sent, transaction 1825, function 0x03, 12 bytes
2026-09-16 14:32:12 [LOG] Response received, transaction 1825, function 0x03, 4 bytes PDU
2026-09-16 14:32:12 [LOG] Reading 0x242e = 0
2026-09-16 14:32:12 [LOG] Request sent, transaction 1826, function 0x03, 12 bytes
2026-09-16 14:32:12 [LOG] Response received, transaction 1826, function 0x03, 4 bytes PDU
2026-09-16 14:32:12 [LOG] Reading 0x242f = 0
2026-09-16 14:32:12 [LOG] Request sent, transaction 1827, function 0x03, 12 bytes
2026-09-16 14:32:12 [LOG] Response received, transaction 1827, function 0x03, 4 bytes PDU
2026-09-16 14:32:12 [LOG] Reading 0x2430 = 0
2026-09-16 14:32:12 [LOG] Request sent, transaction 1828, function 0x03, 12 bytes
2026-09-16 14:32:12 [LOG] Response received, transaction 1828, function 0x03, 4 bytes PDU
2026-09-16 14:32:12 [LOG] Reading 0x2431 = 0
2026-09-16 14:32:12 [LOG] Request sent, transaction 1829, function 0x03, 12 bytes
2026-09-16 14:32:12 [LOG] Response received, transaction 1829, function 0x03, 4 bytes PDU
2026-09-16 14:32:12 [LOG] Reading 0x2432 = 0
2026-09-16 14:32:12 [LOG] Request sent, transaction 1830, function 0x03, 12 bytes
2026-09-16 14:32:12 [LOG] Response received, transaction 1830, function 0x03, 4 bytes PDU
2026-09-16 14:32:12 [LOG] Reading 0x2433 = 0
2026-09-16 14:32:12 [LOG] Request sent, transaction 1831, function 0x03, 12 bytes
2026-09-16 14:32:12 [LOG] Response received, transaction 1831, function 0x03, 4 bytes PDU
2026-09-16 14:32:12 [LOG] Reading 0x2434 = 0
2026-09-16 14:32:12 No connected clients to send
2026-09-16 14:32:32 [LOG] Request sent, transaction 1832, function 0x03, 12 bytes
2026-09-16 14:32:32 [LOG] Response received, transaction 1832, function 0x03, 4 bytes PDU
2026-09-16 14:32:32 [LOG] Reading 0x242c = 0
2026-09-16 14:32:32 [LOG] Request sent, transaction 1833, function 0x03, 12 bytes
2026-09-16 14:32:32 [LOG] Response received, transaction 1833, function 0x03, 4 bytes PDU
2026-09-16 14:32:32 [LOG] Reading 0x242d = 0
2026-09-16 14:32:32 [LOG] Request sent, transaction 1834, function 0x03, 12 bytes
2026-09-16 14:32:32 [LOG] Response received, transaction 1834, function 0x03, 4 bytes PDU
2026-09-16 14:32:32 [LOG] Reading 0x242e = 0
2026-09-16 14:32:32 [LOG] Request sent, transaction 1835, function 0x03, 12 bytes
2026-09-16 14:32:32 [LOG] Response received, transaction 1835, function 0x03, 4 bytes PDU
2026-09-16 14:32:32 [LOG] Reading 0x242f = 0
2026-09-16 14:32:32 [LOG] Request sent, transaction 1836, function 0x03, 12 bytes
2026-09-16 14:32:32 [LOG] Response received, transaction 1836, function 0x03, 4 bytes PDU
2026-09-16 14:32:32 [LOG] Reading 0x2430 = 0
2026-09-16 14:32:32 [LOG] Request sent, transaction 1837, function 0x03, 12 bytes
2026-09-16 14:32:32 [LOG] Response received, transaction 1837, function 0x03, 4 bytes PDU
2026-09-16 14:32:32 [LOG] Reading 0x2431 = 0
2026-09-16 14:32:32 [LOG] Request sent, transaction 1838, function 0x03, 12 bytes
2026-09-16 14:32:32 [LOG] Response received, transaction 1838, function 0x03, 4 bytes PDU
2026-09-16 14:32:32 [LOG] Reading 0x2432 = 0
2026-09-16 14:32:32 [LOG] Request sent, transaction 1839, function 0x03, 12 bytes
2026-09-16 14:32:32 [LOG] Response received, transaction 1839, function 0x03, 4 bytes PDU
2026-09-16 14:32:32 [LOG] Reading 0x2433 = 0
2026-09-16 14:32:32 [LOG] Request sent, transaction 1840, function 0x03, 12 bytes
2026-09-16 14:32:32 [LOG] Response received, transaction 1840, function 0x03, 4 bytes PDU
2026-09-16 14:32:32 [LOG] Reading 0x2434 = 0
2026-09-16 14:32:32 No connected clients to send
2026-09-16 14:32:52 [LOG] Request sent, transaction 1841, function 0x03, 12 bytes
2026-09-16 14:32:52 [LOG] Response received, transaction 1841, function 0x03, 4 bytes PDU
2026-09-16 14:32:52 [LOG] Reading 0x242c = 0
2026-09-16 14:32:52 [LOG] Request sent, transaction 1842, function 0x03, 12 bytes
2026-09-16 14:32:52 [LOG] Response received, transaction 1842, function 0x03, 4 bytes PDU
2026-09-16 14:32:52 [LOG] Reading 0x242d = 0
2026-09-16 14:32:52 [LOG] Request sent, transaction 1843, function 0x03, 12 bytes
2026-09-16 14:32:52 [LOG] Response received, transaction 1843, function 0x03, 4 bytes PDU
2026-09-16 14:32:52 [LOG] Reading 0x242e = 0
2026-09-16 14:32:52 [LOG] Request sent, transaction 1844, function 0x03, 12 bytes
2026-09-16 14:32:52 [LOG] Response received, transaction 1844, function 0x03, 4 bytes PDU
2026-09-16 14:32:52 [LOG] Reading 0x242f = 0
2026-09-16 14:32:52 [LOG] Request sent, transaction 1845, function 0x03, 12 bytes
2026-09-16 14:32:52 [LOG] Response received, transaction 1845, function 0x03, 4 bytes PDU
2026-09-16 14:32:52 [LOG] Reading 0x2430 = 0
2026-09-16 14:32:52 [LOG] Request sent, transaction 1846, function 0x03, 12 bytes
2026-09-16 14:32:52 [LOG] Response received, transaction 1846, function 0x03, 4 bytes PDU
2026-09-16 14:32:52 [LOG] Reading 0x2431 = 0
2026-09-16 14:32:52 [LOG] Request sent, transaction 1847, function 0x03, 12 bytes
2026-09-16 14:32:52 [LOG] Response received, transaction 1847, function 0x03, 4 bytes PDU
2026-09-16 14:32:52 [LOG] Reading 0x2432 = 0
2026-09-16 14:32:52 [LOG] Request sent, transaction 1848, function 0x03, 12 bytes
2026-09-16 14:32:52 [LOG] Response received, transaction 1848, function 0x03, 4 bytes PDU
2026-09-16 14:32:52 [LOG] Reading 0x2433 = 0
2026-09-16 14:32:52 [LOG] Request sent, transaction 1849, function 0x03, 12 bytes
2026-09-16 14:32:52 [LOG] Response received, transaction 1849, function 0x03, 4 bytes PDU
2026-09-16 14:32:52 [LOG] Reading 0x2434 = 0
2026-09-16 14:32:52 No connected clients to send
2026-09-16 14:33:12 [LOG] Request sent, transaction 1850, function 0x03, 12 bytes
2026-09-16 14:33:12 [LOG] Response received, transaction 1850, function 0x03, 4 bytes PDU
2026-09-16 14:33:12 [LOG] Reading 0x242c = 0
2026-09-16 14:33:12 [LOG] Request sent, transaction 1851, function 0x03, 12 bytes
2026-09-16 14:33:12 [LOG] Response received, transaction 1851, function 0x03, 4 bytes PDU
2026-09-16 14:33:12 [LOG] Reading 0x242d = 0
2026-09-16 14:33:12 [LOG] Request sent, transaction 1852, function 0x03, 12 bytes
2026-09-16 14:33:12 [LOG] Response received, transaction 1852, function 0x03, 4 bytes PDU
2026-09-16 14:33:12 [LOG] Reading 0x242e = 0
2026-09-16 14:33:12 [LOG] Request sent, transaction 1853, function 0x03, 12 bytes
2026-09-16 14:33:12 [LOG] Response received, transaction 1853, function 0x03, 4 bytes PDU
2026-09-16 14:33:12 [LOG] Reading 0x242f = 0
2026-09-16 14:33:12 [LOG] Request sent, transaction 1854, function 0x03, 12 bytes
2026-09-16 14:33:12 [LOG] Response received, transaction 1854, function 0x03, 4 bytes PDU
2026-09-16 14:33:12 [LOG] Reading 0x2430 = 0
2026-09-16 14:33:12 [LOG] Request sent, transaction 1855, function 0x03, 12 bytes
2026-09-16 14:33:12 [LOG] Response received, transaction 1855, function 0x03, 4 bytes PDU
2026-09-16 14:33:12 [LOG] Reading 0x2431 = 0
2026-09-16 14:33:12 [LOG] Request sent, transaction 1856, function 0x03, 12 bytes
2026-09-16 14:33:12 [LOG] Response received, transaction 1856, function 0x03, 4 bytes PDU
2026-09-16 14:33:12 [LOG] Reading 0x2432 = 0
2026-09-16 14:33:12 [LOG] Request sent, transaction 1857, function 0x03, 12 bytes
2026-09-16 14:33:12 [LOG] Response received, transaction 1857, function 0x03, 4 bytes PDU
2026-09-16 14:33:12 [LOG] Reading 0x2433 = 0
2026-09-16 14:33:12 [LOG] Request sent, transaction 1858, function 0x03, 12 bytes
2026-09-16 14:33:12 [LOG] Response received, transaction 1858, function 0x03, 4 bytes PDU
2026-09-16 14:33:12 [LOG] Reading 0x2434 = 0
2026-09-16 14:33:12 No connected clients to send
2026-09-16 14:33:32 [LOG] Request sent, transaction 1859, function 0x03, 12 bytes
2026-09-16 14:33:32 [LOG] Response received, transaction 1859, function 0x03, 4 bytes PDU
2026-09-16 14:33:32 [LOG] Reading 0x242c = 0
2026-09-16 14:33:32 [LOG] Request sent, transaction 1860, function 0x03, 12 bytes
2026-09-16 14:33:32 [LOG] Response received, transaction 1860, function 0x03, 4 bytes PDU
2026-09-16 14:33:32 [LOG] Reading 0x242d = 0
2026-09-16 14:33:32 [LOG] Request sent, transaction 1861, function 0x03, 12 bytes
2026-09-16 14:33:32 [LOG] Response received, transaction 1861, function 0x03, 4 bytes PDU
2026-09-16 14:33:32 [LOG] Reading 0x242e = 0
2026-09-16 14:33:32 [LOG] Request sent, transaction 1862, function 0x03, 12 bytes
2026-09-16 14:33:32 [LOG] Response received, transaction 1862, function 0x03, 4 bytes PDU
2026-09-16 14:33:32 [LOG] Reading 0x242f = 0
2026-09-16 14:33:32 [LOG] Request sent, transaction 1863, function 0x03, 12 bytes
2026-09-16 14:33:32 [LOG] Response received, transaction 1863, function 0x03, 4 bytes PDU
2026-09-16 14:33:32 [LOG] Reading 0x2430 = 0
2026-09-16 14:33:32 [LOG] Request sent, transaction 1864, function 0x03, 12 bytes
2026-09-16 14:33:32 [LOG] Response received, transaction 1864, function 0x03, 4 bytes PDU
2026-09-16 14:33:32 [LOG] Reading 0x2431 = 0
2026-09-16 14:33:32 [LOG] Request sent, transaction 1865, function 0x03, 12 bytes
2026-09-16 14:33:32 [LOG] Response received, transaction 1865, function 0x03, 4 bytes PDU
2026-09-16 14:33:32 [LOG] Reading 0x2432 = 0
2026-09-16 14:33:32 [LOG] Request sent, transaction 1866, function 0x03, 12 bytes
2026-09-16 14:33:32 [LOG] Response received, transaction 1866, function 0x03, 4 bytes PDU
2026-09-16 14:33:32 [LOG] Reading 0x2433 = 0
2026-09-16 14:33:32 [LOG] Request sent, transaction 1867, function 0x03, 12 bytes
2026-09-16 14:33:32 [LOG] Response received, transaction 1867, function 0x03, 4 bytes PDU
2026-09-16 14:33:32 [LOG] Reading 0x2434 = 0
2026-09-16 14:33:32 No connected clients to send
2026-09-16 14:33:52 [LOG] Request sent, transaction 1868, function 0x03, 12 bytes
2026-09-16 14:33:52 [LOG] Response received, transaction 1868, function 0x03, 4 bytes PDU
2026-09-16 14:33:52 [LOG] Reading 0x242c = 0
2026-09-16 14:33:52 [LOG] Request sent, transaction 1869, function 0x03, 12 bytes
2026-09-16 14:33:52 [LOG] Response received, transaction 1869, function 0x03, 4 bytes PDU
2026-09-16 14:33:52 [LOG] Reading 0x242d = 0
2026-09-16 14:33:52 [LOG] Request sent, transaction 1870, function 0x03, 12 bytes
2026-09-16 14:33:52 [LOG] Response received, transaction 1870, function 0x03, 4 bytes PDU
2026-09-16 14:33:52 [LOG] Reading 0x242e = 0
2026-09-16 14:33:52 [LOG] Request sent, transaction 1871, function 0x03, 12 bytes
2026-09-16 14:33:52 [LOG] Response received, transaction 1871, function 0x03, 4 bytes PDU
2026-09-16 14:33:52 [LOG] Reading 0x242f = 0
2026-09-16 14:33:52 [LOG] Request sent, transaction 1872, function 0x03, 12 bytes
2026-09-16 14:33:52 [LOG] Response received, transaction 1872, function 0x03, 4 bytes PDU
2026-09-16 14:33:52 [LOG] Reading 0x2430 = 0
2026-09-16 14:33:52 [LOG] Request sent, transaction 1873, function 0x03, 12 bytes
2026-09-16 14:33:52 [LOG] Response received, transaction 1873, function 0x03, 4 bytes PDU
2026-09-16 14:33:52 [LOG] Reading 0x2431 = 0
2026-09-16 14:33:52 [LOG] Request sent, transaction 1874, function 0x03, 12 bytes
2026-09-16 14:33:52 [LOG] Response received, transaction 1874, function 0x03, 4 bytes PDU
2026-09-16 14:33:52 [LOG] Reading 0x2432 = 0
2026-09-16 14:33:52 [LOG] Request sent, transaction 1875, function 0x03, 12 bytes
2026-09-16 14:33:52 [LOG] Response received, transaction 1875, function 0x03, 4 bytes PDU
2026-09-16 14:33:52 [LOG] Reading 0x2433 = 0
2026-09-16 14:33:52 [LOG] Request sent, transaction 1876, function 0x03, 12 bytes
2026-09-16 14:33:52 [LOG] Response received, transaction 1876, function 0x03, 4 bytes PDU
2026-09-16 14:33:52 [LOG] Reading 0x2434 = 0
2026-09-16 14:33:52 No connected clients to send
2026-09-16 14:34:12 [LOG] Request sent, transaction 1877, function 0x03, 12 bytes
2026-09-16 14:34:12 [LOG] Response received, transaction 1877, function 0x03, 4 bytes PDU
2026-09-16 14:34:12 [LOG] Reading 0x242c = 0
2026-09-16 14:34:12 [LOG] Request sent, transaction 1878, function 0x03, 12 bytes
2026-09-16 14:34:12 [LOG] Response received, transaction 1878, function 0x03, 4 bytes PDU
2026-09-16 14:34:12 [LOG] Reading 0x242d = 0
2026-09-16 14:34:12 [LOG] Request sent, transaction 1879, function 0x03, 12 bytes
2026-09-16 14:34:12 [LOG] Response received, transaction 1879, function 0x03, 4 bytes PDU
2026-09-16 14:34:12 [LOG] Reading 0x242e = 0
2026-09-16 14:34:12 [LOG] Request sent, transaction 1880, function 0x03, 12 bytes
2026-09-16 14:34:12 [LOG] Response received, transaction 1880, function 0x03, 4 bytes PDU
2026-09-16 14:34:12 [LOG] Reading 0x242f = 0
2026-09-16 14:34:12 [LOG] Request sent, transaction 1881, function 0x03, 12 bytes
2026-09-16 14:34:12 [LOG] Response received, transaction 1881, function 0x03, 4 bytes PDU
2026-09-16 14:34:12 [LOG] Reading 0x2430 = 0
2026-09-16 14:34:12 [LOG] Request sent, transaction 1882, function 0x03, 12 bytes
2026-09-16 14:34:12 [LOG] Response received, transaction 1882, function 0x03, 4 bytes PDU
2026-09-16 14:34:12 [LOG] Reading 0x2431 = 0
2026-09-16 14:34:12 [LOG] Request sent, transaction 1883, function 0x03, 12 bytes
2026-09-16 14:34:12 [LOG] Response received, transaction 1883, function 0x03, 4 bytes PDU
2026-09-16 14:34:12 [LOG] Reading 0x2432 = 0
2026-09-16 14:34:12 [LOG] Request sent, transaction 1884, function 0x03, 12 bytes
2026-09-16 14:34:12 [LOG] Response received, transaction 1884, function 0x03, 4 bytes PDU
2026-09-16 14:34:12 [LOG] Reading 0x2433 = 0
2026-09-16 14:34:12 [LOG] Request sent, transaction 1885, function 0x03, 12 bytes
2026-09-16 14:34:12 [LOG] Response received, transaction 1885, function 0x03, 4 bytes PDU
2026-09-16 14:34:12 [LOG] Reading 0x2434 = 0
2026-09-16 14:34:12 No connected clients to send
2026-09-16 14:34:32 [LOG] Request sent, transaction 1886, function 0x03, 12 bytes
2026-09-16 14:34:32 [LOG] Response received, transaction 1886, function 0x03, 4 bytes PDU
2026-09-16 14:34:32 [LOG] Reading 0x242c = 0
2026-09-16 14:34:32 [LOG] Request sent, transaction 1887, function 0x03, 12 bytes
2026-09-16 14:34:32 [LOG] Response received, transaction 1887, function 0x03, 4 bytes PDU
2026-09-16 14:34:32 [LOG] Reading 0x242d = 0
2026-09-16 14:34:32 [LOG] Request sent, transaction 1888, function 0x03, 12 bytes
2026-09-16 14:34:32 [LOG] Response received, transaction 1888, function 0x03, 4 bytes PDU
2026-09-16 14:34:32 [LOG] Reading 0x242e = 0
2026-09-16 14:34:32 [LOG] Request sent, transaction 1889, function 0x03, 12 bytes
2026-09-16 14:34:32 [LOG] Response received, transaction 1889, function 0x03, 4 bytes PDU
2026-09-16 14:34:32 [LOG] Reading 0x242f = 0
2026-09-16 14:34:32 [LOG] Request sent, transaction 1890, function 0x03, 12 bytes
2026-09-16 14:34:32 [LOG] Response received, transaction 1890, function 0x03, 4 bytes PDU
2026-09-16 14:34:32 [LOG] Reading 0x2430 = 0
2026-09-16 14:34:32 [LOG] Request sent, transaction 1891, function 0x03, 12 bytes
2026-09-16 14:34:32 [LOG] Response received, transaction 1891, function 0x03, 4 bytes PDU
2026-09-16 14:34:32 [LOG] Reading 0x2431 = 0
2026-09-16 14:34:32 [LOG] Request sent, transaction 1892, function 0x03, 12 bytes
2026-09-16 14:34:32 [LOG] Response received, transaction 1892, function 0x03, 4 bytes PDU
2026-09-16 14:34:32 [LOG] Reading 0x2432 = 0
2026-09-16 14:34:32 [LOG] Request sent, transaction 1893, function 0x03, 12 bytes
2026-09-16 14:34:32 [LOG] Response received, transaction 1893, function 0x03, 4 bytes PDU
2026-09-16 14:34:32 [LOG] Reading 0x2433 = 0
2026-09-16 14:34:32 [LOG] Request sent, transaction 1894, function 0x03, 12 bytes
2026-09-16 14:34:32 [LOG] Response received, transaction 1894, function 0x03, 4 bytes PDU
2026-09-16 14:34:32 [LOG] Reading 0x2434 = 0
2026-09-16 14:34:32 No connected clients to send
2026-09-16 14:34:52 [LOG] Request sent, transaction 1895, function 0x03, 12 bytes
2026-09-16 14:34:52 [LOG] Response received, transaction 1895, function 0x03, 4 bytes PDU
2026-09-16 14:34:52 [LOG] Reading 0x242c = 0
2026-09-16 14:34:52 [LOG] Request sent, transaction 1896, function 0x03, 12 bytes
2026-09-16 14:34:52 [LOG] Response received, transaction 1896, function 0x03, 4 bytes PDU
2026-09-16 14:34:52 [LOG] Reading 0x242d = 0
2026-09-16 14:34:52 [LOG] Request sent, transaction 1897, function 0x03, 12 bytes
2026-09-16 14:34:52 [LOG] Response received, transaction 1897, function 0x03, 4 bytes PDU
2026-09-16 14:34:52 [LOG] Reading 0x242e = 0
2026-09-16 14:34:52 [LOG] Request sent, transaction 1898, function 0x03, 12 bytes
2026-09-16 14:34:52 [LOG] Response received, transaction 1898, function 0x03, 4 bytes PDU
2026-09-16 14:34:52 [LOG] Reading 0x242f = 0
2026-09-16 14:34:52 [LOG] Request sent, transaction 1899, function 0x03, 12 bytes
2026-09-16 14:34:52 [LOG] Response received, transaction 1899, function 0x03, 4 bytes PDU
2026-09-16 14:34:52 [LOG] Reading 0x2430 = 0
2026-09-16 14:34:52 [LOG] Request sent, transaction 1900, function 0x03, 12 bytes
2026-09-16 14:34:52 [LOG] Response received, transaction 1900, function 0x03, 4 bytes PDU
2026-09-16 14:34:52 [LOG] Reading 0x2431 = 0
2026-09-16 14:34:52 [LOG] Request sent, transaction 1901, function 0x03, 12 bytes
2026-09-16 14:34:52 [LOG] Response received, transaction 1901, function 0x03, 4 bytes PDU
2026-09-16 14:34:52 [LOG] Reading 0x2432 = 0
2026-09-16 14:34:52 [LOG] Request sent, transaction 1902, function 0x03, 12 bytes
2026-09-16 14:34:52 [LOG] Response received, transaction 1902, function 0x03, 4 bytes PDU
2026-09-16 14:34:52 [LOG] Reading 0x2433 = 0
2026-09-16 14:34:52 [LOG] Request sent, transaction 1903, function 0x03, 12 bytes
2026-09-16 14:34:52 [LOG] Response received, transaction 1903, function 0x03, 4 bytes PDU
2026-09-16 14:34:52 [LOG] Reading 0x2434 = 0
2026-09-16 14:34:52 No connected clients to send
2026-09-16 14:35:12 [LOG] Request sent, transaction 1904, function 0x03, 12 bytes
2026-09-16 14:35:12 [LOG] Response received, transaction 1904, function 0x03, 4 bytes PDU
2026-09-16 14:35:12 [LOG] Reading 0x242c = 0
2026-09-16 14:35:12 [LOG] Request sent, transaction 1905, function 0x03, 12 bytes
2026-09-16 14:35:12 [LOG] Response received, transaction 1905, function 0x03, 4 bytes PDU
2026-09-16 14:35:12 [LOG] Reading 0x242d = 0
2026-09-16 14:35:12 [LOG] Request sent, transaction 1906, function 0x03, 12 bytes
2026-09-16 14:35:12 [LOG] Response received, transaction 1906, function 0x03, 4 bytes PDU
2026-09-16 14:35:12 [LOG] Reading 0x242e = 0
2026-09-16 14:35:12 [LOG] Request sent, transaction 1907, function 0x03, 12 bytes
2026-09-16 14:35:12 [LOG] Response received, transaction 1907, function 0x03, 4 bytes PDU
2026-09-16 14:35:12 [LOG] Reading 0x242f = 0
2026-09-16 14:35:12 [LOG] Request sent, transaction 1908, function 0x03, 12 bytes
2026-09-16 14:35:12 [LOG] Response received, transaction 1908, function 0x03, 4 bytes PDU
2026-09-16 14:35:12 [LOG] Reading 0x2430 = 0
2026-09-16 14:35:12 [LOG] Request sent, transaction 1909, function 0x03, 12 bytes
2026-09-16 14:35:12 [LOG] Response received, transaction 1909, function 0x03, 4 bytes PDU
2026-09-16 14:35:12 [LOG] Reading 0x2431 = 0
2026-09-16 14:35:12 [LOG] Request sent, transaction 1910, function 0x03, 12 bytes
2026-09-16 14:35:12 [LOG] Response received, transaction 1910, function 0x03, 4 bytes PDU
2026-09-16 14:35:12 [LOG] Reading 0x2432 = 0
2026-09-16 14:35:12 [LOG] Request sent, transaction 1911, function 0x03, 12 bytes
2026-09-16 14:35:12 [LOG] Response received, transaction 1911, function 0x03, 4 bytes PDU
2026-09-16 14:35:12 [LOG] Reading 0x2433 = 0
2026-09-16 14:35:12 [LOG] Request sent, transaction 1912, function 0x03, 12 bytes
2026-09-16 14:35:12 [LOG] Response received, transaction 1912, function 0x03, 4 bytes PDU
2026-09-16 14:35:12 [LOG] Reading 0x2434 = 0
2026-09-16 14:35:12 No connected clients to send
2026-09-16 14:35:32 [LOG] Request sent, transaction 1913, function 0x03, 12 bytes
2026-09-16 14:35:32 [LOG] Response received, transaction 1913, function 0x03, 4 bytes PDU
2026-09-16 14:35:32 [LOG] Reading 0x242c = 0
2026-09-16 14:35:32 [LOG] Request sent, transaction 1914, function 0x03, 12 bytes
2026-09-16 14:35:32 [LOG] Response received, transaction 1914, function 0x03, 4 bytes PDU
2026-09-16 14:35:32 [LOG] Reading 0x242d = 0
2026-09-16 14:35:32 [LOG] Request sent, transaction 1915, function 0x03, 12 bytes
2026-09-16 14:35:32 [LOG] Response received, transaction 1915, function 0x03, 4 bytes PDU
2026-09-16 14:35:32 [LOG] Reading 0x242e = 0
2026-09-16 14:35:32 [LOG] Request sent, transaction 1916, function 0x03, 12 bytes
2026-09-16 14:35:32 [LOG] Response received, transaction 1916, function 0x03, 4 bytes PDU
2026-09-16 14:35:32 [LOG] Reading 0x242f = 0
2026-09-16 14:35:32 [LOG] Request sent, transaction 1917, function 0x03, 12 bytes
2026-09-16 14:35:32 [LOG] Response received, transaction 1917, function 0x03, 4 bytes PDU
2026-09-16 14:35:32 [LOG] Reading 0x2430 = 0
2026-09-16 14:35:32 [LOG] Request sent, transaction 1918, function 0x03, 12 bytes
2026-09-16 14:35:32 [LOG] Response received, transaction 1918, function 0x03, 4 bytes PDU
2026-09-16 14:35:32 [LOG] Reading 0x2431 = 0
2026-09-16 14:35:32 [LOG] Request sent, transaction 1919, function 0x03, 12 bytes
2026-09-16 14:35:32 [LOG] Response received, transaction 1919, function 0x03, 4 bytes PDU
2026-09-16 14:35:32 [LOG] Reading 0x2432 = 0
2026-09-16 14:35:32 [LOG] Request sent, transaction 1920, function 0x03, 12 bytes
2026-09-16 14:35:32 [LOG] Response received, transaction 1920, function 0x03, 4 bytes PDU
2026-09-16 14:35:32 [LOG] Reading 0x2433 = 0
2026-09-16 14:35:32 [LOG] Request sent, transaction 1921, function 0x03, 12 bytes
2026-09-16 14:35:32 [LOG] Response received, transaction 1921, function 0x03, 4 bytes PDU
2026-09-16 14:35:32 [LOG] Reading 0x2434 = 0
2026-09-16 14:35:32 No connected clients to send
2026-09-16 14:35:52 [LOG] Request sent, transaction 1922, function 0x03, 12 bytes
2026-09-16 14:35:52 [LOG] Response received, transaction 1922, function 0x03, 4 bytes PDU
2026-09-16 14:35:52 [LOG] Reading 0x242c = 0
2026-09-16 14:35:52 [LOG] Request sent, transaction 1923, function 0x03, 12 bytes
2026-09-16 14:35:52 [LOG] Response received, transaction 1923, function 0x03, 4 bytes PDU
2026-09-16 14:35:52 [LOG] Reading 0x242d = 0
2026-09-16 14:35:52 [LOG] Request sent, transaction 1924, function 0x03, 12 bytes
2026-09-16 14:35:52 [LOG] Response received, transaction 1924, function 0x03, 4 bytes PDU
2026-09-16 14:35:52 [LOG] Reading 0x242e = 0
2026-09-16 14:35:52 [LOG] Request sent, transaction 1925, function 0x03, 12 bytes
2026-09-16 14:35:52 [LOG] Response received, transaction 1925, function 0x03, 4 bytes PDU
2026-09-16 14:35:52 [LOG] Reading 0x242f = 0
2026-09-16 14:35:52 [LOG] Request sent, transaction 1926, function 0x03, 12 bytes
2026-09-16 14:35:52 [LOG] Response received, transaction 1926, function 0x03, 4 bytes PDU
2026-09-16 14:35:52 [LOG] Reading 0x2430 = 0
2026-09-16 14:35:52 [LOG] Request sent, transaction 1927, function 0x03, 12 bytes
2026-09-16 14:35:52 [LOG] Response received, transaction 1927, function 0x03, 4 bytes PDU
2026-09-16 14:35:52 [LOG] Reading 0x2431 = 0
2026-09-16 14:35:52 [LOG] Request sent, transaction 1928, function 0x03, 12 bytes
2026-09-16 14:35:52 [LOG] Response received, transaction 1928, function 0x03, 4 bytes PDU
2026-09-16 14:35:52 [LOG] Reading 0x2432 = 0
2026-09-16 14:35:52 [LOG] Request sent, transaction 1929, function 0x03, 12 bytes
2026-09-16 14:35:52 [LOG] Response received, transaction 1929, function 0x03, 4 bytes PDU
2026-09-16 14:35:52 [LOG] Reading 0x2433 = 0
2026-09-16 14:35:52 [LOG] Request sent, transaction 1930, function 0x03, 12 bytes
2026-09-16 14:35:52 [LOG] Response received, transaction 1930, function 0x03, 4 bytes PDU
2026-09-16 14:35:52 [LOG] Reading 0x2434 = 0
2026-09-16 14:35:52 No connected clients to send
2026-09-16 14:36:12 [LOG] Request sent, transaction 1931, function 0x03, 12 bytes
2026-09-16 14:36:12 [LOG] Response received, transaction 1931, function 0x03, 4 bytes PDU
2026-09-16 14:36:12 [LOG] Reading 0x242c = 0
2026-09-16 14:36:12 [LOG] Request sent, transaction 1932, function 0x03, 12 bytes
2026-09-16 14:36:12 [LOG] Response received, transaction 1932, function 0x03, 4 bytes PDU
2026-09-16 14:36:12 [LOG] Reading 0x242d = 0
2026-09-16 14:36:12 [LOG] Request sent, transaction 1933, function 0x03, 12 bytes
2026-09-16 14:36:12 [LOG] Response received, transaction 1933, function 0x03, 4 bytes PDU
2026-09-16 14:36:12 [LOG] Reading 0x242e = 0
2026-09-16 14:36:12 [LOG] Request sent, transaction 1934, function 0x03, 12 bytes
2026-09-16 14:36:12 [LOG] Response received, transaction 1934, function 0x03, 4 bytes PDU
2026-09-16 14:36:12 [LOG] Reading 0x242f = 0
2026-09-16 14:36:12 [LOG] Request sent, transaction 1935, function 0x03, 12 bytes
2026-09-16 14:36:12 [LOG] Response received, transaction 1935, function 0x03, 4 bytes PDU
2026-09-16 14:36:12 [LOG] Reading 0x2430 = 0
2026-09-16 14:36:12 [LOG] Request sent, transaction 1936, function 0x03, 12 bytes
2026-09-16 14:36:12 [LOG] Response received, transaction 1936, function 0x03, 4 bytes PDU
2026-09-16 14:36:12 [LOG] Reading 0x2431 = 0
2026-09-16 14:36:12 [LOG] Request sent, transaction 1937, function 0x03, 12 bytes
2026-09-16 14:36:12 [LOG] Response received, transaction 1937, function 0x03, 4 bytes PDU
2026-09-16 14:36:12 [LOG] Reading 0x2432 = 0
2026-09-16 14:36:12 [LOG] Request sent, transaction 1938, function 0x03, 12 bytes
2026-09-16 14:36:12 [LOG] Response received, transaction 1938, function 0x03, 4 bytes PDU
2026-09-16 14:36:12 [LOG] Reading 0x2433 = 0
2026-09-16 14:36:12 [LOG] Request sent, transaction 1939, function 0x03, 12 bytes
2026-09-16 14:36:12 [LOG] Response received, transaction 1939, function 0x03, 4 bytes PDU
2026-09-16 14:36:12 [LOG] Reading 0x2434 = 0
2026-09-16 14:36:12 No connected clients to send
2026-09-16 14:36:32 [LOG] Request sent, transaction 1940, function 0x03, 12 bytes
2026-09-16 14:36:32 [LOG] Response received, transaction 1940, function 0x03, 4 bytes PDU
2026-09-16 14:36:32 [LOG] Reading 0x242c = 0
2026-09-16 14:36:32 [LOG] Request sent, transaction 1941, function 0x03, 12 bytes
2026-09-16 14:36:32 [LOG] Response received, transaction 1941, function 0x03, 4 bytes PDU
2026-09-16 14:36:32 [LOG] Reading 0x242d = 0
2026-09-16 14:36:32 [LOG] Request sent, transaction 1942, function 0x03, 12 bytes
2026-09-16 14:36:32 [LOG] Response received, transaction 1942, function 0x03, 4 bytes PDU
2026-09-16 14:36:32 [LOG] Reading 0x242e = 0
2026-09-16 14:36:32 [LOG] Request sent, transaction 1943, function 0x03, 12 bytes
2026-09-16 14:36:32 [LOG] Response received, transaction 1943, function 0x03, 4 bytes PDU
2026-09-16 14:36:32 [LOG] Reading 0x242f = 0
2026-09-16 14:36:32 [LOG] Request sent, transaction 1944, function 0x03, 12 bytes
2026-09-16 14:36:32 [LOG] Response received, transaction 1944, function 0x03, 4 bytes PDU
2026-09-16 14:36:32 [LOG] Reading 0x2430 = 0
2026-09-16 14:36:32 [LOG] Request sent, transaction 1945, function 0x03, 12 bytes
2026-09-16 14:36:32 [LOG] Response received, transaction 1945, function 0x03, 4 bytes PDU
2026-09-16 14:36:32 [LOG] Reading 0x2431 = 0
2026-09-16 14:36:32 [LOG] Request sent, transaction 1946, function 0x03, 12 bytes
2026-09-16 14:36:32 [LOG] Response received, transaction 1946, function 0x03, 4 bytes PDU
2026-09-16 14:36:32 [LOG] Reading 0x2432 = 0
2026-09-16 14:36:32 [LOG] Request sent, transaction 1947, function 0x03, 12 bytes
2026-09-16 14:36:32 [LOG] Response received, transaction 1947, function 0x03, 4 bytes PDU
2026-09-16 14:36:32 [LOG] Reading 0x2433 = 0
2026-09-16 14:36:32 [LOG] Request sent, transaction 1948, function 0x03, 12 bytes
2026-09-16 14:36:32 [LOG] Response received, transaction 1948, function 0x03, 4 bytes PDU
2026-09-16 14:36:32 [LOG] Reading 0x2434 = 0
2026-09-16 14:36:32 No connected clients to send
2026-09-16 14:36:52 [LOG] Request sent, transaction 1949, function 0x03, 12 bytes
2026-09-16 14:36:52 [LOG] Response received, transaction 1949, function 0x03, 4 bytes PDU
2026-09-16 14:36:52 [LOG] Reading 0x242c = 0
2026-09-16 14:36:52 [LOG] Request sent, transaction 1950, function 0x03, 12 bytes
2026-09-16 14:36:52 [LOG] Response received, transaction 1950, function 0x03, 4 bytes PDU
2026-09-16 14:36:52 [LOG] Reading 0x242d = 0
2026-09-16 14:36:52 [LOG] Request sent, transaction 1951, function 0x03, 12 bytes
2026-09-16 14:36:52 [LOG] Response received, transaction 1951, function 0x03, 4 bytes PDU
2026-09-16 14:36:52 [LOG] Reading 0x242e = 0
2026-09-16 14:36:52 [LOG] Request sent, transaction 1952, function 0x03, 12 bytes
2026-09-16 14:36:52 [LOG] Response received, transaction 1952, function 0x03, 4 bytes PDU
2026-09-16 14:36:52 [LOG] Reading 0x242f = 0
2026-09-16 14:36:52 [LOG] Request sent, transaction 1953, function 0x03, 12 bytes
2026-09-16 14:36:52 [LOG] Response received, transaction 1953, function 0x03, 4 bytes PDU
2026-09-16 14:36:52 [LOG] Reading 0x2430 = 0
2026-09-16 14:36:52 [LOG] Request sent, transaction 1954, function 0x03, 12 bytes
2026-09-16 14:36:52 [LOG] Response received, transaction 1954, function 0x03, 4 bytes PDU
2026-09-16 14:36:52 [LOG] Reading 0x2431 = 0
2026-09-16 14:36:52 [LOG] Request sent, transaction 1955, function 0x03, 12 bytes
2026-09-16 14:36:52 [LOG] Response received, transaction 1955, function 0x03, 4 bytes PDU
2026-09-16 14:36:52 [LOG] Reading 0x2432 = 0
2026-09-16 14:36:52 [LOG] Request sent, transaction 1956, function 0x03, 12 bytes
2026-09-16 14:36:52 [LOG] Response received, transaction 1956, function 0x03, 4 bytes PDU
2026-09-16 14:36:52 [LOG] Reading 0x2433 = 0
2026-09-16 14:36:52 [LOG] Request sent, transaction 1957, function 0x03, 12 bytes
2026-09-16 14:36:52 [LOG] Response received, transaction 1957, function 0x03, 4 bytes PDU
2026-09-16 14:36:52 [LOG] Reading 0x2434 = 0
2026-09-16 14:36:52 No connected clients to send
2026-09-16 14:37:12 [LOG] Request sent, transaction 1958, function 0x03, 12 bytes
2026-09-16 14:37:12 [LOG] Response received, transaction 1958, function 0x03, 4 bytes PDU
2026-09-16 14:37:12 [LOG] Reading 0x242c = 0
2026-09-16 14:37:12 [LOG] Request sent, transaction 1959, function 0x03, 12 bytes
2026-09-16 14:37:12 [LOG] Response received, transaction 1959, function 0x03, 4 bytes PDU
2026-09-16 14:37:12 [LOG] Reading 0x242d = 0
2026-09-16 14:37:12 [LOG] Request sent, transaction 1960, function 0x03, 12 bytes
2026-09-16 14:37:12 [LOG] Response received, transaction 1960, function 0x03, 4 bytes PDU
2026-09-16 14:37:12 [LOG] Reading 0x242e = 0
2026-09-16 14:37:12 [LOG] Request sent, transaction 1961, function 0x03, 12 bytes
2026-09-16 14:37:12 [LOG] Response received, transaction 1961, function 0x03, 4 bytes PDU
2026-09-16 14:37:12 [LOG] Reading 0x242f = 0
2026-09-16 14:37:12 [LOG] Request sent, transaction 1962, function 0x03, 12 bytes
2026-09-16 14:37:12 [LOG] Response received, transaction 1962, function 0x03, 4 bytes PDU
2026-09-16 14:37:12 [LOG] Reading 0x2430 = 0
2026-09-16 14:37:12 [LOG] Request sent, transaction 1963, function 0x03, 12 bytes
2026-09-16 14:37:12 [LOG] Response received, transaction 1963, function 0x03, 4 bytes PDU
2026-09-16 14:37:12 [LOG] Reading 0x2431 = 0
2026-09-16 14:37:12 [LOG] Request sent, transaction 1964, function 0x03, 12 bytes
2026-09-16 14:37:12 [LOG] Response received, transaction 1964, function 0x03, 4 bytes PDU
2026-09-16 14:37:12 [LOG] Reading 0x2432 = 0
2026-09-16 14:37:12 [LOG] Request sent, transaction 1965, function 0x03, 12 bytes
2026-09-16 14:37:12 [LOG] Response received, transaction 1965, function 0x03, 4 bytes PDU
2026-09-16 14:37:12 [LOG] Reading 0x2433 = 0
2026-09-16 14:37:12 [LOG] Request sent, transaction 1966, function 0x03, 12 bytes
2026-09-16 14:37:12 [LOG] Response received, transaction 1966, function 0x03, 4 bytes PDU
2026-09-16 14:37:12 [LOG] Reading 0x2434 = 0
2026-09-16 14:37:12 No connected clients to send
2026-09-16 14:37:32 [LOG] Request sent, transaction 1967, function 0x03, 12 bytes
2026-09-16 14:37:32 [LOG] Response received, transaction 1967, function 0x03, 4 bytes PDU
2026-09-16 14:37:32 [LOG] Reading 0x242c = 0
2026-09-16 14:37:32 [LOG] Request sent, transaction 1968, function 0x03, 12 bytes
2026-09-16 14:37:32 [LOG] Response received, transaction 1968, function 0x03, 4 bytes PDU
2026-09-16 14:37:32 [LOG] Reading 0x242d = 0
2026-09-16 14:37:32 [LOG] Request sent, transaction 1969, function 0x03, 12 bytes
2026-09-16 14:37:32 [LOG] Response received, transaction 1969, function 0x03, 4 bytes PDU
2026-09-16 14:37:32 [LOG] Reading 0x242e = 0
2026-09-16 14:37:32 [LOG] Request sent, transaction 1970, function 0x03, 12 bytes
2026-09-16 14:37:32 [LOG] Response received, transaction 1970, function 0x03, 4 bytes PDU
2026-09-16 14:37:32 [LOG] Reading 0x242f = 0
2026-09-16 14:37:32 [LOG] Request sent, transaction 1971, function 0x03, 12 bytes
2026-09-16 14:37:32 [LOG] Response received, transaction 1971, function 0x03, 4 bytes PDU
2026-09-16 14:37:32 [LOG] Reading 0x2430 = 0
2026-09-16 14:37:32 [LOG] Request sent, transaction 1972, function 0x03, 12 bytes
2026-09-16 14:37:32 [LOG] Response received, transaction 1972, function 0x03, 4 bytes PDU
2026-09-16 14:37:32 [LOG] Reading 0x2431 = 0
2026-09-16 14:37:32 [LOG] Request sent, transaction 1973, function 0x03, 12 bytes
2026-09-16 14:37:32 [LOG] Response received, transaction 1973, function 0x03, 4 bytes PDU
2026-09-16 14:37:32 [LOG] Reading 0x2432 = 0
2026-09-16 14:37:32 [LOG] Request sent, transaction 1974, function 0x03, 12 bytes
2026-09-16 14:37:32 [LOG] Response received, transaction 1974, function 0x03, 4 bytes PDU
2026-09-16 14:37:32 [LOG] Reading 0x2433 = 0
2026-09-16 14:37:32 [LOG] Request sent, transaction 1975, function 0x03, 12 bytes
2026-09-16 14:37:32 [LOG] Response received, transaction 1975, function 0x03, 4 bytes PDU
2026-09-16 14:37:32 [LOG] Reading 0x2434 = 0
2026-09-16 14:37:32 No connected clients to send
2026-09-16 14:37:52 [LOG] Request sent, transaction 1976, function 0x03, 12 bytes
2026-09-16 14:37:52 [LOG] Response received, transaction 1976, function 0x03, 4 bytes PDU
2026-09-16 14:37:52 [LOG] Reading 0x242c = 0
2026-09-16 14:37:52 [LOG] Request sent, transaction 1977, function 0x03, 12 bytes
2026-09-16 14:37:52 [LOG] Response received, transaction 1977, function 0x03, 4 bytes PDU
2026-09-16 14:37:52 [LOG] Reading 0x242d = 0
2026-09-16 14:37:52 [LOG] Request sent, transaction 1978, function 0x03, 12 bytes
2026-09-16 14:37:52 [LOG] Response received, transaction 1978, function 0x03, 4 bytes PDU
2026-09-16 14:37:52 [LOG] Reading 0x242e = 0
2026-09-16 14:37:52 [LOG] Request sent, transaction 1979, function 0x03, 12 bytes
2026-09-16 14:37:52 [LOG] Response received, transaction 1979, function 0x03, 4 bytes PDU
2026-09-16 14:37:52 [LOG] Reading 0x242f = 0
2026-09-16 14:37:52 [LOG] Request sent, transaction 1980, function 0x03, 12 bytes
2026-09-16 14:37:52 [LOG] Response received, transaction 1980, function 0x03, 4 bytes PDU
2026-09-16 14:37:52 [LOG] Reading 0x2430 = 0
2026-09-16 14:37:52 [LOG] Request sent, transaction 1981, function 0x03, 12 bytes
2026-09-16 14:37:52 [LOG] Response received, transaction 1981, function 0x03, 4 bytes PDU
2026-09-16 14:37:52 [LOG] Reading 0x2431 = 0
2026-09-16 14:37:52 [LOG] Request sent, transaction 1982, function 0x03, 12 bytes
2026-09-16 14:37:52 [LOG] Response received, transaction 1982, function 0x03, 4 bytes PDU
2026-09-16 14:37:52 [LOG] Reading 0x2432 = 0
2026-09-16 14:37:52 [LOG] Request sent, transaction 1983, function 0x03, 12 bytes
2026-09-16 14:37:52 [LOG] Response received, transaction 1983, function 0x03, 4 bytes PDU
2026-09-16 14:37:52 [LOG] Reading 0x2433 = 0
2026-09-16 14:37:52 [LOG] Request sent, transaction 1984, function 0x03, 12 bytes
2026-09-16 14:37:52 [LOG] Response received, transaction 1984, function 0x03, 4 bytes PDU
2026-09-16 14:37:52 [LOG] Reading 0x2434 = 0
2026-09-16 14:37:52 No connected clients to send
2026-09-16 14:38:12 [LOG] Request sent, transaction 1985, function 0x03, 12 bytes
2026-09-16 14:38:12 [LOG] Response received, transaction 1985, function 0x03, 4 bytes PDU
2026-09-16 14:38:12 [LOG] Reading 0x242c = 0
2026-09-16 14:38:12 [LOG] Request sent, transaction 1986, function 0x03, 12 bytes
2026-09-16 14:38:12 [LOG] Response received, transaction 1986, function 0x03, 4 bytes PDU
2026-09-16 14:38:12 [LOG] Reading 0x242d = 0
2026-09-16 14:38:12 [LOG] Request sent, transaction 1987, function 0x03, 12 bytes
2026-09-16 14:38:12 [LOG] Response received, transaction 1987, function 0x03, 4 bytes PDU
2026-09-16 14:38:12 [LOG] Reading 0x242e = 0
2026-09-16 14:38:12 [LOG] Request sent, transaction 1988, function 0x03, 12 bytes
2026-09-16 14:38:12 [LOG] Response received, transaction 1988, function 0x03, 4 bytes PDU
2026-09-16 14:38:12 [LOG] Reading 0x242f = 0
2026-09-16 14:38:12 [LOG] Request sent, transaction 1989, function 0x03, 12 bytes
2026-09-16 14:38:12 [LOG] Response received, transaction 1989, function 0x03, 4 bytes PDU
2026-09-16 14:38:12 [LOG] Reading 0x2430 = 0
2026-09-16 14:38:12 [LOG] Request sent, transaction 1990, function 0x03, 12 bytes
2026-09-16 14:38:12 [LOG] Response received, transaction 1990, function 0x03, 4 bytes PDU
2026-09-16 14:38:12 [LOG] Reading 0x2431 = 0
2026-09-16 14:38:12 [LOG] Request sent, transaction 1991, function 0x03, 12 bytes
2026-09-16 14:38:12 [LOG] Response received, transaction 1991, function 0x03, 4 bytes PDU
2026-09-16 14:38:12 [LOG] Reading 0x2432 = 0
2026-09-16 14:38:12 [LOG] Request sent, transaction 1992, function 0x03, 12 bytes
2026-09-16 14:38:12 [LOG] Response received, transaction 1992, function 0x03, 4 bytes PDU
2026-09-16 14:38:12 [LOG] Reading 0x2433 = 0
2026-09-16 14:38:12 [LOG] Request sent, transaction 1993, function 0x03, 12 bytes
2026-09-16 14:38:12 [LOG] Response received, transaction 1993, function 0x03, 4 bytes PDU
2026-09-16 14:38:12 [LOG] Reading 0x2434 = 0
2026-09-16 14:38:12 No connected clients to send
2026-09-16 14:38:32 [LOG] Request sent, transaction 1994, function 0x03, 12 bytes
2026-09-16 14:38:32 [LOG] Response received, transaction 1994, function 0x03, 4 bytes PDU
2026-09-16 14:38:32 [LOG] Reading 0x242c = 0
2026-09-16 14:38:32 [LOG] Request sent, transaction 1995, function 0x03, 12 bytes
2026-09-16 14:38:32 [LOG] Response received, transaction 1995, function 0x03, 4 bytes PDU
2026-09-16 14:38:32 [LOG] Reading 0x242d = 0
2026-09-16 14:38:32 [LOG] Request sent, transaction 1996, function 0x03, 12 bytes
2026-09-16 14:38:32 [LOG] Response received, transaction 1996, function 0x03, 4 bytes PDU
2026-09-16 14:38:32 [LOG] Reading 0x242e = 0
2026-09-16 14:38:32 [LOG] Request sent, transaction 1997, function 0x03, 12 bytes
2026-09-16 14:38:32 [LOG] Response received, transaction 1997, function 0x03, 4 bytes PDU
2026-09-16 14:38:32 [LOG] Reading 0x242f = 0
2026-09-16 14:38:32 [LOG] Request sent, transaction 1998, function 0x03, 12 bytes
2026-09-16 14:38:32 [LOG] Response received, transaction 1998, function 0x03, 4 bytes PDU
2026-09-16 14:38:32 [LOG] Reading 0x2430 = 0
2026-09-16 14:38:32 [LOG] Request sent, transaction 1999, function 0x03, 12 bytes
2026-09-16 14:38:32 [LOG] Response received, transaction 1999, function 0x03, 4 bytes PDU
2026-09-16 14:38:32 [LOG] Reading 0x2431 = 0
2026-09-16 14:38:32 [LOG] Request sent, transaction 2000, function 0x03, 12 bytes
2026-09-16 14:38:32 [LOG] Response received, transaction 2000, function 0x03, 4 bytes PDU
2026-09-16 14:38:32 [LOG] Reading 0x2432 = 0
2026-09-16 14:38:32 [LOG] Request sent, transaction 2001, function 0x03, 12 bytes
2026-09-16 14:38:32 [LOG] Response received, transaction 2001, function 0x03, 4 bytes PDU
2026-09-16 14:38:32 [LOG] Reading 0x2433 = 0
2026-09-16 14:38:32 [LOG] Request sent, transaction 2002, function 0x03, 12 bytes
2026-09-16 14:38:32 [LOG] Response received, transaction 2002, function 0x03, 4 bytes PDU
2026-09-16 14:38:32 [LOG] Reading 0x2434 = 0
2026-09-16 14:38:32 No connected clients to send
2026-09-16 14:38:52 [LOG] Request sent, transaction 2003, function 0x03, 12 bytes
2026-09-16 14:38:52 [LOG] Response received, transaction 2003, function 0x03, 4 bytes PDU
2026-09-16 14:38:52 [LOG] Reading 0x242c = 0
2026-09-16 14:38:52 [LOG] Request sent, transaction 2004, function 0x03, 12 bytes
2026-09-16 14:38:52 [LOG] Response received, transaction 2004, function 0x03, 4 bytes PDU
2026-09-16 14:38:52 [LOG] Reading 0x242d = 0
2026-09-16 14:38:52 [LOG] Request sent, transaction 2005, function 0x03, 12 bytes
2026-09-16 14:38:52 [LOG] Response received, transaction 2005, function 0x03, 4 bytes PDU
2026-09-16 14:38:52 [LOG] Reading 0x242e = 0
2026-09-16 14:38:52 [LOG] Request sent, transaction 2006, function 0x03, 12 bytes
2026-09-16 14:38:52 [LOG] Response received, transaction 2006, function 0x03, 4 bytes PDU
2026-09-16 14:38:52 [LOG] Reading 0x242f = 0
2026-09-16 14:38:52 [LOG] Request sent, transaction 2007, function 0x03, 12 bytes
2026-09-16 14:38:52 [LOG] Response received, transaction 2007, function 0x03, 4 bytes PDU
2026-09-16 14:38:52 [LOG] Reading 0x2430 = 0
2026-09-16 14:38:52 [LOG] Request sent, transaction 2008, function 0x03, 12 bytes
2026-09-16 14:38:52 [LOG] Response received, transaction 2008, function 0x03, 4 bytes PDU
2026-09-16 14:38:52 [LOG] Reading 0x2431 = 0
2026-09-16 14:38:52 [LOG] Request sent, transaction 2009, function 0x03, 12 bytes
2026-09-16 14:38:52 [LOG] Response received, transaction 2009, function 0x03, 4 bytes PDU
2026-09-16 14:38:52 [LOG] Reading 0x2432 = 0
2026-09-16 14:38:52 [LOG] Request sent, transaction 2010, function 0x03, 12 bytes
2026-09-16 14:38:52 [LOG] Response received, transaction 2010, function 0x03, 4 bytes PDU
2026-09-16 14:38:52 [LOG] Reading 0x2433 = 0
2026-09-16 14:38:52 [LOG] Request sent, transaction 2011, function 0x03, 12 bytes
2026-09-16 14:38:52 [LOG] Response received, transaction 2011, function 0x03, 4 bytes PDU
2026-09-16 14:38:52 [LOG] Reading 0x2434 = 0
2026-09-16 14:38:52 No connected clients to send
2026-09-16 14:39:12 [LOG] Request sent, transaction 2012, function 0x03, 12 bytes
2026-09-16 14:39:12 [LOG] Response received, transaction 2012, function 0x03, 4 bytes PDU
2026-09-16 14:39:12 [LOG] Reading 0x242c = 0
2026-09-16 14:39:12 [LOG] Request sent, transaction 2013, function 0x03, 12 bytes
2026-09-16 14:39:12 [LOG] Response received, transaction 2013, function 0x03, 4 bytes PDU
2026-09-16 14:39:12 [LOG] Reading 0x242d = 0
2026-09-16 14:39:12 [LOG] Request sent, transaction 2014, function 0x03, 12 bytes
2026-09-16 14:39:12 [LOG] Response received, transaction 2014, function 0x03, 4 bytes PDU
2026-09-16 14:39:12 [LOG] Reading 0x242e = 0
2026-09-16 14:39:12 [LOG] Request sent, transaction 2015, function 0x03, 12 bytes
2026-09-16 14:39:12 [LOG] Response received, transaction 2015, function 0x03, 4 bytes PDU
2026-09-16 14:39:12 [LOG] Reading 0x242f = 0
2026-09-16 14:39:12 [LOG] Request sent, transaction 2016, function 0x03, 12 bytes
2026-09-16 14:39:12 [LOG] Response received, transaction 2016, function 0x03, 4 bytes PDU
2026-09-16 14:39:12 [LOG] Reading 0x2430 = 0
2026-09-16 14:39:12 [LOG] Request sent, transaction 2017, function 0x03, 12 bytes
2026-09-16 14:39:12 [LOG] Response received, transaction 2017, function 0x03, 4 bytes PDU
2026-09-16 14:39:12 [LOG] Reading 0x2431 = 0
2026-09-16 14:39:12 [LOG] Request sent, transaction 2018, function 0x03, 12 bytes
2026-09-16 14:39:12 [LOG] Response received, transaction 2018, function 0x03, 4 bytes PDU
2026-09-16 14:39:12 [LOG] Reading 0x2432 = 0
2026-09-16 14:39:12 [LOG] Request sent, transaction 2019, function 0x03, 12 bytes
2026-09-16 14:39:12 [LOG] Response received, transaction 2019, function 0x03, 4 bytes PDU
2026-09-16 14:39:12 [LOG] Reading 0x2433 = 0
2026-09-16 14:39:12 [LOG] Request sent, transaction 2020, function 0x03, 12 bytes
2026-09-16 14:39:12 [LOG] Response received, transaction 2020, function 0x03, 4 bytes PDU
2026-09-16 14:39:12 [LOG] Reading 0x2434 = 0
2026-09-16 14:39:12 No connected clients to send
2026-09-16 14:39:32 [LOG] Request sent, transaction 2021, function 0x03, 12 bytes
2026-09-16 14:39:32 [LOG] Response received, transaction 2021, function 0x03, 4 bytes PDU
2026-09-16 14:39:32 [LOG] Reading 0x242c = 0
2026-09-16 14:39:32 [LOG] Request sent, transaction 2022, function 0x03, 12 bytes
2026-09-16 14:39:32 [LOG] Response received, transaction 2022, function 0x03, 4 bytes PDU
2026-09-16 14:39:32 [LOG] Reading 0x242d = 0
2026-09-16 14:39:32 [LOG] Request sent, transaction 2023, function 0x03, 12 bytes
2026-09-16 14:39:32 [LOG] Response received, transaction 2023, function 0x03, 4 bytes PDU
2026-09-16 14:39:32 [LOG] Reading 0x242e = 0
2026-09-16 14:39:32 [LOG] Request sent, transaction 2024, function 0x03, 12 bytes
2026-09-16 14:39:32 [LOG] Response received, transaction 2024, function 0x03, 4 bytes PDU
2026-09-16 14:39:32 [LOG] Reading 0x242f = 0
2026-09-16 14:39:32 [LOG] Request sent, transaction 2025, function 0x03, 12 bytes
2026-09-16 14:39:32 [LOG] Response received, transaction 2025, function 0x03, 4 bytes PDU
2026-09-16 14:39:32 [LOG] Reading 0x2430 = 0
2026-09-16 14:39:32 [LOG] Request sent, transaction 2026, function 0x03, 12 bytes
2026-09-16 14:39:32 [LOG] Response received, transaction 2026, function 0x03, 4 bytes PDU
2026-09-16 14:39:32 [LOG] Reading 0x2431 = 0
2026-09-16 14:39:32 [LOG] Request sent, transaction 2027, function 0x03, 12 bytes
2026-09-16 14:39:32 [LOG] Response received, transaction 2027, function 0x03, 4 bytes PDU
2026-09-16 14:39:32 [LOG] Reading 0x2432 = 0
2026-09-16 14:39:32 [LOG] Request sent, transaction 2028, function 0x03, 12 bytes
2026-09-16 14:39:32 [LOG] Response received, transaction 2028, function 0x03, 4 bytes PDU
2026-09-16 14:39:32 [LOG] Reading 0x2433 = 0
2026-09-16 14:39:32 [LOG] Request sent, transaction 2029, function 0x03, 12 bytes
2026-09-16 14:39:32 [LOG] Response received, transaction 2029, function 0x03, 4 bytes PDU
2026-09-16 14:39:32 [LOG] Reading 0x2434 = 0
2026-09-16 14:39:32 No connected clients to send
2026-09-16 14:39:52 [LOG] Request sent, transaction 2030, function 0x03, 12 bytes
2026-09-16 14:39:52 [LOG] Response received, transaction 2030, function 0x03, 4 bytes PDU
2026-09-16 14:39:52 [LOG] Reading 0x242c = 0
2026-09-16 14:39:52 [LOG] Request sent, transaction 2031, function 0x03, 12 bytes
2026-09-16 14:39:52 [LOG] Response received, transaction 2031, function 0x03, 4 bytes PDU
2026-09-16 14:39:52 [LOG] Reading 0x242d = 0
2026-09-16 14:39:52 [LOG] Request sent, transaction 2032, function 0x03, 12 bytes
2026-09-16 14:39:52 [LOG] Response received, transaction 2032, function 0x03, 4 bytes PDU
2026-09-16 14:39:52 [LOG] Reading 0x242e = 0
2026-09-16 14:39:52 [LOG] Request sent, transaction 2033, function 0x03, 12 bytes
2026-09-16 14:39:52 [LOG] Response received, transaction 2033, function 0x03, 4 bytes PDU
2026-09-16 14:39:52 [LOG] Reading 0x242f = 0
2026-09-16 14:39:52 [LOG] Request sent, transaction 2034, function 0x03, 12 bytes
2026-09-16 14:39:52 [LOG] Response received, transaction 2034, function 0x03, 4 bytes PDU
2026-09-16 14:39:52 [LOG] Reading 0x2430 = 0
2026-09-16 14:39:52 [LOG] Request sent, transaction 2035, function 0x03, 12 bytes
2026-09-16 14:39:52 [LOG] Response received, transaction 2035, function 0x03, 4 bytes PDU
2026-09-16 14:39:52 [LOG] Reading 0x2431 = 0
2026-09-16 14:39:52 [LOG] Request sent, transaction 2036, function 0x03, 12 bytes
2026-09-16 14:39:52 [LOG] Response received, transaction 2036, function 0x03, 4 bytes PDU
2026-09-16 14:39:52 [LOG] Reading 0x2432 = 0
2026-09-16 14:39:52 [LOG] Request sent, transaction 2037, function 0x03, 12 bytes
2026-09-16 14:39:52 [LOG] Response received, transaction 2037, function 0x03, 4 bytes PDU
2026-09-16 14:39:52 [LOG] Reading 0x2433 = 0
2026-09-16 14:39:52 [LOG] Request sent, transaction 2038, function 0x03, 12 bytes
2026-09-16 14:39:52 [LOG] Response received, transaction 2038, function 0x03, 4 bytes PDU
2026-09-16 14:39:52 [LOG] Reading 0x2434 = 0
2026-09-16 14:39:52 No connected clients to send
2026-09-16 14:40:12 [LOG] Request sent, transaction 2039, function 0x03, 12 bytes
2026-09-16 14:40:12 [LOG] Response received, transaction 2039, function 0x03, 4 bytes PDU
2026-09-16 14:40:12 [LOG] Reading 0x242c = 0
2026-09-16 14:40:12 [LOG] Request sent, transaction 2040, function 0x03, 12 bytes
2026-09-16 14:40:12 [LOG] Response received, transaction 2040, function 0x03, 4 bytes PDU
2026-09-16 14:40:12 [LOG] Reading 0x242d = 0
2026-09-16 14:40:12 [LOG] Request sent, transaction 2041, function 0x03, 12 bytes
2026-09-16 14:40:12 [LOG] Response received, transaction 2041, function 0x03, 4 bytes PDU
2026-09-16 14:40:12 [LOG] Reading 0x242e = 0
2026-09-16 14:40:12 [LOG] Request sent, transaction 2042, function 0x03, 12 bytes
2026-09-16 14:40:12 [LOG] Response received, transaction 2042, function 0x03, 4 bytes PDU
2026-09-16 14:40:12 [LOG] Reading 0x242f = 0
2026-09-16 14:40:12 [LOG] Request sent, transaction 2043, function 0x03, 12 bytes
2026-09-16 14:40:12 [LOG] Response received, transaction 2043, function 0x03, 4 bytes PDU
2026-09-16 14:40:12 [LOG] Reading 0x2430 = 0
2026-09-16 14:40:12 [LOG] Request sent, transaction 2044, function 0x03, 12 bytes
2026-09-16 14:40:12 [LOG] Response received, transaction 2044, function 0x03, 4 bytes PDU
2026-09-16 14:40:12 [LOG] Reading 0x2431 = 0
2026-09-16 14:40:12 [LOG] Request sent, transaction 2045, function 0x03, 12 bytes
2026-09-16 14:40:12 [LOG] Response received, transaction 2045, function 0x03, 4 bytes PDU
2026-09-16 14:40:12 [LOG] Reading 0x2432 = 0
2026-09-16 14:40:12 [LOG] Request sent, transaction 2046, function 0x03, 12 bytes
2026-09-16 14:40:12 [LOG] Response received, transaction 2046, function 0x03, 4 bytes PDU
2026-09-16 14:40:12 [LOG] Reading 0x2433 = 0
2026-09-16 14:40:12 [LOG] Request sent, transaction 2047, function 0x03, 12 bytes
2026-09-16 14:40:12 [LOG] Response received, transaction 2047, function 0x03, 4 bytes PDU
2026-09-16 14:40:12 [LOG] Reading 0x2434 = 0
2026-09-16 14:40:12 No connected clients to send
2026-09-16 14:40:32 [LOG] Request sent, transaction 2048, function 0x03, 12 bytes
2026-09-16 14:40:32 [LOG] Response received, transaction 2048, function 0x03, 4 bytes PDU
2026-09-16 14:40:32 [LOG] Reading 0x242c = 0
2026-09-16 14:40:32 [LOG] Request sent, transaction 2049, function 0x03, 12 bytes
2026-09-16 14:40:32 [LOG] Response received, transaction 2049, function 0x03, 4 bytes PDU
2026-09-16 14:40:32 [LOG] Reading 0x242d = 0
2026-09-16 14:40:32 [LOG] Request sent, transaction 2050, function 0x03, 12 bytes
2026-09-16 14:40:32 [LOG] Response received, transaction 2050, function 0x03, 4 bytes PDU
2026-09-16 14:40:32 [LOG] Reading 0x242e = 0
2026-09-16 14:40:32 [LOG] Request sent, transaction 2051, function 0x03, 12 bytes
2026-09-16 14:40:32 [LOG] Response received, transaction 2051, function 0x03, 4 bytes PDU
2026-09-16 14:40:32 [LOG] Reading 0x242f = 0
2026-09-16 14:40:32 [LOG] Request sent, transaction 2052, function 0x03, 12 bytes
2026-09-16 14:40:32 [LOG] Response received, transaction 2052, function 0x03, 4 bytes PDU
2026-09-16 14:40:32 [LOG] Reading 0x2430 = 0
2026-09-16 14:40:32 [LOG] Request sent, transaction 2053, function 0x03, 12 bytes
2026-09-16 14:40:32 [LOG] Response received, transaction 2053, function 0x03, 4 bytes PDU
2026-09-16 14:40:32 [LOG] Reading 0x2431 = 0
2026-09-16 14:40:32 [LOG] Request sent, transaction 2054, function 0x03, 12 bytes
2026-09-16 14:40:32 [LOG] Response received, transaction 2054, function 0x03, 4 bytes PDU
2026-09-16 14:40:32 [LOG] Reading 0x2432 = 0
2026-09-16 14:40:32 [LOG] Request sent, transaction 2055, function 0x03, 12 bytes
2026-09-16 14:40:32 [LOG] Response received, transaction 2055, function 0x03, 4 bytes PDU
2026-09-16 14:40:32 [LOG] Reading 0x2433 = 0
2026-09-16 14:40:32 [LOG] Request sent, transaction 2056, function 0x03, 12 bytes
2026-09-16 14:40:32 [LOG] Response received, transaction 2056, function 0x03, 4 bytes PDU
2026-09-16 14:40:32 [LOG] Reading 0x2434 = 0
2026-09-16 14:40:32 No connected clients to send
2026-09-16 14:40:52 [LOG] Request sent, transaction 2057, function 0x03, 12 bytes
2026-09-16 14:40:52 [LOG] Response received, transaction 2057, function 0x03, 4 bytes PDU
2026-09-16 14:40:52 [LOG] Reading 0x242c = 0
2026-09-16 14:40:52 [LOG] Request sent, transaction 2058, function 0x03, 12 bytes
2026-09-16 14:40:52 [LOG] Response received, transaction 2058, function 0x03, 4 bytes PDU
2026-09-16 14:40:52 [LOG] Reading 0x242d = 0
2026-09-16 14:40:52 [LOG] Request sent, transaction 2059, function 0x03, 12 bytes
2026-09-16 14:40:52 [LOG] Response received, transaction 2059, function 0x03, 4 bytes PDU
2026-09-16 14:40:52 [LOG] Reading 0x242e = 0
2026-09-16 14:40:52 [LOG] Request sent, transaction 2060, function 0x03, 12 bytes
2026-09-16 14:40:52 [LOG] Response received, transaction 2060, function 0x03, 4 bytes PDU
2026-09-16 14:40:52 [LOG] Reading 0x242f = 0
2026-09-16 14:40:52 [LOG] Request sent, transaction 2061, function 0x03, 12 bytes
2026-09-16 14:40:52 [LOG] Response received, transaction 2061, function 0x03, 4 bytes PDU
2026-09-16 14:40:52 [LOG] Reading 0x2430 = 0
2026-09-16 14:40:52 [LOG] Request sent, transaction 2062, function 0x03, 12 bytes
2026-09-16 14:40:52 [LOG] Response received, transaction 2062, function 0x03, 4 bytes PDU
2026-09-16 14:40:52 [LOG] Reading 0x2431 = 0
2026-09-16 14:40:52 [LOG] Request sent, transaction 2063, function 0x03, 12 bytes
2026-09-16 14:40:52 [LOG] Response received, transaction 2063, function 0x03, 4 bytes PDU
2026-09-16 14:40:52 [LOG] Reading 0x2432 = 0
2026-09-16 14:40:52 [LOG] Request sent, transaction 2064, function 0x03, 12 bytes
2026-09-16 14:40:52 [LOG] Response received, transaction 2064, function 0x03, 4 bytes PDU
2026-09-16 14:40:52 [LOG] Reading 0x2433 = 0
2026-09-16 14:40:52 [LOG] Request sent, transaction 2065, function 0x03, 12 bytes
2026-09-16 14:40:52 [LOG] Response received, transaction 2065, function 0x03, 4 bytes PDU
2026-09-16 14:40:52 [LOG] Reading 0x2434 = 0
2026-09-16 14:40:52 No connected clients to send
2026-09-16 14:41:12 [LOG] Request sent, transaction 2066, function 0x03, 12 bytes
2026-09-16 14:41:12 [LOG] Response received, transaction 2066, function 0x03, 4 bytes PDU
2026-09-16 14:41:12 [LOG] Reading 0x242c = 0
2026-09-16 14:41:12 [LOG] Request sent, transaction 2067, function 0x03, 12 bytes
2026-09-16 14:41:12 [LOG] Response received, transaction 2067, function 0x03, 4 bytes PDU
2026-09-16 14:41:12 [LOG] Reading 0x242d = 0
2026-09-16 14:41:12 [LOG] Request sent, transaction 2068, function 0x03, 12 bytes
2026-09-16 14:41:12 [LOG] Response received, transaction 2068, function 0x03, 4 bytes PDU
2026-09-16 14:41:12 [LOG] Reading 0x242e = 0
2026-09-16 14:41:12 [LOG] Request sent, transaction 2069, function 0x03, 12 bytes
2026-09-16 14:41:12 [LOG] Response received, transaction 2069, function 0x03, 4 bytes PDU
2026-09-16 14:41:12 [LOG] Reading 0x242f = 0
2026-09-16 14:41:12 [LOG] Request sent, transaction 2070, function 0x03, 12 bytes
2026-09-16 14:41:12 [LOG] Response received, transaction 2070, function 0x03, 4 bytes PDU
2026-09-16 14:41:12 [LOG] Reading 0x2430 = 0
2026-09-16 14:41:12 [LOG] Request sent, transaction 2071, function 0x03, 12 bytes
2026-09-16 14:41:12 [LOG] Response received, transaction 2071, function 0x03, 4 bytes PDU
2026-09-16 14:41:12 [LOG] Reading 0x2431 = 0
2026-09-16 14:41:12 [LOG] Request sent, transaction 2072, function 0x03, 12 bytes
2026-09-16 14:41:12 [LOG] Response received, transaction 2072, function 0x03, 4 bytes PDU
2026-09-16 14:41:12 [LOG] Reading 0x2432 = 0
2026-09-16 14:41:12 [LOG] Request sent, transaction 2073, function 0x03, 12 bytes
2026-09-16 14:41:12 [LOG] Response received, transaction 2073, function 0x03, 4 bytes PDU
2026-09-16 14:41:12 [LOG] Reading 0x2433 = 0
2026-09-16 14:41:12 [LOG] Request sent, transaction 2074, function 0x03, 12 bytes
2026-09-16 14:41:12 [LOG] Response received, transaction 2074, function 0x03, 4 bytes PDU
2026-09-16 14:41:12 [LOG] Reading 0x2434 = 0
2026-09-16 14:41:12 No connected clients to send
2026-09-16 14:41:32 [LOG] Request sent, transaction 2075, function 0x03, 12 bytes
2026-09-16 14:41:32 [LOG] Response received, transaction 2075, function 0x03, 4 bytes PDU
2026-09-16 14:41:32 [LOG] Reading 0x242c = 0
2026-09-16 14:41:32 [LOG] Request sent, transaction 2076, function 0x03, 12 bytes
2026-09-16 14:41:32 [LOG] Response received, transaction 2076, function 0x03, 4 bytes PDU
2026-09-16 14:41:32 [LOG] Reading 0x242d = 0
2026-09-16 14:41:32 [LOG] Request sent, transaction 2077, function 0x03, 12 bytes
2026-09-16 14:41:32 [LOG] Response received, transaction 2077, function 0x03, 4 bytes PDU
2026-09-16 14:41:32 [LOG] Reading 0x242e = 0
2026-09-16 14:41:32 [LOG] Request sent, transaction 2078, function 0x03, 12 bytes
2026-09-16 14:41:32 [LOG] Response received, transaction 2078, function 0x03, 4 bytes PDU
2026-09-16 14:41:32 [LOG] Reading 0x242f = 0
2026-09-16 14:41:32 [LOG] Request sent, transaction 2079, function 0x03, 12 bytes
2026-09-16 14:41:32 [LOG] Response received, transaction 2079, function 0x03, 4 bytes PDU
2026-09-16 14:41:32 [LOG] Reading 0x2430 = 0
2026-09-16 14:41:32 [LOG] Request sent, transaction 2080, function 0x03, 12 bytes
2026-09-16 14:41:32 [LOG] Response received, transaction 2080, function 0x03, 4 bytes PDU
2026-09-16 14:41:32 [LOG] Reading 0x2431 = 0
2026-09-16 14:41:32 [LOG] Request sent, transaction 2081, function 0x03, 12 bytes
2026-09-16 14:41:32 [LOG] Response received, transaction 2081, function 0x03, 4 bytes PDU
2026-09-16 14:41:32 [LOG] Reading 0x2432 = 0
2026-09-16 14:41:32 [LOG] Request sent, transaction 2082, function 0x03, 12 bytes
2026-09-16 14:41:32 [LOG] Response received, transaction 2082, function 0x03, 4 bytes PDU
2026-09-16 14:41:32 [LOG] Reading 0x2433 = 0
2026-09-16 14:41:32 [LOG] Request sent, transaction 2083, function 0x03, 12 bytes
2026-09-16 14:41:32 [LOG] Response received, transaction 2083, function 0x03, 4 bytes PDU
2026-09-16 14:41:32 [LOG] Reading 0x2434 = 0
2026-09-16 14:41:32 No connected clients to send
2026-09-16 14:41:52 [LOG] Request sent, transaction 2084, function 0x03, 12 bytes
2026-09-16 14:41:52 [LOG] Response received, transaction 2084, function 0x03, 4 bytes PDU
2026-09-16 14:41:52 [LOG] Reading 0x242c = 0
2026-09-16 14:41:52 [LOG] Request sent, transaction 2085, function 0x03, 12 bytes
2026-09-16 14:41:52 [LOG] Response received, transaction 2085, function 0x03, 4 bytes PDU
2026-09-16 14:41:52 [LOG] Reading 0x242d = 0
2026-09-16 14:41:52 [LOG] Request sent, transaction 2086, function 0x03, 12 bytes
2026-09-16 14:41:52 [LOG] Response received, transaction 2086, function 0x03, 4 bytes PDU
2026-09-16 14:41:52 [LOG] Reading 0x242e = 0
2026-09-16 14:41:52 [LOG] Request sent, transaction 2087, function 0x03, 12 bytes
2026-09-16 14:41:52 [LOG] Response received, transaction 2087, function 0x03, 4 bytes PDU
2026-09-16 14:41:52 [LOG] Reading 0x242f = 0
2026-09-16 14:41:52 [LOG] Request sent, transaction 2088, function 0x03, 12 bytes
2026-09-16 14:41:52 [LOG] Response received, transaction 2088, function 0x03, 4 bytes PDU
2026-09-16 14:41:52 [LOG] Reading 0x2430 = 0
2026-09-16 14:41:52 [LOG] Request sent, transaction 2089, function 0x03, 12 bytes
2026-09-16 14:41:52 [LOG] Response received, transaction 2089, function 0x03, 4 bytes PDU
2026-09-16 14:41:52 [LOG] Reading 0x2431 = 0
2026-09-16 14:41:52 [LOG] Request sent, transaction 2090, function 0x03, 12 bytes
2026-09-16 14:41:52 [LOG] Response received, transaction 2090, function 0x03, 4 bytes PDU
2026-09-16 14:41:52 [LOG] Reading 0x2432 = 0
2026-09-16 14:41:52 [LOG] Request sent, transaction 2091, function 0x03, 12 bytes
2026-09-16 14:41:52 [LOG] Response received, transaction 2091, function 0x03, 4 bytes PDU
2026-09-16 14:41:52 [LOG] Reading 0x2433 = 0
2026-09-16 14:41:52 [LOG] Request sent, transaction 2092, function 0x03, 12 bytes
2026-09-16 14:41:52 [LOG] Response received, transaction 2092, function 0x03, 4 bytes PDU
2026-09-16 14:41:52 [LOG] Reading 0x2434 = 0
2026-09-16 14:41:52 No connected clients to send
2026-09-16 14:42:12 [LOG] Request sent, transaction 2093, function 0x03, 12 bytes
2026-09-16 14:42:12 [LOG] Response received, transaction 2093, function 0x03, 4 bytes PDU
2026-09-16 14:42:12 [LOG] Reading 0x242c = 0
2026-09-16 14:42:12 [LOG] Request sent, transaction 2094, function 0x03, 12 bytes
2026-09-16 14:42:12 [LOG] Response received, transaction 2094, function 0x03, 4 bytes PDU
2026-09-16 14:42:12 [LOG] Reading 0x242d = 0
2026-09-16 14:42:12 [LOG] Request sent, transaction 2095, function 0x03, 12 bytes
2026-09-16 14:42:12 [LOG] Response received, transaction 2095, function 0x03, 4 bytes PDU
2026-09-16 14:42:12 [LOG] Reading 0x242e = 0
2026-09-16 14:42:12 [LOG] Request sent, transaction 2096, function 0x03, 12 bytes
2026-09-16 14:42:12 [LOG] Response received, transaction 2096, function 0x03, 4 bytes PDU
2026-09-16 14:42:12 [LOG] Reading 0x242f = 0
2026-09-16 14:42:12 [LOG] Request sent, transaction 2097, function 0x03, 12 bytes
2026-09-16 14:42:12 [LOG] Response received, transaction 2097, function 0x03, 4 bytes PDU
2026-09-16 14:42:12 [LOG] Reading 0x2430 = 0
2026-09-16 14:42:12 [LOG] Request sent, transaction 2098, function 0x03, 12 bytes
2026-09-16 14:42:12 [LOG] Response received, transaction 2098, function 0x03, 4 bytes PDU
2026-09-16 14:42:12 [LOG] Reading 0x2431 = 0
2026-09-16 14:42:12 [LOG] Request sent, transaction 2099, function 0x03, 12 bytes
2026-09-16 14:42:12 [LOG] Response received, transaction 2099, function 0x03, 4 bytes PDU
2026-09-16 14:42:12 [LOG] Reading 0x2432 = 0
2026-09-16 14:42:12 [LOG] Request sent, transaction 2100, function 0x03, 12 bytes
2026-09-16 14:42:12 [LOG] Response received, transaction 2100, function 0x03, 4 bytes PDU
2026-09-16 14:42:12 [LOG] Reading 0x2433 = 0
2026-09-16 14:42:12 [LOG] Request sent, transaction 2101, function 0x03, 12 bytes
2026-09-16 14:42:12 [LOG] Response received, transaction 2101, function 0x03, 4 bytes PDU
2026-09-16 14:42:12 [LOG] Reading 0x2434 = 0
2026-09-16 14:42:12 No connected clients to send
2026-09-16 14:42:32 [LOG] Request sent, transaction 2102, function 0x03, 12 bytes
2026-09-16 14:42:32 [LOG] Response received, transaction 2102, function 0x03, 4 bytes PDU
2026-09-16 14:42:32 [LOG] Reading 0x242c = 0
2026-09-16 14:42:32 [LOG] Request sent, transaction 2103, function 0x03, 12 bytes
2026-09-16 14:42:32 [LOG] Response received, transaction 2103, function 0x03, 4 bytes PDU
2026-09-16 14:42:32 [LOG] Reading 0x242d = 0
2026-09-16 14:42:32 [LOG] Request sent, transaction 2104, function 0x03, 12 bytes
2026-09-16 14:42:32 [LOG] Response received, transaction 2104, function 0x03, 4 bytes PDU
2026-09-16 14:42:32 [LOG] Reading 0x242e = 0
2026-09-16 14:42:32 [LOG] Request sent, transaction 2105, function 0x03, 12 bytes
2026-09-16 14:42:32 [LOG] Response received, transaction 2105, function 0x03, 4 bytes PDU
2026-09-16 14:42:32 [LOG] Reading 0x242f = 0
2026-09-16 14:42:32 [LOG] Request sent, transaction 2106, function 0x03, 12 bytes
2026-09-16 14:42:32 [LOG] Response received, transaction 2106, function 0x03, 4 bytes PDU
2026-09-16 14:42:32 [LOG] Reading 0x2430 = 0
2026-09-16 14:42:32 [LOG] Request sent, transaction 2107, function 0x03, 12 bytes
2026-09-16 14:42:32 [LOG] Response received, transaction 2107, function 0x03, 4 bytes PDU
2026-09-16 14:42:32 [LOG] Reading 0x2431 = 0
2026-09-16 14:42:32 [LOG] Request sent, transaction 2108, function 0x03, 12 bytes
2026-09-16 14:42:32 [LOG] Response received, transaction 2108, function 0x03, 4 bytes PDU
2026-09-16 14:42:32 [LOG] Reading 0x2432 = 0
2026-09-16 14:42:32 [LOG] Request sent, transaction 2109, function 0x03, 12 bytes
2026-09-16 14:42:32 [LOG] Response received, transaction 2109, function 0x03, 4 bytes PDU
2026-09-16 14:42:32 [LOG] Reading 0x2433 = 0
2026-09-16 14:42:32 [LOG] Request sent, transaction 2110, function 0x03, 12 bytes
2026-09-16 14:42:32 [LOG] Response received, transaction 2110, function 0x03, 4 bytes PDU
2026-09-16 14:42:32 [LOG] Reading 0x2434 = 0
2026-09-16 14:42:32 No connected clients to send
2026-09-16 14:42:52 [LOG] Request sent, transaction 2111, function 0x03, 12 bytes
2026-09-16 14:42:52 [LOG] Response received, transaction 2111, function 0x03, 4 bytes PDU
2026-09-16 14:42:52 [LOG] Reading 0x242c = 0
2026-09-16 14:42:52 [LOG] Request sent, transaction 2112, function 0x03, 12 bytes
2026-09-16 14:42:52 [LOG] Response received, transaction 2112, function 0x03, 4 bytes PDU
2026-09-16 14:42:52 [LOG] Reading 0x242d = 0
2026-09-16 14:42:52 [LOG] Request sent, transaction 2113, function 0x03, 12 bytes
2026-09-16 14:42:52 [LOG] Response received, transaction 2113, function 0x03, 4 bytes PDU
2026-09-16 14:42:52 [LOG] Reading 0x242e = 0
2026-09-16 14:42:52 [LOG] Request sent, transaction 2114, function 0x03, 12 bytes
2026-09-16 14:42:52 [LOG] Response received, transaction 2114, function 0x03, 4 bytes PDU
2026-09-16 14:42:52 [LOG] Reading 0x242f = 0
2026-09-16 14:42:52 [LOG] Request sent, transaction 2115, function 0x03, 12 bytes
2026-09-16 14:42:52 [LOG] Response received, transaction 2115, function 0x03, 4 bytes PDU
2026-09-16 14:42:52 [LOG] Reading 0x2430 = 0
2026-09-16 14:42:52 [LOG] Request sent, transaction 2116, function 0x03, 12 bytes
2026-09-16 14:42:52 [LOG] Response received, transaction 2116, function 0x03, 4 bytes PDU
2026-09-16 14:42:52 [LOG] Reading 0x2431 = 0
2026-09-16 14:42:52 [LOG] Request sent, transaction 2117, function 0x03, 12 bytes
2026-09-16 14:42:52 [LOG] Response received, transaction 2117, function 0x03, 4 bytes PDU
2026-09-16 14:42:52 [LOG] Reading 0x2432 = 0
2026-09-16 14:42:52 [LOG] Request sent, transaction 2118, function 0x03, 12 bytes
2026-09-16 14:42:52 [LOG] Response received, transaction 2118, function 0x03, 4 bytes PDU
2026-09-16 14:42:52 [LOG] Reading 0x2433 = 0
2026-09-16 14:42:52 [LOG] Request sent, transaction 2119, function 0x03, 12 bytes
2026-09-16 14:42:52 [LOG] Response received, transaction 2119, function 0x03, 4 bytes PDU
2026-09-16 14:42:52 [LOG] Reading 0x2434 = 0
2026-09-16 14:42:52 No connected clients to send
2026-09-16 14:43:12 [LOG] Request sent, transaction 2120, function 0x03, 12 bytes
2026-09-16 14:43:12 [LOG] Response received, transaction 2120, function 0x03, 4 bytes PDU
2026-09-16 14:43:12 [LOG] Reading 0x242c = 0
2026-09-16 14:43:12 [LOG] Request sent, transaction 2121, function 0x03, 12 bytes
2026-09-16 14:43:12 [LOG] Response received, transaction 2121, function 0x03, 4 bytes PDU
2026-09-16 14:43:12 [LOG] Reading 0x242d = 0
2026-09-16 14:43:12 [LOG] Request sent, transaction 2122, function 0x03, 12 bytes
2026-09-16 14:43:12 [LOG] Response received, transaction 2122, function 0x03, 4 bytes PDU
2026-09-16 14:43:12 [LOG] Reading 0x242e = 0
2026-09-16 14:43:12 [LOG] Request sent, transaction 2123, function 0x03, 12 bytes
2026-09-16 14:43:12 [LOG] Response received, transaction 2123, function 0x03, 4 bytes PDU
2026-09-16 14:43:12 [LOG] Reading 0x242f = 0
2026-09-16 14:43:12 [LOG] Request sent, transaction 2124, function 0x03, 12 bytes
2026-09-16 14:43:12 [LOG] Response received, transaction 2124, function 0x03, 4 bytes PDU
2026-09-16 14:43:12 [LOG] Reading 0x2430 = 0
2026-09-16 14:43:12 [LOG] Request sent, transaction 2125, function 0x03, 12 bytes
2026-09-16 14:43:12 [LOG] Response received, transaction 2125, function 0x03, 4 bytes PDU
2026-09-16 14:43:12 [LOG] Reading 0x2431 = 0
2026-09-16 14:43:12 [LOG] Request sent, transaction 2126, function 0x03, 12 bytes
2026-09-16 14:43:12 [LOG] Response received, transaction 2126, function 0x03, 4 bytes PDU
2026-09-16 14:43:12 [LOG] Reading 0x2432 = 0
2026-09-16 14:43:12 [LOG] Request sent, transaction 2127, function 0x03, 12 bytes
2026-09-16 14:43:12 [LOG] Response received, transaction 2127, function 0x03, 4 bytes PDU
2026-09-16 14:43:12 [LOG] Reading 0x2433 = 0
2026-09-16 14:43:12 [LOG] Request sent, transaction 2128, function 0x03, 12 bytes
2026-09-16 14:43:12 [LOG] Response received, transaction 2128, function 0x03, 4 bytes PDU
2026-09-16 14:43:12 [LOG] Reading 0x2434 = 0
2026-09-16 14:43:12 No connected clients to send
2026-09-16 14:43:32 [LOG] Request sent, transaction 2129, function 0x03, 12 bytes
2026-09-16 14:43:32 [LOG] Response received, transaction 2129, function 0x03, 4 bytes PDU
2026-09-16 14:43:32 [LOG] Reading 0x242c = 0
2026-09-16 14:43:32 [LOG] Request sent, transaction 2130, function 0x03, 12 bytes
2026-09-16 14:43:32 [LOG] Response received, transaction 2130, function 0x03, 4 bytes PDU
2026-09-16 14:43:32 [LOG] Reading 0x242d = 0
2026-09-16 14:43:32 [LOG] Request sent, transaction 2131, function 0x03, 12 bytes
2026-09-16 14:43:32 [LOG] Response received, transaction 2131, function 0x03, 4 bytes PDU
2026-09-16 14:43:32 [LOG] Reading 0x242e = 0
2026-09-16 14:43:32 [LOG] Request sent, transaction 2132, function 0x03, 12 bytes
2026-09-16 14:43:32 [LOG] Response received, transaction 2132, function 0x03, 4 bytes PDU
2026-09-16 14:43:32 [LOG] Reading 0x242f = 0
2026-09-16 14:43:32 [LOG] Request sent, transaction 2133, function 0x03, 12 bytes
2026-09-16 14:43:32 [LOG] Response received, transaction 2133, function 0x03, 4 bytes PDU
2026-09-16 14:43:32 [LOG] Reading 0x2430 = 0
2026-09-16 14:43:32 [LOG] Request sent, transaction 2134, function 0x03, 12 bytes
2026-09-16 14:43:32 [LOG] Response received, transaction 2134, function 0x03, 4 bytes PDU
2026-09-16 14:43:32 [LOG] Reading 0x2431 = 0
2026-09-16 14:43:32 [LOG] Request sent, transaction 2135, function 0x03, 12 bytes
2026-09-16 14:43:32 [LOG] Response received, transaction 2135, function 0x03, 4 bytes PDU
2026-09-16 14:43:32 [LOG] Reading 0x2432 = 0
2026-09-16 14:43:32 [LOG] Request sent, transaction 2136, function 0x03, 12 bytes
2026-09-16 14:43:32 [LOG] Response received, transaction 2136, function 0x03, 4 bytes PDU
2026-09-16 14:43:32 [LOG] Reading 0x2433 = 0
2026-09-16 14:43:32 [LOG] Request sent, transaction 2137, function 0x03, 12 bytes
2026-09-16 14:43:32 [LOG] Response received, transaction 2137, function 0x03, 4 bytes PDU
2026-09-16 14:43:32 [LOG] Reading 0x2434 = 0
2026-09-16 14:43:32 No connected clients to send
2026-09-16 14:43:52 [LOG] Request sent, transaction 2138, function 0x03, 12 bytes
2026-09-16 14:43:52 [LOG] Response received, transaction 2138, function 0x03, 4 bytes PDU
2026-09-16 14:43:52 [LOG] Reading 0x242c = 0
2026-09-16 14:43:52 [LOG] Request sent, transaction 2139, function 0x03, 12 bytes
2026-09-16 14:43:52 [LOG] Response received, transaction 2139, function 0x03, 4 bytes PDU
2026-09-16 14:43:52 [LOG] Reading 0x242d = 0
2026-09-16 14:43:52 [LOG] Request sent, transaction 2140, function 0x03, 12 bytes
2026-09-16 14:43:52 [LOG] Response received, transaction 2140, function 0x03, 4 bytes PDU
2026-09-16 14:43:52 [LOG] Reading 0x242e = 0
2026-09-16 14:43:52 [LOG] Request sent, transaction 2141, function 0x03, 12 bytes
2026-09-16 14:43:52 [LOG] Response received, transaction 2141, function 0x03, 4 bytes PDU
2026-09-16 14:43:52 [LOG] Reading 0x242f = 0
2026-09-16 14:43:52 [LOG] Request sent, transaction 2142, function 0x03, 12 bytes
2026-09-16 14:43:52 [LOG] Response received, transaction 2142, function 0x03, 4 bytes PDU
2026-09-16 14:43:52 [LOG] Reading 0x2430 = 0
2026-09-16 14:43:52 [LOG] Request sent, transaction 2143, function 0x03, 12 bytes
2026-09-16 14:43:52 [LOG] Response received, transaction 2143, function 0x03, 4 bytes PDU
2026-09-16 14:43:52 [LOG] Reading 0x2431 = 0
2026-09-16 14:43:52 [LOG] Request sent, transaction 2144, function 0x03, 12 bytes
2026-09-16 14:43:52 [LOG] Response received, transaction 2144, function 0x03, 4 bytes PDU
2026-09-16 14:43:52 [LOG] Reading 0x2432 = 0
2026-09-16 14:43:52 [LOG] Request sent, transaction 2145, function 0x03, 12 bytes
2026-09-16 14:43:52 [LOG] Response received, transaction 2145, function 0x03, 4 bytes PDU
2026-09-16 14:43:52 [LOG] Reading 0x2433 = 0
2026-09-16 14:43:52 [LOG] Request sent, transaction 2146, function 0x03, 12 bytes
2026-09-16 14:43:52 [LOG] Response received, transaction 2146, function 0x03, 4 bytes PDU
2026-09-16 14:43:52 [LOG] Reading 0x2434 = 0
2026-09-16 14:43:52 No connected clients to send
2026-09-16 14:44:12 [LOG] Request sent, transaction 2147, function 0x03, 12 bytes
2026-09-16 14:44:12 [LOG] Response received, transaction 2147, function 0x03, 4 bytes PDU
2026-09-16 14:44:12 [LOG] Reading 0x242c = 0
2026-09-16 14:44:12 [LOG] Request sent, transaction 2148, function 0x03, 12 bytes
2026-09-16 14:44:12 [LOG] Response received, transaction 2148, function 0x03, 4 bytes PDU
2026-09-16 14:44:12 [LOG] Reading 0x242d = 0
2026-09-16 14:44:12 [LOG] Request sent, transaction 2149, function 0x03, 12 bytes
2026-09-16 14:44:12 [LOG] Response received, transaction 2149, function 0x03, 4 bytes PDU
2026-09-16 14:44:12 [LOG] Reading 0x242e = 0
2026-09-16 14:44:12 [LOG] Request sent, transaction 2150, function 0x03, 12 bytes
2026-09-16 14:44:12 [LOG] Response received, transaction 2150, function 0x03, 4 bytes PDU
2026-09-16 14:44:12 [LOG] Reading 0x242f = 0
2026-09-16 14:44:12 [LOG] Request sent, transaction 2151, function 0x03, 12 bytes
2026-09-16 14:44:12 [LOG] Response received, transaction 2151, function 0x03, 4 bytes PDU
2026-09-16 14:44:12 [LOG] Reading 0x2430 = 0
2026-09-16 14:44:12 [LOG] Request sent, transaction 2152, function 0x03, 12 bytes
2026-09-16 14:44:12 [LOG] Response received, transaction 2152, function 0x03, 4 bytes PDU
2026-09-16 14:44:12 [LOG] Reading 0x2431 = 0
2026-09-16 14:44:12 [LOG] Request sent, transaction 2153, function 0x03, 12 bytes
2026-09-16 14:44:12 [LOG] Response received, transaction 2153, function 0x03, 4 bytes PDU
2026-09-16 14:44:12 [LOG] Reading 0x2432 = 0
2026-09-16 14:44:12 [LOG] Request sent, transaction 2154, function 0x03, 12 bytes
2026-09-16 14:44:12 [LOG] Response received, transaction 2154, function 0x03, 4 bytes PDU
2026-09-16 14:44:12 [LOG] Reading 0x2433 = 0
2026-09-16 14:44:12 [LOG] Request sent, transaction 2155, function 0x03, 12 bytes
2026-09-16 14:44:12 [LOG] Response received, transaction 2155, function 0x03, 4 bytes PDU
2026-09-16 14:44:12 [LOG] Reading 0x2434 = 0
2026-09-16 14:44:12 No connected clients to send
2026-09-16 14:44:32 [LOG] Request sent, transaction 2156, function 0x03, 12 bytes
2026-09-16 14:44:32 [LOG] Response received, transaction 2156, function 0x03, 4 bytes PDU
2026-09-16 14:44:32 [LOG] Reading 0x242c = 0
2026-09-16 14:44:32 [LOG] Request sent, transaction 2157, function 0x03, 12 bytes
2026-09-16 14:44:32 [LOG] Response received, transaction 2157, function 0x03, 4 bytes PDU
2026-09-16 14:44:32 [LOG] Reading 0x242d = 0
2026-09-16 14:44:32 [LOG] Request sent, transaction 2158, function 0x03, 12 bytes
2026-09-16 14:44:32 [LOG] Response received, transaction 2158, function 0x03, 4 bytes PDU
2026-09-16 14:44:32 [LOG] Reading 0x242e = 0
2026-09-16 14:44:32 [LOG] Request sent, transaction 2159, function 0x03, 12 bytes
2026-09-16 14:44:32 [LOG] Response received, transaction 2159, function 0x03, 4 bytes PDU
2026-09-16 14:44:32 [LOG] Reading 0x242f = 0
2026-09-16 14:44:32 [LOG] Request sent, transaction 2160, function 0x03, 12 bytes
2026-09-16 14:44:32 [LOG] Response received, transaction 2160, function 0x03, 4 bytes PDU
2026-09-16 14:44:32 [LOG] Reading 0x2430 = 0
2026-09-16 14:44:32 [LOG] Request sent, transaction 2161, function 0x03, 12 bytes
2026-09-16 14:44:32 [LOG] Response received, transaction 2161, function 0x03, 4 bytes PDU
2026-09-16 14:44:32 [LOG] Reading 0x2431 = 0
2026-09-16 14:44:32 [LOG] Request sent, transaction 2162, function 0x03, 12 bytes
2026-09-16 14:44:32 [LOG] Response received, transaction 2162, function 0x03, 4 bytes PDU
2026-09-16 14:44:32 [LOG] Reading 0x2432 = 0
2026-09-16 14:44:32 [LOG] Request sent, transaction 2163, function 0x03, 12 bytes
2026-09-16 14:44:32 [LOG] Response received, transaction 2163, function 0x03, 4 bytes PDU
2026-09-16 14:44:32 [LOG] Reading 0x2433 = 0
2026-09-16 14:44:32 [LOG] Request sent, transaction 2164, function 0x03, 12 bytes
2026-09-16 14:44:32 [LOG] Response received, transaction 2164, function 0x03, 4 bytes PDU
2026-09-16 14:44:32 [LOG] Reading 0x2434 = 0
2026-09-16 14:44:32 No connected clients to send
2026-09-16 14:44:52 [LOG] Request sent, transaction 2165, function 0x03, 12 bytes
2026-09-16 14:44:52 [LOG] Response received, transaction 2165, function 0x03, 4 bytes PDU
2026-09-16 14:44:52 [LOG] Reading 0x242c = 0
2026-09-16 14:44:52 [LOG] Request sent, transaction 2166, function 0x03, 12 bytes
2026-09-16 14:44:52 [LOG] Response received, transaction 2166, function 0x03, 4 bytes PDU
2026-09-16 14:44:52 [LOG] Reading 0x242d = 0
2026-09-16 14:44:52 [LOG] Request sent, transaction 2167, function 0x03, 12 bytes
2026-09-16 14:44:52 [LOG] Response received, transaction 2167, function 0x03, 4 bytes PDU
2026-09-16 14:44:52 [LOG] Reading 0x242e = 0
2026-09-16 14:44:52 [LOG] Request sent, transaction 2168, function 0x03, 12 bytes
2026-09-16 14:44:52 [LOG] Response received, transaction 2168, function 0x03, 4 bytes PDU
2026-09-16 14:44:52 [LOG] Reading 0x242f = 0
2026-09-16 14:44:52 [LOG] Request sent, transaction 2169, function 0x03, 12 bytes
2026-09-16 14:44:52 [LOG] Response received, transaction 2169, function 0x03, 4 bytes PDU
2026-09-16 14:44:52 [LOG] Reading 0x2430 = 0
2026-09-16 14:44:52 [LOG] Request sent, transaction 2170, function 0x03, 12 bytes
2026-09-16 14:44:52 [LOG] Response received, transaction 2170, function 0x03, 4 bytes PDU
2026-09-16 14:44:52 [LOG] Reading 0x2431 = 0
2026-09-16 14:44:52 [LOG] Request sent, transaction 2171, function 0x03, 12 bytes
2026-09-16 14:44:52 [LOG] Response received, transaction 2171, function 0x03, 4 bytes PDU
2026-09-16 14:44:52 [LOG] Reading 0x2432 = 0
2026-09-16 14:44:52 [LOG] Request sent, transaction 2172, function 0x03, 12 bytes
2026-09-16 14:44:52 [LOG] Response received, transaction 2172, function 0x03, 4 bytes PDU
2026-09-16 14:44:52 [LOG] Reading 0x2433 = 0
2026-09-16 14:44:52 [LOG] Request sent, transaction 2173, function 0x03, 12 bytes
2026-09-16 14:44:52 [LOG] Response received, transaction 2173, function 0x03, 4 bytes PDU
2026-09-16 14:44:52 [LOG] Reading 0x2434 = 0
2026-09-16 14:44:52 No connected clients to send
2026-09-16 14:45:12 [LOG] Request sent, transaction 2174, function 0x03, 12 bytes
2026-09-16 14:45:12 [LOG] Response received, transaction 2174, function 0x03, 4 bytes PDU
2026-09-16 14:45:12 [LOG] Reading 0x242c = 0
2026-09-16 14:45:12 [LOG] Request sent, transaction 2175, function 0x03, 12 bytes
2026-09-16 14:45:12 [LOG] Response received, transaction 2175, function 0x03, 4 bytes PDU
2026-09-16 14:45:12 [LOG] Reading 0x242d = 0
2026-09-16 14:45:12 [LOG] Request sent, transaction 2176, function 0x03, 12 bytes
2026-09-16 14:45:12 [LOG] Response received, transaction 2176, function 0x03, 4 bytes PDU
2026-09-16 14:45:12 [LOG] Reading 0x242e = 0
2026-09-16 14:45:12 [LOG] Request sent, transaction 2177, function 0x03, 12 bytes
2026-09-16 14:45:12 [LOG] Response received, transaction 2177, function 0x03, 4 bytes PDU
2026-09-16 14:45:12 [LOG] Reading 0x242f = 0
2026-09-16 14:45:12 [LOG] Request sent, transaction 2178, function 0x03, 12 bytes
2026-09-16 14:45:12 [LOG] Response received, transaction 2178, function 0x03, 4 bytes PDU
2026-09-16 14:45:12 [LOG] Reading 0x2430 = 0
2026-09-16 14:45:12 [LOG] Request sent, transaction 2179, function 0x03, 12 bytes
2026-09-16 14:45:12 [LOG] Response received, transaction 2179, function 0x03, 4 bytes PDU
2026-09-16 14:45:12 [LOG] Reading 0x2431 = 0
2026-09-16 14:45:12 [LOG] Request sent, transaction 2180, function 0x03, 12 bytes
2026-09-16 14:45:12 [LOG] Response received, transaction 2180, function 0x03, 4 bytes PDU
2026-09-16 14:45:12 [LOG] Reading 0x2432 = 0
2026-09-16 14:45:12 [LOG] Request sent, transaction 2181, function 0x03, 12 bytes
2026-09-16 14:45:12 [LOG] Response received, transaction 2181, function 0x03, 4 bytes PDU
2026-09-16 14:45:12 [LOG] Reading 0x2433 = 0
2026-09-16 14:45:12 [LOG] Request sent, transaction 2182, function 0x03, 12 bytes
2026-09-16 14:45:12 [LOG] Response received, transaction 2182, function 0x03, 4 bytes PDU
2026-09-16 14:45:12 [LOG] Reading 0x2434 = 0
2026-09-16 14:45:12 No connected clients to send
2026-09-16 14:45:32 [LOG] Request sent, transaction 2183, function 0x03, 12 bytes
2026-09-16 14:45:32 [LOG] Response received, transaction 2183, function 0x03, 4 bytes PDU
2026-09-16 14:45:32 [LOG] Reading 0x242c = 0
2026-09-16 14:45:32 [LOG] Request sent, transaction 2184, function 0x03, 12 bytes
2026-09-16 14:45:32 [LOG] Response received, transaction 2184, function 0x03, 4 bytes PDU
2026-09-16 14:45:32 [LOG] Reading 0x242d = 0
2026-09-16 14:45:32 [LOG] Request sent, transaction 2185, function 0x03, 12 bytes
2026-09-16 14:45:32 [LOG] Response received, transaction 2185, function 0x03, 4 bytes PDU
2026-09-16 14:45:32 [LOG] Reading 0x242e = 0
2026-09-16 14:45:32 [LOG] Request sent, transaction 2186, function 0x03, 12 bytes
2026-09-16 14:45:32 [LOG] Response received, transaction 2186, function 0x03, 4 bytes PDU
2026-09-16 14:45:32 [LOG] Reading 0x242f = 0
2026-09-16 14:45:32 [LOG] Request sent, transaction 2187, function 0x03, 12 bytes
2026-09-16 14:45:32 [LOG] Response received, transaction 2187, function 0x03, 4 bytes PDU
2026-09-16 14:45:32 [LOG] Reading 0x2430 = 0
2026-09-16 14:45:32 [LOG] Request sent, transaction 2188, function 0x03, 12 bytes
2026-09-16 14:45:32 [LOG] Response received, transaction 2188, function 0x03, 4 bytes PDU
2026-09-16 14:45:32 [LOG] Reading 0x2431 = 0
2026-09-16 14:45:32 [LOG] Request sent, transaction 2189, function 0x03, 12 bytes
2026-09-16 14:45:32 [LOG] Response received, transaction 2189, function 0x03, 4 bytes PDU
2026-09-16 14:45:32 [LOG] Reading 0x2432 = 0
2026-09-16 14:45:32 [LOG] Request sent, transaction 2190, function 0x03, 12 bytes
2026-09-16 14:45:32 [LOG] Response received, transaction 2190, function 0x03, 4 bytes PDU
2026-09-16 14:45:32 [LOG] Reading 0x2433 = 0
2026-09-16 14:45:32 [LOG] Request sent, transaction 2191, function 0x03, 12 bytes
2026-09-16 14:45:32 [LOG] Response received, transaction 2191, function 0x03, 4 bytes PDU
2026-09-16 14:45:32 [LOG] Reading 0x2434 = 0
2026-09-16 14:45:32 No connected clients to send
2026-09-16 14:45:52 [LOG] Request sent, transaction 2192, function 0x03, 12 bytes
2026-09-16 14:45:52 [LOG] Response received, transaction 2192, function 0x03, 4 bytes PDU
2026-09-16 14:45:52 [LOG] Reading 0x242c = 0
2026-09-16 14:45:52 [LOG] Request sent, transaction 2193, function 0x03, 12 bytes
2026-09-16 14:45:52 [LOG] Response received, transaction 2193, function 0x03, 4 bytes PDU
2026-09-16 14:45:52 [LOG] Reading 0x242d = 0
2026-09-16 14:45:52 [LOG] Request sent, transaction 2194, function 0x03, 12 bytes
2026-09-16 14:45:52 [LOG] Response received, transaction 2194, function 0x03, 4 bytes PDU
2026-09-16 14:45:52 [LOG] Reading 0x242e = 0
2026-09-16 14:45:52 [LOG] Request sent, transaction 2195, function 0x03, 12 bytes
2026-09-16 14:45:52 [LOG] Response received, transaction 2195, function 0x03, 4 bytes PDU
2026-09-16 14:45:52 [LOG] Reading 0x242f = 0
2026-09-16 14:45:52 [LOG] Request sent, transaction 2196, function 0x03, 12 bytes
2026-09-16 14:45:52 [LOG] Response received, transaction 2196, function 0x03, 4 bytes PDU
2026-09-16 14:45:52 [LOG] Reading 0x2430 = 0
2026-09-16 14:45:52 [LOG] Request sent, transaction 2197, function 0x03, 12 bytes
2026-09-16 14:45:52 [LOG] Response received, transaction 2197, function 0x03, 4 bytes PDU
2026-09-16 14:45:52 [LOG] Reading 0x2431 = 0
2026-09-16 14:45:52 [LOG] Request sent, transaction 2198, function 0x03, 12 bytes
2026-09-16 14:45:52 [LOG] Response received, transaction 2198, function 0x03, 4 bytes PDU
2026-09-16 14:45:52 [LOG] Reading 0x2432 = 0
2026-09-16 14:45:52 [LOG] Request sent, transaction 2199, function 0x03, 12 bytes
2026-09-16 14:45:52 [LOG] Response received, transaction 2199, function 0x03, 4 bytes PDU
2026-09-16 14:45:52 [LOG] Reading 0x2433 = 0
2026-09-16 14:45:52 [LOG] Request sent, transaction 2200, function 0x03, 12 bytes
2026-09-16 14:45:52 [LOG] Response received, transaction 2200, function 0x03, 4 bytes PDU
2026-09-16 14:45:52 [LOG] Reading 0x2434 = 0
2026-09-16 14:45:52 No connected clients to send
2026-09-16 14:46:12 [LOG] Request sent, transaction 2201, function 0x03, 12 bytes
2026-09-16 14:46:12 [LOG] Response received, transaction 2201, function 0x03, 4 bytes PDU
2026-09-16 14:46:12 [LOG] Reading 0x242c = 0
2026-09-16 14:46:12 [LOG] Request sent, transaction 2202, function 0x03, 12 bytes
2026-09-16 14:46:12 [LOG] Response received, transaction 2202, function 0x03, 4 bytes PDU
2026-09-16 14:46:12 [LOG] Reading 0x242d = 0
2026-09-16 14:46:12 [LOG] Request sent, transaction 2203, function 0x03, 12 bytes
2026-09-16 14:46:12 [LOG] Response received, transaction 2203, function 0x03, 4 bytes PDU
2026-09-16 14:46:12 [LOG] Reading 0x242e = 0
2026-09-16 14:46:12 [LOG] Request sent, transaction 2204, function 0x03, 12 bytes
2026-09-16 14:46:12 [LOG] Response received, transaction 2204, function 0x03, 4 bytes PDU
2026-09-16 14:46:12 [LOG] Reading 0x242f = 0
2026-09-16 14:46:12 [LOG] Request sent, transaction 2205, function 0x03, 12 bytes
2026-09-16 14:46:12 [LOG] Response received, transaction 2205, function 0x03, 4 bytes PDU
2026-09-16 14:46:12 [LOG] Reading 0x2430 = 0
2026-09-16 14:46:12 [LOG] Request sent, transaction 2206, function 0x03, 12 bytes
2026-09-16 14:46:12 [LOG] Response received, transaction 2206, function 0x03, 4 bytes PDU
2026-09-16 14:46:12 [LOG] Reading 0x2431 = 0
2026-09-16 14:46:12 [LOG] Request sent, transaction 2207, function 0x03, 12 bytes
2026-09-16 14:46:12 [LOG] Response received, transaction 2207, function 0x03, 4 bytes PDU
2026-09-16 14:46:12 [LOG] Reading 0x2432 = 0
2026-09-16 14:46:12 [LOG] Request sent, transaction 2208, function 0x03, 12 bytes
2026-09-16 14:46:12 [LOG] Response received, transaction 2208, function 0x03, 4 bytes PDU
2026-09-16 14:46:12 [LOG] Reading 0x2433 = 0
2026-09-16 14:46:12 [LOG] Request sent, transaction 2209, function 0x03, 12 bytes
2026-09-16 14:46:12 [LOG] Response received, transaction 2209, function 0x03, 4 bytes PDU
2026-09-16 14:46:12 [LOG] Reading 0x2434 = 0
2026-09-16 14:46:12 No connected clients to send
2026-09-16 14:46:32 [LOG] Request sent, transaction 2210, function 0x03, 12 bytes
2026-09-16 14:46:32 [LOG] Response received, transaction 2210, function 0x03, 4 bytes PDU
2026-09-16 14:46:32 [LOG] Reading 0x242c = 0
2026-09-16 14:46:32 [LOG] Request sent, transaction 2211, function 0x03, 12 bytes
2026-09-16 14:46:32 [LOG] Response received, transaction 2211, function 0x03, 4 bytes PDU
2026-09-16 14:46:32 [LOG] Reading 0x242d = 0
2026-09-16 14:46:32 [LOG] Request sent, transaction 2212, function 0x03, 12 bytes
2026-09-16 14:46:32 [LOG] Response received, transaction 2212, function 0x03, 4 bytes PDU
2026-09-16 14:46:32 [LOG] Reading 0x242e = 0
2026-09-16 14:46:32 [LOG] Request sent, transaction 2213, function 0x03, 12 bytes
2026-09-16 14:46:32 [LOG] Response received, transaction 2213, function 0x03, 4 bytes PDU
2026-09-16 14:46:32 [LOG] Reading 0x242f = 0
2026-09-16 14:46:32 [LOG] Request sent, transaction 2214, function 0x03, 12 bytes
2026-09-16 14:46:32 [LOG] Response received, transaction 2214, function 0x03, 4 bytes PDU
2026-09-16 14:46:32 [LOG] Reading 0x2430 = 0
2026-09-16 14:46:32 [LOG] Request sent, transaction 2215, function 0x03, 12 bytes
2026-09-16 14:46:32 [LOG] Response received, transaction 2215, function 0x03, 4 bytes PDU
2026-09-16 14:46:32 [LOG] Reading 0x2431 = 0
2026-09-16 14:46:32 [LOG] Request sent, transaction 2216, function 0x03, 12 bytes
2026-09-16 14:46:32 [LOG] Response received, transaction 2216, function 0x03, 4 bytes PDU
2026-09-16 14:46:32 [LOG] Reading 0x2432 = 0
2026-09-16 14:46:32 [LOG] Request sent, transaction 2217, function 0x03, 12 bytes
2026-09-16 14:46:32 [LOG] Response received, transaction 2217, function 0x03, 4 bytes PDU
2026-09-16 14:46:32 [LOG] Reading 0x2433 = 0
2026-09-16 14:46:32 [LOG] Request sent, transaction 2218, function 0x03, 12 bytes
2026-09-16 14:46:32 [LOG] Response received, transaction 2218, function 0x03, 4 bytes PDU
2026-09-16 14:46:32 [LOG] Reading 0x2434 = 0
2026-09-16 14:46:32 No connected clients to send
2026-09-16 14:46:52 [LOG] Request sent, transaction 2219, function 0x03, 12 bytes
2026-09-16 14:46:52 [LOG] Response received, transaction 2219, function 0x03, 4 bytes PDU
2026-09-16 14:46:52 [LOG] Reading 0x242c = 0
2026-09-16 14:46:52 [LOG] Request sent, transaction 2220, function 0x03, 12 bytes
2026-09-16 14:46:52 [LOG] Response received, transaction 2220, function 0x03, 4 bytes PDU
2026-09-16 14:46:52 [LOG] Reading 0x242d = 0
2026-09-16 14:46:52 [LOG] Request sent, transaction 2221, function 0x03, 12 bytes
2026-09-16 14:46:52 [LOG] Response received, transaction 2221, function 0x03, 4 bytes PDU
2026-09-16 14:46:52 [LOG] Reading 0x242e = 0
2026-09-16 14:46:52 [LOG] Request sent, transaction 2222, function 0x03, 12 bytes
2026-09-16 14:46:52 [LOG] Response received, transaction 2222, function 0x03, 4 bytes PDU
2026-09-16 14:46:52 [LOG] Reading 0x242f = 0
2026-09-16 14:46:52 [LOG] Request sent, transaction 2223, function 0x03, 12 bytes
2026-09-16 14:46:52 [LOG] Response received, transaction 2223, function 0x03, 4 bytes PDU
2026-09-16 14:46:52 [LOG] Reading 0x2430 = 0
2026-09-16 14:46:52 [LOG] Request sent, transaction 2224, function 0x03, 12 bytes
2026-09-16 14:46:52 [LOG] Response received, transaction 2224, function 0x03, 4 bytes PDU
2026-09-16 14:46:52 [LOG] Reading 0x2431 = 0
2026-09-16 14:46:52 [LOG] Request sent, transaction 2225, function 0x03, 12 bytes
2026-09-16 14:46:52 [LOG] Response received, transaction 2225, function 0x03, 4 bytes PDU
2026-09-16 14:46:52 [LOG] Reading 0x2432 = 0
2026-09-16 14:46:52 [LOG] Request sent, transaction 2226, function 0x03, 12 bytes
2026-09-16 14:46:52 [LOG] Response received, transaction 2226, function 0x03, 4 bytes PDU
2026-09-16 14:46:52 [LOG] Reading 0x2433 = 0
2026-09-16 14:46:52 [LOG] Request sent, transaction 2227, function 0x03, 12 bytes
2026-09-16 14:46:52 [LOG] Response received, transaction 2227, function 0x03, 4 bytes PDU
2026-09-16 14:46:52 [LOG] Reading 0x2434 = 0
2026-09-16 14:46:52 No connected clients to send
2026-09-16 14:47:12 [LOG] Request sent, transaction 2228, function 0x03, 12 bytes
2026-09-16 14:47:12 [LOG] Response received, transaction 2228, function 0x03, 4 bytes PDU
2026-09-16 14:47:12 [LOG] Reading 0x242c = 0
2026-09-16 14:47:12 [LOG] Request sent, transaction 2229, function 0x03, 12 bytes
2026-09-16 14:47:12 [LOG] Response received, transaction 2229, function 0x03, 4 bytes PDU
2026-09-16 14:47:12 [LOG] Reading 0x242d = 0
2026-09-16 14:47:12 [LOG] Request sent, transaction 2230, function 0x03, 12 bytes
2026-09-16 14:47:12 [LOG] Response received, transaction 2230, function 0x03, 4 bytes PDU
2026-09-16 14:47:12 [LOG] Reading 0x242e = 0
2026-09-16 14:47:12 [LOG] Request sent, transaction 2231, function 0x03, 12 bytes
2026-09-16 14:47:12 [LOG] Response received, transaction 2231, function 0x03, 4 bytes PDU
2026-09-16 14:47:12 [LOG] Reading 0x242f = 0
2026-09-16 14:47:12 [LOG] Request sent, transaction 2232, function 0x03, 12 bytes
2026-09-16 14:47:12 [LOG] Response received, transaction 2232, function 0x03, 4 bytes PDU
2026-09-16 14:47:12 [LOG] Reading 0x2430 = 0
2026-09-16 14:47:12 [LOG] Request sent, transaction 2233, function 0x03, 12 bytes
2026-09-16 14:47:12 [LOG] Response received, transaction 2233, function 0x03, 4 bytes PDU
2026-09-16 14:47:12 [LOG] Reading 0x2431 = 0
2026-09-16 14:47:12 [LOG] Request sent, transaction 2234, function 0x03, 12 bytes
2026-09-16 14:47:12 [LOG] Response received, transaction 2234, function 0x03, 4 bytes PDU
2026-09-16 14:47:12 [LOG] Reading 0x2432 = 0
2026-09-16 14:47:12 [LOG] Request sent, transaction 2235, function 0x03, 12 bytes
2026-09-16 14:47:12 [LOG] Response received, transaction 2235, function 0x03, 4 bytes PDU
2026-09-16 14:47:12 [LOG] Reading 0x2433 = 0
2026-09-16 14:47:12 [LOG] Request sent, transaction 2236, function 0x03, 12 bytes
2026-09-16 14:47:12 [LOG] Response received, transaction 2236, function 0x03, 4 bytes PDU
2026-09-16 14:47:12 [LOG] Reading 0x2434 = 0
2026-09-16 14:47:12 No connected clients to send
2026-09-16 14:47:32 [LOG] Request sent, transaction 2237, function 0x03, 12 bytes
2026-09-16 14:47:32 [LOG] Response received, transaction 2237, function 0x03, 4 bytes PDU
2026-09-16 14:47:32 [LOG] Reading 0x242c = 0
2026-09-16 14:47:32 [LOG] Request sent, transaction 2238, function 0x03, 12 bytes
2026-09-16 14:47:32 [LOG] Response received, transaction 2238, function 0x03, 4 bytes PDU
2026-09-16 14:47:32 [LOG] Reading 0x242d = 0
2026-09-16 14:47:32 [LOG] Request sent, transaction 2239, function 0x03, 12 bytes
2026-09-16 14:47:32 [LOG] Response received, transaction 2239, function 0x03, 4 bytes PDU
2026-09-16 14:47:32 [LOG] Reading 0x242e = 0
2026-09-16 14:47:32 [LOG] Request sent, transaction 2240, function 0x03, 12 bytes
2026-09-16 14:47:32 [LOG] Response received, transaction 2240, function 0x03, 4 bytes PDU
2026-09-16 14:47:32 [LOG] Reading 0x242f = 0
2026-09-16 14:47:32 [LOG] Request sent, transaction 2241, function 0x03, 12 bytes
2026-09-16 14:47:32 [LOG] Response received, transaction 2241, function 0x03, 4 bytes PDU
2026-09-16 14:47:32 [LOG] Reading 0x2430 = 0
2026-09-16 14:47:32 [LOG] Request sent, transaction 2242, function 0x03, 12 bytes
2026-09-16 14:47:32 [LOG] Response received, transaction 2242, function 0x03, 4 bytes PDU
2026-09-16 14:47:32 [LOG] Reading 0x2431 = 0
2026-09-16 14:47:32 [LOG] Request sent, transaction 2243, function 0x03, 12 bytes
2026-09-16 14:47:32 [LOG] Response received, transaction 2243, function 0x03, 4 bytes PDU
2026-09-16 14:47:32 [LOG] Reading 0x2432 = 0
2026-09-16 14:47:32 [LOG] Request sent, transaction 2244, function 0x03, 12 bytes
2026-09-16 14:47:32 [LOG] Response received, transaction 2244, function 0x03, 4 bytes PDU
2026-09-16 14:47:32 [LOG] Reading 0x2433 = 0
2026-09-16 14:47:32 [LOG] Request sent, transaction 2245, function 0x03, 12 bytes
2026-09-16 14:47:32 [LOG] Response received, transaction 2245, function 0x03, 4 bytes PDU
2026-09-16 14:47:32 [LOG] Reading 0x2434 = 0
2026-09-16 14:47:32 No connected clients to send
2026-09-16 14:47:52 [LOG] Request sent, transaction 2246, function 0x03, 12 bytes
2026-09-16 14:47:52 [LOG] Response received, transaction 2246, function 0x03, 4 bytes PDU
2026-09-16 14:47:52 [LOG] Reading 0x242c = 0
2026-09-16 14:47:52 [LOG] Request sent, transaction 2247, function 0x03, 12 bytes
2026-09-16 14:47:52 [LOG] Response received, transaction 2247, function 0x03, 4 bytes PDU
2026-09-16 14:47:52 [LOG] Reading 0x242d = 0
2026-09-16 14:47:52 [LOG] Request sent, transaction 2248, function 0x03, 12 bytes
2026-09-16 14:47:52 [LOG] Response received, transaction 2248, function 0x03, 4 bytes PDU
2026-09-16 14:47:52 [LOG] Reading 0x242e = 0
2026-09-16 14:47:52 [LOG] Request sent, transaction 2249, function 0x03, 12 bytes
2026-09-16 14:47:52 [LOG] Response received, transaction 2249, function 0x03, 4 bytes PDU
2026-09-16 14:47:52 [LOG] Reading 0x242f = 0
2026-09-16 14:47:52 [LOG] Request sent, transaction 2250, function 0x03, 12 bytes
2026-09-16 14:47:52 [LOG] Response received, transaction 2250, function 0x03, 4 bytes PDU
2026-09-16 14:47:52 [LOG] Reading 0x2430 = 0
2026-09-16 14:47:52 [LOG] Request sent, transaction 2251, function 0x03, 12 bytes
2026-09-16 14:47:52 [LOG] Response received, transaction 2251, function 0x03, 4 bytes PDU
2026-09-16 14:47:52 [LOG] Reading 0x2431 = 0
2026-09-16 14:47:52 [LOG] Request sent, transaction 2252, function 0x03, 12 bytes
2026-09-16 14:47:52 [LOG] Response received, transaction 2252, function 0x03, 4 bytes PDU
2026-09-16 14:47:52 [LOG] Reading 0x2432 = 0
2026-09-16 14:47:52 [LOG] Request sent, transaction 2253, function 0x03, 12 bytes
2026-09-16 14:47:52 [LOG] Response received, transaction 2253, function 0x03, 4 bytes PDU
2026-09-16 14:47:52 [LOG] Reading 0x2433 = 0
2026-09-16 14:47:52 [LOG] Request sent, transaction 2254, function 0x03, 12 bytes
2026-09-16 14:47:52 [LOG] Response received, transaction 2254, function 0x03, 4 bytes PDU
2026-09-16 14:47:52 [LOG] Reading 0x2434 = 0
2026-09-16 14:47:52 No connected clients to send
2026-09-16 14:48:12 [LOG] Request sent, transaction 2255, function 0x03, 12 bytes
2026-09-16 14:48:12 [LOG] Response received, transaction 2255, function 0x03, 4 bytes PDU
2026-09-16 14:48:12 [LOG] Reading 0x242c = 0
2026-09-16 14:48:12 [LOG] Request sent, transaction 2256, function 0x03, 12 bytes
2026-09-16 14:48:12 [LOG] Response received, transaction 2256, function 0x03, 4 bytes PDU
2026-09-16 14:48:12 [LOG] Reading 0x242d = 0
2026-09-16 14:48:12 [LOG] Request sent, transaction 2257, function 0x03, 12 bytes
2026-09-16 14:48:12 [LOG] Response received, transaction 2257, function 0x03, 4 bytes PDU
2026-09-16 14:48:12 [LOG] Reading 0x242e = 0
2026-09-16 14:48:12 [LOG] Request sent, transaction 2258, function 0x03, 12 bytes
2026-09-16 14:48:12 [LOG] Response received, transaction 2258, function 0x03, 4 bytes PDU
2026-09-16 14:48:12 [LOG] Reading 0x242f = 0
2026-09-16 14:48:12 [LOG] Request sent, transaction 2259, function 0x03, 12 bytes
2026-09-16 14:48:12 [LOG] Response received, transaction 2259, function 0x03, 4 bytes PDU
2026-09-16 14:48:12 [LOG] Reading 0x2430 = 0
2026-09-16 14:48:12 [LOG] Request sent, transaction 2260, function 0x03, 12 bytes
2026-09-16 14:48:12 [LOG] Response received, transaction 2260, function 0x03, 4 bytes PDU
2026-09-16 14:48:12 [LOG] Reading 0x2431 = 0
2026-09-16 14:48:12 [LOG] Request sent, transaction 2261, function 0x03, 12 bytes
2026-09-16 14:48:12 [LOG] Response received, transaction 2261, function 0x03, 4 bytes PDU
2026-09-16 14:48:12 [LOG] Reading 0x2432 = 0
2026-09-16 14:48:12 [LOG] Request sent, transaction 2262, function 0x03, 12 bytes
2026-09-16 14:48:12 [LOG] Response received, transaction 2262, function 0x03, 4 bytes PDU
2026-09-16 14:48:12 [LOG] Reading 0x2433 = 0
2026-09-16 14:48:12 [LOG] Request sent, transaction 2263, function 0x03, 12 bytes
2026-09-16 14:48:12 [LOG] Response received, transaction 2263, function 0x03, 4 bytes PDU
2026-09-16 14:48:12 [LOG] Reading 0x2434 = 0
2026-09-16 14:48:12 No connected clients to send
2026-09-16 14:48:32 [LOG] Request sent, transaction 2264, function 0x03, 12 bytes
2026-09-16 14:48:32 [LOG] Response received, transaction 2264, function 0x03, 4 bytes PDU
2026-09-16 14:48:32 [LOG] Reading 0x242c = 0
2026-09-16 14:48:32 [LOG] Request sent, transaction 2265, function 0x03, 12 bytes
2026-09-16 14:48:32 [LOG] Response received, transaction 2265, function 0x03, 4 bytes PDU
2026-09-16 14:48:32 [LOG] Reading 0x242d = 0
2026-09-16 14:48:32 [LOG] Request sent, transaction 2266, function 0x03, 12 bytes
2026-09-16 14:48:32 [LOG] Response received, transaction 2266, function 0x03, 4 bytes PDU
2026-09-16 14:48:32 [LOG] Reading 0x242e = 0
2026-09-16 14:48:32 [LOG] Request sent, transaction 2267, function 0x03, 12 bytes
2026-09-16 14:48:32 [LOG] Response received, transaction 2267, function 0x03, 4 bytes PDU
2026-09-16 14:48:32 [LOG] Reading 0x242f = 0
2026-09-16 14:48:32 [LOG] Request sent, transaction 2268, function 0x03, 12 bytes
2026-09-16 14:48:32 [LOG] Response received, transaction 2268, function 0x03, 4 bytes PDU
2026-09-16 14:48:32 [LOG] Reading 0x2430 = 0
2026-09-16 14:48:32 [LOG] Request sent, transaction 2269, function 0x03, 12 bytes
2026-09-16 14:48:32 [LOG] Response received, transaction 2269, function 0x03, 4 bytes PDU
2026-09-16 14:48:32 [LOG] Reading 0x2431 = 0
2026-09-16 14:48:32 [LOG] Request sent, transaction 2270, function 0x03, 12 bytes
2026-09-16 14:48:32 [LOG] Response received, transaction 2270, function 0x03, 4 bytes PDU
2026-09-16 14:48:32 [LOG] Reading 0x2432 = 0
2026-09-16 14:48:32 [LOG] Request sent, transaction 2271, function 0x03, 12 bytes
2026-09-16 14:48:32 [LOG] Response received, transaction 2271, function 0x03, 4 bytes PDU
2026-09-16 14:48:32 [LOG] Reading 0x2433 = 0
2026-09-16 14:48:32 [LOG] Request sent, transaction 2272, function 0x03, 12 bytes
2026-09-16 14:48:32 [LOG] Response received, transaction 2272, function 0x03, 4 bytes PDU
2026-09-16 14:48:32 [LOG] Reading 0x2434 = 0
2026-09-16 14:48:32 No connected clients to send
2026-09-16 14:48:52 [LOG] Request sent, transaction 2273, function 0x03, 12 bytes
2026-09-16 14:48:52 [LOG] Response received, transaction 2273, function 0x03, 4 bytes PDU
2026-09-16 14:48:52 [LOG] Reading 0x242c = 0
2026-09-16 14:48:52 [LOG] Request sent, transaction 2274, function 0x03, 12 bytes
2026-09-16 14:48:52 [LOG] Response received, transaction 2274, function 0x03, 4 bytes PDU
2026-09-16 14:48:52 [LOG] Reading 0x242d = 0
2026-09-16 14:48:52 [LOG] Request sent, transaction 2275, function 0x03, 12 bytes
2026-09-16 14:48:52 [LOG] Response received, transaction 2275, function 0x03, 4 bytes PDU
2026-09-16 14:48:52 [LOG] Reading 0x242e = 0
2026-09-16 14:48:52 [LOG] Request sent, transaction 2276, function 0x03, 12 bytes
2026-09-16 14:48:52 [LOG] Response received, transaction 2276, function 0x03, 4 bytes PDU
2026-09-16 14:48:52 [LOG] Reading 0x242f = 0
2026-09-16 14:48:52 [LOG] Request sent, transaction 2277, function 0x03, 12 bytes
2026-09-16 14:48:52 [LOG] Response received, transaction 2277, function 0x03, 4 bytes PDU
2026-09-16 14:48:52 [LOG] Reading 0x2430 = 0
2026-09-16 14:48:52 [LOG] Request sent, transaction 2278, function 0x03, 12 bytes
2026-09-16 14:48:52 [LOG] Response received, transaction 2278, function 0x03, 4 bytes PDU
2026-09-16 14:48:52 [LOG] Reading 0x2431 = 0
2026-09-16 14:48:52 [LOG] Request sent, transaction 2279, function 0x03, 12 bytes
2026-09-16 14:48:52 [LOG] Response received, transaction 2279, function 0x03, 4 bytes PDU
2026-09-16 14:48:52 [LOG] Reading 0x2432 = 0
2026-09-16 14:48:52 [LOG] Request sent, transaction 2280, function 0x03, 12 bytes
2026-09-16 14:48:52 [LOG] Response received, transaction 2280, function 0x03, 4 bytes PDU
2026-09-16 14:48:52 [LOG] Reading 0x2433 = 0
2026-09-16 14:48:52 [LOG] Request sent, transaction 2281, function 0x03, 12 bytes
2026-09-16 14:48:52 [LOG] Response received, transaction 2281, function 0x03, 4 bytes PDU
2026-09-16 14:48:52 [LOG] Reading 0x2434 = 0
2026-09-16 14:48:52 No connected clients to send
2026-09-16 14:49:12 [LOG] Request sent, transaction 2282, function 0x03, 12 bytes
2026-09-16 14:49:12 [LOG] Response received, transaction 2282, function 0x03, 4 bytes PDU
2026-09-16 14:49:12 [LOG] Reading 0x242c = 0
2026-09-16 14:49:12 [LOG] Request sent, transaction 2283, function 0x03, 12 bytes
2026-09-16 14:49:12 [LOG] Response received, transaction 2283, function 0x03, 4 bytes PDU
2026-09-16 14:49:12 [LOG] Reading 0x242d = 0
2026-09-16 14:49:12 [LOG] Request sent, transaction 2284, function 0x03, 12 bytes
2026-09-16 14:49:12 [LOG] Response received, transaction 2284, function 0x03, 4 bytes PDU
2026-09-16 14:49:12 [LOG] Reading 0x242e = 0
2026-09-16 14:49:12 [LOG] Request sent, transaction 2285, function 0x03, 12 bytes
2026-09-16 14:49:12 [LOG] Response received, transaction 2285, function 0x03, 4 bytes PDU
2026-09-16 14:49:12 [LOG] Reading 0x242f = 0
2026-09-16 14:49:12 [LOG] Request sent, transaction 2286, function 0x03, 12 bytes
2026-09-16 14:49:12 [LOG] Response received, transaction 2286, function 0x03, 4 bytes PDU
2026-09-16 14:49:12 [LOG] Reading 0x2430 = 0
2026-09-16 14:49:12 [LOG] Request sent, transaction 2287, function 0x03, 12 bytes
2026-09-16 14:49:12 [LOG] Response received, transaction 2287, function 0x03, 4 bytes PDU
2026-09-16 14:49:12 [LOG] Reading 0x2431 = 0
2026-09-16 14:49:12 [LOG] Request sent, transaction 2288, function 0x03, 12 bytes
2026-09-16 14:49:12 [LOG] Response received, transaction 2288, function 0x03, 4 bytes PDU
2026-09-16 14:49:12 [LOG] Reading 0x2432 = 0
2026-09-16 14:49:12 [LOG] Request sent, transaction 2289, function 0x03, 12 bytes
2026-09-16 14:49:12 [LOG] Response received, transaction 2289, function 0x03, 4 bytes PDU
2026-09-16 14:49:12 [LOG] Reading 0x2433 = 0
2026-09-16 14:49:12 [LOG] Request sent, transaction 2290, function 0x03, 12 bytes
2026-09-16 14:49:12 [LOG] Response received, transaction 2290, function 0x03, 4 bytes PDU
2026-09-16 14:49:12 [LOG] Reading 0x2434 = 0
2026-09-16 14:49:12 No connected clients to send
2026-09-16 14:49:32 [LOG] Request sent, transaction 2291, function 0x03, 12 bytes
2026-09-16 14:49:32 [LOG] Response received, transaction 2291, function 0x03, 4 bytes PDU
2026-09-16 14:49:32 [LOG] Reading 0x242c = 0
2026-09-16 14:49:32 [LOG] Request sent, transaction 2292, function 0x03, 12 bytes
2026-09-16 14:49:32 [LOG] Response received, transaction 2292, function 0x03, 4 bytes PDU
2026-09-16 14:49:32 [LOG] Reading 0x242d = 0
2026-09-16 14:49:32 [LOG] Request sent, transaction 2293, function 0x03, 12 bytes
2026-09-16 14:49:32 [LOG] Response received, transaction 2293, function 0x03, 4 bytes PDU
2026-09-16 14:49:32 [LOG] Reading 0x242e = 0
2026-09-16 14:49:32 [LOG] Request sent, transaction 2294, function 0x03, 12 bytes
2026-09-16 14:49:32 [LOG] Response received, transaction 2294, function 0x03, 4 bytes PDU
2026-09-16 14:49:32 [LOG] Reading 0x242f = 0
2026-09-16 14:49:32 [LOG] Request sent, transaction 2295, function 0x03, 12 bytes
2026-09-16 14:49:32 [LOG] Response received, transaction 2295, function 0x03, 4 bytes PDU
2026-09-16 14:49:32 [LOG] Reading 0x2430 = 0
2026-09-16 14:49:32 [LOG] Request sent, transaction 2296, function 0x03, 12 bytes
2026-09-16 14:49:32 [LOG] Response received, transaction 2296, function 0x03, 4 bytes PDU
2026-09-16 14:49:32 [LOG] Reading 0x2431 = 0
2026-09-16 14:49:32 [LOG] Request sent, transaction 2297, function 0x03, 12 bytes
2026-09-16 14:49:32 [LOG] Response received, transaction 2297, function 0x03, 4 bytes PDU
2026-09-16 14:49:32 [LOG] Reading 0x2432 = 0
2026-09-16 14:49:32 [LOG] Request sent, transaction 2298, function 0x03, 12 bytes
2026-09-16 14:49:32 [LOG] Response received, transaction 2298, function 0x03, 4 bytes PDU
2026-09-16 14:49:32 [LOG] Reading 0x2433 = 0
2026-09-16 14:49:32 [LOG] Request sent, transaction 2299, function 0x03, 12 bytes
2026-09-16 14:49:32 [LOG] Response received, transaction 2299, function 0x03, 4 bytes PDU
2026-09-16 14:49:32 [LOG] Reading 0x2434 = 0
2026-09-16 14:49:32 No connected clients to send
2026-09-16 14:49:52 [LOG] Request sent, transaction 2300, function 0x03, 12 bytes
2026-09-16 14:49:52 [LOG] Response received, transaction 2300, function 0x03, 4 bytes PDU
2026-09-16 14:49:52 [LOG] Reading 0x242c = 0
2026-09-16 14:49:52 [LOG] Request sent, transaction 2301, function 0x03, 12 bytes
2026-09-16 14:49:52 [LOG] Response received, transaction 2301, function 0x03, 4 bytes PDU
2026-09-16 14:49:52 [LOG] Reading 0x242d = 0
2026-09-16 14:49:52 [LOG] Request sent, transaction 2302, function 0x03, 12 bytes
2026-09-16 14:49:52 [LOG] Response received, transaction 2302, function 0x03, 4 bytes PDU
2026-09-16 14:49:52 [LOG] Reading 0x242e = 0
2026-09-16 14:49:52 [LOG] Request sent, transaction 2303, function 0x03, 12 bytes
2026-09-16 14:49:52 [LOG] Response received, transaction 2303, function 0x03, 4 bytes PDU
2026-09-16 14:49:52 [LOG] Reading 0x242f = 0
2026-09-16 14:49:52 [LOG] Request sent, transaction 2304, function 0x03, 12 bytes
2026-09-16 14:49:52 [LOG] Response received, transaction 2304, function 0x03, 4 bytes PDU
2026-09-16 14:49:52 [LOG] Reading 0x2430 = 0
2026-09-16 14:49:52 [LOG] Request sent, transaction 2305, function 0x03, 12 bytes
2026-09-16 14:49:52 [LOG] Response received, transaction 2305, function 0x03, 4 bytes PDU
2026-09-16 14:49:52 [LOG] Reading 0x2431 = 0
2026-09-16 14:49:52 [LOG] Request sent, transaction 2306, function 0x03, 12 bytes
2026-09-16 14:49:52 [LOG] Response received, transaction 2306, function 0x03, 4 bytes PDU
2026-09-16 14:49:52 [LOG] Reading 0x2432 = 0
2026-09-16 14:49:52 [LOG] Request sent, transaction 2307, function 0x03, 12 bytes
2026-09-16 14:49:52 [LOG] Response received, transaction 2307, function 0x03, 4 bytes PDU
2026-09-16 14:49:52 [LOG] Reading 0x2433 = 0
2026-09-16 14:49:52 [LOG] Request sent, transaction 2308, function 0x03, 12 bytes
2026-09-16 14:49:52 [LOG] Response received, transaction 2308, function 0x03, 4 bytes PDU
2026-09-16 14:49:52 [LOG] Reading 0x2434 = 0
2026-09-16 14:49:52 No connected clients to send
2026-09-16 14:50:12 [LOG] Request sent, transaction 2309, function 0x03, 12 bytes
2026-09-16 14:50:12 [LOG] Response received, transaction 2309, function 0x03, 4 bytes PDU
2026-09-16 14:50:12 [LOG] Reading 0x242c = 0
2026-09-16 14:50:12 [LOG] Request sent, transaction 2310, function 0x03, 12 bytes
2026-09-16 14:50:12 [LOG] Response received, transaction 2310, function 0x03, 4 bytes PDU
2026-09-16 14:50:12 [LOG] Reading 0x242d = 0
2026-09-16 14:50:12 [LOG] Request sent, transaction 2311, function 0x03, 12 bytes
2026-09-16 14:50:12 [LOG] Response received, transaction 2311, function 0x03, 4 bytes PDU
2026-09-16 14:50:12 [LOG] Reading 0x242e = 0
2026-09-16 14:50:12 [LOG] Request sent, transaction 2312, function 0x03, 12 bytes
2026-09-16 14:50:12 [LOG] Response received, transaction 2312, function 0x03, 4 bytes PDU
2026-09-16 14:50:12 [LOG] Reading 0x242f = 0
2026-09-16 14:50:12 [LOG] Request sent, transaction 2313, function 0x03, 12 bytes
2026-09-16 14:50:12 [LOG] Response received, transaction 2313, function 0x03, 4 bytes PDU
2026-09-16 14:50:12 [LOG] Reading 0x2430 = 0
2026-09-16 14:50:12 [LOG] Request sent, transaction 2314, function 0x03, 12 bytes
2026-09-16 14:50:12 [LOG] Response received, transaction 2314, function 0x03, 4 bytes PDU
2026-09-16 14:50:12 [LOG] Reading 0x2431 = 0
2026-09-16 14:50:12 [LOG] Request sent, transaction 2315, function 0x03, 12 bytes
2026-09-16 14:50:12 [LOG] Response received, transaction 2315, function 0x03, 4 bytes PDU
2026-09-16 14:50:12 [LOG] Reading 0x2432 = 0
2026-09-16 14:50:12 [LOG] Request sent, transaction 2316, function 0x03, 12 bytes
2026-09-16 14:50:12 [LOG] Response received, transaction 2316, function 0x03, 4 bytes PDU
2026-09-16 14:50:12 [LOG] Reading 0x2433 = 0
2026-09-16 14:50:12 [LOG] Request sent, transaction 2317, function 0x03, 12 bytes
2026-09-16 14:50:12 [LOG] Response received, transaction 2317, function 0x03, 4 bytes PDU
2026-09-16 14:50:12 [LOG] Reading 0x2434 = 0
2026-09-16 14:50:12 No connected clients to send
2026-09-16 14:50:32 [LOG] Request sent, transaction 2318, function 0x03, 12 bytes
2026-09-16 14:50:32 [LOG] Response received, transaction 2318, function 0x03, 4 bytes PDU
2026-09-16 14:50:32 [LOG] Reading 0x242c = 0
2026-09-16 14:50:32 [LOG] Request sent, transaction 2319, function 0x03, 12 bytes
2026-09-16 14:50:32 [LOG] Response received, transaction 2319, function 0x03, 4 bytes PDU
2026-09-16 14:50:32 [LOG] Reading 0x242d = 0
2026-09-16 14:50:32 [LOG] Request sent, transaction 2320, function 0x03, 12 bytes
2026-09-16 14:50:32 [LOG] Response received, transaction 2320, function 0x03, 4 bytes PDU
2026-09-16 14:50:32 [LOG] Reading 0x242e = 0
2026-09-16 14:50:32 [LOG] Request sent, transaction 2321, function 0x03, 12 bytes
2026-09-16 14:50:32 [LOG] Response received, transaction 2321, function 0x03, 4 bytes PDU
2026-09-16 14:50:32 [LOG] Reading 0x242f = 0
2026-09-16 14:50:32 [LOG] Request sent, transaction 2322, function 0x03, 12 bytes
2026-09-16 14:50:32 [LOG] Response received, transaction 2322, function 0x03, 4 bytes PDU
2026-09-16 14:50:32 [LOG] Reading 0x2430 = 0
2026-09-16 14:50:32 [LOG] Request sent, transaction 2323, function 0x03, 12 bytes
2026-09-16 14:50:32 [LOG] Response received, transaction 2323, function 0x03, 4 bytes PDU
2026-09-16 14:50:32 [LOG] Reading 0x2431 = 0
2026-09-16 14:50:32 [LOG] Request sent, transaction 2324, function 0x03, 12 bytes
2026-09-16 14:50:32 [LOG] Response received, transaction 2324, function 0x03, 4 bytes PDU
2026-09-16 14:50:32 [LOG] Reading 0x2432 = 0
2026-09-16 14:50:32 [LOG] Request sent, transaction 2325, function 0x03, 12 bytes
2026-09-16 14:50:32 [LOG] Response received, transaction 2325, function 0x03, 4 bytes PDU
2026-09-16 14:50:32 [LOG] Reading 0x2433 = 0
2026-09-16 14:50:32 [LOG] Request sent, transaction 2326, function 0x03, 12 bytes
2026-09-16 14:50:32 [LOG] Response received, transaction 2326, function 0x03, 4 bytes PDU
2026-09-16 14:50:32 [LOG] Reading 0x2434 = 0
2026-09-16 14:50:32 No connected clients to send
2026-09-16 14:50:52 [LOG] Request sent, transaction 2327, function 0x03, 12 bytes
2026-09-16 14:50:52 [LOG] Response received, transaction 2327, function 0x03, 4 bytes PDU
2026-09-16 14:50:52 [LOG] Reading 0x242c = 0
2026-09-16 14:50:52 [LOG] Request sent, transaction 2328, function 0x03, 12 bytes
2026-09-16 14:50:52 [LOG] Response received, transaction 2328, function 0x03, 4 bytes PDU
2026-09-16 14:50:52 [LOG] Reading 0x242d = 0
2026-09-16 14:50:52 [LOG] Request sent, transaction 2329, function 0x03, 12 bytes
2026-09-16 14:50:52 [LOG] Response received, transaction 2329, function 0x03, 4 bytes PDU
2026-09-16 14:50:52 [LOG] Reading 0x242e = 0
2026-09-16 14:50:52 [LOG] Request sent, transaction 2330, function 0x03, 12 bytes
2026-09-16 14:50:52 [LOG] Response received, transaction 2330, function 0x03, 4 bytes PDU
2026-09-16 14:50:52 [LOG] Reading 0x242f = 0
2026-09-16 14:50:52 [LOG] Request sent, transaction 2331, function 0x03, 12 bytes
2026-09-16 14:50:52 [LOG] Response received, transaction 2331, function 0x03, 4 bytes PDU
2026-09-16 14:50:52 [LOG] Reading 0x2430 = 0
2026-09-16 14:50:52 [LOG] Request sent, transaction 2332, function 0x03, 12 bytes
2026-09-16 14:50:52 [LOG] Response received, transaction 2332, function 0x03, 4 bytes PDU
2026-09-16 14:50:52 [LOG] Reading 0x2431 = 0
2026-09-16 14:50:52 [LOG] Request sent, transaction 2333, function 0x03, 12 bytes
2026-09-16 14:50:52 [LOG] Response received, transaction 2333, function 0x03, 4 bytes PDU
2026-09-16 14:50:52 [LOG] Reading 0x2432 = 0
2026-09-16 14:50:52 [LOG] Request sent, transaction 2334, function 0x03, 12 bytes
2026-09-16 14:50:52 [LOG] Response received, transaction 2334, function 0x03, 4 bytes PDU
2026-09-16 14:50:52 [LOG] Reading 0x2433 = 0
2026-09-16 14:50:52 [LOG] Request sent, transaction 2335, function 0x03, 12 bytes
2026-09-16 14:50:52 [LOG] Response received, transaction 2335, function 0x03, 4 bytes PDU
2026-09-16 14:50:52 [LOG] Reading 0x2434 = 0
2026-09-16 14:50:52 No connected clients to send
2026-09-16 14:51:12 [LOG] Request sent, transaction 2336, function 0x03, 12 bytes
2026-09-16 14:51:12 [LOG] Response received, transaction 2336, function 0x03, 4 bytes PDU
2026-09-16 14:51:12 [LOG] Reading 0x242c = 0
2026-09-16 14:51:12 [LOG] Request sent, transaction 2337, function 0x03, 12 bytes
2026-09-16 14:51:12 [LOG] Response received, transaction 2337, function 0x03, 4 bytes PDU
2026-09-16 14:51:12 [LOG] Reading 0x242d = 0
2026-09-16 14:51:12 [LOG] Request sent, transaction 2338, function 0x03, 12 bytes
2026-09-16 14:51:12 [LOG] Response received, transaction 2338, function 0x03, 4 bytes PDU
2026-09-16 14:51:12 [LOG] Reading 0x242e = 0
2026-09-16 14:51:12 [LOG] Request sent, transaction 2339, function 0x03, 12 bytes
2026-09-16 14:51:12 [LOG] Response received, transaction 2339, function 0x03, 4 bytes PDU
2026-09-16 14:51:12 [LOG] Reading 0x242f = 0
2026-09-16 14:51:12 [LOG] Request sent, transaction 2340, function 0x03, 12 bytes
2026-09-16 14:51:12 [LOG] Response received, transaction 2340, function 0x03, 4 bytes PDU
2026-09-16 14:51:12 [LOG] Reading 0x2430 = 0
2026-09-16 14:51:12 [LOG] Request sent, transaction 2341, function 0x03, 12 bytes
2026-09-16 14:51:12 [LOG] Response received, transaction 2341, function 0x03, 4 bytes PDU
2026-09-16 14:51:12 [LOG] Reading 0x2431 = 0
2026-09-16 14:51:12 [LOG] Request sent, transaction 2342, function 0x03, 12 bytes
2026-09-16 14:51:12 [LOG] Response received, transaction 2342, function 0x03, 4 bytes PDU
2026-09-16 14:51:12 [LOG] Reading 0x2432 = 0
2026-09-16 14:51:12 [LOG] Request sent, transaction 2343, function 0x03, 12 bytes
2026-09-16 14:51:12 [LOG] Response received, transaction 2343, function 0x03, 4 bytes PDU
2026-09-16 14:51:12 [LOG] Reading 0x2433 = 0
2026-09-16 14:51:12 [LOG] Request sent, transaction 2344, function 0x03, 12 bytes
2026-09-16 14:51:12 [LOG] Response received, transaction 2344, function 0x03, 4 bytes PDU
2026-09-16 14:51:12 [LOG] Reading 0x2434 = 0
2026-09-16 14:51:12 No connected clients to send
2026-09-16 14:51:32 [LOG] Request sent, transaction 2345, function 0x03, 12 bytes
2026-09-16 14:51:32 [LOG] Response received, transaction 2345, function 0x03, 4 bytes PDU
2026-09-16 14:51:32 [LOG] Reading 0x242c = 0
2026-09-16 14:51:32 [LOG] Request sent, transaction 2346, function 0x03, 12 bytes
2026-09-16 14:51:32 [LOG] Response received, transaction 2346, function 0x03, 4 bytes PDU
2026-09-16 14:51:32 [LOG] Reading 0x242d = 0
2026-09-16 14:51:32 [LOG] Request sent, transaction 2347, function 0x03, 12 bytes
2026-09-16 14:51:32 [LOG] Response received, transaction 2347, function 0x03, 4 bytes PDU
2026-09-16 14:51:32 [LOG] Reading 0x242e = 0
2026-09-16 14:51:32 [LOG] Request sent, transaction 2348, function 0x03, 12 bytes
2026-09-16 14:51:32 [LOG] Response received, transaction 2348, function 0x03, 4 bytes PDU
2026-09-16 14:51:32 [LOG] Reading 0x242f = 0
2026-09-16 14:51:32 [LOG] Request sent, transaction 2349, function 0x03, 12 bytes
2026-09-16 14:51:32 [LOG] Response received, transaction 2349, function 0x03, 4 bytes PDU
2026-09-16 14:51:32 [LOG] Reading 0x2430 = 0
2026-09-16 14:51:32 [LOG] Request sent, transaction 2350, function 0x03, 12 bytes
2026-09-16 14:51:32 [LOG] Response received, transaction 2350, function 0x03, 4 bytes PDU
2026-09-16 14:51:32 [LOG] Reading 0x2431 = 0
2026-09-16 14:51:32 [LOG] Request sent, transaction 2351, function 0x03, 12 bytes
2026-09-16 14:51:32 [LOG] Response received, transaction 2351, function 0x03, 4 bytes PDU
2026-09-16 14:51:32 [LOG] Reading 0x2432 = 0
2026-09-16 14:51:32 [LOG] Request sent, transaction 2352, function 0x03, 12 bytes
2026-09-16 14:51:32 [LOG] Response received, transaction 2352, function 0x03, 4 bytes PDU
2026-09-16 14:51:32 [LOG] Reading 0x2433 = 0
2026-09-16 14:51:32 [LOG] Request sent, transaction 2353, function 0x03, 12 bytes
2026-09-16 14:51:32 [LOG] Response received, transaction 2353, function 0x03, 4 bytes PDU
2026-09-16 14:51:32 [LOG] Reading 0x2434 = 0
2026-09-16 14:51:32 No connected clients to send
2026-09-16 14:51:52 [LOG] Request sent, transaction 2354, function 0x03, 12 bytes
2026-09-16 14:51:52 [LOG] Response received, transaction 2354, function 0x03, 4 bytes PDU
2026-09-16 14:51:52 [LOG] Reading 0x242c = 0
2026-09-16 14:51:52 [LOG] Request sent, transaction 2355, function 0x03, 12 bytes
2026-09-16 14:51:52 [LOG] Response received, transaction 2355, function 0x03, 4 bytes PDU
2026-09-16 14:51:52 [LOG] Reading 0x242d = 0
2026-09-16 14:51:52 [LOG] Request sent, transaction 2356, function 0x03, 12 bytes
2026-09-16 14:51:52 [LOG] Response received, transaction 2356, function 0x03, 4 bytes PDU
2026-09-16 14:51:52 [LOG] Reading 0x242e = 0
2026-09-16 14:51:52 [LOG] Request sent, transaction 2357, function 0x03, 12 bytes
2026-09-16 14:51:52 [LOG] Response received, transaction 2357, function 0x03, 4 bytes PDU
2026-09-16 14:51:52 [LOG] Reading 0x242f = 0
2026-09-16 14:51:52 [LOG] Request sent, transaction 2358, function 0x03, 12 bytes
2026-09-16 14:51:52 [LOG] Response received, transaction 2358, function 0x03, 4 bytes PDU
2026-09-16 14:51:52 [LOG] Reading 0x2430 = 0
2026-09-16 14:51:52 [LOG] Request sent, transaction 2359, function 0x03, 12 bytes
2026-09-16 14:51:52 [LOG] Response received, transaction 2359, function 0x03, 4 bytes PDU
2026-09-16 14:51:52 [LOG] Reading 0x2431 = 0
2026-09-16 14:51:52 [LOG] Request sent, transaction 2360, function 0x03, 12 bytes
2026-09-16 14:51:52 [LOG] Response received, transaction 2360, function 0x03, 4 bytes PDU
2026-09-16 14:51:52 [LOG] Reading 0x2432 = 0
2026-09-16 14:51:52 [LOG] Request sent, transaction 2361, function 0x03, 12 bytes
2026-09-16 14:51:52 [LOG] Response received, transaction 2361, function 0x03, 4 bytes PDU
2026-09-16 14:51:52 [LOG] Reading 0x2433 = 0
2026-09-16 14:51:52 [LOG] Request sent, transaction 2362, function 0x03, 12 bytes
2026-09-16 14:51:52 [LOG] Response received, transaction 2362, function 0x03, 4 bytes PDU
2026-09-16 14:51:52 [LOG] Reading 0x2434 = 0
2026-09-16 14:51:52 No connected clients to send
2026-09-16 14:52:12 [LOG] Request sent, transaction 2363, function 0x03, 12 bytes
2026-09-16 14:52:12 [LOG] Response received, transaction 2363, function 0x03, 4 bytes PDU
2026-09-16 14:52:12 [LOG] Reading 0x242c = 0
2026-09-16 14:52:12 [LOG] Request sent, transaction 2364, function 0x03, 12 bytes
2026-09-16 14:52:12 [LOG] Response received, transaction 2364, function 0x03, 4 bytes PDU
2026-09-16 14:52:12 [LOG] Reading 0x242d = 0
2026-09-16 14:52:12 [LOG] Request sent, transaction 2365, function 0x03, 12 bytes
2026-09-16 14:52:12 [LOG] Response received, transaction 2365, function 0x03, 4 bytes PDU
2026-09-16 14:52:12 [LOG] Reading 0x242e = 0
2026-09-16 14:52:12 [LOG] Request sent, transaction 2366, function 0x03, 12 bytes
2026-09-16 14:52:12 [LOG] Response received, transaction 2366, function 0x03, 4 bytes PDU
2026-09-16 14:52:12 [LOG] Reading 0x242f = 0
2026-09-16 14:52:12 [LOG] Request sent, transaction 2367, function 0x03, 12 bytes
2026-09-16 14:52:12 [LOG] Response received, transaction 2367, function 0x03, 4 bytes PDU
2026-09-16 14:52:12 [LOG] Reading 0x2430 = 0
2026-09-16 14:52:12 [LOG] Request sent, transaction 2368, function 0x03, 12 bytes
2026-09-16 14:52:12 [LOG] Response received, transaction 2368, function 0x03, 4 bytes PDU
2026-09-16 14:52:12 [LOG] Reading 0x2431 = 0
2026-09-16 14:52:12 [LOG] Request sent, transaction 2369, function 0x03, 12 bytes
2026-09-16 14:52:12 [LOG] Response received, transaction 2369, function 0x03, 4 bytes PDU
2026-09-16 14:52:12 [LOG] Reading 0x2432 = 0
2026-09-16 14:52:12 [LOG] Request sent, transaction 2370, function 0x03, 12 bytes
2026-09-16 14:52:12 [LOG] Response received, transaction 2370, function 0x03, 4 bytes PDU
2026-09-16 14:52:12 [LOG] Reading 0x2433 = 0
2026-09-16 14:52:12 [LOG] Request sent, transaction 2371, function 0x03, 12 bytes
2026-09-16 14:52:12 [LOG] Response received, transaction 2371, function 0x03, 4 bytes PDU
2026-09-16 14:52:12 [LOG] Reading 0x2434 = 0
2026-09-16 14:52:12 No connected clients to send
2026-09-16 14:52:32 [LOG] Request sent, transaction 2372, function 0x03, 12 bytes
2026-09-16 14:52:32 [LOG] Response received, transaction 2372, function 0x03, 4 bytes PDU
2026-09-16 14:52:32 [LOG] Reading 0x242c = 0
2026-09-16 14:52:32 [LOG] Request sent, transaction 2373, function 0x03, 12 bytes
2026-09-16 14:52:32 [LOG] Response received, transaction 2373, function 0x03, 4 bytes PDU
2026-09-16 14:52:32 [LOG] Reading 0x242d = 0
2026-09-16 14:52:32 [LOG] Request sent, transaction 2374, function 0x03, 12 bytes
2026-09-16 14:52:32 [LOG] Response received, transaction 2374, function 0x03, 4 bytes PDU
2026-09-16 14:52:32 [LOG] Reading 0x242e = 0
2026-09-16 14:52:32 [LOG] Request sent, transaction 2375, function 0x03, 12 bytes
2026-09-16 14:52:32 [LOG] Response received, transaction 2375, function 0x03, 4 bytes PDU
2026-09-16 14:52:32 [LOG] Reading 0x242f = 0
2026-09-16 14:52:32 [LOG] Request sent, transaction 2376, function 0x03, 12 bytes
2026-09-16 14:52:32 [LOG] Response received, transaction 2376, function 0x03, 4 bytes PDU
2026-09-16 14:52:32 [LOG] Reading 0x2430 = 0
2026-09-16 14:52:32 [LOG] Request sent, transaction 2377, function 0x03, 12 bytes
2026-09-16 14:52:32 [LOG] Response received, transaction 2377, function 0x03, 4 bytes PDU
2026-09-16 14:52:32 [LOG] Reading 0x2431 = 0
2026-09-16 14:52:32 [LOG] Request sent, transaction 2378, function 0x03, 12 bytes
2026-09-16 14:52:32 [LOG] Response received, transaction 2378, function 0x03, 4 bytes PDU
2026-09-16 14:52:32 [LOG] Reading 0x2432 = 0
2026-09-16 14:52:32 [LOG] Request sent, transaction 2379, function 0x03, 12 bytes
2026-09-16 14:52:32 [LOG] Response received, transaction 2379, function 0x03, 4 bytes PDU
2026-09-16 14:52:32 [LOG] Reading 0x2433 = 0
2026-09-16 14:52:32 [LOG] Request sent, transaction 2380, function 0x03, 12 bytes
2026-09-16 14:52:32 [LOG] Response received, transaction 2380, function 0x03, 4 bytes PDU
2026-09-16 14:52:32 [LOG] Reading 0x2434 = 0
2026-09-16 14:52:32 No connected clients to send
2026-09-16 14:52:52 [LOG] Request sent, transaction 2381, function 0x03, 12 bytes
2026-09-16 14:52:52 [LOG] Response received, transaction 2381, function 0x03, 4 bytes PDU
2026-09-16 14:52:52 [LOG] Reading 0x242c = 0
2026-09-16 14:52:52 [LOG] Request sent, transaction 2382, function 0x03, 12 bytes
2026-09-16 14:52:52 [LOG] Response received, transaction 2382, function 0x03, 4 bytes PDU
2026-09-16 14:52:52 [LOG] Reading 0x242d = 0
2026-09-16 14:52:52 [LOG] Request sent, transaction 2383, function 0x03, 12 bytes
2026-09-16 14:52:52 [LOG] Response received, transaction 2383, function 0x03, 4 bytes PDU
2026-09-16 14:52:52 [LOG] Reading 0x242e = 0
2026-09-16 14:52:52 [LOG] Request sent, transaction 2384, function 0x03, 12 bytes
2026-09-16 14:52:52 [LOG] Response received, transaction 2384, function 0x03, 4 bytes PDU
2026-09-16 14:52:52 [LOG] Reading 0x242f = 0
2026-09-16 14:52:52 [LOG] Request sent, transaction 2385, function 0x03, 12 bytes
2026-09-16 14:52:52 [LOG] Response received, transaction 2385, function 0x03, 4 bytes PDU
2026-09-16 14:52:52 [LOG] Reading 0x2430 = 0
2026-09-16 14:52:52 [LOG] Request sent, transaction 2386, function 0x03, 12 bytes
2026-09-16 14:52:52 [LOG] Response received, transaction 2386, function 0x03, 4 bytes PDU
2026-09-16 14:52:52 [LOG] Reading 0x2431 = 0
2026-09-16 14:52:52 [LOG] Request sent, transaction 2387, function 0x03, 12 bytes
2026-09-16 14:52:52 [LOG] Response received, transaction 2387, function 0x03, 4 bytes PDU
2026-09-16 14:52:52 [LOG] Reading 0x2432 = 0
2026-09-16 14:52:52 [LOG] Request sent, transaction 2388, function 0x03, 12 bytes
2026-09-16 14:52:52 [LOG] Response received, transaction 2388, function 0x03, 4 bytes PDU
2026-09-16 14:52:52 [LOG] Reading 0x2433 = 0
2026-09-16 14:52:52 [LOG] Request sent, transaction 2389, function 0x03, 12 bytes
2026-09-16 14:52:52 [LOG] Response received, transaction 2389, function 0x03, 4 bytes PDU
2026-09-16 14:52:52 [LOG] Reading 0x2434 = 0
2026-09-16 14:52:52 No connected clients to send
2026-09-16 14:53:12 [LOG] Request sent, transaction 2390, function 0x03, 12 bytes
2026-09-16 14:53:12 [LOG] Response received, transaction 2390, function 0x03, 4 bytes PDU
2026-09-16 14:53:12 [LOG] Reading 0x242c = 0
2026-09-16 14:53:12 [LOG] Request sent, transaction 2391, function 0x03, 12 bytes
2026-09-16 14:53:12 [LOG] Response received, transaction 2391, function 0x03, 4 bytes PDU
2026-09-16 14:53:12 [LOG] Reading 0x242d = 0
2026-09-16 14:53:12 [LOG] Request sent, transaction 2392, function 0x03, 12 bytes
2026-09-16 14:53:12 [LOG] Response received, transaction 2392, function 0x03, 4 bytes PDU
2026-09-16 14:53:12 [LOG] Reading 0x242e = 0
2026-09-16 14:53:12 [LOG] Request sent, transaction 2393, function 0x03, 12 bytes
2026-09-16 14:53:12 [LOG] Response received, transaction 2393, function 0x03, 4 bytes PDU
2026-09-16 14:53:12 [LOG] Reading 0x242f = 0
2026-09-16 14:53:12 [LOG] Request sent, transaction 2394, function 0x03, 12 bytes
2026-09-16 14:53:12 [LOG] Response received, transaction 2394, function 0x03, 4 bytes PDU
2026-09-16 14:53:12 [LOG] Reading 0x2430 = 0
2026-09-16 14:53:12 [LOG] Request sent, transaction 2395, function 0x03, 12 bytes
2026-09-16 14:53:12 [LOG] Response received, transaction 2395, function 0x03, 4 bytes PDU
2026-09-16 14:53:12 [LOG] Reading 0x2431 = 0
2026-09-16 14:53:12 [LOG] Request sent, transaction 2396, function 0x03, 12 bytes
2026-09-16 14:53:12 [LOG] Response received, transaction 2396, function 0x03, 4 bytes PDU
2026-09-16 14:53:12 [LOG] Reading 0x2432 = 0
2026-09-16 14:53:12 [LOG] Request sent, transaction 2397, function 0x03, 12 bytes
2026-09-16 14:53:12 [LOG] Response received, transaction 2397, function 0x03, 4 bytes PDU
2026-09-16 14:53:12 [LOG] Reading 0x2433 = 0
2026-09-16 14:53:12 [LOG] Request sent, transaction 2398, function 0x03, 12 bytes
2026-09-16 14:53:12 [LOG] Response received, transaction 2398, function 0x03, 4 bytes PDU
2026-09-16 14:53:12 [LOG] Reading 0x2434 = 0
2026-09-16 14:53:12 No connected clients to send
2026-09-16 14:53:33 [LOG] Request sent, transaction 2399, function 0x03, 12 bytes
2026-09-16 14:53:33 [LOG] Response received, transaction 2399, function 0x03, 4 bytes PDU
2026-09-16 14:53:33 [LOG] Reading 0x242c = 0
2026-09-16 14:53:33 [LOG] Request sent, transaction 2400, function 0x03, 12 bytes
2026-09-16 14:53:33 [LOG] Response received, transaction 2400, function 0x03, 4 bytes PDU
2026-09-16 14:53:33 [LOG] Reading 0x242d = 0
2026-09-16 14:53:33 [LOG] Request sent, transaction 2401, function 0x03, 12 bytes
2026-09-16 14:53:33 [LOG] Response received, transaction 2401, function 0x03, 4 bytes PDU
2026-09-16 14:53:33 [LOG] Reading 0x242e = 0
2026-09-16 14:53:33 [LOG] Request sent, transaction 2402, function 0x03, 12 bytes
2026-09-16 14:53:33 [LOG] Response received, transaction 2402, function 0x03, 4 bytes PDU
2026-09-16 14:53:33 [LOG] Reading 0x242f = 0
2026-09-16 14:53:33 [LOG] Request sent, transaction 2403, function 0x03, 12 bytes
2026-09-16 14:53:33 [LOG] Response received, transaction 2403, function 0x03, 4 bytes PDU
2026-09-16 14:53:33 [LOG] Reading 0x2430 = 0
2026-09-16 14:53:33 [LOG] Request sent, transaction 2404, function 0x03, 12 bytes
2026-09-16 14:53:33 [LOG] Response received, transaction 2404, function 0x03, 4 bytes PDU
2026-09-16 14:53:33 [LOG] Reading 0x2431 = 0
2026-09-16 14:53:33 [LOG] Request sent, transaction 2405, function 0x03, 12 bytes
2026-09-16 14:53:33 [LOG] Response received, transaction 2405, function 0x03, 4 bytes PDU
2026-09-16 14:53:33 [LOG] Reading 0x2432 = 0
2026-09-16 14:53:33 [LOG] Request sent, transaction 2406, function 0x03, 12 bytes
2026-09-16 14:53:33 [LOG] Response received, transaction 2406, function 0x03, 4 bytes PDU
2026-09-16 14:53:33 [LOG] Reading 0x2433 = 0
2026-09-16 14:53:33 [LOG] Request sent, transaction 2407, function 0x03, 12 bytes
2026-09-16 14:53:33 [LOG] Response received, transaction 2407, function 0x03, 4 bytes PDU
2026-09-16 14:53:33 [LOG] Reading 0x2434 = 0
2026-09-16 14:53:33 No connected clients to send
2026-09-16 14:53:53 [LOG] Request sent, transaction 2408, function 0x03, 12 bytes
2026-09-16 14:53:53 [LOG] Response received, transaction 2408, function 0x03, 4 bytes PDU
2026-09-16 14:53:53 [LOG] Reading 0x242c = 0
2026-09-16 14:53:53 [LOG] Request sent, transaction 2409, function 0x03, 12 bytes
2026-09-16 14:53:53 [LOG] Response received, transaction 2409, function 0x03, 4 bytes PDU
2026-09-16 14:53:53 [LOG] Reading 0x242d = 0
2026-09-16 14:53:53 [LOG] Request sent, transaction 2410, function 0x03, 12 bytes
2026-09-16 14:53:53 [LOG] Response received, transaction 2410, function 0x03, 4 bytes PDU
2026-09-16 14:53:53 [LOG] Reading 0x242e = 0
2026-09-16 14:53:53 [LOG] Request sent, transaction 2411, function 0x03, 12 bytes
2026-09-16 14:53:53 [LOG] Response received, transaction 2411, function 0x03, 4 bytes PDU
2026-09-16 14:53:53 [LOG] Reading 0x242f = 0
2026-09-16 14:53:53 [LOG] Request sent, transaction 2412, function 0x03, 12 bytes
2026-09-16 14:53:53 [LOG] Response received, transaction 2412, function 0x03, 4 bytes PDU
2026-09-16 14:53:53 [LOG] Reading 0x2430 = 0
2026-09-16 14:53:53 [LOG] Request sent, transaction 2413, function 0x03, 12 bytes
2026-09-16 14:53:53 [LOG] Response received, transaction 2413, function 0x03, 4 bytes PDU
2026-09-16 14:53:53 [LOG] Reading 0x2431 = 0
2026-09-16 14:53:53 [LOG] Request sent, transaction 2414, function 0x03, 12 bytes
2026-09-16 14:53:53 [LOG] Response received, transaction 2414, function 0x03, 4 bytes PDU
2026-09-16 14:53:53 [LOG] Reading 0x2432 = 0
2026-09-16 14:53:53 [LOG] Request sent, transaction 2415, function 0x03, 12 bytes
2026-09-16 14:53:53 [LOG] Response received, transaction 2415, function 0x03, 4 bytes PDU
2026-09-16 14:53:53 [LOG] Reading 0x2433 = 0
2026-09-16 14:53:53 [LOG] Request sent, transaction 2416, function 0x03, 12 bytes
2026-09-16 14:53:53 [LOG] Response received, transaction 2416, function 0x03, 4 bytes PDU
2026-09-16 14:53:53 [LOG] Reading 0x2434 = 0
2026-09-16 14:53:53 No connected clients to send
2026-09-16 14:54:13 [LOG] Request sent, transaction 2417, function 0x03, 12 bytes
2026-09-16 14:54:13 [LOG] Response received, transaction 2417, function 0x03, 4 bytes PDU
2026-09-16 14:54:13 [LOG] Reading 0x242c = 0
2026-09-16 14:54:13 [LOG] Request sent, transaction 2418, function 0x03, 12 bytes
2026-09-16 14:54:13 [LOG] Response received, transaction 2418, function 0x03, 4 bytes PDU
2026-09-16 14:54:13 [LOG] Reading 0x242d = 0
2026-09-16 14:54:13 [LOG] Request sent, transaction 2419, function 0x03, 12 bytes
2026-09-16 14:54:13 [LOG] Response received, transaction 2419, function 0x03, 4 bytes PDU
2026-09-16 14:54:13 [LOG] Reading 0x242e = 0
2026-09-16 14:54:13 [LOG] Request sent, transaction 2420, function 0x03, 12 bytes
2026-09-16 14:54:13 [LOG] Response received, transaction 2420, function 0x03, 4 bytes PDU
2026-09-16 14:54:13 [LOG] Reading 0x242f = 0
2026-09-16 14:54:13 [LOG] Request sent, transaction 2421, function 0x03, 12 bytes
2026-09-16 14:54:13 [LOG] Response received, transaction 2421, function 0x03, 4 bytes PDU
2026-09-16 14:54:13 [LOG] Reading 0x2430 = 0
2026-09-16 14:54:13 [LOG] Request sent, transaction 2422, function 0x03, 12 bytes
2026-09-16 14:54:13 [LOG] Response received, transaction 2422, function 0x03, 4 bytes PDU
2026-09-16 14:54:13 [LOG] Reading 0x2431 = 0
2026-09-16 14:54:13 [LOG] Request sent, transaction 2423, function 0x03, 12 bytes
2026-09-16 14:54:13 [LOG] Response received, transaction 2423, function 0x03, 4 bytes PDU
2026-09-16 14:54:13 [LOG] Reading 0x2432 = 0
2026-09-16 14:54:13 [LOG] Request sent, transaction 2424, function 0x03, 12 bytes
2026-09-16 14:54:13 [LOG] Response received, transaction 2424, function 0x03, 4 bytes PDU
2026-09-16 14:54:13 [LOG] Reading 0x2433 = 0
2026-09-16 14:54:13 [LOG] Request sent, transaction 2425, function 0x03, 12 bytes
2026-09-16 14:54:13 [LOG] Response received, transaction 2425, function 0x03, 4 bytes PDU
2026-09-16 14:54:13 [LOG] Reading 0x2434 = 0
2026-09-16 14:54:13 No connected clients to send
2026-09-16 14:54:33 [LOG] Request sent, transaction 2426, function 0x03, 12 bytes
2026-09-16 14:54:33 [LOG] Response received, transaction 2426, function 0x03, 4 bytes PDU
2026-09-16 14:54:33 [LOG] Reading 0x242c = 0
2026-09-16 14:54:33 [LOG] Request sent, transaction 2427, function 0x03, 12 bytes
2026-09-16 14:54:33 [LOG] Response received, transaction 2427, function 0x03, 4 bytes PDU
2026-09-16 14:54:33 [LOG] Reading 0x242d = 0
2026-09-16 14:54:33 [LOG] Request sent, transaction 2428, function 0x03, 12 bytes
2026-09-16 14:54:33 [LOG] Response received, transaction 2428, function 0x03, 4 bytes PDU
2026-09-16 14:54:33 [LOG] Reading 0x242e = 0
2026-09-16 14:54:33 [LOG] Request sent, transaction 2429, function 0x03, 12 bytes
2026-09-16 14:54:33 [LOG] Response received, transaction 2429, function 0x03, 4 bytes PDU
2026-09-16 14:54:33 [LOG] Reading 0x242f = 0
2026-09-16 14:54:33 [LOG] Request sent, transaction 2430, function 0x03, 12 bytes
2026-09-16 14:54:33 [LOG] Response received, transaction 2430, function 0x03, 4 bytes PDU
2026-09-16 14:54:33 [LOG] Reading 0x2430 = 0
2026-09-16 14:54:33 [LOG] Request sent, transaction 2431, function 0x03, 12 bytes
2026-09-16 14:54:33 [LOG] Response received, transaction 2431, function 0x03, 4 bytes PDU
2026-09-16 14:54:33 [LOG] Reading 0x2431 = 0
2026-09-16 14:54:33 [LOG] Request sent, transaction 2432, function 0x03, 12 bytes
2026-09-16 14:54:33 [LOG] Response received, transaction 2432, function 0x03, 4 bytes PDU
2026-09-16 14:54:33 [LOG] Reading 0x2432 = 0
2026-09-16 14:54:33 [LOG] Request sent, transaction 2433, function 0x03, 12 bytes
2026-09-16 14:54:33 [LOG] Response received, transaction 2433, function 0x03, 4 bytes PDU
2026-09-16 14:54:33 [LOG] Reading 0x2433 = 0
2026-09-16 14:54:33 [LOG] Request sent, transaction 2434, function 0x03, 12 bytes
2026-09-16 14:54:33 [LOG] Response received, transaction 2434, function 0x03, 4 bytes PDU
2026-09-16 14:54:33 [LOG] Reading 0x2434 = 0
2026-09-16 14:54:33 No connected clients to send
2026-09-16 14:54:53 [LOG] Request sent, transaction 2435, function 0x03, 12 bytes
2026-09-16 14:54:53 [LOG] Response received, transaction 2435, function 0x03, 4 bytes PDU
2026-09-16 14:54:53 [LOG] Reading 0x242c = 0
2026-09-16 14:54:53 [LOG] Request sent, transaction 2436, function 0x03, 12 bytes
2026-09-16 14:54:53 [LOG] Response received, transaction 2436, function 0x03, 4 bytes PDU
2026-09-16 14:54:53 [LOG] Reading 0x242d = 0
2026-09-16 14:54:53 [LOG] Request sent, transaction 2437, function 0x03, 12 bytes
2026-09-16 14:54:53 [LOG] Response received, transaction 2437, function 0x03, 4 bytes PDU
2026-09-16 14:54:53 [LOG] Reading 0x242e = 0
2026-09-16 14:54:53 [LOG] Request sent, transaction 2438, function 0x03, 12 bytes
2026-09-16 14:54:53 [LOG] Response received, transaction 2438, function 0x03, 4 bytes PDU
2026-09-16 14:54:53 [LOG] Reading 0x242f = 0
2026-09-16 14:54:53 [LOG] Request sent, transaction 2439, function 0x03, 12 bytes
2026-09-16 14:54:53 [LOG] Response received, transaction 2439, function 0x03, 4 bytes PDU
2026-09-16 14:54:53 [LOG] Reading 0x2430 = 0
2026-09-16 14:54:53 [LOG] Request sent, transaction 2440, function 0x03, 12 bytes
2026-09-16 14:54:53 [LOG] Response received, transaction 2440, function 0x03, 4 bytes PDU
2026-09-16 14:54:53 [LOG] Reading 0x2431 = 0
2026-09-16 14:54:53 [LOG] Request sent, transaction 2441, function 0x03, 12 bytes
2026-09-16 14:54:53 [LOG] Response received, transaction 2441, function 0x03, 4 bytes PDU
2026-09-16 14:54:53 [LOG] Reading 0x2432 = 0
2026-09-16 14:54:53 [LOG] Request sent, transaction 2442, function 0x03, 12 bytes
2026-09-16 14:54:53 [LOG] Response received, transaction 2442, function 0x03, 4 bytes PDU
2026-09-16 14:54:53 [LOG] Reading 0x2433 = 0
2026-09-16 14:54:53 [LOG] Request sent, transaction 2443, function 0x03, 12 bytes
2026-09-16 14:54:53 [LOG] Response received, transaction 2443, function 0x03, 4 bytes PDU
2026-09-16 14:54:53 [LOG] Reading 0x2434 = 0
2026-09-16 14:54:53 No connected clients to send
2026-09-16 14:55:13 [LOG] Request sent, transaction 2444, function 0x03, 12 bytes
2026-09-16 14:55:13 [LOG] Response received, transaction 2444, function 0x03, 4 bytes PDU
2026-09-16 14:55:13 [LOG] Reading 0x242c = 0
2026-09-16 14:55:13 [LOG] Request sent, transaction 2445, function 0x03, 12 bytes
2026-09-16 14:55:13 [LOG] Response received, transaction 2445, function 0x03, 4 bytes PDU
2026-09-16 14:55:13 [LOG] Reading 0x242d = 0
2026-09-16 14:55:13 [LOG] Request sent, transaction 2446, function 0x03, 12 bytes
2026-09-16 14:55:13 [LOG] Response received, transaction 2446, function 0x03, 4 bytes PDU
2026-09-16 14:55:13 [LOG] Reading 0x242e = 0
2026-09-16 14:55:13 [LOG] Request sent, transaction 2447, function 0x03, 12 bytes
2026-09-16 14:55:13 [LOG] Response received, transaction 2447, function 0x03, 4 bytes PDU
2026-09-16 14:55:13 [LOG] Reading 0x242f = 0
2026-09-16 14:55:13 [LOG] Request sent, transaction 2448, function 0x03, 12 bytes
2026-09-16 14:55:13 [LOG] Response received, transaction 2448, function 0x03, 4 bytes PDU
2026-09-16 14:55:13 [LOG] Reading 0x2430 = 0
2026-09-16 14:55:13 [LOG] Request sent, transaction 2449, function 0x03, 12 bytes
2026-09-16 14:55:13 [LOG] Response received, transaction 2449, function 0x03, 4 bytes PDU
2026-09-16 14:55:13 [LOG] Reading 0x2431 = 0
2026-09-16 14:55:13 [LOG] Request sent, transaction 2450, function 0x03, 12 bytes
2026-09-16 14:55:13 [LOG] Response received, transaction 2450, function 0x03, 4 bytes PDU
2026-09-16 14:55:13 [LOG] Reading 0x2432 = 0
2026-09-16 14:55:13 [LOG] Request sent, transaction 2451, function 0x03, 12 bytes
2026-09-16 14:55:13 [LOG] Response received, transaction 2451, function 0x03, 4 bytes PDU
2026-09-16 14:55:13 [LOG] Reading 0x2433 = 0
2026-09-16 14:55:13 [LOG] Request sent, transaction 2452, function 0x03, 12 bytes
2026-09-16 14:55:13 [LOG] Response received, transaction 2452, function 0x03, 4 bytes PDU
2026-09-16 14:55:13 [LOG] Reading 0x2434 = 0
2026-09-16 14:55:13 No connected clients to send
2026-09-16 14:55:33 [LOG] Request sent, transaction 2453, function 0x03, 12 bytes
2026-09-16 14:55:33 [LOG] Response received, transaction 2453, function 0x03, 4 bytes PDU
2026-09-16 14:55:33 [LOG] Reading 0x242c = 0
2026-09-16 14:55:33 [LOG] Request sent, transaction 2454, function 0x03, 12 bytes
2026-09-16 14:55:33 [LOG] Response received, transaction 2454, function 0x03, 4 bytes PDU
2026-09-16 14:55:33 [LOG] Reading 0x242d = 0
2026-09-16 14:55:33 [LOG] Request sent, transaction 2455, function 0x03, 12 bytes
2026-09-16 14:55:33 [LOG] Response received, transaction 2455, function 0x03, 4 bytes PDU
2026-09-16 14:55:33 [LOG] Reading 0x242e = 0
2026-09-16 14:55:33 [LOG] Request sent, transaction 2456, function 0x03, 12 bytes
2026-09-16 14:55:33 [LOG] Response received, transaction 2456, function 0x03, 4 bytes PDU
2026-09-16 14:55:33 [LOG] Reading 0x242f = 0
2026-09-16 14:55:33 [LOG] Request sent, transaction 2457, function 0x03, 12 bytes
2026-09-16 14:55:33 [LOG] Response received, transaction 2457, function 0x03, 4 bytes PDU
2026-09-16 14:55:33 [LOG] Reading 0x2430 = 0
2026-09-16 14:55:33 [LOG] Request sent, transaction 2458, function 0x03, 12 bytes
2026-09-16 14:55:33 [LOG] Response received, transaction 2458, function 0x03, 4 bytes PDU
2026-09-16 14:55:33 [LOG] Reading 0x2431 = 0
2026-09-16 14:55:33 [LOG] Request sent, transaction 2459, function 0x03, 12 bytes
2026-09-16 14:55:33 [LOG] Response received, transaction 2459, function 0x03, 4 bytes PDU
2026-09-16 14:55:33 [LOG] Reading 0x2432 = 0
2026-09-16 14:55:33 [LOG] Request sent, transaction 2460, function 0x03, 12 bytes
2026-09-16 14:55:33 [LOG] Response received, transaction 2460, function 0x03, 4 bytes PDU
2026-09-16 14:55:33 [LOG] Reading 0x2433 = 0
2026-09-16 14:55:33 [LOG] Request sent, transaction 2461, function 0x03, 12 bytes
2026-09-16 14:55:33 [LOG] Response received, transaction 2461, function 0x03, 4 bytes PDU
2026-09-16 14:55:33 [LOG] Reading 0x2434 = 0
2026-09-16 14:55:33 No connected clients to send
2026-09-16 14:55:53 [LOG] Request sent, transaction 2462, function 0x03, 12 bytes
2026-09-16 14:55:53 [LOG] Response received, transaction 2462, function 0x03, 4 bytes PDU
2026-09-16 14:55:53 [LOG] Reading 0x242c = 0
2026-09-16 14:55:53 [LOG] Request sent, transaction 2463, function 0x03, 12 bytes
2026-09-16 14:55:53 [LOG] Response received, transaction 2463, function 0x03, 4 bytes PDU
2026-09-16 14:55:53 [LOG] Reading 0x242d = 0
2026-09-16 14:55:53 [LOG] Request sent, transaction 2464, function 0x03, 12 bytes
2026-09-16 14:55:53 [LOG] Response received, transaction 2464, function 0x03, 4 bytes PDU
2026-09-16 14:55:53 [LOG] Reading 0x242e = 0
2026-09-16 14:55:53 [LOG] Request sent, transaction 2465, function 0x03, 12 bytes
2026-09-16 14:55:53 [LOG] Response received, transaction 2465, function 0x03, 4 bytes PDU
2026-09-16 14:55:53 [LOG] Reading 0x242f = 0
2026-09-16 14:55:53 [LOG] Request sent, transaction 2466, function 0x03, 12 bytes
2026-09-16 14:55:53 [LOG] Response received, transaction 2466, function 0x03, 4 bytes PDU
2026-09-16 14:55:53 [LOG] Reading 0x2430 = 0
2026-09-16 14:55:53 [LOG] Request sent, transaction 2467, function 0x03, 12 bytes
2026-09-16 14:55:53 [LOG] Response received, transaction 2467, function 0x03, 4 bytes PDU
2026-09-16 14:55:53 [LOG] Reading 0x2431 = 0
2026-09-16 14:55:53 [LOG] Request sent, transaction 2468, function 0x03, 12 bytes
2026-09-16 14:55:53 [LOG] Response received, transaction 2468, function 0x03, 4 bytes PDU
2026-09-16 14:55:53 [LOG] Reading 0x2432 = 0
2026-09-16 14:55:53 [LOG] Request sent, transaction 2469, function 0x03, 12 bytes
2026-09-16 14:55:53 [LOG] Response received, transaction 2469, function 0x03, 4 bytes PDU
2026-09-16 14:55:53 [LOG] Reading 0x2433 = 0
2026-09-16 14:55:53 [LOG] Request sent, transaction 2470, function 0x03, 12 bytes
2026-09-16 14:55:53 [LOG] Response received, transaction 2470, function 0x03, 4 bytes PDU
2026-09-16 14:55:53 [LOG] Reading 0x2434 = 0
2026-09-16 14:55:53 No connected clients to send
2026-09-16 14:56:13 [LOG] Request sent, transaction 2471, function 0x03, 12 bytes
2026-09-16 14:56:13 [LOG] Response received, transaction 2471, function 0x03, 4 bytes PDU
2026-09-16 14:56:13 [LOG] Reading 0x242c = 0
2026-09-16 14:56:13 [LOG] Request sent, transaction 2472, function 0x03, 12 bytes
2026-09-16 14:56:13 [LOG] Response received, transaction 2472, function 0x03, 4 bytes PDU
2026-09-16 14:56:13 [LOG] Reading 0x242d = 0
2026-09-16 14:56:13 [LOG] Request sent, transaction 2473, function 0x03, 12 bytes
2026-09-16 14:56:13 [LOG] Response received, transaction 2473, function 0x03, 4 bytes PDU
2026-09-16 14:56:13 [LOG] Reading 0x242e = 0
2026-09-16 14:56:13 [LOG] Request sent, transaction 2474, function 0x03, 12 bytes
2026-09-16 14:56:13 [LOG] Response received, transaction 2474, function 0x03, 4 bytes PDU
2026-09-16 14:56:13 [LOG] Reading 0x242f = 0
2026-09-16 14:56:13 [LOG] Request sent, transaction 2475, function 0x03, 12 bytes
2026-09-16 14:56:13 [LOG] Response received, transaction 2475, function 0x03, 4 bytes PDU
2026-09-16 14:56:13 [LOG] Reading 0x2430 = 0
2026-09-16 14:56:13 [LOG] Request sent, transaction 2476, function 0x03, 12 bytes
2026-09-16 14:56:13 [LOG] Response received, transaction 2476, function 0x03, 4 bytes PDU
2026-09-16 14:56:13 [LOG] Reading 0x2431 = 0
2026-09-16 14:56:13 [LOG] Request sent, transaction 2477, function 0x03, 12 bytes
2026-09-16 14:56:13 [LOG] Response received, transaction 2477, function 0x03, 4 bytes PDU
2026-09-16 14:56:13 [LOG] Reading 0x2432 = 0
2026-09-16 14:56:13 [LOG] Request sent, transaction 2478, function 0x03, 12 bytes
2026-09-16 14:56:13 [LOG] Response received, transaction 2478, function 0x03, 4 bytes PDU
2026-09-16 14:56:13 [LOG] Reading 0x2433 = 0
2026-09-16 14:56:13 [LOG] Request sent, transaction 2479, function 0x03, 12 bytes
2026-09-16 14:56:13 [LOG] Response received, transaction 2479, function 0x03, 4 bytes PDU
2026-09-16 14:56:13 [LOG] Reading 0x2434 = 0
2026-09-16 14:56:13 No connected clients to send
2026-09-16 14:56:33 [LOG] Request sent, transaction 2480, function 0x03, 12 bytes
2026-09-16 14:56:33 [LOG] Response received, transaction 2480, function 0x03, 4 bytes PDU
2026-09-16 14:56:33 [LOG] Reading 0x242c = 0
2026-09-16 14:56:33 [LOG] Request sent, transaction 2481, function 0x03, 12 bytes
2026-09-16 14:56:33 [LOG] Response received, transaction 2481, function 0x03, 4 bytes PDU
2026-09-16 14:56:33 [LOG] Reading 0x242d = 0
2026-09-16 14:56:33 [LOG] Request sent, transaction 2482, function 0x03, 12 bytes
2026-09-16 14:56:33 [LOG] Response received, transaction 2482, function 0x03, 4 bytes PDU
2026-09-16 14:56:33 [LOG] Reading 0x242e = 0
2026-09-16 14:56:33 [LOG] Request sent, transaction 2483, function 0x03, 12 bytes
2026-09-16 14:56:33 [LOG] Response received, transaction 2483, function 0x03, 4 bytes PDU
2026-09-16 14:56:33 [LOG] Reading 0x242f = 0
2026-09-16 14:56:33 [LOG] Request sent, transaction 2484, function 0x03, 12 bytes
2026-09-16 14:56:33 [LOG] Response received, transaction 2484, function 0x03, 4 bytes PDU
2026-09-16 14:56:33 [LOG] Reading 0x2430 = 0
2026-09-16 14:56:33 [LOG] Request sent, transaction 2485, function 0x03, 12 bytes
2026-09-16 14:56:33 [LOG] Response received, transaction 2485, function 0x03, 4 bytes PDU
2026-09-16 14:56:33 [LOG] Reading 0x2431 = 0
2026-09-16 14:56:33 [LOG] Request sent, transaction 2486, function 0x03, 12 bytes
2026-09-16 14:56:33 [LOG] Response received, transaction 2486, function 0x03, 4 bytes PDU
2026-09-16 14:56:33 [LOG] Reading 0x2432 = 0
2026-09-16 14:56:33 [LOG] Request sent, transaction 2487, function 0x03, 12 bytes
2026-09-16 14:56:33 [LOG] Response received, transaction 2487, function 0x03, 4 bytes PDU
2026-09-16 14:56:33 [LOG] Reading 0x2433 = 0
2026-09-16 14:56:33 [LOG] Request sent, transaction 2488, function 0x03, 12 bytes
2026-09-16 14:56:33 [LOG] Response received, transaction 2488, function 0x03, 4 bytes PDU
2026-09-16 14:56:33 [LOG] Reading 0x2434 = 0
2026-09-16 14:56:33 No connected clients to send
2026-09-16 14:56:53 [LOG] Request sent, transaction 2489, function 0x03, 12 bytes
2026-09-16 14:56:53 [LOG] Response received, transaction 2489, function 0x03, 4 bytes PDU
2026-09-16 14:56:53 [LOG] Reading 0x242c = 0
2026-09-16 14:56:53 [LOG] Request sent, transaction 2490, function 0x03, 12 bytes
2026-09-16 14:56:53 [LOG] Response received, transaction 2490, function 0x03, 4 bytes PDU
2026-09-16 14:56:53 [LOG] Reading 0x242d = 0
2026-09-16 14:56:53 [LOG] Request sent, transaction 2491, function 0x03, 12 bytes
2026-09-16 14:56:53 [LOG] Response received, transaction 2491, function 0x03, 4 bytes PDU
2026-09-16 14:56:53 [LOG] Reading 0x242e = 0
2026-09-16 14:56:53 [LOG] Request sent, transaction 2492, function 0x03, 12 bytes
2026-09-16 14:56:53 [LOG] Response received, transaction 2492, function 0x03, 4 bytes PDU
2026-09-16 14:56:53 [LOG] Reading 0x242f = 0
2026-09-16 14:56:53 [LOG] Request sent, transaction 2493, function 0x03, 12 bytes
2026-09-16 14:56:53 [LOG] Response received, transaction 2493, function 0x03, 4 bytes PDU
2026-09-16 14:56:53 [LOG] Reading 0x2430 = 0
2026-09-16 14:56:53 [LOG] Request sent, transaction 2494, function 0x03, 12 bytes
2026-09-16 14:56:53 [LOG] Response received, transaction 2494, function 0x03, 4 bytes PDU
2026-09-16 14:56:53 [LOG] Reading 0x2431 = 0
2026-09-16 14:56:53 [LOG] Request sent, transaction 2495, function 0x03, 12 bytes
2026-09-16 14:56:53 [LOG] Response received, transaction 2495, function 0x03, 4 bytes PDU
2026-09-16 14:56:53 [LOG] Reading 0x2432 = 0
2026-09-16 14:56:53 [LOG] Request sent, transaction 2496, function 0x03, 12 bytes
2026-09-16 14:56:53 [LOG] Response received, transaction 2496, function 0x03, 4 bytes PDU
2026-09-16 14:56:53 [LOG] Reading 0x2433 = 0
2026-09-16 14:56:53 [LOG] Request sent, transaction 2497, function 0x03, 12 bytes
2026-09-16 14:56:53 [LOG] Response received, transaction 2497, function 0x03, 4 bytes PDU
2026-09-16 14:56:53 [LOG] Reading 0x2434 = 0
2026-09-16 14:56:53 No connected clients to send
2026-09-16 14:57:13 [LOG] Request sent, transaction 2498, function 0x03, 12 bytes
2026-09-16 14:57:13 [LOG] Response received, transaction 2498, function 0x03, 4 bytes PDU
2026-09-16 14:57:13 [LOG] Reading 0x242c = 0
2026-09-16 14:57:13 [LOG] Request sent, transaction 2499, function 0x03, 12 bytes
2026-09-16 14:57:13 [LOG] Response received, transaction 2499, function 0x03, 4 bytes PDU
2026-09-16 14:57:13 [LOG] Reading 0x242d = 0
2026-09-16 14:57:13 [LOG] Request sent, transaction 2500, function 0x03, 12 bytes
2026-09-16 14:57:13 [LOG] Response received, transaction 2500, function 0x03, 4 bytes PDU
2026-09-16 14:57:13 [LOG] Reading 0x242e = 0
2026-09-16 14:57:13 [LOG] Request sent, transaction 2501, function 0x03, 12 bytes
2026-09-16 14:57:13 [LOG] Response received, transaction 2501, function 0x03, 4 bytes PDU
2026-09-16 14:57:13 [LOG] Reading 0x242f = 0
2026-09-16 14:57:13 [LOG] Request sent, transaction 2502, function 0x03, 12 bytes
2026-09-16 14:57:13 [LOG] Response received, transaction 2502, function 0x03, 4 bytes PDU
2026-09-16 14:57:13 [LOG] Reading 0x2430 = 0
2026-09-16 14:57:13 [LOG] Request sent, transaction 2503, function 0x03, 12 bytes
2026-09-16 14:57:13 [LOG] Response received, transaction 2503, function 0x03, 4 bytes PDU
2026-09-16 14:57:13 [LOG] Reading 0x2431 = 0
2026-09-16 14:57:13 [LOG] Request sent, transaction 2504, function 0x03, 12 bytes
2026-09-16 14:57:13 [LOG] Response received, transaction 2504, function 0x03, 4 bytes PDU
2026-09-16 14:57:13 [LOG] Reading 0x2432 = 0
2026-09-16 14:57:13 [LOG] Request sent, transaction 2505, function 0x03, 12 bytes
2026-09-16 14:57:13 [LOG] Response received, transaction 2505, function 0x03, 4 bytes PDU
2026-09-16 14:57:13 [LOG] Reading 0x2433 = 0
2026-09-16 14:57:13 [LOG] Request sent, transaction 2506, function 0x03, 12 bytes
2026-09-16 14:57:13 [LOG] Response received, transaction 2506, function 0x03, 4 bytes PDU
2026-09-16 14:57:13 [LOG] Reading 0x2434 = 0
2026-09-16 14:57:13 No connected clients to send
2026-09-16 14:57:33 [LOG] Request sent, transaction 2507, function 0x03, 12 bytes
2026-09-16 14:57:33 [LOG] Response received, transaction 2507, function 0x03, 4 bytes PDU
2026-09-16 14:57:33 [LOG] Reading 0x242c = 0
2026-09-16 14:57:33 [LOG] Request sent, transaction 2508, function 0x03, 12 bytes
2026-09-16 14:57:33 [LOG] Response received, transaction 2508, function 0x03, 4 bytes PDU
2026-09-16 14:57:33 [LOG] Reading 0x242d = 0
2026-09-16 14:57:33 [LOG] Request sent, transaction 2509, function 0x03, 12 bytes
2026-09-16 14:57:33 [LOG] Response received, transaction 2509, function 0x03, 4 bytes PDU
2026-09-16 14:57:33 [LOG] Reading 0x242e = 0
2026-09-16 14:57:33 [LOG] Request sent, transaction 2510, function 0x03, 12 bytes
2026-09-16 14:57:33 [LOG] Response received, transaction 2510, function 0x03, 4 bytes PDU
2026-09-16 14:57:33 [LOG] Reading 0x242f = 0
2026-09-16 14:57:33 [LOG] Request sent, transaction 2511, function 0x03, 12 bytes
2026-09-16 14:57:33 [LOG] Response received, transaction 2511, function 0x03, 4 bytes PDU
2026-09-16 14:57:33 [LOG] Reading 0x2430 = 0
2026-09-16 14:57:33 [LOG] Request sent, transaction 2512, function 0x03, 12 bytes
2026-09-16 14:57:33 [LOG] Response received, transaction 2512, function 0x03, 4 bytes PDU
2026-09-16 14:57:33 [LOG] Reading 0x2431 = 0
2026-09-16 14:57:33 [LOG] Request sent, transaction 2513, function 0x03, 12 bytes
2026-09-16 14:57:33 [LOG] Response received, transaction 2513, function 0x03, 4 bytes PDU
2026-09-16 14:57:33 [LOG] Reading 0x2432 = 0
2026-09-16 14:57:33 [LOG] Request sent, transaction 2514, function 0x03, 12 bytes
2026-09-16 14:57:33 [LOG] Response received, transaction 2514, function 0x03, 4 bytes PDU
2026-09-16 14:57:33 [LOG] Reading 0x2433 = 0
2026-09-16 14:57:33 [LOG] Request sent, transaction 2515, function 0x03, 12 bytes
2026-09-16 14:57:33 [LOG] Response received, transaction 2515, function 0x03, 4 bytes PDU
2026-09-16 14:57:33 [LOG] Reading 0x2434 = 0
2026-09-16 14:57:33 No connected clients to send
2026-09-16 14:57:53 [LOG] Request sent, transaction 2516, function 0x03, 12 bytes
2026-09-16 14:57:53 [LOG] Response received, transaction 2516, function 0x03, 4 bytes PDU
2026-09-16 14:57:53 [LOG] Reading 0x242c = 0
2026-09-16 14:57:53 [LOG] Request sent, transaction 2517, function 0x03, 12 bytes
2026-09-16 14:57:53 [LOG] Response received, transaction 2517, function 0x03, 4 bytes PDU
2026-09-16 14:57:53 [LOG] Reading 0x242d = 0
2026-09-16 14:57:53 [LOG] Request sent, transaction 2518, function 0x03, 12 bytes
2026-09-16 14:57:53 [LOG] Response received, transaction 2518, function 0x03, 4 bytes PDU
2026-09-16 14:57:53 [LOG] Reading 0x242e = 0
2026-09-16 14:57:53 [LOG] Request sent, transaction 2519, function 0x03, 12 bytes
2026-09-16 14:57:53 [LOG] Response received, transaction 2519, function 0x03, 4 bytes PDU
2026-09-16 14:57:53 [LOG] Reading 0x242f = 0
2026-09-16 14:57:53 [LOG] Request sent, transaction 2520, function 0x03, 12 bytes
2026-09-16 14:57:53 [LOG] Response received, transaction 2520, function 0x03, 4 bytes PDU
2026-09-16 14:57:53 [LOG] Reading 0x2430 = 0
2026-09-16 14:57:53 [LOG] Request sent, transaction 2521, function 0x03, 12 bytes
2026-09-16 14:57:53 [LOG] Response received, transaction 2521, function 0x03, 4 bytes PDU
2026-09-16 14:57:53 [LOG] Reading 0x2431 = 0
2026-09-16 14:57:53 [LOG] Request sent, transaction 2522, function 0x03, 12 bytes
2026-09-16 14:57:53 [LOG] Response received, transaction 2522, function 0x03, 4 bytes PDU
2026-09-16 14:57:53 [LOG] Reading 0x2432 = 0
2026-09-16 14:57:53 [LOG] Request sent, transaction 2523, function 0x03, 12 bytes
2026-09-16 14:57:53 [LOG] Response received, transaction 2523, function 0x03, 4 bytes PDU
2026-09-16 14:57:53 [LOG] Reading 0x2433 = 0
2026-09-16 14:57:53 [LOG] Request sent, transaction 2524, function 0x03, 12 bytes
2026-09-16 14:57:53 [LOG] Response received, transaction 2524, function 0x03, 4 bytes PDU
2026-09-16 14:57:53 [LOG] Reading 0x2434 = 0
2026-09-16 14:57:53 No connected clients to send
2026-09-16 14:58:13 [LOG] Request sent, transaction 2525, function 0x03, 12 bytes
2026-09-16 14:58:13 [LOG] Response received, transaction 2525, function 0x03, 4 bytes PDU
2026-09-16 14:58:13 [LOG] Reading 0x242c = 0
2026-09-16 14:58:13 [LOG] Request sent, transaction 2526, function 0x03, 12 bytes
2026-09-16 14:58:13 [LOG] Response received, transaction 2526, function 0x03, 4 bytes PDU
2026-09-16 14:58:13 [LOG] Reading 0x242d = 0
2026-09-16 14:58:13 [LOG] Request sent, transaction 2527, function 0x03, 12 bytes
2026-09-16 14:58:13 [LOG] Response received, transaction 2527, function 0x03, 4 bytes PDU
2026-09-16 14:58:13 [LOG] Reading 0x242e = 0
2026-09-16 14:58:13 [LOG] Request sent, transaction 2528, function 0x03, 12 bytes
2026-09-16 14:58:13 [LOG] Response received, transaction 2528, function 0x03, 4 bytes PDU
2026-09-16 14:58:13 [LOG] Reading 0x242f = 0
2026-09-16 14:58:13 [LOG] Request sent, transaction 2529, function 0x03, 12 bytes
2026-09-16 14:58:13 [LOG] Response received, transaction 2529, function 0x03, 4 bytes PDU
2026-09-16 14:58:13 [LOG] Reading 0x2430 = 0
2026-09-16 14:58:13 [LOG] Request sent, transaction 2530, function 0x03, 12 bytes
2026-09-16 14:58:13 [LOG] Response received, transaction 2530, function 0x03, 4 bytes PDU
2026-09-16 14:58:13 [LOG] Reading 0x2431 = 0
2026-09-16 14:58:13 [LOG] Request sent, transaction 2531, function 0x03, 12 bytes
2026-09-16 14:58:13 [LOG] Response received, transaction 2531, function 0x03, 4 bytes PDU
2026-09-16 14:58:13 [LOG] Reading 0x2432 = 0
2026-09-16 14:58:13 [LOG] Request sent, transaction 2532, function 0x03, 12 bytes
2026-09-16 14:58:13 [LOG] Response received, transaction 2532, function 0x03, 4 bytes PDU
2026-09-16 14:58:13 [LOG] Reading 0x2433 = 0
2026-09-16 14:58:13 [LOG] Request sent, transaction 2533, function 0x03, 12 bytes
2026-09-16 14:58:13 [LOG] Response received, transaction 2533, function 0x03, 4 bytes PDU
2026-09-16 14:58:13 [LOG] Reading 0x2434 = 0
2026-09-16 14:58:13 No connected clients to send
2026-09-16 14:58:33 [LOG] Request sent, transaction 2534, function 0x03, 12 bytes
2026-09-16 14:58:33 [LOG] Response received, transaction 2534, function 0x03, 4 bytes PDU
2026-09-16 14:58:33 [LOG] Reading 0x242c = 0
2026-09-16 14:58:33 [LOG] Request sent, transaction 2535, function 0x03, 12 bytes
2026-09-16 14:58:33 [LOG] Response received, transaction 2535, function 0x03, 4 bytes PDU
2026-09-16 14:58:33 [LOG] Reading 0x242d = 0
2026-09-16 14:58:33 [LOG] Request sent, transaction 2536, function 0x03, 12 bytes
2026-09-16 14:58:33 [LOG] Response received, transaction 2536, function 0x03, 4 bytes PDU
2026-09-16 14:58:33 [LOG] Reading 0x242e = 0
2026-09-16 14:58:33 [LOG] Request sent, transaction 2537, function 0x03, 12 bytes
2026-09-16 14:58:33 [LOG] Response received, transaction 2537, function 0x03, 4 bytes PDU
2026-09-16 14:58:33 [LOG] Reading 0x242f = 0
2026-09-16 14:58:33 [LOG] Request sent, transaction 2538, function 0x03, 12 bytes
2026-09-16 14:58:33 [LOG] Response received, transaction 2538, function 0x03, 4 bytes PDU
2026-09-16 14:58:33 [LOG] Reading 0x2430 = 0
2026-09-16 14:58:33 [LOG] Request sent, transaction 2539, function 0x03, 12 bytes
2026-09-16 14:58:33 [LOG] Response received, transaction 2539, function 0x03, 4 bytes PDU
2026-09-16 14:58:33 [LOG] Reading 0x2431 = 0
2026-09-16 14:58:33 [LOG] Request sent, transaction 2540, function 0x03, 12 bytes
2026-09-16 14:58:33 [LOG] Response received, transaction 2540, function 0x03, 4 bytes PDU
2026-09-16 14:58:33 [LOG] Reading 0x2432 = 0
2026-09-16 14:58:33 [LOG] Request sent, transaction 2541, function 0x03, 12 bytes
2026-09-16 14:58:33 [LOG] Response received, transaction 2541, function 0x03, 4 bytes PDU
2026-09-16 14:58:33 [LOG] Reading 0x2433 = 0
2026-09-16 14:58:33 [LOG] Request sent, transaction 2542, function 0x03, 12 bytes
2026-09-16 14:58:33 [LOG] Response received, transaction 2542, function 0x03, 4 bytes PDU
2026-09-16 14:58:33 [LOG] Reading 0x2434 = 0
2026-09-16 14:58:33 No connected clients to send
2026-09-16 14:58:53 [LOG] Request sent, transaction 2543, function 0x03, 12 bytes
2026-09-16 14:58:53 [LOG] Response received, transaction 2543, function 0x03, 4 bytes PDU
2026-09-16 14:58:53 [LOG] Reading 0x242c = 0
2026-09-16 14:58:53 [LOG] Request sent, transaction 2544, function 0x03, 12 bytes
2026-09-16 14:58:53 [LOG] Response received, transaction 2544, function 0x03, 4 bytes PDU
2026-09-16 14:58:53 [LOG] Reading 0x242d = 0
2026-09-16 14:58:53 [LOG] Request sent, transaction 2545, function 0x03, 12 bytes
2026-09-16 14:58:53 [LOG] Response received, transaction 2545, function 0x03, 4 bytes PDU
2026-09-16 14:58:53 [LOG] Reading 0x242e = 0
2026-09-16 14:58:53 [LOG] Request sent, transaction 2546, function 0x03, 12 bytes
2026-09-16 14:58:53 [LOG] Response received, transaction 2546, function 0x03, 4 bytes PDU
2026-09-16 14:58:53 [LOG] Reading 0x242f = 0
2026-09-16 14:58:53 [LOG] Request sent, transaction 2547, function 0x03, 12 bytes
2026-09-16 14:58:53 [LOG] Response received, transaction 2547, function 0x03, 4 bytes PDU
2026-09-16 14:58:53 [LOG] Reading 0x2430 = 0
2026-09-16 14:58:53 [LOG] Request sent, transaction 2548, function 0x03, 12 bytes
2026-09-16 14:58:53 [LOG] Response received, transaction 2548, function 0x03, 4 bytes PDU
2026-09-16 14:58:53 [LOG] Reading 0x2431 = 0
2026-09-16 14:58:53 [LOG] Request sent, transaction 2549, function 0x03, 12 bytes
2026-09-16 14:58:53 [LOG] Response received, transaction 2549, function 0x03, 4 bytes PDU
2026-09-16 14:58:53 [LOG] Reading 0x2432 = 0
2026-09-16 14:58:53 [LOG] Request sent, transaction 2550, function 0x03, 12 bytes
2026-09-16 14:58:53 [LOG] Response received, transaction 2550, function 0x03, 4 bytes PDU
2026-09-16 14:58:53 [LOG] Reading 0x2433 = 0
2026-09-16 14:58:53 [LOG] Request sent, transaction 2551, function 0x03, 12 bytes
2026-09-16 14:58:53 [LOG] Response received, transaction 2551, function 0x03, 4 bytes PDU
2026-09-16 14:58:53 [LOG] Reading 0x2434 = 0
2026-09-16 14:58:53 No connected clients to send
2026-09-16 14:59:13 [LOG] Request sent, transaction 2552, function 0x03, 12 bytes
2026-09-16 14:59:13 [LOG] Response received, transaction 2552, function 0x03, 4 bytes PDU
2026-09-16 14:59:13 [LOG] Reading 0x242c = 0
2026-09-16 14:59:13 [LOG] Request sent, transaction 2553, function 0x03, 12 bytes
2026-09-16 14:59:13 [LOG] Response received, transaction 2553, function 0x03, 4 bytes PDU
2026-09-16 14:59:13 [LOG] Reading 0x242d = 0
2026-09-16 14:59:13 [LOG] Request sent, transaction 2554, function 0x03, 12 bytes
2026-09-16 14:59:13 [LOG] Response received, transaction 2554, function 0x03, 4 bytes PDU
2026-09-16 14:59:13 [LOG] Reading 0x242e = 0
2026-09-16 14:59:13 [LOG] Request sent, transaction 2555, function 0x03, 12 bytes
2026-09-16 14:59:13 [LOG] Response received, transaction 2555, function 0x03, 4 bytes PDU
2026-09-16 14:59:13 [LOG] Reading 0x242f = 0
2026-09-16 14:59:13 [LOG] Request sent, transaction 2556, function 0x03, 12 bytes
2026-09-16 14:59:13 [LOG] Response received, transaction 2556, function 0x03, 4 bytes PDU
2026-09-16 14:59:13 [LOG] Reading 0x2430 = 0
2026-09-16 14:59:13 [LOG] Request sent, transaction 2557, function 0x03, 12 bytes
2026-09-16 14:59:13 [LOG] Response received, transaction 2557, function 0x03, 4 bytes PDU
2026-09-16 14:59:13 [LOG] Reading 0x2431 = 0
2026-09-16 14:59:13 [LOG] Request sent, transaction 2558, function 0x03, 12 bytes
2026-09-16 14:59:13 [LOG] Response received, transaction 2558, function 0x03, 4 bytes PDU
2026-09-16 14:59:13 [LOG] Reading 0x2432 = 0
2026-09-16 14:59:13 [LOG] Request sent, transaction 2559, function 0x03, 12 bytes
2026-09-16 14:59:13 [LOG] Response received, transaction 2559, function 0x03, 4 bytes PDU
2026-09-16 14:59:13 [LOG] Reading 0x2433 = 0
2026-09-16 14:59:13 [LOG] Request sent, transaction 2560, function 0x03, 12 bytes
2026-09-16 14:59:13 [LOG] Response received, transaction 2560, function 0x03, 4 bytes PDU
2026-09-16 14:59:13 [LOG] Reading 0x2434 = 0
2026-09-16 14:59:13 No connected clients to send
2026-09-16 14:59:33 [LOG] Request sent, transaction 2561, function 0x03, 12 bytes
2026-09-16 14:59:33 [LOG] Response received, transaction 2561, function 0x03, 4 bytes PDU
2026-09-16 14:59:33 [LOG] Reading 0x242c = 0
2026-09-16 14:59:33 [LOG] Request sent, transaction 2562, function 0x03, 12 bytes
2026-09-16 14:59:33 [LOG] Response received, transaction 2562, function 0x03, 4 bytes PDU
2026-09-16 14:59:33 [LOG] Reading 0x242d = 0
2026-09-16 14:59:33 [LOG] Request sent, transaction 2563, function 0x03, 12 bytes
2026-09-16 14:59:33 [LOG] Response received, transaction 2563, function 0x03, 4 bytes PDU
2026-09-16 14:59:33 [LOG] Reading 0x242e = 0
2026-09-16 14:59:33 [LOG] Request sent, transaction 2564, function 0x03, 12 bytes
2026-09-16 14:59:33 [LOG] Response received, transaction 2564, function 0x03, 4 bytes PDU
2026-09-16 14:59:33 [LOG] Reading 0x242f = 0
2026-09-16 14:59:33 [LOG] Request sent, transaction 2565, function 0x03, 12 bytes
2026-09-16 14:59:33 [LOG] Response received, transaction 2565, function 0x03, 4 bytes PDU
2026-09-16 14:59:33 [LOG] Reading 0x2430 = 0
2026-09-16 14:59:33 [LOG] Request sent, transaction 2566, function 0x03, 12 bytes
2026-09-16 14:59:33 [LOG] Response received, transaction 2566, function 0x03, 4 bytes PDU
2026-09-16 14:59:33 [LOG] Reading 0x2431 = 0
2026-09-16 14:59:33 [LOG] Request sent, transaction 2567, function 0x03, 12 bytes
2026-09-16 14:59:33 [LOG] Response received, transaction 2567, function 0x03, 4 bytes PDU
2026-09-16 14:59:33 [LOG] Reading 0x2432 = 0
2026-09-16 14:59:33 [LOG] Request sent, transaction 2568, function 0x03, 12 bytes
2026-09-16 14:59:33 [LOG] Response received, transaction 2568, function 0x03, 4 bytes PDU
2026-09-16 14:59:33 [LOG] Reading 0x2433 = 0
2026-09-16 14:59:33 [LOG] Request sent, transaction 2569, function 0x03, 12 bytes
2026-09-16 14:59:33 [LOG] Response received, transaction 2569, function 0x03, 4 bytes PDU
2026-09-16 14:59:33 [LOG] Reading 0x2434 = 0
2026-09-16 14:59:33 No connected clients to send
2026-09-16 14:59:53 [LOG] Request sent, transaction 2570, function 0x03, 12 bytes
2026-09-16 14:59:53 [LOG] Response received, transaction 2570, function 0x03, 4 bytes PDU
2026-09-16 14:59:53 [LOG] Reading 0x242c = 0
2026-09-16 14:59:53 [LOG] Request sent, transaction 2571, function 0x03, 12 bytes
2026-09-16 14:59:53 [LOG] Response received, transaction 2571, function 0x03, 4 bytes PDU
2026-09-16 14:59:53 [LOG] Reading 0x242d = 0
2026-09-16 14:59:53 [LOG] Request sent, transaction 2572, function 0x03, 12 bytes
2026-09-16 14:59:53 [LOG] Response received, transaction 2572, function 0x03, 4 bytes PDU
2026-09-16 14:59:53 [LOG] Reading 0x242e = 0
2026-09-16 14:59:53 [LOG] Request sent, transaction 2573, function 0x03, 12 bytes
2026-09-16 14:59:53 [LOG] Response received, transaction 2573, function 0x03, 4 bytes PDU
2026-09-16 14:59:53 [LOG] Reading 0x242f = 0
2026-09-16 14:59:53 [LOG] Request sent, transaction 2574, function 0x03, 12 bytes
2026-09-16 14:59:53 [LOG] Response received, transaction 2574, function 0x03, 4 bytes PDU
2026-09-16 14:59:53 [LOG] Reading 0x2430 = 0
2026-09-16 14:59:53 [LOG] Request sent, transaction 2575, function 0x03, 12 bytes
2026-09-16 14:59:53 [LOG] Response received, transaction 2575, function 0x03, 4 bytes PDU
2026-09-16 14:59:53 [LOG] Reading 0x2431 = 0
2026-09-16 14:59:53 [LOG] Request sent, transaction 2576, function 0x03, 12 bytes
2026-09-16 14:59:53 [LOG] Response received, transaction 2576, function 0x03, 4 bytes PDU
2026-09-16 14:59:53 [LOG] Reading 0x2432 = 0
2026-09-16 14:59:53 [LOG] Request sent, transaction 2577, function 0x03, 12 bytes
2026-09-16 14:59:53 [LOG] Response received, transaction 2577, function 0x03, 4 bytes PDU
2026-09-16 14:59:53 [LOG] Reading 0x2433 = 0
2026-09-16 14:59:53 [LOG] Request sent, transaction 2578, function 0x03, 12 bytes
2026-09-16 14:59:53 [LOG] Response received, transaction 2578, function 0x03, 4 bytes PDU
2026-09-16 14:59:53 [LOG] Reading 0x2434 = 0
2026-09-16 14:59:53 No connected clients to send
2026-09-16 15:00:13 [LOG] Request sent, transaction 2579, function 0x03, 12 bytes
2026-09-16 15:00:13 [LOG] Response received, transaction 2579, function 0x03, 4 bytes PDU
2026-09-16 15:00:13 [LOG] Reading 0x242c = 0
2026-09-16 15:00:13 [LOG] Request sent, transaction 2580, function 0x03, 12 bytes
2026-09-16 15:00:13 [LOG] Response received, transaction 2580, function 0x03, 4 bytes PDU
2026-09-16 15:00:13 [LOG] Reading 0x242d = 0
2026-09-16 15:00:13 [LOG] Request sent, transaction 2581, function 0x03, 12 bytes
2026-09-16 15:00:13 [LOG] Response received, transaction 2581, function 0x03, 4 bytes PDU
2026-09-16 15:00:13 [LOG] Reading 0x242e = 0
2026-09-16 15:00:13 [LOG] Request sent, transaction 2582, function 0x03, 12 bytes
2026-09-16 15:00:13 [LOG] Response received, transaction 2582, function 0x03, 4 bytes PDU
2026-09-16 15:00:13 [LOG] Reading 0x242f = 0
2026-09-16 15:00:13 [LOG] Request sent, transaction 2583, function 0x03, 12 bytes
2026-09-16 15:00:13 [LOG] Response received, transaction 2583, function 0x03, 4 bytes PDU
2026-09-16 15:00:13 [LOG] Reading 0x2430 = 0
2026-09-16 15:00:13 [LOG] Request sent, transaction 2584, function 0x03, 12 bytes
2026-09-16 15:00:13 [LOG] Response received, transaction 2584, function 0x03, 4 bytes PDU
2026-09-16 15:00:13 [LOG] Reading 0x2431 = 0
2026-09-16 15:00:13 [LOG] Request sent, transaction 2585, function 0x03, 12 bytes
2026-09-16 15:00:13 [LOG] Response received, transaction 2585, function 0x03, 4 bytes PDU
2026-09-16 15:00:13 [LOG] Reading 0x2432 = 0
2026-09-16 15:00:13 [LOG] Request sent, transaction 2586, function 0x03, 12 bytes
2026-09-16 15:00:13 [LOG] Response received, transaction 2586, function 0x03, 4 bytes PDU
2026-09-16 15:00:13 [LOG] Reading 0x2433 = 0
2026-09-16 15:00:13 [LOG] Request sent, transaction 2587, function 0x03, 12 bytes
2026-09-16 15:00:13 [LOG] Response received, transaction 2587, function 0x03, 4 bytes PDU
2026-09-16 15:00:13 [LOG] Reading 0x2434 = 0
2026-09-16 15:00:13 No connected clients to send
2026-09-16 15:00:33 [LOG] Request sent, transaction 2588, function 0x03, 12 bytes
2026-09-16 15:00:33 [LOG] Response received, transaction 2588, function 0x03, 4 bytes PDU
2026-09-16 15:00:33 [LOG] Reading 0x242c = 0
2026-09-16 15:00:33 [LOG] Request sent, transaction 2589, function 0x03, 12 bytes
2026-09-16 15:00:33 [LOG] Response received, transaction 2589, function 0x03, 4 bytes PDU
2026-09-16 15:00:33 [LOG] Reading 0x242d = 0
2026-09-16 15:00:33 [LOG] Request sent, transaction 2590, function 0x03, 12 bytes
2026-09-16 15:00:33 [LOG] Response received, transaction 2590, function 0x03, 4 bytes PDU
2026-09-16 15:00:33 [LOG] Reading 0x242e = 0
2026-09-16 15:00:33 [LOG] Request sent, transaction 2591, function 0x03, 12 bytes
2026-09-16 15:00:33 [LOG] Response received, transaction 2591, function 0x03, 4 bytes PDU
2026-09-16 15:00:33 [LOG] Reading 0x242f = 0
2026-09-16 15:00:33 [LOG] Request sent, transaction 2592, function 0x03, 12 bytes
2026-09-16 15:00:33 [LOG] Response received, transaction 2592, function 0x03, 4 bytes PDU
2026-09-16 15:00:33 [LOG] Reading 0x2430 = 0
2026-09-16 15:00:33 [LOG] Request sent, transaction 2593, function 0x03, 12 bytes
2026-09-16 15:00:33 [LOG] Response received, transaction 2593, function 0x03, 4 bytes PDU
2026-09-16 15:00:33 [LOG] Reading 0x2431 = 0
2026-09-16 15:00:33 [LOG] Request sent, transaction 2594, function 0x03, 12 bytes
2026-09-16 15:00:33 [LOG] Response received, transaction 2594, function 0x03, 4 bytes PDU
2026-09-16 15:00:33 [LOG] Reading 0x2432 = 0
2026-09-16 15:00:33 [LOG] Request sent, transaction 2595, function 0x03, 12 bytes
2026-09-16 15:00:33 [LOG] Response received, transaction 2595, function 0x03, 4 bytes PDU
2026-09-16 15:00:33 [LOG] Reading 0x2433 = 0
2026-09-16 15:00:33 [LOG] Request sent, transaction 2596, function 0x03, 12 bytes
2026-09-16 15:00:33 [LOG] Response received, transaction 2596, function 0x03, 4 bytes PDU
2026-09-16 15:00:33 [LOG] Reading 0x2434 = 0
2026-09-16 15:00:33 No connected clients to send
2026-09-16 15:00:53 [LOG] Request sent, transaction 2597, function 0x03, 12 bytes
2026-09-16 15:00:53 [LOG] Response received, transaction 2597, function 0x03, 4 bytes PDU
2026-09-16 15:00:53 [LOG] Reading 0x242c = 0
2026-09-16 15:00:53 [LOG] Request sent, transaction 2598, function 0x03, 12 bytes
2026-09-16 15:00:53 [LOG] Response received, transaction 2598, function 0x03, 4 bytes PDU
2026-09-16 15:00:53 [LOG] Reading 0x242d = 0
2026-09-16 15:00:53 [LOG] Request sent, transaction 2599, function 0x03, 12 bytes
2026-09-16 15:00:53 [LOG] Response received, transaction 2599, function 0x03, 4 bytes PDU
2026-09-16 15:00:53 [LOG] Reading 0x242e = 0
2026-09-16 15:00:53 [LOG] Request sent, transaction 2600, function 0x03, 12 bytes
2026-09-16 15:00:53 [LOG] Response received, transaction 2600, function 0x03, 4 bytes PDU
2026-09-16 15:00:53 [LOG] Reading 0x242f = 0
2026-09-16 15:00:53 [LOG] Request sent, transaction 2601, function 0x03, 12 bytes
2026-09-16 15:00:53 [LOG] Response received, transaction 2601, function 0x03, 4 bytes PDU
2026-09-16 15:00:53 [LOG] Reading 0x2430 = 0
2026-09-16 15:00:53 [LOG] Request sent, transaction 2602, function 0x03, 12 bytes
2026-09-16 15:00:53 [LOG] Response received, transaction 2602, function 0x03, 4 bytes PDU
2026-09-16 15:00:53 [LOG] Reading 0x2431 = 0
2026-09-16 15:00:53 [LOG] Request sent, transaction 2603, function 0x03, 12 bytes
2026-09-16 15:00:53 [LOG] Response received, transaction 2603, function 0x03, 4 bytes PDU
2026-09-16 15:00:53 [LOG] Reading 0x2432 = 0
2026-09-16 15:00:53 [LOG] Request sent, transaction 2604, function 0x03, 12 bytes
2026-09-16 15:00:53 [LOG] Response received, transaction 2604, function 0x03, 4 bytes PDU
2026-09-16 15:00:53 [LOG] Reading 0x2433 = 0
2026-09-16 15:00:53 [LOG] Request sent, transaction 2605, function 0x03, 12 bytes
2026-09-16 15:00:53 [LOG] Response received, transaction 2605, function 0x03, 4 bytes PDU
2026-09-16 15:00:53 [LOG] Reading 0x2434 = 0
2026-09-16 15:00:53 No connected clients to send
2026-09-16 15:01:13 [LOG] Request sent, transaction 2606, function 0x03, 12 bytes
2026-09-16 15:01:13 [LOG] Response received, transaction 2606, function 0x03, 4 bytes PDU
2026-09-16 15:01:13 [LOG] Reading 0x242c = 0
2026-09-16 15:01:13 [LOG] Request sent, transaction 2607, function 0x03, 12 bytes
2026-09-16 15:01:13 [LOG] Response received, transaction 2607, function 0x03, 4 bytes PDU
2026-09-16 15:01:13 [LOG] Reading 0x242d = 0
2026-09-16 15:01:13 [LOG] Request sent, transaction 2608, function 0x03, 12 bytes
2026-09-16 15:01:13 [LOG] Response received, transaction 2608, function 0x03, 4 bytes PDU
2026-09-16 15:01:13 [LOG] Reading 0x242e = 0
2026-09-16 15:01:13 [LOG] Request sent, transaction 2609, function 0x03, 12 bytes
2026-09-16 15:01:13 [LOG] Response received, transaction 2609, function 0x03, 4 bytes PDU
2026-09-16 15:01:13 [LOG] Reading 0x242f = 0
2026-09-16 15:01:13 [LOG] Request sent, transaction 2610, function 0x03, 12 bytes
2026-09-16 15:01:13 [LOG] Response received, transaction 2610, function 0x03, 4 bytes PDU
2026-09-16 15:01:13 [LOG] Reading 0x2430 = 0
2026-09-16 15:01:13 [LOG] Request sent, transaction 2611, function 0x03, 12 bytes
2026-09-16 15:01:13 [LOG] Response received, transaction 2611, function 0x03, 4 bytes PDU
2026-09-16 15:01:13 [LOG] Reading 0x2431 = 0
2026-09-16 15:01:13 [LOG] Request sent, transaction 2612, function 0x03, 12 bytes
2026-09-16 15:01:13 [LOG] Response received, transaction 2612, function 0x03, 4 bytes PDU
2026-09-16 15:01:13 [LOG] Reading 0x2432 = 0
2026-09-16 15:01:13 [LOG] Request sent, transaction 2613, function 0x03, 12 bytes
2026-09-16 15:01:13 [LOG] Response received, transaction 2613, function 0x03, 4 bytes PDU
2026-09-16 15:01:13 [LOG] Reading 0x2433 = 0
2026-09-16 15:01:13 [LOG] Request sent, transaction 2614, function 0x03, 12 bytes
2026-09-16 15:01:13 [LOG] Response received, transaction 2614, function 0x03, 4 bytes PDU
2026-09-16 15:01:13 [LOG] Reading 0x2434 = 0
2026-09-16 15:01:13 No connected clients to send
2026-09-16 15:01:33 [LOG] Request sent, transaction 2615, function 0x03, 12 bytes
2026-09-16 15:01:33 [LOG] Response received, transaction 2615, function 0x03, 4 bytes PDU
2026-09-16 15:01:33 [LOG] Reading 0x242c = 0
2026-09-16 15:01:33 [LOG] Request sent, transaction 2616, function 0x03, 12 bytes
2026-09-16 15:01:33 [LOG] Response received, transaction 2616, function 0x03, 4 bytes PDU
2026-09-16 15:01:33 [LOG] Reading 0x242d = 0
2026-09-16 15:01:33 [LOG] Request sent, transaction 2617, function 0x03, 12 bytes
2026-09-16 15:01:33 [LOG] Response received, transaction 2617, function 0x03, 4 bytes PDU
2026-09-16 15:01:33 [LOG] Reading 0x242e = 0
2026-09-16 15:01:33 [LOG] Request sent, transaction 2618, function 0x03, 12 bytes
2026-09-16 15:01:33 [LOG] Response received, transaction 2618, function 0x03, 4 bytes PDU
2026-09-16 15:01:33 [LOG] Reading 0x242f = 0
2026-09-16 15:01:33 [LOG] Request sent, transaction 2619, function 0x03, 12 bytes
2026-09-16 15:01:33 [LOG] Response received, transaction 2619, function 0x03, 4 bytes PDU
2026-09-16 15:01:33 [LOG] Reading 0x2430 = 0
2026-09-16 15:01:33 [LOG] Request sent, transaction 2620, function 0x03, 12 bytes
2026-09-16 15:01:33 [LOG] Response received, transaction 2620, function 0x03, 4 bytes PDU
2026-09-16 15:01:33 [LOG] Reading 0x2431 = 0
2026-09-16 15:01:33 [LOG] Request sent, transaction 2621, function 0x03, 12 bytes
2026-09-16 15:01:33 [LOG] Response received, transaction 2621, function 0x03, 4 bytes PDU
2026-09-16 15:01:33 [LOG] Reading 0x2432 = 0
2026-09-16 15:01:33 [LOG] Request sent, transaction 2622, function 0x03, 12 bytes
2026-09-16 15:01:33 [LOG] Response received, transaction 2622, function 0x03, 4 bytes PDU
2026-09-16 15:01:33 [LOG] Reading 0x2433 = 0
2026-09-16 15:01:33 [LOG] Request sent, transaction 2623, function 0x03, 12 bytes
2026-09-16 15:01:33 [LOG] Response received, transaction 2623, function 0x03, 4 bytes PDU
2026-09-16 15:01:33 [LOG] Reading 0x2434 = 0
2026-09-16 15:01:33 No connected clients to send
2026-09-16 15:01:53 [LOG] Request sent, transaction 2624, function 0x03, 12 bytes
2026-09-16 15:01:53 [LOG] Response received, transaction 2624, function 0x03, 4 bytes PDU
2026-09-16 15:01:53 [LOG] Reading 0x242c = 0
2026-09-16 15:01:53 [LOG] Request sent, transaction 2625, function 0x03, 12 bytes
2026-09-16 15:01:53 [LOG] Response received, transaction 2625, function 0x03, 4 bytes PDU
2026-09-16 15:01:53 [LOG] Reading 0x242d = 0
2026-09-16 15:01:53 [LOG] Request sent, transaction 2626, function 0x03, 12 bytes
2026-09-16 15:01:53 [LOG] Response received, transaction 2626, function 0x03, 4 bytes PDU
2026-09-16 15:01:53 [LOG] Reading 0x242e = 0
2026-09-16 15:01:53 [LOG] Request sent, transaction 2627, function 0x03, 12 bytes
2026-09-16 15:01:53 [LOG] Response received, transaction 2627, function 0x03, 4 bytes PDU
2026-09-16 15:01:53 [LOG] Reading 0x242f = 0
2026-09-16 15:01:53 [LOG] Request sent, transaction 2628, function 0x03, 12 bytes
2026-09-16 15:01:53 [LOG] Response received, transaction 2628, function 0x03, 4 bytes PDU
2026-09-16 15:01:53 [LOG] Reading 0x2430 = 0
2026-09-16 15:01:53 [LOG] Request sent, transaction 2629, function 0x03, 12 bytes
2026-09-16 15:01:53 [LOG] Response received, transaction 2629, function 0x03, 4 bytes PDU
2026-09-16 15:01:53 [LOG] Reading 0x2431 = 0
2026-09-16 15:01:53 [LOG] Request sent, transaction 2630, function 0x03, 12 bytes
2026-09-16 15:01:53 [LOG] Response received, transaction 2630, function 0x03, 4 bytes PDU
2026-09-16 15:01:53 [LOG] Reading 0x2432 = 0
2026-09-16 15:01:53 [LOG] Request sent, transaction 2631, function 0x03, 12 bytes
2026-09-16 15:01:53 [LOG] Response received, transaction 2631, function 0x03, 4 bytes PDU
2026-09-16 15:01:53 [LOG] Reading 0x2433 = 0
2026-09-16 15:01:53 [LOG] Request sent, transaction 2632, function 0x03, 12 bytes
2026-09-16 15:01:53 [LOG] Response received, transaction 2632, function 0x03, 4 bytes PDU
2026-09-16 15:01:53 [LOG] Reading 0x2434 = 0
2026-09-16 15:01:53 No connected clients to send
2026-09-16 15:02:13 [LOG] Request sent, transaction 2633, function 0x03, 12 bytes
2026-09-16 15:02:13 [LOG] Response received, transaction 2633, function 0x03, 4 bytes PDU
2026-09-16 15:02:13 [LOG] Reading 0x242c = 0
2026-09-16 15:02:13 [LOG] Request sent, transaction 2634, function 0x03, 12 bytes
2026-09-16 15:02:13 [LOG] Response received, transaction 2634, function 0x03, 4 bytes PDU
2026-09-16 15:02:13 [LOG] Reading 0x242d = 0
2026-09-16 15:02:13 [LOG] Request sent, transaction 2635, function 0x03, 12 bytes
2026-09-16 15:02:13 [LOG] Response received, transaction 2635, function 0x03, 4 bytes PDU
2026-09-16 15:02:13 [LOG] Reading 0x242e = 0
2026-09-16 15:02:13 [LOG] Request sent, transaction 2636, function 0x03, 12 bytes
2026-09-16 15:02:13 [LOG] Response received, transaction 2636, function 0x03, 4 bytes PDU
2026-09-16 15:02:13 [LOG] Reading 0x242f = 0
2026-09-16 15:02:13 [LOG] Request sent, transaction 2637, function 0x03, 12 bytes
2026-09-16 15:02:13 [LOG] Response received, transaction 2637, function 0x03, 4 bytes PDU
2026-09-16 15:02:13 [LOG] Reading 0x2430 = 0
2026-09-16 15:02:13 [LOG] Request sent, transaction 2638, function 0x03, 12 bytes
2026-09-16 15:02:13 [LOG] Response received, transaction 2638, function 0x03, 4 bytes PDU
2026-09-16 15:02:13 [LOG] Reading 0x2431 = 0
2026-09-16 15:02:13 [LOG] Request sent, transaction 2639, function 0x03, 12 bytes
2026-09-16 15:02:13 [LOG] Response received, transaction 2639, function 0x03, 4 bytes PDU
2026-09-16 15:02:13 [LOG] Reading 0x2432 = 0
2026-09-16 15:02:13 [LOG] Request sent, transaction 2640, function 0x03, 12 bytes
2026-09-16 15:02:13 [LOG] Response received, transaction 2640, function 0x03, 4 bytes PDU
2026-09-16 15:02:13 [LOG] Reading 0x2433 = 0
2026-09-16 15:02:13 [LOG] Request sent, transaction 2641, function 0x03, 12 bytes
2026-09-16 15:02:13 [LOG] Response received, transaction 2641, function 0x03, 4 bytes PDU
2026-09-16 15:02:13 [LOG] Reading 0x2434 = 0
2026-09-16 15:02:13 No connected clients to send
2026-09-16 15:02:33 [LOG] Request sent, transaction 2642, function 0x03, 12 bytes
2026-09-16 15:02:33 [LOG] Response received, transaction 2642, function 0x03, 4 bytes PDU
2026-09-16 15:02:33 [LOG] Reading 0x242c = 0
2026-09-16 15:02:33 [LOG] Request sent, transaction 2643, function 0x03, 12 bytes
2026-09-16 15:02:33 [LOG] Response received, transaction 2643, function 0x03, 4 bytes PDU
2026-09-16 15:02:33 [LOG] Reading 0x242d = 0
2026-09-16 15:02:33 [LOG] Request sent, transaction 2644, function 0x03, 12 bytes
2026-09-16 15:02:33 [LOG] Response received, transaction 2644, function 0x03, 4 bytes PDU
2026-09-16 15:02:33 [LOG] Reading 0x242e = 0
2026-09-16 15:02:33 [LOG] Request sent, transaction 2645, function 0x03, 12 bytes
2026-09-16 15:02:33 [LOG] Response received, transaction 2645, function 0x03, 4 bytes PDU
2026-09-16 15:02:33 [LOG] Reading 0x242f = 0
2026-09-16 15:02:33 [LOG] Request sent, transaction 2646, function 0x03, 12 bytes
2026-09-16 15:02:33 [LOG] Response received, transaction 2646, function 0x03, 4 bytes PDU
2026-09-16 15:02:33 [LOG] Reading 0x2430 = 0
2026-09-16 15:02:33 [LOG] Request sent, transaction 2647, function 0x03, 12 bytes
2026-09-16 15:02:33 [LOG] Response received, transaction 2647, function 0x03, 4 bytes PDU
2026-09-16 15:02:33 [LOG] Reading 0x2431 = 0
2026-09-16 15:02:33 [LOG] Request sent, transaction 2648, function 0x03, 12 bytes
2026-09-16 15:02:33 [LOG] Response received, transaction 2648, function 0x03, 4 bytes PDU
2026-09-16 15:02:33 [LOG] Reading 0x2432 = 0
2026-09-16 15:02:33 [LOG] Request sent, transaction 2649, function 0x03, 12 bytes
2026-09-16 15:02:33 [LOG] Response received, transaction 2649, function 0x03, 4 bytes PDU
2026-09-16 15:02:33 [LOG] Reading 0x2433 = 0
2026-09-16 15:02:33 [LOG] Request sent, transaction 2650, function 0x03, 12 bytes
2026-09-16 15:02:33 [LOG] Response received, transaction 2650, function 0x03, 4 bytes PDU
2026-09-16 15:02:33 [LOG] Reading 0x2434 = 0
2026-09-16 15:02:33 No connected clients to send
2026-09-16 15:02:53 [LOG] Request sent, transaction 2651, function 0x03, 12 bytes
2026-09-16 15:02:53 [LOG] Response received, transaction 2651, function 0x03, 4 bytes PDU
2026-09-16 15:02:53 [LOG] Reading 0x242c = 0
2026-09-16 15:02:53 [LOG] Request sent, transaction 2652, function 0x03, 12 bytes
2026-09-16 15:02:53 [LOG] Response received, transaction 2652, function 0x03, 4 bytes PDU
2026-09-16 15:02:53 [LOG] Reading 0x242d = 0
2026-09-16 15:02:53 [LOG] Request sent, transaction 2653, function 0x03, 12 bytes
2026-09-16 15:02:53 [LOG] Response received, transaction 2653, function 0x03, 4 bytes PDU
2026-09-16 15:02:53 [LOG] Reading 0x242e = 0
2026-09-16 15:02:53 [LOG] Request sent, transaction 2654, function 0x03, 12 bytes
2026-09-16 15:02:53 [LOG] Response received, transaction 2654, function 0x03, 4 bytes PDU
2026-09-16 15:02:53 [LOG] Reading 0x242f = 0
2026-09-16 15:02:53 [LOG] Request sent, transaction 2655, function 0x03, 12 bytes
2026-09-16 15:02:53 [LOG] Response received, transaction 2655, function 0x03, 4 bytes PDU
2026-09-16 15:02:53 [LOG] Reading 0x2430 = 0
2026-09-16 15:02:53 [LOG] Request sent, transaction 2656, function 0x03, 12 bytes
2026-09-16 15:02:53 [LOG] Response received, transaction 2656, function 0x03, 4 bytes PDU
2026-09-16 15:02:53 [LOG] Reading 0x2431 = 0
2026-09-16 15:02:53 [LOG] Request sent, transaction 2657, function 0x03, 12 bytes
2026-09-16 15:02:53 [LOG] Response received, transaction 2657, function 0x03, 4 bytes PDU
2026-09-16 15:02:53 [LOG] Reading 0x2432 = 0
2026-09-16 15:02:53 [LOG] Request sent, transaction 2658, function 0x03, 12 bytes
2026-09-16 15:02:53 [LOG] Response received, transaction 2658, function 0x03, 4 bytes PDU
2026-09-16 15:02:53 [LOG] Reading 0x2433 = 0
2026-09-16 15:02:53 [LOG] Request sent, transaction 2659, function 0x03, 12 bytes
2026-09-16 15:02:53 [LOG] Response received, transaction 2659, function 0x03, 4 bytes PDU
2026-09-16 15:02:53 [LOG] Reading 0x2434 = 0
2026-09-16 15:02:53 No connected clients to send
2026-09-16 15:03:13 [LOG] Request sent, transaction 2660, function 0x03, 12 bytes
2026-09-16 15:03:13 [LOG] Response received, transaction 2660, function 0x03, 4 bytes PDU
2026-09-16 15:03:13 [LOG] Reading 0x242c = 0
2026-09-16 15:03:13 [LOG] Request sent, transaction 2661, function 0x03, 12 bytes
2026-09-16 15:03:13 [LOG] Response received, transaction 2661, function 0x03, 4 bytes PDU
2026-09-16 15:03:13 [LOG] Reading 0x242d = 0
2026-09-16 15:03:13 [LOG] Request sent, transaction 2662, function 0x03, 12 bytes
2026-09-16 15:03:13 [LOG] Response received, transaction 2662, function 0x03, 4 bytes PDU
2026-09-16 15:03:13 [LOG] Reading 0x242e = 0
2026-09-16 15:03:13 [LOG] Request sent, transaction 2663, function 0x03, 12 bytes
2026-09-16 15:03:13 [LOG] Response received, transaction 2663, function 0x03, 4 bytes PDU
2026-09-16 15:03:13 [LOG] Reading 0x242f = 0
2026-09-16 15:03:13 [LOG] Request sent, transaction 2664, function 0x03, 12 bytes
2026-09-16 15:03:13 [LOG] Response received, transaction 2664, function 0x03, 4 bytes PDU
2026-09-16 15:03:13 [LOG] Reading 0x2430 = 0
2026-09-16 15:03:13 [LOG] Request sent, transaction 2665, function 0x03, 12 bytes
2026-09-16 15:03:13 [LOG] Response received, transaction 2665, function 0x03, 4 bytes PDU
2026-09-16 15:03:13 [LOG] Reading 0x2431 = 0
2026-09-16 15:03:13 [LOG] Request sent, transaction 2666, function 0x03, 12 bytes
2026-09-16 15:03:13 [LOG] Response received, transaction 2666, function 0x03, 4 bytes PDU
2026-09-16 15:03:13 [LOG] Reading 0x2432 = 0
2026-09-16 15:03:13 [LOG] Request sent, transaction 2667, function 0x03, 12 bytes
2026-09-16 15:03:13 [LOG] Response received, transaction 2667, function 0x03, 4 bytes PDU
2026-09-16 15:03:13 [LOG] Reading 0x2433 = 0
2026-09-16 15:03:13 [LOG] Request sent, transaction 2668, function 0x03, 12 bytes
2026-09-16 15:03:13 [LOG] Response received, transaction 2668, function 0x03, 4 bytes PDU
2026-09-16 15:03:13 [LOG] Reading 0x2434 = 0
2026-09-16 15:03:13 No connected clients to send
2026-09-16 15:03:33 [LOG] Request sent, transaction 2669, function 0x03, 12 bytes
2026-09-16 15:03:33 [LOG] Response received, transaction 2669, function 0x03, 4 bytes PDU
2026-09-16 15:03:33 [LOG] Reading 0x242c = 0
2026-09-16 15:03:33 [LOG] Request sent, transaction 2670, function 0x03, 12 bytes
2026-09-16 15:03:33 [LOG] Response received, transaction 2670, function 0x03, 4 bytes PDU
2026-09-16 15:03:33 [LOG] Reading 0x242d = 0
2026-09-16 15:03:33 [LOG] Request sent, transaction 2671, function 0x03, 12 bytes
2026-09-16 15:03:33 [LOG] Response received, transaction 2671, function 0x03, 4 bytes PDU
2026-09-16 15:03:33 [LOG] Reading 0x242e = 0
2026-09-16 15:03:33 [LOG] Request sent, transaction 2672, function 0x03, 12 bytes
2026-09-16 15:03:33 [LOG] Response received, transaction 2672, function 0x03, 4 bytes PDU
2026-09-16 15:03:33 [LOG] Reading 0x242f = 0
2026-09-16 15:03:33 [LOG] Request sent, transaction 2673, function 0x03, 12 bytes
2026-09-16 15:03:33 [LOG] Response received, transaction 2673, function 0x03, 4 bytes PDU
2026-09-16 15:03:33 [LOG] Reading 0x2430 = 0
2026-09-16 15:03:33 [LOG] Request sent, transaction 2674, function 0x03, 12 bytes
2026-09-16 15:03:33 [LOG] Response received, transaction 2674, function 0x03, 4 bytes PDU
2026-09-16 15:03:33 [LOG] Reading 0x2431 = 0
2026-09-16 15:03:33 [LOG] Request sent, transaction 2675, function 0x03, 12 bytes
2026-09-16 15:03:33 [LOG] Response received, transaction 2675, function 0x03, 4 bytes PDU
2026-09-16 15:03:33 [LOG] Reading 0x2432 = 0
2026-09-16 15:03:33 [LOG] Request sent, transaction 2676, function 0x03, 12 bytes
2026-09-16 15:03:33 [LOG] Response received, transaction 2676, function 0x03, 4 bytes PDU
2026-09-16 15:03:33 [LOG] Reading 0x2433 = 0
2026-09-16 15:03:33 [LOG] Request sent, transaction 2677, function 0x03, 12 bytes
2026-09-16 15:03:33 [LOG] Response received, transaction 2677, function 0x03, 4 bytes PDU
2026-09-16 15:03:33 [LOG] Reading 0x2434 = 0
2026-09-16 15:03:33 No connected clients to send
2026-09-16 15:03:53 [LOG] Request sent, transaction 2678, function 0x03, 12 bytes
2026-09-16 15:03:53 [LOG] Response received, transaction 2678, function 0x03, 4 bytes PDU
2026-09-16 15:03:53 [LOG] Reading 0x242c = 0
2026-09-16 15:03:53 [LOG] Request sent, transaction 2679, function 0x03, 12 bytes
2026-09-16 15:03:53 [LOG] Response received, transaction 2679, function 0x03, 4 bytes PDU
2026-09-16 15:03:53 [LOG] Reading 0x242d = 0
2026-09-16 15:03:53 [LOG] Request sent, transaction 2680, function 0x03, 12 bytes
2026-09-16 15:03:53 [LOG] Response received, transaction 2680, function 0x03, 4 bytes PDU
2026-09-16 15:03:53 [LOG] Reading 0x242e = 0
2026-09-16 15:03:53 [LOG] Request sent, transaction 2681, function 0x03, 12 bytes
2026-09-16 15:03:53 [LOG] Response received, transaction 2681, function 0x03, 4 bytes PDU
2026-09-16 15:03:53 [LOG] Reading 0x242f = 0
2026-09-16 15:03:53 [LOG] Request sent, transaction 2682, function 0x03, 12 bytes
2026-09-16 15:03:53 [LOG] Response received, transaction 2682, function 0x03, 4 bytes PDU
2026-09-16 15:03:53 [LOG] Reading 0x2430 = 0
2026-09-16 15:03:53 [LOG] Request sent, transaction 2683, function 0x03, 12 bytes
2026-09-16 15:03:53 [LOG] Response received, transaction 2683, function 0x03, 4 bytes PDU
2026-09-16 15:03:53 [LOG] Reading 0x2431 = 0
2026-09-16 15:03:53 [LOG] Request sent, transaction 2684, function 0x03, 12 bytes
2026-09-16 15:03:53 [LOG] Response received, transaction 2684, function 0x03, 4 bytes PDU
2026-09-16 15:03:53 [LOG] Reading 0x2432 = 0
2026-09-16 15:03:53 [LOG] Request sent, transaction 2685, function 0x03, 12 bytes
2026-09-16 15:03:53 [LOG] Response received, transaction 2685, function 0x03, 4 bytes PDU
2026-09-16 15:03:53 [LOG] Reading 0x2433 = 0
2026-09-16 15:03:53 [LOG] Request sent, transaction 2686, function 0x03, 12 bytes
2026-09-16 15:03:53 [LOG] Response received, transaction 2686, function 0x03, 4 bytes PDU
2026-09-16 15:03:53 [LOG] Reading 0x2434 = 0
2026-09-16 15:03:53 No connected clients to send
2026-09-16 15:04:13 [LOG] Request sent, transaction 2687, function 0x03, 12 bytes
2026-09-16 15:04:13 [LOG] Response received, transaction 2687, function 0x03, 4 bytes PDU
2026-09-16 15:04:13 [LOG] Reading 0x242c = 0
2026-09-16 15:04:13 [LOG] Request sent, transaction 2688, function 0x03, 12 bytes
2026-09-16 15:04:13 [LOG] Response received, transaction 2688, function 0x03, 4 bytes PDU
2026-09-16 15:04:13 [LOG] Reading 0x242d = 0
2026-09-16 15:04:13 [LOG] Request sent, transaction 2689, function 0x03, 12 bytes
2026-09-16 15:04:13 [LOG] Response received, transaction 2689, function 0x03, 4 bytes PDU
2026-09-16 15:04:13 [LOG] Reading 0x242e = 0
2026-09-16 15:04:13 [LOG] Request sent, transaction 2690, function 0x03, 12 bytes
2026-09-16 15:04:13 [LOG] Response received, transaction 2690, function 0x03, 4 bytes PDU
2026-09-16 15:04:13 [LOG] Reading 0x242f = 0
2026-09-16 15:04:13 [LOG] Request sent, transaction 2691, function 0x03, 12 bytes
2026-09-16 15:04:13 [LOG] Response received, transaction 2691, function 0x03, 4 bytes PDU
2026-09-16 15:04:13 [LOG] Reading 0x2430 = 0
2026-09-16 15:04:13 [LOG] Request sent, transaction 2692, function 0x03, 12 bytes
2026-09-16 15:04:13 [LOG] Response received, transaction 2692, function 0x03, 4 bytes PDU
2026-09-16 15:04:13 [LOG] Reading 0x2431 = 0
2026-09-16 15:04:13 [LOG] Request sent, transaction 2693, function 0x03, 12 bytes
2026-09-16 15:04:13 [LOG] Response received, transaction 2693, function 0x03, 4 bytes PDU
2026-09-16 15:04:13 [LOG] Reading 0x2432 = 0
2026-09-16 15:04:13 [LOG] Request sent, transaction 2694, function 0x03, 12 bytes
2026-09-16 15:04:13 [LOG] Response received, transaction 2694, function 0x03, 4 bytes PDU
2026-09-16 15:04:13 [LOG] Reading 0x2433 = 0
2026-09-16 15:04:13 [LOG] Request sent, transaction 2695, function 0x03, 12 bytes
2026-09-16 15:04:13 [LOG] Response received, transaction 2695, function 0x03, 4 bytes PDU
2026-09-16 15:04:13 [LOG] Reading 0x2434 = 0
2026-09-16 15:04:13 No connected clients to send
2026-09-16 15:04:33 [LOG] Request sent, transaction 2696, function 0x03, 12 bytes
2026-09-16 15:04:33 [LOG] Response received, transaction 2696, function 0x03, 4 bytes PDU
2026-09-16 15:04:33 [LOG] Reading 0x242c = 0
2026-09-16 15:04:33 [LOG] Request sent, transaction 2697, function 0x03, 12 bytes
2026-09-16 15:04:33 [LOG] Response received, transaction 2697, function 0x03, 4 bytes PDU
2026-09-16 15:04:33 [LOG] Reading 0x242d = 0
2026-09-16 15:04:33 [LOG] Request sent, transaction 2698, function 0x03, 12 bytes
2026-09-16 15:04:33 [LOG] Response received, transaction 2698, function 0x03, 4 bytes PDU
2026-09-16 15:04:33 [LOG] Reading 0x242e = 0
2026-09-16 15:04:33 [LOG] Request sent, transaction 2699, function 0x03, 12 bytes
2026-09-16 15:04:33 [LOG] Response received, transaction 2699, function 0x03, 4 bytes PDU
2026-09-16 15:04:33 [LOG] Reading 0x242f = 0
2026-09-16 15:04:33 [LOG] Request sent, transaction 2700, function 0x03, 12 bytes
2026-09-16 15:04:33 [LOG] Response received, transaction 2700, function 0x03, 4 bytes PDU
2026-09-16 15:04:33 [LOG] Reading 0x2430 = 0
2026-09-16 15:04:33 [LOG] Request sent, transaction 2701, function 0x03, 12 bytes
2026-09-16 15:04:33 [LOG] Response received, transaction 2701, function 0x03, 4 bytes PDU
2026-09-16 15:04:33 [LOG] Reading 0x2431 = 0
2026-09-16 15:04:33 [LOG] Request sent, transaction 2702, function 0x03, 12 bytes
2026-09-16 15:04:33 [LOG] Response received, transaction 2702, function 0x03, 4 bytes PDU
2026-09-16 15:04:33 [LOG] Reading 0x2432 = 0
2026-09-16 15:04:33 [LOG] Request sent, transaction 2703, function 0x03, 12 bytes
2026-09-16 15:04:33 [LOG] Response received, transaction 2703, function 0x03, 4 bytes PDU
2026-09-16 15:04:33 [LOG] Reading 0x2433 = 0
2026-09-16 15:04:33 [LOG] Request sent, transaction 2704, function 0x03, 12 bytes
2026-09-16 15:04:33 [LOG] Response received, transaction 2704, function 0x03, 4 bytes PDU
2026-09-16 15:04:33 [LOG] Reading 0x2434 = 0
2026-09-16 15:04:33 No connected clients to send
2026-09-16 15:04:53 [LOG] Request sent, transaction 2705, function 0x03, 12 bytes
2026-09-16 15:04:53 [LOG] Response received, transaction 2705, function 0x03, 4 bytes PDU
2026-09-16 15:04:53 [LOG] Reading 0x242c = 0
2026-09-16 15:04:53 [LOG] Request sent, transaction 2706, function 0x03, 12 bytes
2026-09-16 15:04:53 [LOG] Response received, transaction 2706, function 0x03, 4 bytes PDU
2026-09-16 15:04:53 [LOG] Reading 0x242d = 0
2026-09-16 15:04:53 [LOG] Request sent, transaction 2707, function 0x03, 12 bytes
2026-09-16 15:04:53 [LOG] Response received, transaction 2707, function 0x03, 4 bytes PDU
2026-09-16 15:04:53 [LOG] Reading 0x242e = 0
2026-09-16 15:04:53 [LOG] Request sent, transaction 2708, function 0x03, 12 bytes
2026-09-16 15:04:53 [LOG] Response received, transaction 2708, function 0x03, 4 bytes PDU
2026-09-16 15:04:53 [LOG] Reading 0x242f = 0
2026-09-16 15:04:53 [LOG] Request sent, transaction 2709, function 0x03, 12 bytes
2026-09-16 15:04:53 [LOG] Response received, transaction 2709, function 0x03, 4 bytes PDU
2026-09-16 15:04:53 [LOG] Reading 0x2430 = 0
2026-09-16 15:04:53 [LOG] Request sent, transaction 2710, function 0x03, 12 bytes
2026-09-16 15:04:53 [LOG] Response received, transaction 2710, function 0x03, 4 bytes PDU
2026-09-16 15:04:53 [LOG] Reading 0x2431 = 0
2026-09-16 15:04:53 [LOG] Request sent, transaction 2711, function 0x03, 12 bytes
2026-09-16 15:04:53 [LOG] Response received, transaction 2711, function 0x03, 4 bytes PDU
2026-09-16 15:04:53 [LOG] Reading 0x2432 = 0
2026-09-16 15:04:53 [LOG] Request sent, transaction 2712, function 0x03, 12 bytes
2026-09-16 15:04:53 [LOG] Response received, transaction 2712, function 0x03, 4 bytes PDU
2026-09-16 15:04:53 [LOG] Reading 0x2433 = 0
2026-09-16 15:04:53 [LOG] Request sent, transaction 2713, function 0x03, 12 bytes
2026-09-16 15:04:53 [LOG] Response received, transaction 2713, function 0x03, 4 bytes PDU
2026-09-16 15:04:53 [LOG] Reading 0x2434 = 0
2026-09-16 15:04:53 No connected clients to send
2026-09-16 15:05:13 [LOG] Request sent, transaction 2714, function 0x03, 12 bytes
2026-09-16 15:05:13 [LOG] Response received, transaction 2714, function 0x03, 4 bytes PDU
2026-09-16 15:05:13 [LOG] Reading 0x242c = 0
2026-09-16 15:05:13 [LOG] Request sent, transaction 2715, function 0x03, 12 bytes
2026-09-16 15:05:13 [LOG] Response received, transaction 2715, function 0x03, 4 bytes PDU
2026-09-16 15:05:13 [LOG] Reading 0x242d = 0
2026-09-16 15:05:13 [LOG] Request sent, transaction 2716, function 0x03, 12 bytes
2026-09-16 15:05:13 [LOG] Response received, transaction 2716, function 0x03, 4 bytes PDU
2026-09-16 15:05:13 [LOG] Reading 0x242e = 0
2026-09-16 15:05:13 [LOG] Request sent, transaction 2717, function 0x03, 12 bytes
2026-09-16 15:05:13 [LOG] Response received, transaction 2717, function 0x03, 4 bytes PDU
2026-09-16 15:05:13 [LOG] Reading 0x242f = 0
2026-09-16 15:05:13 [LOG] Request sent, transaction 2718, function 0x03, 12 bytes
2026-09-16 15:05:13 [LOG] Response received, transaction 2718, function 0x03, 4 bytes PDU
2026-09-16 15:05:13 [LOG] Reading 0x2430 = 0
2026-09-16 15:05:13 [LOG] Request sent, transaction 2719, function 0x03, 12 bytes
2026-09-16 15:05:13 [LOG] Response received, transaction 2719, function 0x03, 4 bytes PDU
2026-09-16 15:05:13 [LOG] Reading 0x2431 = 0
2026-09-16 15:05:13 [LOG] Request sent, transaction 2720, function 0x03, 12 bytes
2026-09-16 15:05:13 [LOG] Response received, transaction 2720, function 0x03, 4 bytes PDU
2026-09-16 15:05:13 [LOG] Reading 0x2432 = 0
2026-09-16 15:05:13 [LOG] Request sent, transaction 2721, function 0x03, 12 bytes
2026-09-16 15:05:13 [LOG] Response received, transaction 2721, function 0x03, 4 bytes PDU
2026-09-16 15:05:13 [LOG] Reading 0x2433 = 0
2026-09-16 15:05:13 [LOG] Request sent, transaction 2722, function 0x03, 12 bytes
2026-09-16 15:05:13 [LOG] Response received, transaction 2722, function 0x03, 4 bytes PDU
2026-09-16 15:05:13 [LOG] Reading 0x2434 = 0
2026-09-16 15:05:13 No connected clients to send
2026-09-16 15:05:33 [LOG] Request sent, transaction 2723, function 0x03, 12 bytes
2026-09-16 15:05:33 [LOG] Response received, transaction 2723, function 0x03, 4 bytes PDU
2026-09-16 15:05:33 [LOG] Reading 0x242c = 0
2026-09-16 15:05:33 [LOG] Request sent, transaction 2724, function 0x03, 12 bytes
2026-09-16 15:05:33 [LOG] Response received, transaction 2724, function 0x03, 4 bytes PDU
2026-09-16 15:05:33 [LOG] Reading 0x242d = 0
2026-09-16 15:05:33 [LOG] Request sent, transaction 2725, function 0x03, 12 bytes
2026-09-16 15:05:33 [LOG] Response received, transaction 2725, function 0x03, 4 bytes PDU
2026-09-16 15:05:33 [LOG] Reading 0x242e = 0
2026-09-16 15:05:33 [LOG] Request sent, transaction 2726, function 0x03, 12 bytes
2026-09-16 15:05:33 [LOG] Response received, transaction 2726, function 0x03, 4 bytes PDU
2026-09-16 15:05:33 [LOG] Reading 0x242f = 0
2026-09-16 15:05:33 [LOG] Request sent, transaction 2727, function 0x03, 12 bytes
2026-09-16 15:05:33 [LOG] Response received, transaction 2727, function 0x03, 4 bytes PDU
2026-09-16 15:05:33 [LOG] Reading 0x2430 = 0
2026-09-16 15:05:33 [LOG] Request sent, transaction 2728, function 0x03, 12 bytes
2026-09-16 15:05:33 [LOG] Response received, transaction 2728, function 0x03, 4 bytes PDU
2026-09-16 15:05:33 [LOG] Reading 0x2431 = 0
2026-09-16 15:05:33 [LOG] Request sent, transaction 2729, function 0x03, 12 bytes
2026-09-16 15:05:33 [LOG] Response received, transaction 2729, function 0x03, 4 bytes PDU
2026-09-16 15:05:33 [LOG] Reading 0x2432 = 0
2026-09-16 15:05:33 [LOG] Request sent, transaction 2730, function 0x03, 12 bytes
2026-09-16 15:05:33 [LOG] Response received, transaction 2730, function 0x03, 4 bytes PDU
2026-09-16 15:05:33 [LOG] Reading 0x2433 = 0
2026-09-16 15:05:33 [LOG] Request sent, transaction 2731, function 0x03, 12 bytes
2026-09-16 15:05:33 [LOG] Response received, transaction 2731, function 0x03, 4 bytes PDU
2026-09-16 15:05:33 [LOG] Reading 0x2434 = 0
2026-09-16 15:05:33 No connected clients to send
2026-09-16 15:05:53 [LOG] Request sent, transaction 2732, function 0x03, 12 bytes
2026-09-16 15:05:53 [LOG] Response received, transaction 2732, function 0x03, 4 bytes PDU
2026-09-16 15:05:53 [LOG] Reading 0x242c = 0
2026-09-16 15:05:53 [LOG] Request sent, transaction 2733, function 0x03, 12 bytes
2026-09-16 15:05:53 [LOG] Response received, transaction 2733, function 0x03, 4 bytes PDU
2026-09-16 15:05:53 [LOG] Reading 0x242d = 0
2026-09-16 15:05:53 [LOG] Request sent, transaction 2734, function 0x03, 12 bytes
2026-09-16 15:05:53 [LOG] Response received, transaction 2734, function 0x03, 4 bytes PDU
2026-09-16 15:05:53 [LOG] Reading 0x242e = 0
2026-09-16 15:05:53 [LOG] Request sent, transaction 2735, function 0x03, 12 bytes
2026-09-16 15:05:53 [LOG] Response received, transaction 2735, function 0x03, 4 bytes PDU
2026-09-16 15:05:53 [LOG] Reading 0x242f = 0
2026-09-16 15:05:53 [LOG] Request sent, transaction 2736, function 0x03, 12 bytes
2026-09-16 15:05:53 [LOG] Response received, transaction 2736, function 0x03, 4 bytes PDU
2026-09-16 15:05:53 [LOG] Reading 0x2430 = 0
2026-09-16 15:05:53 [LOG] Request sent, transaction 2737, function 0x03, 12 bytes
2026-09-16 15:05:53 [LOG] Response received, transaction 2737, function 0x03, 4 bytes PDU
2026-09-16 15:05:53 [LOG] Reading 0x2431 = 0
2026-09-16 15:05:53 [LOG] Request sent, transaction 2738, function 0x03, 12 bytes
2026-09-16 15:05:53 [LOG] Response received, transaction 2738, function 0x03, 4 bytes PDU
2026-09-16 15:05:53 [LOG] Reading 0x2432 = 0
2026-09-16 15:05:53 [LOG] Request sent, transaction 2739, function 0x03, 12 bytes
2026-09-16 15:05:53 [LOG] Response received, transaction 2739, function 0x03, 4 bytes PDU
2026-09-16 15:05:53 [LOG] Reading 0x2433 = 0
2026-09-16 15:05:53 [LOG] Request sent, transaction 2740, function 0x03, 12 bytes
2026-09-16 15:05:53 [LOG] Response received, transaction 2740, function 0x03, 4 bytes PDU
2026-09-16 15:05:53 [LOG] Reading 0x2434 = 0
2026-09-16 15:05:53 No connected clients to send
2026-09-16 15:06:13 [LOG] Request sent, transaction 2741, function 0x03, 12 bytes
2026-09-16 15:06:13 [LOG] Response received, transaction 2741, function 0x03, 4 bytes PDU
2026-09-16 15:06:13 [LOG] Reading 0x242c = 0
2026-09-16 15:06:13 [LOG] Request sent, transaction 2742, function 0x03, 12 bytes
2026-09-16 15:06:13 [LOG] Response received, transaction 2742, function 0x03, 4 bytes PDU
2026-09-16 15:06:13 [LOG] Reading 0x242d = 0
2026-09-16 15:06:13 [LOG] Request sent, transaction 2743, function 0x03, 12 bytes
2026-09-16 15:06:13 [LOG] Response received, transaction 2743, function 0x03, 4 bytes PDU
2026-09-16 15:06:13 [LOG] Reading 0x242e = 0
2026-09-16 15:06:13 [LOG] Request sent, transaction 2744, function 0x03, 12 bytes
2026-09-16 15:06:13 [LOG] Response received, transaction 2744, function 0x03, 4 bytes PDU
2026-09-16 15:06:13 [LOG] Reading 0x242f = 0
2026-09-16 15:06:13 [LOG] Request sent, transaction 2745, function 0x03, 12 bytes
2026-09-16 15:06:13 [LOG] Response received, transaction 2745, function 0x03, 4 bytes PDU
2026-09-16 15:06:13 [LOG] Reading 0x2430 = 0
2026-09-16 15:06:13 [LOG] Request sent, transaction 2746, function 0x03, 12 bytes
2026-09-16 15:06:13 [LOG] Response received, transaction 2746, function 0x03, 4 bytes PDU
2026-09-16 15:06:13 [LOG] Reading 0x2431 = 0
2026-09-16 15:06:13 [LOG] Request sent, transaction 2747, function 0x03, 12 bytes
2026-09-16 15:06:13 [LOG] Response received, transaction 2747, function 0x03, 4 bytes PDU
2026-09-16 15:06:13 [LOG] Reading 0x2432 = 0
2026-09-16 15:06:13 [LOG] Request sent, transaction 2748, function 0x03, 12 bytes
2026-09-16 15:06:13 [LOG] Response received, transaction 2748, function 0x03, 4 bytes PDU
2026-09-16 15:06:13 [LOG] Reading 0x2433 = 0
2026-09-16 15:06:13 [LOG] Request sent, transaction 2749, function 0x03, 12 bytes
2026-09-16 15:06:13 [LOG] Response received, transaction 2749, function 0x03, 4 bytes PDU
2026-09-16 15:06:13 [LOG] Reading 0x2434 = 0
2026-09-16 15:06:13 No connected clients to send
2026-09-16 15:06:33 [LOG] Request sent, transaction 2750, function 0x03, 12 bytes
2026-09-16 15:06:33 [LOG] Response received, transaction 2750, function 0x03, 4 bytes PDU
2026-09-16 15:06:33 [LOG] Reading 0x242c = 0
2026-09-16 15:06:33 [LOG] Request sent, transaction 2751, function 0x03, 12 bytes
2026-09-16 15:06:33 [LOG] Response received, transaction 2751, function 0x03, 4 bytes PDU
2026-09-16 15:06:33 [LOG] Reading 0x242d = 0
2026-09-16 15:06:33 [LOG] Request sent, transaction 2752, function 0x03, 12 bytes
2026-09-16 15:06:33 [LOG] Response received, transaction 2752, function 0x03, 4 bytes PDU
2026-09-16 15:06:33 [LOG] Reading 0x242e = 0
2026-09-16 15:06:33 [LOG] Request sent, transaction 2753, function 0x03, 12 bytes
2026-09-16 15:06:33 [LOG] Response received, transaction 2753, function 0x03, 4 bytes PDU
2026-09-16 15:06:33 [LOG] Reading 0x242f = 0
2026-09-16 15:06:33 [LOG] Request sent, transaction 2754, function 0x03, 12 bytes
2026-09-16 15:06:33 [LOG] Response received, transaction 2754, function 0x03, 4 bytes PDU
2026-09-16 15:06:33 [LOG] Reading 0x2430 = 0
2026-09-16 15:06:33 [LOG] Request sent, transaction 2755, function 0x03, 12 bytes
2026-09-16 15:06:33 [LOG] Response received, transaction 2755, function 0x03, 4 bytes PDU
2026-09-16 15:06:33 [LOG] Reading 0x2431 = 0
2026-09-16 15:06:33 [LOG] Request sent, transaction 2756, function 0x03, 12 bytes
2026-09-16 15:06:33 [LOG] Response received, transaction 2756, function 0x03, 4 bytes PDU
2026-09-16 15:06:33 [LOG] Reading 0x2432 = 0
2026-09-16 15:06:33 [LOG] Request sent, transaction 2757, function 0x03, 12 bytes
2026-09-16 15:06:33 [LOG] Response received, transaction 2757, function 0x03, 4 bytes PDU
2026-09-16 15:06:33 [LOG] Reading 0x2433 = 0
2026-09-16 15:06:33 [LOG] Request sent, transaction 2758, function 0x03, 12 bytes
2026-09-16 15:06:33 [LOG] Response received, transaction 2758, function 0x03, 4 bytes PDU
2026-09-16 15:06:33 [LOG] Reading 0x2434 = 0
2026-09-16 15:06:33 No connected clients to send
2026-09-16 15:06:53 [LOG] Request sent, transaction 2759, function 0x03, 12 bytes
2026-09-16 15:06:53 [LOG] Response received, transaction 2759, function 0x03, 4 bytes PDU
2026-09-16 15:06:53 [LOG] Reading 0x242c = 0
2026-09-16 15:06:53 [LOG] Request sent, transaction 2760, function 0x03, 12 bytes
2026-09-16 15:06:53 [LOG] Response received, transaction 2760, function 0x03, 4 bytes PDU
2026-09-16 15:06:53 [LOG] Reading 0x242d = 0
2026-09-16 15:06:53 [LOG] Request sent, transaction 2761, function 0x03, 12 bytes
2026-09-16 15:06:53 [LOG] Response received, transaction 2761, function 0x03, 4 bytes PDU
2026-09-16 15:06:53 [LOG] Reading 0x242e = 0
2026-09-16 15:06:53 [LOG] Request sent, transaction 2762, function 0x03, 12 bytes
2026-09-16 15:06:53 [LOG] Response received, transaction 2762, function 0x03, 4 bytes PDU
2026-09-16 15:06:53 [LOG] Reading 0x242f = 0
2026-09-16 15:06:53 [LOG] Request sent, transaction 2763, function 0x03, 12 bytes
2026-09-16 15:06:53 [LOG] Response received, transaction 2763, function 0x03, 4 bytes PDU
2026-09-16 15:06:53 [LOG] Reading 0x2430 = 0
2026-09-16 15:06:53 [LOG] Request sent, transaction 2764, function 0x03, 12 bytes
2026-09-16 15:06:53 [LOG] Response received, transaction 2764, function 0x03, 4 bytes PDU
2026-09-16 15:06:53 [LOG] Reading 0x2431 = 0
2026-09-16 15:06:53 [LOG] Request sent, transaction 2765, function 0x03, 12 bytes
2026-09-16 15:06:53 [LOG] Response received, transaction 2765, function 0x03, 4 bytes PDU
2026-09-16 15:06:53 [LOG] Reading 0x2432 = 0
2026-09-16 15:06:53 [LOG] Request sent, transaction 2766, function 0x03, 12 bytes
2026-09-16 15:06:53 [LOG] Response received, transaction 2766, function 0x03, 4 bytes PDU
2026-09-16 15:06:53 [LOG] Reading 0x2433 = 0
2026-09-16 15:06:53 [LOG] Request sent, transaction 2767, function 0x03, 12 bytes
2026-09-16 15:06:53 [LOG] Response received, transaction 2767, function 0x03, 4 bytes PDU
2026-09-16 15:06:53 [LOG] Reading 0x2434 = 0
2026-09-16 15:06:53 No connected clients to send
2026-09-16 15:07:13 [LOG] Request sent, transaction 2768, function 0x03, 12 bytes
2026-09-16 15:07:13 [LOG] Response received, transaction 2768, function 0x03, 4 bytes PDU
2026-09-16 15:07:13 [LOG] Reading 0x242c = 0
2026-09-16 15:07:13 [LOG] Request sent, transaction 2769, function 0x03, 12 bytes
2026-09-16 15:07:13 [LOG] Response received, transaction 2769, function 0x03, 4 bytes PDU
2026-09-16 15:07:13 [LOG] Reading 0x242d = 0
2026-09-16 15:07:13 [LOG] Request sent, transaction 2770, function 0x03, 12 bytes
2026-09-16 15:07:13 [LOG] Response received, transaction 2770, function 0x03, 4 bytes PDU
2026-09-16 15:07:13 [LOG] Reading 0x242e = 0
2026-09-16 15:07:13 [LOG] Request sent, transaction 2771, function 0x03, 12 bytes
2026-09-16 15:07:13 [LOG] Response received, transaction 2771, function 0x03, 4 bytes PDU
2026-09-16 15:07:13 [LOG] Reading 0x242f = 0
2026-09-16 15:07:13 [LOG] Request sent, transaction 2772, function 0x03, 12 bytes
2026-09-16 15:07:13 [LOG] Response received, transaction 2772, function 0x03, 4 bytes PDU
2026-09-16 15:07:13 [LOG] Reading 0x2430 = 0
2026-09-16 15:07:13 [LOG] Request sent, transaction 2773, function 0x03, 12 bytes
2026-09-16 15:07:13 [LOG] Response received, transaction 2773, function 0x03, 4 bytes PDU
2026-09-16 15:07:13 [LOG] Reading 0x2431 = 0
2026-09-16 15:07:13 [LOG] Request sent, transaction 2774, function 0x03, 12 bytes
2026-09-16 15:07:13 [LOG] Response received, transaction 2774, function 0x03, 4 bytes PDU
2026-09-16 15:07:13 [LOG] Reading 0x2432 = 0
2026-09-16 15:07:13 [LOG] Request sent, transaction 2775, function 0x03, 12 bytes
2026-09-16 15:07:13 [LOG] Response received, transaction 2775, function 0x03, 4 bytes PDU
2026-09-16 15:07:13 [LOG] Reading 0x2433 = 0
2026-09-16 15:07:13 [LOG] Request sent, transaction 2776, function 0x03, 12 bytes
2026-09-16 15:07:13 [LOG] Response received, transaction 2776, function 0x03, 4 bytes PDU
2026-09-16 15:07:13 [LOG] Reading 0x2434 = 0
2026-09-16 15:07:13 No connected clients to send
2026-09-16 15:07:33 [LOG] Request sent, transaction 2777, function 0x03, 12 bytes
2026-09-16 15:07:33 [LOG] Response received, transaction 2777, function 0x03, 4 bytes PDU
2026-09-16 15:07:33 [LOG] Reading 0x242c = 0
2026-09-16 15:07:33 [LOG] Request sent, transaction 2778, function 0x03, 12 bytes
2026-09-16 15:07:33 [LOG] Response received, transaction 2778, function 0x03, 4 bytes PDU
2026-09-16 15:07:33 [LOG] Reading 0x242d = 0
2026-09-16 15:07:33 [LOG] Request sent, transaction 2779, function 0x03, 12 bytes
2026-09-16 15:07:33 [LOG] Response received, transaction 2779, function 0x03, 4 bytes PDU
2026-09-16 15:07:33 [LOG] Reading 0x242e = 0
2026-09-16 15:07:33 [LOG] Request sent, transaction 2780, function 0x03, 12 bytes
2026-09-16 15:07:33 [LOG] Response received, transaction 2780, function 0x03, 4 bytes PDU
2026-09-16 15:07:33 [LOG] Reading 0x242f = 0
2026-09-16 15:07:33 [LOG] Request sent, transaction 2781, function 0x03, 12 bytes
2026-09-16 15:07:33 [LOG] Response received, transaction 2781, function 0x03, 4 bytes PDU
2026-09-16 15:07:33 [LOG] Reading 0x2430 = 0
2026-09-16 15:07:33 [LOG] Request sent, transaction 2782, function 0x03, 12 bytes
2026-09-16 15:07:33 [LOG] Response received, transaction 2782, function 0x03, 4 bytes PDU
2026-09-16 15:07:33 [LOG] Reading 0x2431 = 0
2026-09-16 15:07:33 [LOG] Request sent, transaction 2783, function 0x03, 12 bytes
2026-09-16 15:07:33 [LOG] Response received, transaction 2783, function 0x03, 4 bytes PDU
2026-09-16 15:07:33 [LOG] Reading 0x2432 = 0
2026-09-16 15:07:33 [LOG] Request sent, transaction 2784, function 0x03, 12 bytes
2026-09-16 15:07:33 [LOG] Response received, transaction 2784, function 0x03, 4 bytes PDU
2026-09-16 15:07:33 [LOG] Reading 0x2433 = 0
2026-09-16 15:07:33 [LOG] Request sent, transaction 2785, function 0x03, 12 bytes
2026-09-16 15:07:33 [LOG] Response received, transaction 2785, function 0x03, 4 bytes PDU
2026-09-16 15:07:33 [LOG] Reading 0x2434 = 0
2026-09-16 15:07:33 No connected clients to send
2026-09-16 15:07:53 [LOG] Request sent, transaction 2786, function 0x03, 12 bytes
2026-09-16 15:07:53 [LOG] Response received, transaction 2786, function 0x03, 4 bytes PDU
2026-09-16 15:07:53 [LOG] Reading 0x242c = 0
2026-09-16 15:07:53 [LOG] Request sent, transaction 2787, function 0x03, 12 bytes
2026-09-16 15:07:53 [LOG] Response received, transaction 2787, function 0x03, 4 bytes PDU
2026-09-16 15:07:53 [LOG] Reading 0x242d = 0
2026-09-16 15:07:53 [LOG] Request sent, transaction 2788, function 0x03, 12 bytes
2026-09-16 15:07:53 [LOG] Response received, transaction 2788, function 0x03, 4 bytes PDU
2026-09-16 15:07:53 [LOG] Reading 0x242e = 0
2026-09-16 15:07:53 [LOG] Request sent, transaction 2789, function 0x03, 12 bytes
2026-09-16 15:07:53 [LOG] Response received, transaction 2789, function 0x03, 4 bytes PDU
2026-09-16 15:07:53 [LOG] Reading 0x242f = 0
2026-09-16 15:07:53 [LOG] Request sent, transaction 2790, function 0x03, 12 bytes
2026-09-16 15:07:53 [LOG] Response received, transaction 2790, function 0x03, 4 bytes PDU
2026-09-16 15:07:53 [LOG] Reading 0x2430 = 0
2026-09-16 15:07:53 [LOG] Request sent, transaction 2791, function 0x03, 12 bytes
2026-09-16 15:07:53 [LOG] Response received, transaction 2791, function 0x03, 4 bytes PDU
2026-09-16 15:07:53 [LOG] Reading 0x2431 = 0
2026-09-16 15:07:53 [LOG] Request sent, transaction 2792, function 0x03, 12 bytes
2026-09-16 15:07:53 [LOG] Response received, transaction 2792, function 0x03, 4 bytes PDU
2026-09-16 15:07:53 [LOG] Reading 0x2432 = 0
2026-09-16 15:07:53 [LOG] Request sent, transaction 2793, function 0x03, 12 bytes
2026-09-16 15:07:53 [LOG] Response received, transaction 2793, function 0x03, 4 bytes PDU
2026-09-16 15:07:53 [LOG] Reading 0x2433 = 0
2026-09-16 15:07:53 [LOG] Request sent, transaction 2794, function 0x03, 12 bytes
2026-09-16 15:07:53 [LOG] Response received, transaction 2794, function 0x03, 4 bytes PDU
2026-09-16 15:07:53 [LOG] Reading 0x2434 = 0
2026-09-16 15:07:53 No connected clients to send
2026-09-16 15:08:13 [LOG] Request sent, transaction 2795, function 0x03, 12 bytes
2026-09-16 15:08:13 [LOG] Response received, transaction 2795, function 0x03, 4 bytes PDU
2026-09-16 15:08:13 [LOG] Reading 0x242c = 0
2026-09-16 15:08:13 [LOG] Request sent, transaction 2796, function 0x03, 12 bytes
2026-09-16 15:08:13 [LOG] Response received, transaction 2796, function 0x03, 4 bytes PDU
2026-09-16 15:08:13 [LOG] Reading 0x242d = 0
2026-09-16 15:08:13 [LOG] Request sent, transaction 2797, function 0x03, 12 bytes
2026-09-16 15:08:13 [LOG] Response received, transaction 2797, function 0x03, 4 bytes PDU
2026-09-16 15:08:13 [LOG] Reading 0x242e = 0
2026-09-16 15:08:13 [LOG] Request sent, transaction 2798, function 0x03, 12 bytes
2026-09-16 15:08:13 [LOG] Response received, transaction 2798, function 0x03, 4 bytes PDU
2026-09-16 15:08:13 [LOG] Reading 0x242f = 0
2026-09-16 15:08:13 [LOG] Request sent, transaction 2799, function 0x03, 12 bytes
2026-09-16 15:08:13 [LOG] Response received, transaction 2799, function 0x03, 4 bytes PDU
2026-09-16 15:08:13 [LOG] Reading 0x2430 = 0
2026-09-16 15:08:13 [LOG] Request sent, transaction 2800, function 0x03, 12 bytes
2026-09-16 15:08:13 [LOG] Response received, transaction 2800, function 0x03, 4 bytes PDU
2026-09-16 15:08:13 [LOG] Reading 0x2431 = 0
2026-09-16 15:08:13 [LOG] Request sent, transaction 2801, function 0x03, 12 bytes
2026-09-16 15:08:13 [LOG] Response received, transaction 2801, function 0x03, 4 bytes PDU
2026-09-16 15:08:13 [LOG] Reading 0x2432 = 0
2026-09-16 15:08:13 [LOG] Request sent, transaction 2802, function 0x03, 12 bytes
2026-09-16 15:08:13 [LOG] Response received, transaction 2802, function 0x03, 4 bytes PDU
2026-09-16 15:08:13 [LOG] Reading 0x2433 = 0
2026-09-16 15:08:13 [LOG] Request sent, transaction 2803, function 0x03, 12 bytes
2026-09-16 15:08:13 [LOG] Response received, transaction 2803, function 0x03, 4 bytes PDU
2026-09-16 15:08:13 [LOG] Reading 0x2434 = 0
2026-09-16 15:08:13 No connected clients to send
2026-09-16 15:08:33 [LOG] Request sent, transaction 2804, function 0x03, 12 bytes
2026-09-16 15:08:33 [LOG] Response received, transaction 2804, function 0x03, 4 bytes PDU
2026-09-16 15:08:33 [LOG] Reading 0x242c = 0
2026-09-16 15:08:33 [LOG] Request sent, transaction 2805, function 0x03, 12 bytes
2026-09-16 15:08:33 [LOG] Response received, transaction 2805, function 0x03, 4 bytes PDU
2026-09-16 15:08:33 [LOG] Reading 0x242d = 0
2026-09-16 15:08:33 [LOG] Request sent, transaction 2806, function 0x03, 12 bytes
2026-09-16 15:08:33 [LOG] Response received, transaction 2806, function 0x03, 4 bytes PDU
2026-09-16 15:08:33 [LOG] Reading 0x242e = 0
2026-09-16 15:08:33 [LOG] Request sent, transaction 2807, function 0x03, 12 bytes
2026-09-16 15:08:33 [LOG] Response received, transaction 2807, function 0x03, 4 bytes PDU
2026-09-16 15:08:33 [LOG] Reading 0x242f = 0
2026-09-16 15:08:33 [LOG] Request sent, transaction 2808, function 0x03, 12 bytes
2026-09-16 15:08:33 [LOG] Response received, transaction 2808, function 0x03, 4 bytes PDU
2026-09-16 15:08:33 [LOG] Reading 0x2430 = 0
2026-09-16 15:08:33 [LOG] Request sent, transaction 2809, function 0x03, 12 bytes
2026-09-16 15:08:33 [LOG] Response received, transaction 2809, function 0x03, 4 bytes PDU
2026-09-16 15:08:33 [LOG] Reading 0x2431 = 0
2026-09-16 15:08:33 [LOG] Request sent, transaction 2810, function 0x03, 12 bytes
2026-09-16 15:08:33 [LOG] Response received, transaction 2810, function 0x03, 4 bytes PDU
2026-09-16 15:08:33 [LOG] Reading 0x2432 = 0
2026-09-16 15:08:33 [LOG] Request sent, transaction 2811, function 0x03, 12 bytes
2026-09-16 15:08:33 [LOG] Response received, transaction 2811, function 0x03, 4 bytes PDU
2026-09-16 15:08:33 [LOG] Reading 0x2433 = 0
2026-09-16 15:08:33 [LOG] Request sent, transaction 2812, function 0x03, 12 bytes
2026-09-16 15:08:33 [LOG] Response received, transaction 2812, function 0x03, 4 bytes PDU
2026-09-16 15:08:33 [LOG] Reading 0x2434 = 0
2026-09-16 15:08:33 No connected clients to send
2026-09-16 15:08:53 [LOG] Request sent, transaction 2813, function 0x03, 12 bytes
2026-09-16 15:08:53 [LOG] Response received, transaction 2813, function 0x03, 4 bytes PDU
2026-09-16 15:08:53 [LOG] Reading 0x242c = 0
2026-09-16 15:08:53 [LOG] Request sent, transaction 2814, function 0x03, 12 bytes
2026-09-16 15:08:53 [LOG] Response received, transaction 2814, function 0x03, 4 bytes PDU
2026-09-16 15:08:53 [LOG] Reading 0x242d = 0
2026-09-16 15:08:53 [LOG] Request sent, transaction 2815, function 0x03, 12 bytes
2026-09-16 15:08:53 [LOG] Response received, transaction 2815, function 0x03, 4 bytes PDU
2026-09-16 15:08:53 [LOG] Reading 0x242e = 0
2026-09-16 15:08:53 [LOG] Request sent, transaction 2816, function 0x03, 12 bytes
2026-09-16 15:08:53 [LOG] Response received, transaction 2816, function 0x03, 4 bytes PDU
2026-09-16 15:08:53 [LOG] Reading 0x242f = 0
2026-09-16 15:08:53 [LOG] Request sent, transaction 2817, function 0x03, 12 bytes
2026-09-16 15:08:53 [LOG] Response received, transaction 2817, function 0x03, 4 bytes PDU
2026-09-16 15:08:53 [LOG] Reading 0x2430 = 0
2026-09-16 15:08:53 [LOG] Request sent, transaction 2818, function 0x03, 12 bytes
2026-09-16 15:08:53 [LOG] Response received, transaction 2818, function 0x03, 4 bytes PDU
2026-09-16 15:08:53 [LOG] Reading 0x2431 = 0
2026-09-16 15:08:53 [LOG] Request sent, transaction 2819, function 0x03, 12 bytes
2026-09-16 15:08:53 [LOG] Response received, transaction 2819, function 0x03, 4 bytes PDU
2026-09-16 15:08:53 [LOG] Reading 0x2432 = 0
2026-09-16 15:08:53 [LOG] Request sent, transaction 2820, function 0x03, 12 bytes
2026-09-16 15:08:53 [LOG] Response received, transaction 2820, function 0x03, 4 bytes PDU
2026-09-16 15:08:53 [LOG] Reading 0x2433 = 0
2026-09-16 15:08:53 [LOG] Request sent, transaction 2821, function 0x03, 12 bytes
2026-09-16 15:08:53 [LOG] Response received, transaction 2821, function 0x03, 4 bytes PDU
2026-09-16 15:08:53 [LOG] Reading 0x2434 = 0
2026-09-16 15:08:53 No connected clients to send
2026-09-16 15:09:13 [LOG] Request sent, transaction 2822, function 0x03, 12 bytes
2026-09-16 15:09:13 [LOG] Response received, transaction 2822, function 0x03, 4 bytes PDU
2026-09-16 15:09:13 [LOG] Reading 0x242c = 0
2026-09-16 15:09:13 [LOG] Request sent, transaction 2823, function 0x03, 12 bytes
2026-09-16 15:09:13 [LOG] Response received, transaction 2823, function 0x03, 4 bytes PDU
2026-09-16 15:09:13 [LOG] Reading 0x242d = 0
2026-09-16 15:09:13 [LOG] Request sent, transaction 2824, function 0x03, 12 bytes
2026-09-16 15:09:13 [LOG] Response received, transaction 2824, function 0x03, 4 bytes PDU
2026-09-16 15:09:13 [LOG] Reading 0x242e = 0
2026-09-16 15:09:13 [LOG] Request sent, transaction 2825, function 0x03, 12 bytes
2026-09-16 15:09:13 [LOG] Response received, transaction 2825, function 0x03, 4 bytes PDU
2026-09-16 15:09:13 [LOG] Reading 0x242f = 0
2026-09-16 15:09:13 [LOG] Request sent, transaction 2826, function 0x03, 12 bytes
2026-09-16 15:09:13 [LOG] Response received, transaction 2826, function 0x03, 4 bytes PDU
2026-09-16 15:09:13 [LOG] Reading 0x2430 = 0
2026-09-16 15:09:13 [LOG] Request sent, transaction 2827, function 0x03, 12 bytes
2026-09-16 15:09:13 [LOG] Response received, transaction 2827, function 0x03, 4 bytes PDU
2026-09-16 15:09:13 [LOG] Reading 0x2431 = 0
2026-09-16 15:09:13 [LOG] Request sent, transaction 2828, function 0x03, 12 bytes
2026-09-16 15:09:13 [LOG] Response received, transaction 2828, function 0x03, 4 bytes PDU
2026-09-16 15:09:13 [LOG] Reading 0x2432 = 0
2026-09-16 15:09:13 [LOG] Request sent, transaction 2829, function 0x03, 12 bytes
2026-09-16 15:09:13 [LOG] Response received, transaction 2829, function 0x03, 4 bytes PDU
2026-09-16 15:09:13 [LOG] Reading 0x2433 = 0
2026-09-16 15:09:13 [LOG] Request sent, transaction 2830, function 0x03, 12 bytes
2026-09-16 15:09:13 [LOG] Response received, transaction 2830, function 0x03, 4 bytes PDU
2026-09-16 15:09:13 [LOG] Reading 0x2434 = 0
2026-09-16 15:09:13 No connected clients to send
2026-09-16 15:09:33 [LOG] Request sent, transaction 2831, function 0x03, 12 bytes
2026-09-16 15:09:33 [LOG] Response received, transaction 2831, function 0x03, 4 bytes PDU
2026-09-16 15:09:33 [LOG] Reading 0x242c = 0
2026-09-16 15:09:33 [LOG] Request sent, transaction 2832, function 0x03, 12 bytes
2026-09-16 15:09:33 [LOG] Response received, transaction 2832, function 0x03, 4 bytes PDU
2026-09-16 15:09:33 [LOG] Reading 0x242d = 0
2026-09-16 15:09:33 [LOG] Request sent, transaction 2833, function 0x03, 12 bytes
2026-09-16 15:09:33 [LOG] Response received, transaction 2833, function 0x03, 4 bytes PDU
2026-09-16 15:09:33 [LOG] Reading 0x242e = 0
2026-09-16 15:09:33 [LOG] Request sent, transaction 2834, function 0x03, 12 bytes
2026-09-16 15:09:33 [LOG] Response received, transaction 2834, function 0x03, 4 bytes PDU
2026-09-16 15:09:33 [LOG] Reading 0x242f = 0
2026-09-16 15:09:33 [LOG] Request sent, transaction 2835, function 0x03, 12 bytes
2026-09-16 15:09:33 [LOG] Response received, transaction 2835, function 0x03, 4 bytes PDU
2026-09-16 15:09:33 [LOG] Reading 0x2430 = 0
2026-09-16 15:09:33 [LOG] Request sent, transaction 2836, function 0x03, 12 bytes
2026-09-16 15:09:33 [LOG] Response received, transaction 2836, function 0x03, 4 bytes PDU
2026-09-16 15:09:33 [LOG] Reading 0x2431 = 0
2026-09-16 15:09:33 [LOG] Request sent, transaction 2837, function 0x03, 12 bytes
2026-09-16 15:09:33 [LOG] Response received, transaction 2837, function 0x03, 4 bytes PDU
2026-09-16 15:09:33 [LOG] Reading 0x2432 = 0
2026-09-16 15:09:33 [LOG] Request sent, transaction 2838, function 0x03, 12 bytes
2026-09-16 15:09:33 [LOG] Response received, transaction 2838, function 0x03, 4 bytes PDU
2026-09-16 15:09:33 [LOG] Reading 0x2433 = 0
2026-09-16 15:09:33 [LOG] Request sent, transaction 2839, function 0x03, 12 bytes
2026-09-16 15:09:33 [LOG] Response received, transaction 2839, function 0x03, 4 bytes PDU
2026-09-16 15:09:33 [LOG] Reading 0x2434 = 0
2026-09-16 15:09:33 No connected clients to send
2026-09-16 15:09:53 [LOG] Request sent, transaction 2840, function 0x03, 12 bytes
2026-09-16 15:09:53 [LOG] Response received, transaction 2840, function 0x03, 4 bytes PDU
2026-09-16 15:09:53 [LOG] Reading 0x242c = 0
2026-09-16 15:09:53 [LOG] Request sent, transaction 2841, function 0x03, 12 bytes
2026-09-16 15:09:53 [LOG] Response received, transaction 2841, function 0x03, 4 bytes PDU
2026-09-16 15:09:53 [LOG] Reading 0x242d = 0
2026-09-16 15:09:53 [LOG] Request sent, transaction 2842, function 0x03, 12 bytes
2026-09-16 15:09:53 [LOG] Response received, transaction 2842, function 0x03, 4 bytes PDU
2026-09-16 15:09:53 [LOG] Reading 0x242e = 0
2026-09-16 15:09:53 [LOG] Request sent, transaction 2843, function 0x03, 12 bytes
2026-09-16 15:09:53 [LOG] Response received, transaction 2843, function 0x03, 4 bytes PDU
2026-09-16 15:09:53 [LOG] Reading 0x242f = 0
2026-09-16 15:09:53 [LOG] Request sent, transaction 2844, function 0x03, 12 bytes
2026-09-16 15:09:53 [LOG] Response received, transaction 2844, function 0x03, 4 bytes PDU
2026-09-16 15:09:53 [LOG] Reading 0x2430 = 0
2026-09-16 15:09:53 [LOG] Request sent, transaction 2845, function 0x03, 12 bytes
2026-09-16 15:09:53 [LOG] Response received, transaction 2845, function 0x03, 4 bytes PDU
2026-09-16 15:09:53 [LOG] Reading 0x2431 = 0
2026-09-16 15:09:53 [LOG] Request sent, transaction 2846, function 0x03, 12 bytes
2026-09-16 15:09:53 [LOG] Response received, transaction 2846, function 0x03, 4 bytes PDU
2026-09-16 15:09:53 [LOG] Reading 0x2432 = 0
2026-09-16 15:09:53 [LOG] Request sent, transaction 2847, function 0x03, 12 bytes
2026-09-16 15:09:53 [LOG] Response received, transaction 2847, function 0x03, 4 bytes PDU
2026-09-16 15:09:53 [LOG] Reading 0x2433 = 0
2026-09-16 15:09:53 [LOG] Request sent, transaction 2848, function 0x03, 12 bytes
2026-09-16 15:09:53 [LOG] Response received, transaction 2848, function 0x03, 4 bytes PDU
2026-09-16 15:09:53 [LOG] Reading 0x2434 = 0
2026-09-16 15:09:53 No connected clients to send
2026-09-16 15:10:13 [LOG] Request sent, transaction 2849, function 0x03, 12 bytes
2026-09-16 15:10:13 [LOG] Response received, transaction 2849, function 0x03, 4 bytes PDU
2026-09-16 15:10:13 [LOG] Reading 0x242c = 0
2026-09-16 15:10:13 [LOG] Request sent, transaction 2850, function 0x03, 12 bytes
2026-09-16 15:10:13 [LOG] Response received, transaction 2850, function 0x03, 4 bytes PDU
2026-09-16 15:10:13 [LOG] Reading 0x242d = 0
2026-09-16 15:10:13 [LOG] Request sent, transaction 2851, function 0x03, 12 bytes
2026-09-16 15:10:13 [LOG] Response received, transaction 2851, function 0x03, 4 bytes PDU
2026-09-16 15:10:13 [LOG] Reading 0x242e = 0
2026-09-16 15:10:13 [LOG] Request sent, transaction 2852, function 0x03, 12 bytes
2026-09-16 15:10:13 [LOG] Response received, transaction 2852, function 0x03, 4 bytes PDU
2026-09-16 15:10:13 [LOG] Reading 0x242f = 0
2026-09-16 15:10:13 [LOG] Request sent, transaction 2853, function 0x03, 12 bytes
2026-09-16 15:10:13 [LOG] Response received, transaction 2853, function 0x03, 4 bytes PDU
2026-09-16 15:10:13 [LOG] Reading 0x2430 = 0
2026-09-16 15:10:13 [LOG] Request sent, transaction 2854, function 0x03, 12 bytes
2026-09-16 15:10:13 [LOG] Response received, transaction 2854, function 0x03, 4 bytes PDU
2026-09-16 15:10:13 [LOG] Reading 0x2431 = 0
2026-09-16 15:10:13 [LOG] Request sent, transaction 2855, function 0x03, 12 bytes
2026-09-16 15:10:13 [LOG] Response received, transaction 2855, function 0x03, 4 bytes PDU
2026-09-16 15:10:13 [LOG] Reading 0x2432 = 0
2026-09-16 15:10:13 [LOG] Request sent, transaction 2856, function 0x03, 12 bytes
2026-09-16 15:10:13 [LOG] Response received, transaction 2856, function 0x03, 4 bytes PDU
2026-09-16 15:10:13 [LOG] Reading 0x2433 = 0
2026-09-16 15:10:13 [LOG] Request sent, transaction 2857, function 0x03, 12 bytes
2026-09-16 15:10:13 [LOG] Response received, transaction 2857, function 0x03, 4 bytes PDU
2026-09-16 15:10:13 [LOG] Reading 0x2434 = 0
2026-09-16 15:10:13 No connected clients to send
2026-09-16 15:10:33 [LOG] Request sent, transaction 2858, function 0x03, 12 bytes
2026-09-16 15:10:33 [LOG] Response received, transaction 2858, function 0x03, 4 bytes PDU
2026-09-16 15:10:33 [LOG] Reading 0x242c = 0
2026-09-16 15:10:33 [LOG] Request sent, transaction 2859, function 0x03, 12 bytes
2026-09-16 15:10:33 [LOG] Response received, transaction 2859, function 0x03, 4 bytes PDU
2026-09-16 15:10:33 [LOG] Reading 0x242d = 0
2026-09-16 15:10:33 [LOG] Request sent, transaction 2860, function 0x03, 12 bytes
2026-09-16 15:10:33 [LOG] Response received, transaction 2860, function 0x03, 4 bytes PDU
2026-09-16 15:10:33 [LOG] Reading 0x242e = 0
2026-09-16 15:10:33 [LOG] Request sent, transaction 2861, function 0x03, 12 bytes
2026-09-16 15:10:33 [LOG] Response received, transaction 2861, function 0x03, 4 bytes PDU
2026-09-16 15:10:33 [LOG] Reading 0x242f = 0
2026-09-16 15:10:33 [LOG] Request sent, transaction 2862, function 0x03, 12 bytes
2026-09-16 15:10:33 [LOG] Response received, transaction 2862, function 0x03, 4 bytes PDU
2026-09-16 15:10:33 [LOG] Reading 0x2430 = 0
2026-09-16 15:10:33 [LOG] Request sent, transaction 2863, function 0x03, 12 bytes
2026-09-16 15:10:33 [LOG] Response received, transaction 2863, function 0x03, 4 bytes PDU
2026-09-16 15:10:33 [LOG] Reading 0x2431 = 0
2026-09-16 15:10:33 [LOG] Request sent, transaction 2864, function 0x03, 12 bytes
2026-09-16 15:10:33 [LOG] Response received, transaction 2864, function 0x03, 4 bytes PDU
2026-09-16 15:10:33 [LOG] Reading 0x2432 = 0
2026-09-16 15:10:33 [LOG] Request sent, transaction 2865, function 0x03, 12 bytes
2026-09-16 15:10:33 [LOG] Response received, transaction 2865, function 0x03, 4 bytes PDU
2026-09-16 15:10:33 [LOG] Reading 0x2433 = 0
2026-09-16 15:10:33 [LOG] Request sent, transaction 2866, function 0x03, 12 bytes
2026-09-16 15:10:33 [LOG] Response received, transaction 2866, function 0x03, 4 bytes PDU
2026-09-16 15:10:33 [LOG] Reading 0x2434 = 0
2026-09-16 15:10:33 No connected clients to send
2026-09-16 15:10:53 [LOG] Request sent, transaction 2867, function 0x03, 12 bytes
2026-09-16 15:10:53 [LOG] Response received, transaction 2867, function 0x03, 4 bytes PDU
2026-09-16 15:10:53 [LOG] Reading 0x242c = 0
2026-09-16 15:10:53 [LOG] Request sent, transaction 2868, function 0x03, 12 bytes
2026-09-16 15:10:53 [LOG] Response received, transaction 2868, function 0x03, 4 bytes PDU
2026-09-16 15:10:53 [LOG] Reading 0x242d = 0
2026-09-16 15:10:53 [LOG] Request sent, transaction 2869, function 0x03, 12 bytes
2026-09-16 15:10:53 [LOG] Response received, transaction 2869, function 0x03, 4 bytes PDU
2026-09-16 15:10:53 [LOG] Reading 0x242e = 0
2026-09-16 15:10:53 [LOG] Request sent, transaction 2870, function 0x03, 12 bytes
2026-09-16 15:10:53 [LOG] Response received, transaction 2870, function 0x03, 4 bytes PDU
2026-09-16 15:10:53 [LOG] Reading 0x242f = 0
2026-09-16 15:10:53 [LOG] Request sent, transaction 2871, function 0x03, 12 bytes
2026-09-16 15:10:53 [LOG] Response received, transaction 2871, function 0x03, 4 bytes PDU
2026-09-16 15:10:53 [LOG] Reading 0x2430 = 0
2026-09-16 15:10:53 [LOG] Request sent, transaction 2872, function 0x03, 12 bytes
2026-09-16 15:10:53 [LOG] Response received, transaction 2872, function 0x03, 4 bytes PDU
2026-09-16 15:10:53 [LOG] Reading 0x2431 = 0
2026-09-16 15:10:53 [LOG] Request sent, transaction 2873, function 0x03, 12 bytes
2026-09-16 15:10:53 [LOG] Response received, transaction 2873, function 0x03, 4 bytes PDU
2026-09-16 15:10:53 [LOG] Reading 0x2432 = 0
2026-09-16 15:10:53 [LOG] Request sent, transaction 2874, function 0x03, 12 bytes
2026-09-16 15:10:53 [LOG] Response received, transaction 2874, function 0x03, 4 bytes PDU
2026-09-16 15:10:53 [LOG] Reading 0x2433 = 0
2026-09-16 15:10:53 [LOG] Request sent, transaction 2875, function 0x03, 12 bytes
2026-09-16 15:10:53 [LOG] Response received, transaction 2875, function 0x03, 4 bytes PDU
2026-09-16 15:10:53 [LOG] Reading 0x2434 = 0
2026-09-16 15:10:53 No connected clients to send
2026-09-16 15:11:13 [LOG] Request sent, transaction 2876, function 0x03, 12 bytes
2026-09-16 15:11:13 [LOG] Response received, transaction 2876, function 0x03, 4 bytes PDU
2026-09-16 15:11:13 [LOG] Reading 0x242c = 0
2026-09-16 15:11:13 [LOG] Request sent, transaction 2877, function 0x03, 12 bytes
2026-09-16 15:11:13 [LOG] Response received, transaction 2877, function 0x03, 4 bytes PDU
2026-09-16 15:11:13 [LOG] Reading 0x242d = 0
2026-09-16 15:11:13 [LOG] Request sent, transaction 2878, function 0x03, 12 bytes
2026-09-16 15:11:13 [LOG] Response received, transaction 2878, function 0x03, 4 bytes PDU
2026-09-16 15:11:13 [LOG] Reading 0x242e = 0
2026-09-16 15:11:13 [LOG] Request sent, transaction 2879, function 0x03, 12 bytes
2026-09-16 15:11:13 [LOG] Response received, transaction 2879, function 0x03, 4 bytes PDU
2026-09-16 15:11:13 [LOG] Reading 0x242f = 0
2026-09-16 15:11:13 [LOG] Request sent, transaction 2880, function 0x03, 12 bytes
2026-09-16 15:11:13 [LOG] Response received, transaction 2880, function 0x03, 4 bytes PDU
2026-09-16 15:11:13 [LOG] Reading 0x2430 = 0
2026-09-16 15:11:13 [LOG] Request sent, transaction 2881, function 0x03, 12 bytes
2026-09-16 15:11:13 [LOG] Response received, transaction 2881, function 0x03, 4 bytes PDU
2026-09-16 15:11:13 [LOG] Reading 0x2431 = 0
2026-09-16 15:11:13 [LOG] Request sent, transaction 2882, function 0x03, 12 bytes
2026-09-16 15:11:13 [LOG] Response received, transaction 2882, function 0x03, 4 bytes PDU
2026-09-16 15:11:13 [LOG] Reading 0x2432 = 0
2026-09-16 15:11:13 [LOG] Request sent, transaction 2883, function 0x03, 12 bytes
2026-09-16 15:11:13 [LOG] Response received, transaction 2883, function 0x03, 4 bytes PDU
2026-09-16 15:11:13 [LOG] Reading 0x2433 = 0
2026-09-16 15:11:13 [LOG] Request sent, transaction 2884, function 0x03, 12 bytes
2026-09-16 15:11:13 [LOG] Response received, transaction 2884, function 0x03, 4 bytes PDU
2026-09-16 15:11:13 [LOG] Reading 0x2434 = 0
2026-09-16 15:11:13 No connected clients to send
2026-09-16 15:11:33 [LOG] Request sent, transaction 2885, function 0x03, 12 bytes
2026-09-16 15:11:33 [LOG] Response received, transaction 2885, function 0x03, 4 bytes PDU
2026-09-16 15:11:33 [LOG] Reading 0x242c = 0
2026-09-16 15:11:33 [LOG] Request sent, transaction 2886, function 0x03, 12 bytes
2026-09-16 15:11:33 [LOG] Response received, transaction 2886, function 0x03, 4 bytes PDU
2026-09-16 15:11:33 [LOG] Reading 0x242d = 0
2026-09-16 15:11:33 [LOG] Request sent, transaction 2887, function 0x03, 12 bytes
2026-09-16 15:11:33 [LOG] Response received, transaction 2887, function 0x03, 4 bytes PDU
2026-09-16 15:11:33 [LOG] Reading 0x242e = 0
2026-09-16 15:11:33 [LOG] Request sent, transaction 2888, function 0x03, 12 bytes
2026-09-16 15:11:33 [LOG] Response received, transaction 2888, function 0x03, 4 bytes PDU
2026-09-16 15:11:33 [LOG] Reading 0x242f = 0
2026-09-16 15:11:33 [LOG] Request sent, transaction 2889, function 0x03, 12 bytes
2026-09-16 15:11:33 [LOG] Response received, transaction 2889, function 0x03, 4 bytes PDU
2026-09-16 15:11:33 [LOG] Reading 0x2430 = 0
2026-09-16 15:11:33 [LOG] Request sent, transaction 2890, function 0x03, 12 bytes
2026-09-16 15:11:33 [LOG] Response received, transaction 2890, function 0x03, 4 bytes PDU
2026-09-16 15:11:33 [LOG] Reading 0x2431 = 0
2026-09-16 15:11:33 [LOG] Request sent, transaction 2891, function 0x03, 12 bytes
2026-09-16 15:11:33 [LOG] Response received, transaction 2891, function 0x03, 4 bytes PDU
2026-09-16 15:11:33 [LOG] Reading 0x2432 = 0
2026-09-16 15:11:33 [LOG] Request sent, transaction 2892, function 0x03, 12 bytes
2026-09-16 15:11:33 [LOG] Response received, transaction 2892, function 0x03, 4 bytes PDU
2026-09-16 15:11:33 [LOG] Reading 0x2433 = 0
2026-09-16 15:11:33 [LOG] Request sent, transaction 2893, function 0x03, 12 bytes
2026-09-16 15:11:33 [LOG] Response received, transaction 2893, function 0x03, 4 bytes PDU
2026-09-16 15:11:33 [LOG] Reading 0x2434 = 0
2026-09-16 15:11:33 No connected clients to send
2026-09-16 15:11:53 [LOG] Request sent, transaction 2894, function 0x03, 12 bytes
2026-09-16 15:11:53 [LOG] Response received, transaction 2894, function 0x03, 4 bytes PDU
2026-09-16 15:11:53 [LOG] Reading 0x242c = 0
2026-09-16 15:11:53 [LOG] Request sent, transaction 2895, function 0x03, 12 bytes
2026-09-16 15:11:53 [LOG] Response received, transaction 2895, function 0x03, 4 bytes PDU
2026-09-16 15:11:53 [LOG] Reading 0x242d = 0
2026-09-16 15:11:53 [LOG] Request sent, transaction 2896, function 0x03, 12 bytes
2026-09-16 15:11:53 [LOG] Response received, transaction 2896, function 0x03, 4 bytes PDU
2026-09-16 15:11:53 [LOG] Reading 0x242e = 0
2026-09-16 15:11:53 [LOG] Request sent, transaction 2897, function 0x03, 12 bytes
2026-09-16 15:11:53 [LOG] Response received, transaction 2897, function 0x03, 4 bytes PDU
2026-09-16 15:11:53 [LOG] Reading 0x242f = 0
2026-09-16 15:11:53 [LOG] Request sent, transaction 2898, function 0x03, 12 bytes
2026-09-16 15:11:53 [LOG] Response received, transaction 2898, function 0x03, 4 bytes PDU
2026-09-16 15:11:53 [LOG] Reading 0x2430 = 0
2026-09-16 15:11:53 [LOG] Request sent, transaction 2899, function 0x03, 12 bytes
2026-09-16 15:11:53 [LOG] Response received, transaction 2899, function 0x03, 4 bytes PDU
2026-09-16 15:11:53 [LOG] Reading 0x2431 = 0
2026-09-16 15:11:53 [LOG] Request sent, transaction 2900, function 0x03, 12 bytes
2026-09-16 15:11:53 [LOG] Response received, transaction 2900, function 0x03, 4 bytes PDU
2026-09-16 15:11:53 [LOG] Reading 0x2432 = 0
2026-09-16 15:11:53 [LOG] Request sent, transaction 2901, function 0x03, 12 bytes
2026-09-16 15:11:53 [LOG] Response received, transaction 2901, function 0x03, 4 bytes PDU
2026-09-16 15:11:53 [LOG] Reading 0x2433 = 0
2026-09-16 15:11:53 [LOG] Request sent, transaction 2902, function 0x03, 12 bytes
2026-09-16 15:11:53 [LOG] Response received, transaction 2902, function 0x03, 4 bytes PDU
2026-09-16 15:11:53 [LOG] Reading 0x2434 = 0
2026-09-16 15:11:53 No connected clients to send
2026-09-16 15:12:13 [LOG] Request sent, transaction 2903, function 0x03, 12 bytes
2026-09-16 15:12:13 [LOG] Response received, transaction 2903, function 0x03, 4 bytes PDU
2026-09-16 15:12:13 [LOG] Reading 0x242c = 0
2026-09-16 15:12:13 [LOG] Request sent, transaction 2904, function 0x03, 12 bytes
2026-09-16 15:12:13 [LOG] Response received, transaction 2904, function 0x03, 4 bytes PDU
2026-09-16 15:12:13 [LOG] Reading 0x242d = 0
2026-09-16 15:12:13 [LOG] Request sent, transaction 2905, function 0x03, 12 bytes
2026-09-16 15:12:13 [LOG] Response received, transaction 2905, function 0x03, 4 bytes PDU
2026-09-16 15:12:13 [LOG] Reading 0x242e = 0
2026-09-16 15:12:13 [LOG] Request sent, transaction 2906, function 0x03, 12 bytes
2026-09-16 15:12:13 [LOG] Response received, transaction 2906, function 0x03, 4 bytes PDU
2026-09-16 15:12:13 [LOG] Reading 0x242f = 0
2026-09-16 15:12:13 [LOG] Request sent, transaction 2907, function 0x03, 12 bytes
2026-09-16 15:12:13 [LOG] Response received, transaction 2907, function 0x03, 4 bytes PDU
2026-09-16 15:12:13 [LOG] Reading 0x2430 = 0
2026-09-16 15:12:13 [LOG] Request sent, transaction 2908, function 0x03, 12 bytes
2026-09-16 15:12:13 [LOG] Response received, transaction 2908, function 0x03, 4 bytes PDU
2026-09-16 15:12:13 [LOG] Reading 0x2431 = 0
2026-09-16 15:12:13 [LOG] Request sent, transaction 2909, function 0x03, 12 bytes
2026-09-16 15:12:13 [LOG] Response received, transaction 2909, function 0x03, 4 bytes PDU
2026-09-16 15:12:13 [LOG] Reading 0x2432 = 0
2026-09-16 15:12:13 [LOG] Request sent, transaction 2910, function 0x03, 12 bytes
2026-09-16 15:12:13 [LOG] Response received, transaction 2910, function 0x03, 4 bytes PDU
2026-09-16 15:12:13 [LOG] Reading 0x2433 = 0
2026-09-16 15:12:13 [LOG] Request sent, transaction 2911, function 0x03, 12 bytes
2026-09-16 15:12:13 [LOG] Response received, transaction 2911, function 0x03, 4 bytes PDU
2026-09-16 15:12:13 [LOG] Reading 0x2434 = 0
2026-09-16 15:12:13 No connected clients to send
2026-09-16 15:12:33 [LOG] Request sent, transaction 2912, function 0x03, 12 bytes
2026-09-16 15:12:33 [LOG] Response received, transaction 2912, function 0x03, 4 bytes PDU
2026-09-16 15:12:33 [LOG] Reading 0x242c = 0
2026-09-16 15:12:33 [LOG] Request sent, transaction 2913, function 0x03, 12 bytes
2026-09-16 15:12:33 [LOG] Response received, transaction 2913, function 0x03, 4 bytes PDU
2026-09-16 15:12:33 [LOG] Reading 0x242d = 0
2026-09-16 15:12:33 [LOG] Request sent, transaction 2914, function 0x03, 12 bytes
2026-09-16 15:12:33 [LOG] Response received, transaction 2914, function 0x03, 4 bytes PDU
2026-09-16 15:12:33 [LOG] Reading 0x242e = 0
2026-09-16 15:12:33 [LOG] Request sent, transaction 2915, function 0x03, 12 bytes
2026-09-16 15:12:33 [LOG] Response received, transaction 2915, function 0x03, 4 bytes PDU
2026-09-16 15:12:33 [LOG] Reading 0x242f = 0
2026-09-16 15:12:33 [LOG] Request sent, transaction 2916, function 0x03, 12 bytes
2026-09-16 15:12:33 [LOG] Response received, transaction 2916, function 0x03, 4 bytes PDU
2026-09-16 15:12:33 [LOG] Reading 0x2430 = 0
2026-09-16 15:12:33 [LOG] Request sent, transaction 2917, function 0x03, 12 bytes
2026-09-16 15:12:33 [LOG] Response received, transaction 2917, function 0x03, 4 bytes PDU
2026-09-16 15:12:33 [LOG] Reading 0x2431 = 0
2026-09-16 15:12:33 [LOG] Request sent, transaction 2918, function 0x03, 12 bytes
2026-09-16 15:12:33 [LOG] Response received, transaction 2918, function 0x03, 4 bytes PDU
2026-09-16 15:12:33 [LOG] Reading 0x2432 = 0
2026-09-16 15:12:33 [LOG] Request sent, transaction 2919, function 0x03, 12 bytes
2026-09-16 15:12:33 [LOG] Response received, transaction 2919, function 0x03, 4 bytes PDU
2026-09-16 15:12:33 [LOG] Reading 0x2433 = 0
2026-09-16 15:12:33 [LOG] Request sent, transaction 2920, function 0x03, 12 bytes
2026-09-16 15:12:33 [LOG] Response received, transaction 2920, function 0x03, 4 bytes PDU
2026-09-16 15:12:33 [LOG] Reading 0x2434 = 0
2026-09-16 15:12:33 No connected clients to send
2026-09-16 15:12:53 [LOG] Request sent, transaction 2921, function 0x03, 12 bytes
2026-09-16 15:12:53 [LOG] Response received, transaction 2921, function 0x03, 4 bytes PDU
2026-09-16 15:12:53 [LOG] Reading 0x242c = 0
2026-09-16 15:12:53 [LOG] Request sent, transaction 2922, function 0x03, 12 bytes
2026-09-16 15:12:53 [LOG] Response received, transaction 2922, function 0x03, 4 bytes PDU
2026-09-16 15:12:53 [LOG] Reading 0x242d = 0
2026-09-16 15:12:53 [LOG] Request sent, transaction 2923, function 0x03, 12 bytes
2026-09-16 15:12:53 [LOG] Response received, transaction 2923, function 0x03, 4 bytes PDU
2026-09-16 15:12:53 [LOG] Reading 0x242e = 0
2026-09-16 15:12:53 [LOG] Request sent, transaction 2924, function 0x03, 12 bytes
2026-09-16 15:12:53 [LOG] Response received, transaction 2924, function 0x03, 4 bytes PDU
2026-09-16 15:12:53 [LOG] Reading 0x242f = 0
2026-09-16 15:12:53 [LOG] Request sent, transaction 2925, function 0x03, 12 bytes
2026-09-16 15:12:53 [LOG] Response received, transaction 2925, function 0x03, 4 bytes PDU
2026-09-16 15:12:53 [LOG] Reading 0x2430 = 0
2026-09-16 15:12:53 [LOG] Request sent, transaction 2926, function 0x03, 12 bytes
2026-09-16 15:12:53 [LOG] Response received, transaction 2926, function 0x03, 4 bytes PDU
2026-09-16 15:12:53 [LOG] Reading 0x2431 = 0
2026-09-16 15:12:53 [LOG] Request sent, transaction 2927, function 0x03, 12 bytes
2026-09-16 15:12:53 [LOG] Response received, transaction 2927, function 0x03, 4 bytes PDU
2026-09-16 15:12:53 [LOG] Reading 0x2432 = 0
2026-09-16 15:12:53 [LOG] Request sent, transaction 2928, function 0x03, 12 bytes
2026-09-16 15:12:53 [LOG] Response received, transaction 2928, function 0x03, 4 bytes PDU
2026-09-16 15:12:53 [LOG] Reading 0x2433 = 0
2026-09-16 15:12:53 [LOG] Request sent, transaction 2929, function 0x03, 12 bytes
2026-09-16 15:12:53 [LOG] Response received, transaction 2929, function 0x03, 4 bytes PDU
2026-09-16 15:12:53 [LOG] Reading 0x2434 = 0
2026-09-16 15:12:53 No connected clients to send
2026-09-16 15:13:13 [LOG] Request sent, transaction 2930, function 0x03, 12 bytes
2026-09-16 15:13:13 [LOG] Response received, transaction 2930, function 0x03, 4 bytes PDU
2026-09-16 15:13:13 [LOG] Reading 0x242c = 0
2026-09-16 15:13:13 [LOG] Request sent, transaction 2931, function 0x03, 12 bytes
2026-09-16 15:13:13 [LOG] Response received, transaction 2931, function 0x03, 4 bytes PDU
2026-09-16 15:13:13 [LOG] Reading 0x242d = 0
2026-09-16 15:13:13 [LOG] Request sent, transaction 2932, function 0x03, 12 bytes
2026-09-16 15:13:13 [LOG] Response received, transaction 2932, function 0x03, 4 bytes PDU
2026-09-16 15:13:13 [LOG] Reading 0x242e = 0
2026-09-16 15:13:13 [LOG] Request sent, transaction 2933, function 0x03, 12 bytes
2026-09-16 15:13:13 [LOG] Response received, transaction 2933, function 0x03, 4 bytes PDU
2026-09-16 15:13:13 [LOG] Reading 0x242f = 0
2026-09-16 15:13:13 [LOG] Request sent, transaction 2934, function 0x03, 12 bytes
2026-09-16 15:13:13 [LOG] Response received, transaction 2934, function 0x03, 4 bytes PDU
2026-09-16 15:13:13 [LOG] Reading 0x2430 = 0
2026-09-16 15:13:13 [LOG] Request sent, transaction 2935, function 0x03, 12 bytes
2026-09-16 15:13:13 [LOG] Response received, transaction 2935, function 0x03, 4 bytes PDU
2026-09-16 15:13:13 [LOG] Reading 0x2431 = 0
2026-09-16 15:13:13 [LOG] Request sent, transaction 2936, function 0x03, 12 bytes
2026-09-16 15:13:13 [LOG] Response received, transaction 2936, function 0x03, 4 bytes PDU
2026-09-16 15:13:13 [LOG] Reading 0x2432 = 0
2026-09-16 15:13:13 [LOG] Request sent, transaction 2937, function 0x03, 12 bytes
2026-09-16 15:13:13 [LOG] Response received, transaction 2937, function 0x03, 4 bytes PDU
2026-09-16 15:13:13 [LOG] Reading 0x2433 = 0
2026-09-16 15:13:13 [LOG] Request sent, transaction 2938, function 0x03, 12 bytes
2026-09-16 15:13:13 [LOG] Response received, transaction 2938, function 0x03, 4 bytes PDU
2026-09-16 15:13:13 [LOG] Reading 0x2434 = 0
2026-09-16 15:13:13 No connected clients to send
2026-09-16 15:13:33 [LOG] Request sent, transaction 2939, function 0x03, 12 bytes
2026-09-16 15:13:33 [LOG] Response received, transaction 2939, function 0x03, 4 bytes PDU
2026-09-16 15:13:33 [LOG] Reading 0x242c = 0
2026-09-16 15:13:33 [LOG] Request sent, transaction 2940, function 0x03, 12 bytes
2026-09-16 15:13:33 [LOG] Response received, transaction 2940, function 0x03, 4 bytes PDU
2026-09-16 15:13:33 [LOG] Reading 0x242d = 0
2026-09-16 15:13:33 [LOG] Request sent, transaction 2941, function 0x03, 12 bytes
2026-09-16 15:13:33 [LOG] Response received, transaction 2941, function 0x03, 4 bytes PDU
2026-09-16 15:13:33 [LOG] Reading 0x242e = 0
2026-09-16 15:13:33 [LOG] Request sent, transaction 2942, function 0x03, 12 bytes
2026-09-16 15:13:33 [LOG] Response received, transaction 2942, function 0x03, 4 bytes PDU
2026-09-16 15:13:33 [LOG] Reading 0x242f = 0
2026-09-16 15:13:33 [LOG] Request sent, transaction 2943, function 0x03, 12 bytes
2026-09-16 15:13:33 [LOG] Response received, transaction 2943, function 0x03, 4 bytes PDU
2026-09-16 15:13:33 [LOG] Reading 0x2430 = 0
2026-09-16 15:13:33 [LOG] Request sent, transaction 2944, function 0x03, 12 bytes
2026-09-16 15:13:33 [LOG] Response received, transaction 2944, function 0x03, 4 bytes PDU
2026-09-16 15:13:33 [LOG] Reading 0x2431 = 0
2026-09-16 15:13:33 [LOG] Request sent, transaction 2945, function 0x03, 12 bytes
2026-09-16 15:13:33 [LOG] Response received, transaction 2945, function 0x03, 4 bytes PDU
2026-09-16 15:13:33 [LOG] Reading 0x2432 = 0
2026-09-16 15:13:33 [LOG] Request sent, transaction 2946, function 0x03, 12 bytes
2026-09-16 15:13:33 [LOG] Response received, transaction 2946, function 0x03, 4 bytes PDU
2026-09-16 15:13:33 [LOG] Reading 0x2433 = 0
2026-09-16 15:13:33 [LOG] Request sent, transaction 2947, function 0x03, 12 bytes
2026-09-16 15:13:33 [LOG] Response received, transaction 2947, function 0x03, 4 bytes PDU
2026-09-16 15:13:33 [LOG] Reading 0x2434 = 0
2026-09-16 15:13:33 No connected clients to send
2026-09-16 15:13:53 [LOG] Request sent, transaction 2948, function 0x03, 12 bytes
2026-09-16 15:13:53 [LOG] Response received, transaction 2948, function 0x03, 4 bytes PDU
2026-09-16 15:13:53 [LOG] Reading 0x242c = 0
2026-09-16 15:13:53 [LOG] Request sent, transaction 2949, function 0x03, 12 bytes
2026-09-16 15:13:53 [LOG] Response received, transaction 2949, function 0x03, 4 bytes PDU
2026-09-16 15:13:53 [LOG] Reading 0x242d = 0
2026-09-16 15:13:53 [LOG] Request sent, transaction 2950, function 0x03, 12 bytes
2026-09-16 15:13:53 [LOG] Response received, transaction 2950, function 0x03, 4 bytes PDU
2026-09-16 15:13:53 [LOG] Reading 0x242e = 0
2026-09-16 15:13:53 [LOG] Request sent, transaction 2951, function 0x03, 12 bytes
2026-09-16 15:13:53 [LOG] Response received, transaction 2951, function 0x03, 4 bytes PDU
2026-09-16 15:13:53 [LOG] Reading 0x242f = 0
2026-09-16 15:13:53 [LOG] Request sent, transaction 2952, function 0x03, 12 bytes
2026-09-16 15:13:53 [LOG] Response received, transaction 2952, function 0x03, 4 bytes PDU
2026-09-16 15:13:53 [LOG] Reading 0x2430 = 0
2026-09-16 15:13:53 [LOG] Request sent, transaction 2953, function 0x03, 12 bytes
2026-09-16 15:13:53 [LOG] Response received, transaction 2953, function 0x03, 4 bytes PDU
2026-09-16 15:13:53 [LOG] Reading 0x2431 = 0
2026-09-16 15:13:53 [LOG] Request sent, transaction 2954, function 0x03, 12 bytes
2026-09-16 15:13:53 [LOG] Response received, transaction 2954, function 0x03, 4 bytes PDU
2026-09-16 15:13:53 [LOG] Reading 0x2432 = 0
2026-09-16 15:13:53 [LOG] Request sent, transaction 2955, function 0x03, 12 bytes
2026-09-16 15:13:53 [LOG] Response received, transaction 2955, function 0x03, 4 bytes PDU
2026-09-16 15:13:53 [LOG] Reading 0x2433 = 0
2026-09-16 15:13:53 [LOG] Request sent, transaction 2956, function 0x03, 12 bytes
2026-09-16 15:13:53 [LOG] Response received, transaction 2956, function 0x03, 4 bytes PDU
2026-09-16 15:13:53 [LOG] Reading 0x2434 = 0
2026-09-16 15:13:53 No connected clients to send
2026-09-16 15:14:13 [LOG] Request sent, transaction 2957, function 0x03, 12 bytes
2026-09-16 15:14:13 [LOG] Response received, transaction 2957, function 0x03, 4 bytes PDU
2026-09-16 15:14:13 [LOG] Reading 0x242c = 0
2026-09-16 15:14:13 [LOG] Request sent, transaction 2958, function 0x03, 12 bytes
2026-09-16 15:14:13 [LOG] Response received, transaction 2958, function 0x03, 4 bytes PDU
2026-09-16 15:14:13 [LOG] Reading 0x242d = 0
2026-09-16 15:14:13 [LOG] Request sent, transaction 2959, function 0x03, 12 bytes
2026-09-16 15:14:13 [LOG] Response received, transaction 2959, function 0x03, 4 bytes PDU
2026-09-16 15:14:13 [LOG] Reading 0x242e = 0
2026-09-16 15:14:13 [LOG] Request sent, transaction 2960, function 0x03, 12 bytes
2026-09-16 15:14:13 [LOG] Response received, transaction 2960, function 0x03, 4 bytes PDU
2026-09-16 15:14:13 [LOG] Reading 0x242f = 0
2026-09-16 15:14:13 [LOG] Request sent, transaction 2961, function 0x03, 12 bytes
2026-09-16 15:14:13 [LOG] Response received, transaction 2961, function 0x03, 4 bytes PDU
2026-09-16 15:14:13 [LOG] Reading 0x2430 = 0
2026-09-16 15:14:13 [LOG] Request sent, transaction 2962, function 0x03, 12 bytes
2026-09-16 15:14:13 [LOG] Response received, transaction 2962, function 0x03, 4 bytes PDU
2026-09-16 15:14:13 [LOG] Reading 0x2431 = 0
2026-09-16 15:14:13 [LOG] Request sent, transaction 2963, function 0x03, 12 bytes
2026-09-16 15:14:13 [LOG] Response received, transaction 2963, function 0x03, 4 bytes PDU
2026-09-16 15:14:13 [LOG] Reading 0x2432 = 0
2026-09-16 15:14:13 [LOG] Request sent, transaction 2964, function 0x03, 12 bytes
2026-09-16 15:14:13 [LOG] Response received, transaction 2964, function 0x03, 4 bytes PDU
2026-09-16 15:14:13 [LOG] Reading 0x2433 = 0
2026-09-16 15:14:13 [LOG] Request sent, transaction 2965, function 0x03, 12 bytes
2026-09-16 15:14:13 [LOG] Response received, transaction 2965, function 0x03, 4 bytes PDU
2026-09-16 15:14:13 [LOG] Reading 0x2434 = 0
2026-09-16 15:14:13 No connected clients to send
2026-09-16 15:14:33 [LOG] Request sent, transaction 2966, function 0x03, 12 bytes
2026-09-16 15:14:33 [LOG] Response received, transaction 2966, function 0x03, 4 bytes PDU
2026-09-16 15:14:33 [LOG] Reading 0x242c = 0
2026-09-16 15:14:33 [LOG] Request sent, transaction 2967, function 0x03, 12 bytes
2026-09-16 15:14:33 [LOG] Response received, transaction 2967, function 0x03, 4 bytes PDU
2026-09-16 15:14:33 [LOG] Reading 0x242d = 0
2026-09-16 15:14:33 [LOG] Request sent, transaction 2968, function 0x03, 12 bytes
2026-09-16 15:14:33 [LOG] Response received, transaction 2968, function 0x03, 4 bytes PDU
2026-09-16 15:14:33 [LOG] Reading 0x242e = 0
2026-09-16 15:14:33 [LOG] Request sent, transaction 2969, function 0x03, 12 bytes
2026-09-16 15:14:33 [LOG] Response received, transaction 2969, function 0x03, 4 bytes PDU
2026-09-16 15:14:33 [LOG] Reading 0x242f = 0
2026-09-16 15:14:33 [LOG] Request sent, transaction 2970, function 0x03, 12 bytes
2026-09-16 15:14:33 [LOG] Response received, transaction 2970, function 0x03, 4 bytes PDU
2026-09-16 15:14:33 [LOG] Reading 0x2430 = 0
2026-09-16 15:14:33 [LOG] Request sent, transaction 2971, function 0x03, 12 bytes
2026-09-16 15:14:33 [LOG] Response received, transaction 2971, function 0x03, 4 bytes PDU
2026-09-16 15:14:33 [LOG] Reading 0x2431 = 0
2026-09-16 15:14:33 [LOG] Request sent, transaction 2972, function 0x03, 12 bytes
2026-09-16 15:14:33 [LOG] Response received, transaction 2972, function 0x03, 4 bytes PDU
2026-09-16 15:14:33 [LOG] Reading 0x2432 = 0
2026-09-16 15:14:33 [LOG] Request sent, transaction 2973, function 0x03, 12 bytes
2026-09-16 15:14:33 [LOG] Response received, transaction 2973, function 0x03, 4 bytes PDU
2026-09-16 15:14:33 [LOG] Reading 0x2433 = 0
2026-09-16 15:14:33 [LOG] Request sent, transaction 2974, function 0x03, 12 bytes
2026-09-16 15:14:33 [LOG] Response received, transaction 2974, function 0x03, 4 bytes PDU
2026-09-16 15:14:33 [LOG] Reading 0x2434 = 0
2026-09-16 15:14:33 No connected clients to send
2026-09-16 15:14:53 [LOG] Request sent, transaction 2975, function 0x03, 12 bytes
2026-09-16 15:14:53 [LOG] Response received, transaction 2975, function 0x03, 4 bytes PDU
2026-09-16 15:14:53 [LOG] Reading 0x242c = 0
2026-09-16 15:14:53 [LOG] Request sent, transaction 2976, function 0x03, 12 bytes
2026-09-16 15:14:53 [LOG] Response received, transaction 2976, function 0x03, 4 bytes PDU
2026-09-16 15:14:53 [LOG] Reading 0x242d = 0
2026-09-16 15:14:53 [LOG] Request sent, transaction 2977, function 0x03, 12 bytes
2026-09-16 15:14:53 [LOG] Response received, transaction 2977, function 0x03, 4 bytes PDU
2026-09-16 15:14:53 [LOG] Reading 0x242e = 0
2026-09-16 15:14:53 [LOG] Request sent, transaction 2978, function 0x03, 12 bytes
2026-09-16 15:14:53 [LOG] Response received, transaction 2978, function 0x03, 4 bytes PDU
2026-09-16 15:14:53 [LOG] Reading 0x242f = 0
2026-09-16 15:14:53 [LOG] Request sent, transaction 2979, function 0x03, 12 bytes
2026-09-16 15:14:53 [LOG] Response received, transaction 2979, function 0x03, 4 bytes PDU
2026-09-16 15:14:53 [LOG] Reading 0x2430 = 0
2026-09-16 15:14:53 [LOG] Request sent, transaction 2980, function 0x03, 12 bytes
2026-09-16 15:14:53 [LOG] Response received, transaction 2980, function 0x03, 4 bytes PDU
2026-09-16 15:14:53 [LOG] Reading 0x2431 = 0
2026-09-16 15:14:53 [LOG] Request sent, transaction 2981, function 0x03, 12 bytes
2026-09-16 15:14:53 [LOG] Response received, transaction 2981, function 0x03, 4 bytes PDU
2026-09-16 15:14:53 [LOG] Reading 0x2432 = 0
2026-09-16 15:14:53 [LOG] Request sent, transaction 2982, function 0x03, 12 bytes
2026-09-16 15:14:53 [LOG] Response received, transaction 2982, function 0x03, 4 bytes PDU
2026-09-16 15:14:53 [LOG] Reading 0x2433 = 0
2026-09-16 15:14:53 [LOG] Request sent, transaction 2983, function 0x03, 12 bytes
2026-09-16 15:14:53 [LOG] Response received, transaction 2983, function 0x03, 4 bytes PDU
2026-09-16 15:14:53 [LOG] Reading 0x2434 = 0
2026-09-16 15:14:53 No connected clients to send
2026-09-16 15:15:13 [LOG] Request sent, transaction 2984, function 0x03, 12 bytes
2026-09-16 15:15:13 [LOG] Response received, transaction 2984, function 0x03, 4 bytes PDU
2026-09-16 15:15:13 [LOG] Reading 0x242c = 0
2026-09-16 15:15:13 [LOG] Request sent, transaction 2985, function 0x03, 12 bytes
2026-09-16 15:15:13 [LOG] Response received, transaction 2985, function 0x03, 4 bytes PDU
2026-09-16 15:15:13 [LOG] Reading 0x242d = 0
2026-09-16 15:15:13 [LOG] Request sent, transaction 2986, function 0x03, 12 bytes
2026-09-16 15:15:13 [LOG] Response received, transaction 2986, function 0x03, 4 bytes PDU
2026-09-16 15:15:13 [LOG] Reading 0x242e = 0
2026-09-16 15:15:13 [LOG] Request sent, transaction 2987, function 0x03, 12 bytes
2026-09-16 15:15:13 [LOG] Response received, transaction 2987, function 0x03, 4 bytes PDU
2026-09-16 15:15:13 [LOG] Reading 0x242f = 0
2026-09-16 15:15:13 [LOG] Request sent, transaction 2988, function 0x03, 12 bytes
2026-09-16 15:15:13 [LOG] Response received, transaction 2988, function 0x03, 4 bytes PDU
2026-09-16 15:15:13 [LOG] Reading 0x2430 = 0
2026-09-16 15:15:13 [LOG] Request sent, transaction 2989, function 0x03, 12 bytes
2026-09-16 15:15:13 [LOG] Response received, transaction 2989, function 0x03, 4 bytes PDU
2026-09-16 15:15:13 [LOG] Reading 0x2431 = 0
2026-09-16 15:15:13 [LOG] Request sent, transaction 2990, function 0x03, 12 bytes
2026-09-16 15:15:13 [LOG] Response received, transaction 2990, function 0x03, 4 bytes PDU
2026-09-16 15:15:13 [LOG] Reading 0x2432 = 0
2026-09-16 15:15:13 [LOG] Request sent, transaction 2991, function 0x03, 12 bytes
2026-09-16 15:15:13 [LOG] Response received, transaction 2991, function 0x03, 4 bytes PDU
2026-09-16 15:15:14 [LOG] Reading 0x2433 = 0
2026-09-16 15:15:14 [LOG] Request sent, transaction 2992, function 0x03, 12 bytes
2026-09-16 15:15:14 [LOG] Response received, transaction 2992, function 0x03, 4 bytes PDU
2026-09-16 15:15:14 [LOG] Reading 0x2434 = 0
2026-09-16 15:15:14 No connected clients to send
2026-09-16 15:15:34 [LOG] Request sent, transaction 2993, function 0x03, 12 bytes
2026-09-16 15:15:34 [LOG] Response received, transaction 2993, function 0x03, 4 bytes PDU
2026-09-16 15:15:34 [LOG] Reading 0x242c = 0
2026-09-16 15:15:34 [LOG] Request sent, transaction 2994, function 0x03, 12 bytes
2026-09-16 15:15:34 [LOG] Response received, transaction 2994, function 0x03, 4 bytes PDU
2026-09-16 15:15:34 [LOG] Reading 0x242d = 0
2026-09-16 15:15:34 [LOG] Request sent, transaction 2995, function 0x03, 12 bytes
2026-09-16 15:15:34 [LOG] Response received, transaction 2995, function 0x03, 4 bytes PDU
2026-09-16 15:15:34 [LOG] Reading 0x242e = 0
2026-09-16 15:15:34 [LOG] Request sent, transaction 2996, function 0x03, 12 bytes
2026-09-16 15:15:34 [LOG] Response received, transaction 2996, function 0x03, 4 bytes PDU
2026-09-16 15:15:34 [LOG] Reading 0x242f = 0
2026-09-16 15:15:34 [LOG] Request sent, transaction 2997, function 0x03, 12 bytes
2026-09-16 15:15:34 [LOG] Response received, transaction 2997, function 0x03, 4 bytes PDU
2026-09-16 15:15:34 [LOG] Reading 0x2430 = 0
2026-09-16 15:15:34 [LOG] Request sent, transaction 2998, function 0x03, 12 bytes
2026-09-16 15:15:34 [LOG] Response received, transaction 2998, function 0x03, 4 bytes PDU
2026-09-16 15:15:34 [LOG] Reading 0x2431 = 0
2026-09-16 15:15:34 [LOG] Request sent, transaction 2999, function 0x03, 12 bytes
2026-09-16 15:15:34 [LOG] Response received, transaction 2999, function 0x03, 4 bytes PDU
2026-09-16 15:15:34 [LOG] Reading 0x2432 = 0
2026-09-16 15:15:34 [LOG] Request sent, transaction 3000, function 0x03, 12 bytes
2026-09-16 15:15:34 [LOG] Response received, transaction 3000, function 0x03, 4 bytes PDU
2026-09-16 15:15:34 [LOG] Reading 0x2433 = 0
2026-09-16 15:15:34 [LOG] Request sent, transaction 3001, function 0x03, 12 bytes
2026-09-16 15:15:34 [LOG] Response received, transaction 3001, function 0x03, 4 bytes PDU
2026-09-16 15:15:34 [LOG] Reading 0x2434 = 0
2026-09-16 15:15:34 No connected clients to send
2026-09-16 15:15:54 [LOG] Request sent, transaction 3002, function 0x03, 12 bytes
2026-09-16 15:15:54 [LOG] Response received, transaction 3002, function 0x03, 4 bytes PDU
2026-09-16 15:15:54 [LOG] Reading 0x242c = 0
2026-09-16 15:15:54 [LOG] Request sent, transaction 3003, function 0x03, 12 bytes
2026-09-16 15:15:54 [LOG] Response received, transaction 3003, function 0x03, 4 bytes PDU
2026-09-16 15:15:54 [LOG] Reading 0x242d = 0
2026-09-16 15:15:54 [LOG] Request sent, transaction 3004, function 0x03, 12 bytes
2026-09-16 15:15:54 [LOG] Response received, transaction 3004, function 0x03, 4 bytes PDU
2026-09-16 15:15:54 [LOG] Reading 0x242e = 0
2026-09-16 15:15:54 [LOG] Request sent, transaction 3005, function 0x03, 12 bytes
2026-09-16 15:15:54 [LOG] Response received, transaction 3005, function 0x03, 4 bytes PDU
2026-09-16 15:15:54 [LOG] Reading 0x242f = 0
2026-09-16 15:15:54 [LOG] Request sent, transaction 3006, function 0x03, 12 bytes
2026-09-16 15:15:54 [LOG] Response received, transaction 3006, function 0x03, 4 bytes PDU
2026-09-16 15:15:54 [LOG] Reading 0x2430 = 0
2026-09-16 15:15:54 [LOG] Request sent, transaction 3007, function 0x03, 12 bytes
2026-09-16 15:15:54 [LOG] Response received, transaction 3007, function 0x03, 4 bytes PDU
2026-09-16 15:15:54 [LOG] Reading 0x2431 = 0
2026-09-16 15:15:54 [LOG] Request sent, transaction 3008, function 0x03, 12 bytes
2026-09-16 15:15:54 [LOG] Response received, transaction 3008, function 0x03, 4 bytes PDU
2026-09-16 15:15:54 [LOG] Reading 0x2432 = 0
2026-09-16 15:15:54 [LOG] Request sent, transaction 3009, function 0x03, 12 bytes
2026-09-16 15:15:54 [LOG] Response received, transaction 3009, function 0x03, 4 bytes PDU
2026-09-16 15:15:54 [LOG] Reading 0x2433 = 0
2026-09-16 15:15:54 [LOG] Request sent, transaction 3010, function 0x03, 12 bytes
2026-09-16 15:15:54 [LOG] Response received, transaction 3010, function 0x03, 4 bytes PDU
2026-09-16 15:15:54 [LOG] Reading 0x2434 = 0
2026-09-16 15:15:54 No connected clients to send
2026-09-16 15:16:14 [LOG] Request sent, transaction 3011, function 0x03, 12 bytes
2026-09-16 15:16:14 [LOG] Response received, transaction 3011, function 0x03, 4 bytes PDU
2026-09-16 15:16:14 [LOG] Reading 0x242c = 0
2026-09-16 15:16:14 [LOG] Request sent, transaction 3012, function 0x03, 12 bytes
2026-09-16 15:16:14 [LOG] Response received, transaction 3012, function 0x03, 4 bytes PDU
2026-09-16 15:16:14 [LOG] Reading 0x242d = 0
2026-09-16 15:16:14 [LOG] Request sent, transaction 3013, function 0x03, 12 bytes
2026-09-16 15:16:14 [LOG] Response received, transaction 3013, function 0x03, 4 bytes PDU
2026-09-16 15:16:14 [LOG] Reading 0x242e = 0
2026-09-16 15:16:14 [LOG] Request sent, transaction 3014, function 0x03, 12 bytes
2026-09-16 15:16:14 [LOG] Response received, transaction 3014, function 0x03, 4 bytes PDU
2026-09-16 15:16:14 [LOG] Reading 0x242f = 0
2026-09-16 15:16:14 [LOG] Request sent, transaction 3015, function 0x03, 12 bytes
2026-09-16 15:16:14 [LOG] Response received, transaction 3015, function 0x03, 4 bytes PDU
2026-09-16 15:16:14 [LOG] Reading 0x2430 = 0
2026-09-16 15:16:14 [LOG] Request sent, transaction 3016, function 0x03, 12 bytes
2026-09-16 15:16:14 [LOG] Response received, transaction 3016, function 0x03, 4 bytes PDU
2026-09-16 15:16:14 [LOG] Reading 0x2431 = 0
2026-09-16 15:16:14 [LOG] Request sent, transaction 3017, function 0x03, 12 bytes
2026-09-16 15:16:14 [LOG] Response received, transaction 3017, function 0x03, 4 bytes PDU
2026-09-16 15:16:14 [LOG] Reading 0x2432 = 0
2026-09-16 15:16:14 [LOG] Request sent, transaction 3018, function 0x03, 12 bytes
2026-09-16 15:16:14 [LOG] Response received, transaction 3018, function 0x03, 4 bytes PDU
2026-09-16 15:16:14 [LOG] Reading 0x2433 = 0
2026-09-16 15:16:14 [LOG] Request sent, transaction 3019, function 0x03, 12 bytes
2026-09-16 15:16:14 [LOG] Response received, transaction 3019, function 0x03, 4 bytes PDU
2026-09-16 15:16:14 [LOG] Reading 0x2434 = 0
2026-09-16 15:16:14 No connected clients to send
2026-09-16 15:16:34 [LOG] Request sent, transaction 3020, function 0x03, 12 bytes
2026-09-16 15:16:34 [LOG] Response received, transaction 3020, function 0x03, 4 bytes PDU
2026-09-16 15:16:34 [LOG] Reading 0x242c = 0
2026-09-16 15:16:34 [LOG] Request sent, transaction 3021, function 0x03, 12 bytes
2026-09-16 15:16:34 [LOG] Response received, transaction 3021, function 0x03, 4 bytes PDU
2026-09-16 15:16:34 [LOG] Reading 0x242d = 0
2026-09-16 15:16:34 [LOG] Request sent, transaction 3022, function 0x03, 12 bytes
2026-09-16 15:16:34 [LOG] Response received, transaction 3022, function 0x03, 4 bytes PDU
2026-09-16 15:16:34 [LOG] Reading 0x242e = 0
2026-09-16 15:16:34 [LOG] Request sent, transaction 3023, function 0x03, 12 bytes
2026-09-16 15:16:34 [LOG] Response received, transaction 3023, function 0x03, 4 bytes PDU
2026-09-16 15:16:34 [LOG] Reading 0x242f = 0
2026-09-16 15:16:34 [LOG] Request sent, transaction 3024, function 0x03, 12 bytes
2026-09-16 15:16:34 [LOG] Response received, transaction 3024, function 0x03, 4 bytes PDU
2026-09-16 15:16:34 [LOG] Reading 0x2430 = 0
2026-09-16 15:16:34 [LOG] Request sent, transaction 3025, function 0x03, 12 bytes
2026-09-16 15:16:34 [LOG] Response received, transaction 3025, function 0x03, 4 bytes PDU
2026-09-16 15:16:34 [LOG] Reading 0x2431 = 0
2026-09-16 15:16:34 [LOG] Request sent, transaction 3026, function 0x03, 12 bytes
2026-09-16 15:16:34 [LOG] Response received, transaction 3026, function 0x03, 4 bytes PDU
2026-09-16 15:16:34 [LOG] Reading 0x2432 = 0
2026-09-16 15:16:34 [LOG] Request sent, transaction 3027, function 0x03, 12 bytes
2026-09-16 15:16:34 [LOG] Response received, transaction 3027, function 0x03, 4 bytes PDU
2026-09-16 15:16:34 [LOG] Reading 0x2433 = 0
2026-09-16 15:16:34 [LOG] Request sent, transaction 3028, function 0x03, 12 bytes
2026-09-16 15:16:34 [LOG] Response received, transaction 3028, function 0x03, 4 bytes PDU
2026-09-16 15:16:34 [LOG] Reading 0x2434 = 0
2026-09-16 15:16:34 No connected clients to send
2026-09-16 15:16:54 [LOG] Request sent, transaction 3029, function 0x03, 12 bytes
2026-09-16 15:16:54 [LOG] Response received, transaction 3029, function 0x03, 4 bytes PDU
2026-09-16 15:16:54 [LOG] Reading 0x242c = 0
2026-09-16 15:16:54 [LOG] Request sent, transaction 3030, function 0x03, 12 bytes
2026-09-16 15:16:54 [LOG] Response received, transaction 3030, function 0x03, 4 bytes PDU
2026-09-16 15:16:54 [LOG] Reading 0x242d = 0
2026-09-16 15:16:54 [LOG] Request sent, transaction 3031, function 0x03, 12 bytes
2026-09-16 15:16:54 [LOG] Response received, transaction 3031, function 0x03, 4 bytes PDU
2026-09-16 15:16:54 [LOG] Reading 0x242e = 0
2026-09-16 15:16:54 [LOG] Request sent, transaction 3032, function 0x03, 12 bytes
2026-09-16 15:16:54 [LOG] Response received, transaction 3032, function 0x03, 4 bytes PDU
2026-09-16 15:16:54 [LOG] Reading 0x242f = 0
2026-09-16 15:16:54 [LOG] Request sent, transaction 3033, function 0x03, 12 bytes
2026-09-16 15:16:54 [LOG] Response received, transaction 3033, function 0x03, 4 bytes PDU
2026-09-16 15:16:54 [LOG] Reading 0x2430 = 0
2026-09-16 15:16:54 [LOG] Request sent, transaction 3034, function 0x03, 12 bytes
2026-09-16 15:16:54 [LOG] Response received, transaction 3034, function 0x03, 4 bytes PDU
2026-09-16 15:16:54 [LOG] Reading 0x2431 = 0
2026-09-16 15:16:54 [LOG] Request sent, transaction 3035, function 0x03, 12 bytes
2026-09-16 15:16:54 [LOG] Response received, transaction 3035, function 0x03, 4 bytes PDU
2026-09-16 15:16:54 [LOG] Reading 0x2432 = 0
2026-09-16 15:16:54 [LOG] Request sent, transaction 3036, function 0x03, 12 bytes
2026-09-16 15:16:54 [LOG] Response received, transaction 3036, function 0x03, 4 bytes PDU
2026-09-16 15:16:54 [LOG] Reading 0x2433 = 0
2026-09-16 15:16:54 [LOG] Request sent, transaction 3037, function 0x03, 12 bytes
2026-09-16 15:16:54 [LOG] Response received, transaction 3037, function 0x03, 4 bytes PDU
2026-09-16 15:16:54 [LOG] Reading 0x2434 = 0
2026-09-16 15:16:54 No connected clients to send
2026-09-16 15:17:14 [LOG] Request sent, transaction 3038, function 0x03, 12 bytes
2026-09-16 15:17:14 [LOG] Response received, transaction 3038, function 0x03, 4 bytes PDU
2026-09-16 15:17:14 [LOG] Reading 0x242c = 0
2026-09-16 15:17:14 [LOG] Request sent, transaction 3039, function 0x03, 12 bytes
2026-09-16 15:17:14 [LOG] Response received, transaction 3039, function 0x03, 4 bytes PDU
2026-09-16 15:17:14 [LOG] Reading 0x242d = 0
2026-09-16 15:17:14 [LOG] Request sent, transaction 3040, function 0x03, 12 bytes
2026-09-16 15:17:14 [LOG] Response received, transaction 3040, function 0x03, 4 bytes PDU
2026-09-16 15:17:14 [LOG] Reading 0x242e = 0
2026-09-16 15:17:14 [LOG] Request sent, transaction 3041, function 0x03, 12 bytes
2026-09-16 15:17:14 [LOG] Response received, transaction 3041, function 0x03, 4 bytes PDU
2026-09-16 15:17:14 [LOG] Reading 0x242f = 0
2026-09-16 15:17:14 [LOG] Request sent, transaction 3042, function 0x03, 12 bytes
2026-09-16 15:17:14 [LOG] Response received, transaction 3042, function 0x03, 4 bytes PDU
2026-09-16 15:17:14 [LOG] Reading 0x2430 = 0
2026-09-16 15:17:14 [LOG] Request sent, transaction 3043, function 0x03, 12 bytes
2026-09-16 15:17:14 [LOG] Response received, transaction 3043, function 0x03, 4 bytes PDU
2026-09-16 15:17:14 [LOG] Reading 0x2431 = 0
2026-09-16 15:17:14 [LOG] Request sent, transaction 3044, function 0x03, 12 bytes
2026-09-16 15:17:14 [LOG] Response received, transaction 3044, function 0x03, 4 bytes PDU
2026-09-16 15:17:14 [LOG] Reading 0x2432 = 0
2026-09-16 15:17:14 [LOG] Request sent, transaction 3045, function 0x03, 12 bytes
2026-09-16 15:17:14 [LOG] Response received, transaction 3045, function 0x03, 4 bytes PDU
2026-09-16 15:17:14 [LOG] Reading 0x2433 = 0
2026-09-16 15:17:14 [LOG] Request sent, transaction 3046, function 0x03, 12 bytes
2026-09-16 15:17:14 [LOG] Response received, transaction 3046, function 0x03, 4 bytes PDU
2026-09-16 15:17:14 [LOG] Reading 0x2434 = 0
2026-09-16 15:17:14 No connected clients to send
2026-09-16 15:17:34 [LOG] Request sent, transaction 3047, function 0x03, 12 bytes
2026-09-16 15:17:34 [LOG] Response received, transaction 3047, function 0x03, 4 bytes PDU
2026-09-16 15:17:34 [LOG] Reading 0x242c = 0
2026-09-16 15:17:34 [LOG] Request sent, transaction 3048, function 0x03, 12 bytes
2026-09-16 15:17:34 [LOG] Response received, transaction 3048, function 0x03, 4 bytes PDU
2026-09-16 15:17:34 [LOG] Reading 0x242d = 0
2026-09-16 15:17:34 [LOG] Request sent, transaction 3049, function 0x03, 12 bytes
2026-09-16 15:17:34 [LOG] Response received, transaction 3049, function 0x03, 4 bytes PDU
2026-09-16 15:17:34 [LOG] Reading 0x242e = 0
2026-09-16 15:17:34 [LOG] Request sent, transaction 3050, function 0x03, 12 bytes
2026-09-16 15:17:34 [LOG] Response received, transaction 3050, function 0x03, 4 bytes PDU
2026-09-16 15:17:34 [LOG] Reading 0x242f = 0
2026-09-16 15:17:34 [LOG] Request sent, transaction 3051, function 0x03, 12 bytes
2026-09-16 15:17:34 [LOG] Response received, transaction 3051, function 0x03, 4 bytes PDU
2026-09-16 15:17:34 [LOG] Reading 0x2430 = 0
2026-09-16 15:17:34 [LOG] Request sent, transaction 3052, function 0x03, 12 bytes
2026-09-16 15:17:34 [LOG] Response received, transaction 3052, function 0x03, 4 bytes PDU
2026-09-16 15:17:34 [LOG] Reading 0x2431 = 0
2026-09-16 15:17:34 [LOG] Request sent, transaction 3053, function 0x03, 12 bytes
2026-09-16 15:17:34 [LOG] Response received, transaction 3053, function 0x03, 4 bytes PDU
2026-09-16 15:17:34 [LOG] Reading 0x2432 = 0
2026-09-16 15:17:34 [LOG] Request sent, transaction 3054, function 0x03, 12 bytes
2026-09-16 15:17:34 [LOG] Response received, transaction 3054, function 0x03, 4 bytes PDU
2026-09-16 15:17:34 [LOG] Reading 0x2433 = 0
2026-09-16 15:17:34 [LOG] Request sent, transaction 3055, function 0x03, 12 bytes
2026-09-16 15:17:34 [LOG] Response received, transaction 3055, function 0x03, 4 bytes PDU
2026-09-16 15:17:34 [LOG] Reading 0x2434 = 0
2026-09-16 15:17:34 No connected clients to send
2026-09-16 15:17:54 [LOG] Request sent, transaction 3056, function 0x03, 12 bytes
2026-09-16 15:17:54 [LOG] Response received, transaction 3056, function 0x03, 4 bytes PDU
2026-09-16 15:17:54 [LOG] Reading 0x242c = 0
2026-09-16 15:17:54 [LOG] Request sent, transaction 3057, function 0x03, 12 bytes
2026-09-16 15:17:54 [LOG] Response received, transaction 3057, function 0x03, 4 bytes PDU
2026-09-16 15:17:54 [LOG] Reading 0x242d = 0
2026-09-16 15:17:54 [LOG] Request sent, transaction 3058, function 0x03, 12 bytes
2026-09-16 15:17:54 [LOG] Response received, transaction 3058, function 0x03, 4 bytes PDU
2026-09-16 15:17:54 [LOG] Reading 0x242e = 0
2026-09-16 15:17:54 [LOG] Request sent, transaction 3059, function 0x03, 12 bytes
2026-09-16 15:17:54 [LOG] Response received, transaction 3059, function 0x03, 4 bytes PDU
2026-09-16 15:17:54 [LOG] Reading 0x242f = 0
2026-09-16 15:17:54 [LOG] Request sent, transaction 3060, function 0x03, 12 bytes
2026-09-16 15:17:54 [LOG] Response received, transaction 3060, function 0x03, 4 bytes PDU
2026-09-16 15:17:54 [LOG] Reading 0x2430 = 0
2026-09-16 15:17:54 [LOG] Request sent, transaction 3061, function 0x03, 12 bytes
2026-09-16 15:17:54 [LOG] Response received, transaction 3061, function 0x03, 4 bytes PDU
2026-09-16 15:17:54 [LOG] Reading 0x2431 = 0
2026-09-16 15:17:54 [LOG] Request sent, transaction 3062, function 0x03, 12 bytes
2026-09-16 15:17:54 [LOG] Response received, transaction 3062, function 0x03, 4 bytes PDU
2026-09-16 15:17:54 [LOG] Reading 0x2432 = 0
2026-09-16 15:17:54 [LOG] Request sent, transaction 3063, function 0x03, 12 bytes
2026-09-16 15:17:54 [LOG] Response received, transaction 3063, function 0x03, 4 bytes PDU
2026-09-16 15:17:54 [LOG] Reading 0x2433 = 0
2026-09-16 15:17:54 [LOG] Request sent, transaction 3064, function 0x03, 12 bytes
2026-09-16 15:17:54 [LOG] Response received, transaction 3064, function 0x03, 4 bytes PDU
2026-09-16 15:17:54 [LOG] Reading 0x2434 = 0
2026-09-16 15:17:54 No connected clients to send
2026-09-16 15:18:14 [LOG] Request sent, transaction 3065, function 0x03, 12 bytes
2026-09-16 15:18:14 [LOG] Response received, transaction 3065, function 0x03, 4 bytes PDU
2026-09-16 15:18:14 [LOG] Reading 0x242c = 0
2026-09-16 15:18:14 [LOG] Request sent, transaction 3066, function 0x03, 12 bytes
2026-09-16 15:18:14 [LOG] Response received, transaction 3066, function 0x03, 4 bytes PDU
2026-09-16 15:18:14 [LOG] Reading 0x242d = 0
2026-09-16 15:18:14 [LOG] Request sent, transaction 3067, function 0x03, 12 bytes
2026-09-16 15:18:14 [LOG] Response received, transaction 3067, function 0x03, 4 bytes PDU
2026-09-16 15:18:14 [LOG] Reading 0x242e = 0
2026-09-16 15:18:14 [LOG] Request sent, transaction 3068, function 0x03, 12 bytes
2026-09-16 15:18:14 [LOG] Response received, transaction 3068, function 0x03, 4 bytes PDU
2026-09-16 15:18:14 [LOG] Reading 0x242f = 0
2026-09-16 15:18:14 [LOG] Request sent, transaction 3069, function 0x03, 12 bytes
2026-09-16 15:18:14 [LOG] Response received, transaction 3069, function 0x03, 4 bytes PDU
2026-09-16 15:18:14 [LOG] Reading 0x2430 = 0
2026-09-16 15:18:14 [LOG] Request sent, transaction 3070, function 0x03, 12 bytes
2026-09-16 15:18:14 [LOG] Response received, transaction 3070, function 0x03, 4 bytes PDU
2026-09-16 15:18:14 [LOG] Reading 0x2431 = 0
2026-09-16 15:18:14 [LOG] Request sent, transaction 3071, function 0x03, 12 bytes
2026-09-16 15:18:14 [LOG] Response received, transaction 3071, function 0x03, 4 bytes PDU
2026-09-16 15:18:14 [LOG] Reading 0x2432 = 0
2026-09-16 15:18:14 [LOG] Request sent, transaction 3072, function 0x03, 12 bytes
2026-09-16 15:18:14 [LOG] Response received, transaction 3072, function 0x03, 4 bytes PDU
2026-09-16 15:18:14 [LOG] Reading 0x2433 = 0
2026-09-16 15:18:14 [LOG] Request sent, transaction 3073, function 0x03, 12 bytes
2026-09-16 15:18:14 [LOG] Response received, transaction 3073, function 0x03, 4 bytes PDU
2026-09-16 15:18:14 [LOG] Reading 0x2434 = 0
2026-09-16 15:18:14 No connected clients to send
2026-09-16 15:18:34 [LOG] Request sent, transaction 3074, function 0x03, 12 bytes
2026-09-16 15:18:34 [LOG] Response received, transaction 3074, function 0x03, 4 bytes PDU
2026-09-16 15:18:34 [LOG] Reading 0x242c = 0
2026-09-16 15:18:34 [LOG] Request sent, transaction 3075, function 0x03, 12 bytes
2026-09-16 15:18:34 [LOG] Response received, transaction 3075, function 0x03, 4 bytes PDU
2026-09-16 15:18:34 [LOG] Reading 0x242d = 0
2026-09-16 15:18:34 [LOG] Request sent, transaction 3076, function 0x03, 12 bytes
2026-09-16 15:18:34 [LOG] Response received, transaction 3076, function 0x03, 4 bytes PDU
2026-09-16 15:18:34 [LOG] Reading 0x242e = 0
2026-09-16 15:18:34 [LOG] Request sent, transaction 3077, function 0x03, 12 bytes
2026-09-16 15:18:34 [LOG] Response received, transaction 3077, function 0x03, 4 bytes PDU
2026-09-16 15:18:34 [LOG] Reading 0x242f = 0
2026-09-16 15:18:34 [LOG] Request sent, transaction 3078, function 0x03, 12 bytes
2026-09-16 15:18:34 [LOG] Response received, transaction 3078, function 0x03, 4 bytes PDU
2026-09-16 15:18:34 [LOG] Reading 0x2430 = 0
2026-09-16 15:18:34 [LOG] Request sent, transaction 3079, function 0x03, 12 bytes
2026-09-16 15:18:34 [LOG] Response received, transaction 3079, function 0x03, 4 bytes PDU
2026-09-16 15:18:34 [LOG] Reading 0x2431 = 0
2026-09-16 15:18:34 [LOG] Request sent, transaction 3080, function 0x03, 12 bytes
2026-09-16 15:18:34 [LOG] Response received, transaction 3080, function 0x03, 4 bytes PDU
2026-09-16 15:18:34 [LOG] Reading 0x2432 = 0
2026-09-16 15:18:34 [LOG] Request sent, transaction 3081, function 0x03, 12 bytes
2026-09-16 15:18:34 [LOG] Response received, transaction 3081, function 0x03, 4 bytes PDU
2026-09-16 15:18:34 [LOG] Reading 0x2433 = 0
2026-09-16 15:18:34 [LOG] Request sent, transaction 3082, function 0x03, 12 bytes
2026-09-16 15:18:34 [LOG] Response received, transaction 3082, function 0x03, 4 bytes PDU
2026-09-16 15:18:34 [LOG] Reading 0x2434 = 0
2026-09-16 15:18:34 No connected clients to send
2026-09-16 15:18:54 [LOG] Request sent, transaction 3083, function 0x03, 12 bytes
2026-09-16 15:18:54 [LOG] Response received, transaction 3083, function 0x03, 4 bytes PDU
2026-09-16 15:18:54 [LOG] Reading 0x242c = 0
2026-09-16 15:18:54 [LOG] Request sent, transaction 3084, function 0x03, 12 bytes
2026-09-16 15:18:54 [LOG] Response received, transaction 3084, function 0x03, 4 bytes PDU
2026-09-16 15:18:54 [LOG] Reading 0x242d = 0
2026-09-16 15:18:54 [LOG] Request sent, transaction 3085, function 0x03, 12 bytes
2026-09-16 15:18:54 [LOG] Response received, transaction 3085, function 0x03, 4 bytes PDU
2026-09-16 15:18:54 [LOG] Reading 0x242e = 0
2026-09-16 15:18:54 [LOG] Request sent, transaction 3086, function 0x03, 12 bytes
2026-09-16 15:18:54 [LOG] Response received, transaction 3086, function 0x03, 4 bytes PDU
2026-09-16 15:18:54 [LOG] Reading 0x242f = 0
2026-09-16 15:18:54 [LOG] Request sent, transaction 3087, function 0x03, 12 bytes
2026-09-16 15:18:54 [LOG] Response received, transaction 3087, function 0x03, 4 bytes PDU
2026-09-16 15:18:54 [LOG] Reading 0x2430 = 0
2026-09-16 15:18:54 [LOG] Request sent, transaction 3088, function 0x03, 12 bytes
2026-09-16 15:18:54 [LOG] Response received, transaction 3088, function 0x03, 4 bytes PDU
2026-09-16 15:18:54 [LOG] Reading 0x2431 = 0
2026-09-16 15:18:54 [LOG] Request sent, transaction 3089, function 0x03, 12 bytes
2026-09-16 15:18:54 [LOG] Response received, transaction 3089, function 0x03, 4 bytes PDU
2026-09-16 15:18:54 [LOG] Reading 0x2432 = 0
2026-09-16 15:18:54 [LOG] Request sent, transaction 3090, function 0x03, 12 bytes
2026-09-16 15:18:54 [LOG] Response received, transaction 3090, function 0x03, 4 bytes PDU
2026-09-16 15:18:54 [LOG] Reading 0x2433 = 0
2026-09-16 15:18:54 [LOG] Request sent, transaction 3091, function 0x03, 12 bytes
2026-09-16 15:18:54 [LOG] Response received, transaction 3091, function 0x03, 4 bytes PDU
2026-09-16 15:18:54 [LOG] Reading 0x2434 = 0
2026-09-16 15:18:54 No connected clients to send
2026-09-16 15:19:14 [LOG] Request sent, transaction 3092, function 0x03, 12 bytes
2026-09-16 15:19:14 [LOG] Response received, transaction 3092, function 0x03, 4 bytes PDU
2026-09-16 15:19:14 [LOG] Reading 0x242c = 0
2026-09-16 15:19:14 [LOG] Request sent, transaction 3093, function 0x03, 12 bytes
2026-09-16 15:19:14 [LOG] Response received, transaction 3093, function 0x03, 4 bytes PDU
2026-09-16 15:19:14 [LOG] Reading 0x242d = 0
2026-09-16 15:19:14 [LOG] Request sent, transaction 3094, function 0x03, 12 bytes
2026-09-16 15:19:14 [LOG] Response received, transaction 3094, function 0x03, 4 bytes PDU
2026-09-16 15:19:14 [LOG] Reading 0x242e = 0
2026-09-16 15:19:14 [LOG] Request sent, transaction 3095, function 0x03, 12 bytes
2026-09-16 15:19:14 [LOG] Response received, transaction 3095, function 0x03, 4 bytes PDU
2026-09-16 15:19:14 [LOG] Reading 0x242f = 0
2026-09-16 15:19:14 [LOG] Request sent, transaction 3096, function 0x03, 12 bytes
2026-09-16 15:19:14 [LOG] Response received, transaction 3096, function 0x03, 4 bytes PDU
2026-09-16 15:19:14 [LOG] Reading 0x2430 = 0
2026-09-16 15:19:14 [LOG] Request sent, transaction 3097, function 0x03, 12 bytes
2026-09-16 15:19:14 [LOG] Response received, transaction 3097, function 0x03, 4 bytes PDU
2026-09-16 15:19:14 [LOG] Reading 0x2431 = 0
2026-09-16 15:19:14 [LOG] Request sent, transaction 3098, function 0x03, 12 bytes
2026-09-16 15:19:14 [LOG] Response received, transaction 3098, function 0x03, 4 bytes PDU
2026-09-16 15:19:14 [LOG] Reading 0x2432 = 0
2026-09-16 15:19:14 [LOG] Request sent, transaction 3099, function 0x03, 12 bytes
2026-09-16 15:19:14 [LOG] Response received, transaction 3099, function 0x03, 4 bytes PDU
2026-09-16 15:19:14 [LOG] Reading 0x2433 = 0
2026-09-16 15:19:14 [LOG] Request sent, transaction 3100, function 0x03, 12 bytes
2026-09-16 15:19:14 [LOG] Response received, transaction 3100, function 0x03, 4 bytes PDU
2026-09-16 15:19:14 [LOG] Reading 0x2434 = 0
2026-09-16 15:19:14 No connected clients to send
2026-09-16 15:19:34 [LOG] Request sent, transaction 3101, function 0x03, 12 bytes
2026-09-16 15:19:34 [LOG] Response received, transaction 3101, function 0x03, 4 bytes PDU
2026-09-16 15:19:34 [LOG] Reading 0x242c = 0
2026-09-16 15:19:34 [LOG] Request sent, transaction 3102, function 0x03, 12 bytes
2026-09-16 15:19:34 [LOG] Response received, transaction 3102, function 0x03, 4 bytes PDU
2026-09-16 15:19:34 [LOG] Reading 0x242d = 0
2026-09-16 15:19:34 [LOG] Request sent, transaction 3103, function 0x03, 12 bytes
2026-09-16 15:19:34 [LOG] Response received, transaction 3103, function 0x03, 4 bytes PDU
2026-09-16 15:19:34 [LOG] Reading 0x242e = 0
2026-09-16 15:19:34 [LOG] Request sent, transaction 3104, function 0x03, 12 bytes
2026-09-16 15:19:34 [LOG] Response received, transaction 3104, function 0x03, 4 bytes PDU
2026-09-16 15:19:34 [LOG] Reading 0x242f = 0
2026-09-16 15:19:34 [LOG] Request sent, transaction 3105, function 0x03, 12 bytes
2026-09-16 15:19:34 [LOG] Response received, transaction 3105, function 0x03, 4 bytes PDU
2026-09-16 15:19:34 [LOG] Reading 0x2430 = 0
2026-09-16 15:19:34 [LOG] Request sent, transaction 3106, function 0x03, 12 bytes
2026-09-16 15:19:34 [LOG] Response received, transaction 3106, function 0x03, 4 bytes PDU
2026-09-16 15:19:34 [LOG] Reading 0x2431 = 0
2026-09-16 15:19:34 [LOG] Request sent, transaction 3107, function 0x03, 12 bytes
2026-09-16 15:19:34 [LOG] Response received, transaction 3107, function 0x03, 4 bytes PDU
2026-09-16 15:19:34 [LOG] Reading 0x2432 = 0
2026-09-16 15:19:34 [LOG] Request sent, transaction 3108, function 0x03, 12 bytes
2026-09-16 15:19:34 [LOG] Response received, transaction 3108, function 0x03, 4 bytes PDU
2026-09-16 15:19:34 [LOG] Reading 0x2433 = 0
2026-09-16 15:19:34 [LOG] Request sent, transaction 3109, function 0x03, 12 bytes
2026-09-16 15:19:34 [LOG] Response received, transaction 3109, function 0x03, 4 bytes PDU
2026-09-16 15:19:34 [LOG] Reading 0x2434 = 0
2026-09-16 15:19:34 No connected clients to send
2026-09-16 15:19:54 [LOG] Request sent, transaction 3110, function 0x03, 12 bytes
2026-09-16 15:19:54 [LOG] Response received, transaction 3110, function 0x03, 4 bytes PDU
2026-09-16 15:19:54 [LOG] Reading 0x242c = 0
2026-09-16 15:19:54 [LOG] Request sent, transaction 3111, function 0x03, 12 bytes
2026-09-16 15:19:54 [LOG] Response received, transaction 3111, function 0x03, 4 bytes PDU
2026-09-16 15:19:54 [LOG] Reading 0x242d = 0
2026-09-16 15:19:54 [LOG] Request sent, transaction 3112, function 0x03, 12 bytes
2026-09-16 15:19:54 [LOG] Response received, transaction 3112, function 0x03, 4 bytes PDU
2026-09-16 15:19:54 [LOG] Reading 0x242e = 0
2026-09-16 15:19:54 [LOG] Request sent, transaction 3113, function 0x03, 12 bytes
2026-09-16 15:19:54 [LOG] Response received, transaction 3113, function 0x03, 4 bytes PDU
2026-09-16 15:19:54 [LOG] Reading 0x242f = 0
2026-09-16 15:19:54 [LOG] Request sent, transaction 3114, function 0x03, 12 bytes
2026-09-16 15:19:54 [LOG] Response received, transaction 3114, function 0x03, 4 bytes PDU
2026-09-16 15:19:54 [LOG] Reading 0x2430 = 0
2026-09-16 15:19:54 [LOG] Request sent, transaction 3115, function 0x03, 12 bytes
2026-09-16 15:19:54 [LOG] Response received, transaction 3115, function 0x03, 4 bytes PDU
2026-09-16 15:19:54 [LOG] Reading 0x2431 = 0
2026-09-16 15:19:54 [LOG] Request sent, transaction 3116, function 0x03, 12 bytes
2026-09-16 15:19:54 [LOG] Response received, transaction 3116, function 0x03, 4 bytes PDU
2026-09-16 15:19:54 [LOG] Reading 0x2432 = 0
2026-09-16 15:19:54 [LOG] Request sent, transaction 3117, function 0x03, 12 bytes
2026-09-16 15:19:54 [LOG] Response received, transaction 3117, function 0x03, 4 bytes PDU
2026-09-16 15:19:54 [LOG] Reading 0x2433 = 0
2026-09-16 15:19:54 [LOG] Request sent, transaction 3118, function 0x03, 12 bytes
2026-09-16 15:19:54 [LOG] Response received, transaction 3118, function 0x03, 4 bytes PDU
2026-09-16 15:19:54 [LOG] Reading 0x2434 = 0
2026-09-16 15:19:54 No connected clients to send
2026-09-16 15:20:14 [LOG] Request sent, transaction 3119, function 0x03, 12 bytes
2026-09-16 15:20:14 [LOG] Response received, transaction 3119, function 0x03, 4 bytes PDU
2026-09-16 15:20:14 [LOG] Reading 0x242c = 0
2026-09-16 15:20:14 [LOG] Request sent, transaction 3120, function 0x03, 12 bytes
2026-09-16 15:20:14 [LOG] Response received, transaction 3120, function 0x03, 4 bytes PDU
2026-09-16 15:20:14 [LOG] Reading 0x242d = 0
2026-09-16 15:20:14 [LOG] Request sent, transaction 3121, function 0x03, 12 bytes
2026-09-16 15:20:14 [LOG] Response received, transaction 3121, function 0x03, 4 bytes PDU
2026-09-16 15:20:14 [LOG] Reading 0x242e = 0
2026-09-16 15:20:14 [LOG] Request sent, transaction 3122, function 0x03, 12 bytes
2026-09-16 15:20:14 [LOG] Response received, transaction 3122, function 0x03, 4 bytes PDU
2026-09-16 15:20:14 [LOG] Reading 0x242f = 0
2026-09-16 15:20:14 [LOG] Request sent, transaction 3123, function 0x03, 12 bytes
2026-09-16 15:20:14 [LOG] Response received, transaction 3123, function 0x03, 4 bytes PDU
2026-09-16 15:20:14 [LOG] Reading 0x2430 = 0
2026-09-16 15:20:14 [LOG] Request sent, transaction 3124, function 0x03, 12 bytes
2026-09-16 15:20:14 [LOG] Response received, transaction 3124, function 0x03, 4 bytes PDU
2026-09-16 15:20:14 [LOG] Reading 0x2431 = 0
2026-09-16 15:20:14 [LOG] Request sent, transaction 3125, function 0x03, 12 bytes
2026-09-16 15:20:14 [LOG] Response received, transaction 3125, function 0x03, 4 bytes PDU
2026-09-16 15:20:14 [LOG] Reading 0x2432 = 0
2026-09-16 15:20:14 [LOG] Request sent, transaction 3126, function 0x03, 12 bytes
2026-09-16 15:20:14 [LOG] Response received, transaction 3126, function 0x03, 4 bytes PDU
2026-09-16 15:20:14 [LOG] Reading 0x2433 = 0
2026-09-16 15:20:14 [LOG] Request sent, transaction 3127, function 0x03, 12 bytes
2026-09-16 15:20:14 [LOG] Response received, transaction 3127, function 0x03, 4 bytes PDU
2026-09-16 15:20:14 [LOG] Reading 0x2434 = 0
2026-09-16 15:20:14 No connected clients to send
2026-09-16 15:20:34 [LOG] Request sent, transaction 3128, function 0x03, 12 bytes
2026-09-16 15:20:34 [LOG] Response received, transaction 3128, function 0x03, 4 bytes PDU
2026-09-16 15:20:34 [LOG] Reading 0x242c = 0
2026-09-16 15:20:34 [LOG] Request sent, transaction 3129, function 0x03, 12 bytes
2026-09-16 15:20:34 [LOG] Response received, transaction 3129, function 0x03, 4 bytes PDU
2026-09-16 15:20:34 [LOG] Reading 0x242d = 0
2026-09-16 15:20:34 [LOG] Request sent, transaction 3130, function 0x03, 12 bytes
2026-09-16 15:20:34 [LOG] Response received, transaction 3130, function 0x03, 4 bytes PDU
2026-09-16 15:20:34 [LOG] Reading 0x242e = 0
2026-09-16 15:20:34 [LOG] Request sent, transaction 3131, function 0x03, 12 bytes
2026-09-16 15:20:34 [LOG] Response received, transaction 3131, function 0x03, 4 bytes PDU
2026-09-16 15:20:34 [LOG] Reading 0x242f = 0
2026-09-16 15:20:34 [LOG] Request sent, transaction 3132, function 0x03, 12 bytes
2026-09-16 15:20:34 [LOG] Response received, transaction 3132, function 0x03, 4 bytes PDU
2026-09-16 15:20:34 [LOG] Reading 0x2430 = 0
2026-09-16 15:20:34 [LOG] Request sent, transaction 3133, function 0x03, 12 bytes
2026-09-16 15:20:34 [LOG] Response received, transaction 3133, function 0x03, 4 bytes PDU
2026-09-16 15:20:34 [LOG] Reading 0x2431 = 0
2026-09-16 15:20:34 [LOG] Request sent, transaction 3134, function 0x03, 12 bytes
2026-09-16 15:20:34 [LOG] Response received, transaction 3134, function 0x03, 4 bytes PDU
2026-09-16 15:20:34 [LOG] Reading 0x2432 = 0
2026-09-16 15:20:34 [LOG] Request sent, transaction 3135, function 0x03, 12 bytes
2026-09-16 15:20:34 [LOG] Response received, transaction 3135, function 0x03, 4 bytes PDU
2026-09-16 15:20:34 [LOG] Reading 0x2433 = 0
2026-09-16 15:20:34 [LOG] Request sent, transaction 3136, function 0x03, 12 bytes
2026-09-16 15:20:34 [LOG] Response received, transaction 3136, function 0x03, 4 bytes PDU
2026-09-16 15:20:34 [LOG] Reading 0x2434 = 0
2026-09-16 15:20:34 No connected clients to send
2026-09-16 15:20:54 [LOG] Request sent, transaction 3137, function 0x03, 12 bytes
2026-09-16 15:20:54 [LOG] Response received, transaction 3137, function 0x03, 4 bytes PDU
2026-09-16 15:20:54 [LOG] Reading 0x242c = 0
2026-09-16 15:20:54 [LOG] Request sent, transaction 3138, function 0x03, 12 bytes
2026-09-16 15:20:54 [LOG] Response received, transaction 3138, function 0x03, 4 bytes PDU
2026-09-16 15:20:54 [LOG] Reading 0x242d = 0
2026-09-16 15:20:54 [LOG] Request sent, transaction 3139, function 0x03, 12 bytes
2026-09-16 15:20:54 [LOG] Response received, transaction 3139, function 0x03, 4 bytes PDU
2026-09-16 15:20:54 [LOG] Reading 0x242e = 0
2026-09-16 15:20:54 [LOG] Request sent, transaction 3140, function 0x03, 12 bytes
2026-09-16 15:20:54 [LOG] Response received, transaction 3140, function 0x03, 4 bytes PDU
2026-09-16 15:20:54 [LOG] Reading 0x242f = 0
2026-09-16 15:20:54 [LOG] Request sent, transaction 3141, function 0x03, 12 bytes
2026-09-16 15:20:54 [LOG] Response received, transaction 3141, function 0x03, 4 bytes PDU
2026-09-16 15:20:54 [LOG] Reading 0x2430 = 0
2026-09-16 15:20:54 [LOG] Request sent, transaction 3142, function 0x03, 12 bytes
2026-09-16 15:20:54 [LOG] Response received, transaction 3142, function 0x03, 4 bytes PDU
2026-09-16 15:20:54 [LOG] Reading 0x2431 = 0
2026-09-16 15:20:54 [LOG] Request sent, transaction 3143, function 0x03, 12 bytes
2026-09-16 15:20:54 [LOG] Response received, transaction 3143, function 0x03, 4 bytes PDU
2026-09-16 15:20:54 [LOG] Reading 0x2432 = 0
2026-09-16 15:20:54 [LOG] Request sent, transaction 3144, function 0x03, 12 bytes
2026-09-16 15:20:54 [LOG] Response received, transaction 3144, function 0x03, 4 bytes PDU
2026-09-16 15:20:54 [LOG] Reading 0x2433 = 0
2026-09-16 15:20:54 [LOG] Request sent, transaction 3145, function 0x03, 12 bytes
2026-09-16 15:20:54 [LOG] Response received, transaction 3145, function 0x03, 4 bytes PDU
2026-09-16 15:20:54 [LOG] Reading 0x2434 = 0
2026-09-16 15:20:54 No connected clients to send
2026-09-16 15:21:14 [LOG] Request sent, transaction 3146, function 0x03, 12 bytes
2026-09-16 15:21:14 [LOG] Response received, transaction 3146, function 0x03, 4 bytes PDU
2026-09-16 15:21:14 [LOG] Reading 0x242c = 0
2026-09-16 15:21:14 [LOG] Request sent, transaction 3147, function 0x03, 12 bytes
2026-09-16 15:21:14 [LOG] Response received, transaction 3147, function 0x03, 4 bytes PDU
2026-09-16 15:21:14 [LOG] Reading 0x242d = 0
2026-09-16 15:21:14 [LOG] Request sent, transaction 3148, function 0x03, 12 bytes
2026-09-16 15:21:14 [LOG] Response received, transaction 3148, function 0x03, 4 bytes PDU
2026-09-16 15:21:14 [LOG] Reading 0x242e = 0
2026-09-16 15:21:14 [LOG] Request sent, transaction 3149, function 0x03, 12 bytes
2026-09-16 15:21:14 [LOG] Response received, transaction 3149, function 0x03, 4 bytes PDU
2026-09-16 15:21:14 [LOG] Reading 0x242f = 0
2026-09-16 15:21:14 [LOG] Request sent, transaction 3150, function 0x03, 12 bytes
2026-09-16 15:21:14 [LOG] Response received, transaction 3150, function 0x03, 4 bytes PDU
2026-09-16 15:21:14 [LOG] Reading 0x2430 = 0
2026-09-16 15:21:14 [LOG] Request sent, transaction 3151, function 0x03, 12 bytes
2026-09-16 15:21:14 [LOG] Response received, transaction 3151, function 0x03, 4 bytes PDU
2026-09-16 15:21:14 [LOG] Reading 0x2431 = 0
2026-09-16 15:21:14 [LOG] Request sent, transaction 3152, function 0x03, 12 bytes
2026-09-16 15:21:14 [LOG] Response received, transaction 3152, function 0x03, 4 bytes PDU
2026-09-16 15:21:14 [LOG] Reading 0x2432 = 0
2026-09-16 15:21:14 [LOG] Request sent, transaction 3153, function 0x03, 12 bytes
2026-09-16 15:21:14 [LOG] Response received, transaction 3153, function 0x03, 4 bytes PDU
2026-09-16 15:21:14 [LOG] Reading 0x2433 = 0
2026-09-16 15:21:14 [LOG] Request sent, transaction 3154, function 0x03, 12 bytes
2026-09-16 15:21:14 [LOG] Response received, transaction 3154, function 0x03, 4 bytes PDU
2026-09-16 15:21:14 [LOG] Reading 0x2434 = 0
2026-09-16 15:21:14 No connected clients to send
2026-09-16 15:21:34 [LOG] Request sent, transaction 3155, function 0x03, 12 bytes
2026-09-16 15:21:34 [LOG] Response received, transaction 3155, function 0x03, 4 bytes PDU
2026-09-16 15:21:34 [LOG] Reading 0x242c = 0
2026-09-16 15:21:34 [LOG] Request sent, transaction 3156, function 0x03, 12 bytes
2026-09-16 15:21:34 [LOG] Response received, transaction 3156, function 0x03, 4 bytes PDU
2026-09-16 15:21:34 [LOG] Reading 0x242d = 0
2026-09-16 15:21:34 [LOG] Request sent, transaction 3157, function 0x03, 12 bytes
2026-09-16 15:21:34 [LOG] Response received, transaction 3157, function 0x03, 4 bytes PDU
2026-09-16 15:21:34 [LOG] Reading 0x242e = 0
2026-09-16 15:21:34 [LOG] Request sent, transaction 3158, function 0x03, 12 bytes
2026-09-16 15:21:34 [LOG] Response received, transaction 3158, function 0x03, 4 bytes PDU
2026-09-16 15:21:34 [LOG] Reading 0x242f = 0
2026-09-16 15:21:34 [LOG] Request sent, transaction 3159, function 0x03, 12 bytes
2026-09-16 15:21:34 [LOG] Response received, transaction 3159, function 0x03, 4 bytes PDU
2026-09-16 15:21:34 [LOG] Reading 0x2430 = 0
2026-09-16 15:21:34 [LOG] Request sent, transaction 3160, function 0x03, 12 bytes
2026-09-16 15:21:34 [LOG] Response received, transaction 3160, function 0x03, 4 bytes PDU
2026-09-16 15:21:34 [LOG] Reading 0x2431 = 0
2026-09-16 15:21:34 [LOG] Request sent, transaction 3161, function 0x03, 12 bytes
2026-09-16 15:21:34 [LOG] Response received, transaction 3161, function 0x03, 4 bytes PDU
2026-09-16 15:21:34 [LOG] Reading 0x2432 = 0
2026-09-16 15:21:34 [LOG] Request sent, transaction 3162, function 0x03, 12 bytes
2026-09-16 15:21:34 [LOG] Response received, transaction 3162, function 0x03, 4 bytes PDU
2026-09-16 15:21:34 [LOG] Reading 0x2433 = 0
2026-09-16 15:21:34 [LOG] Request sent, transaction 3163, function 0x03, 12 bytes
2026-09-16 15:21:34 [LOG] Response received, transaction 3163, function 0x03, 4 bytes PDU
2026-09-16 15:21:34 [LOG] Reading 0x2434 = 0
2026-09-16 15:21:34 No connected clients to send
2026-09-16 15:21:54 [LOG] Request sent, transaction 3164, function 0x03, 12 bytes
2026-09-16 15:21:54 [LOG] Response received, transaction 3164, function 0x03, 4 bytes PDU
2026-09-16 15:21:54 [LOG] Reading 0x242c = 0
2026-09-16 15:21:54 [LOG] Request sent, transaction 3165, function 0x03, 12 bytes
2026-09-16 15:21:54 [LOG] Response received, transaction 3165, function 0x03, 4 bytes PDU
2026-09-16 15:21:54 [LOG] Reading 0x242d = 0
2026-09-16 15:21:54 [LOG] Request sent, transaction 3166, function 0x03, 12 bytes
2026-09-16 15:21:54 [LOG] Response received, transaction 3166, function 0x03, 4 bytes PDU
2026-09-16 15:21:54 [LOG] Reading 0x242e = 0
2026-09-16 15:21:54 [LOG] Request sent, transaction 3167, function 0x03, 12 bytes
2026-09-16 15:21:54 [LOG] Response received, transaction 3167, function 0x03, 4 bytes PDU
2026-09-16 15:21:54 [LOG] Reading 0x242f = 0
2026-09-16 15:21:54 [LOG] Request sent, transaction 3168, function 0x03, 12 bytes
2026-09-16 15:21:54 [LOG] Response received, transaction 3168, function 0x03, 4 bytes PDU
2026-09-16 15:21:54 [LOG] Reading 0x2430 = 0
2026-09-16 15:21:54 [LOG] Request sent, transaction 3169, function 0x03, 12 bytes
2026-09-16 15:21:54 [LOG] Response received, transaction 3169, function 0x03, 4 bytes PDU
2026-09-16 15:21:54 [LOG] Reading 0x2431 = 0
2026-09-16 15:21:54 [LOG] Request sent, transaction 3170, function 0x03, 12 bytes
2026-09-16 15:21:54 [LOG] Response received, transaction 3170, function 0x03, 4 bytes PDU
2026-09-16 15:21:54 [LOG] Reading 0x2432 = 0
2026-09-16 15:21:54 [LOG] Request sent, transaction 3171, function 0x03, 12 bytes
2026-09-16 15:21:54 [LOG] Response received, transaction 3171, function 0x03, 4 bytes PDU
2026-09-16 15:21:54 [LOG] Reading 0x2433 = 0
2026-09-16 15:21:54 [LOG] Request sent, transaction 3172, function 0x03, 12 bytes
2026-09-16 15:21:54 [LOG] Response received, transaction 3172, function 0x03, 4 bytes PDU
2026-09-16 15:21:54 [LOG] Reading 0x2434 = 0
2026-09-16 15:21:54 No connected clients to send
2026-09-16 15:22:14 [LOG] Request sent, transaction 3173, function 0x03, 12 bytes
2026-09-16 15:22:14 [LOG] Response received, transaction 3173, function 0x03, 4 bytes PDU
2026-09-16 15:22:14 [LOG] Reading 0x242c = 0
2026-09-16 15:22:14 [LOG] Request sent, transaction 3174, function 0x03, 12 bytes
2026-09-16 15:22:14 [LOG] Response received, transaction 3174, function 0x03, 4 bytes PDU
2026-09-16 15:22:14 [LOG] Reading 0x242d = 0
2026-09-16 15:22:14 [LOG] Request sent, transaction 3175, function 0x03, 12 bytes
2026-09-16 15:22:14 [LOG] Response received, transaction 3175, function 0x03, 4 bytes PDU
2026-09-16 15:22:14 [LOG] Reading 0x242e = 0
2026-09-16 15:22:14 [LOG] Request sent, transaction 3176, function 0x03, 12 bytes
2026-09-16 15:22:14 [LOG] Response received, transaction 3176, function 0x03, 4 bytes PDU
2026-09-16 15:22:14 [LOG] Reading 0x242f = 0
2026-09-16 15:22:14 [LOG] Request sent, transaction 3177, function 0x03, 12 bytes
2026-09-16 15:22:14 [LOG] Response received, transaction 3177, function 0x03, 4 bytes PDU
2026-09-16 15:22:14 [LOG] Reading 0x2430 = 0
2026-09-16 15:22:14 [LOG] Request sent, transaction 3178, function 0x03, 12 bytes
2026-09-16 15:22:14 [LOG] Response received, transaction 3178, function 0x03, 4 bytes PDU
2026-09-16 15:22:14 [LOG] Reading 0x2431 = 0
2026-09-16 15:22:14 [LOG] Request sent, transaction 3179, function 0x03, 12 bytes
2026-09-16 15:22:14 [LOG] Response received, transaction 3179, function 0x03, 4 bytes PDU
2026-09-16 15:22:14 [LOG] Reading 0x2432 = 0
2026-09-16 15:22:14 [LOG] Request sent, transaction 3180, function 0x03, 12 bytes
2026-09-16 15:22:14 [LOG] Response received, transaction 3180, function 0x03, 4 bytes PDU
2026-09-16 15:22:14 [LOG] Reading 0x2433 = 0
2026-09-16 15:22:14 [LOG] Request sent, transaction 3181, function 0x03, 12 bytes
2026-09-16 15:22:14 [LOG] Response received, transaction 3181, function 0x03, 4 bytes PDU
2026-09-16 15:22:14 [LOG] Reading 0x2434 = 0
2026-09-16 15:22:14 No connected clients to send
2026-09-16 15:22:34 [LOG] Request sent, transaction 3182, function 0x03, 12 bytes
2026-09-16 15:22:34 [LOG] Response received, transaction 3182, function 0x03, 4 bytes PDU
2026-09-16 15:22:34 [LOG] Reading 0x242c = 0
2026-09-16 15:22:34 [LOG] Request sent, transaction 3183, function 0x03, 12 bytes
2026-09-16 15:22:34 [LOG] Response received, transaction 3183, function 0x03, 4 bytes PDU
2026-09-16 15:22:34 [LOG] Reading 0x242d = 0
2026-09-16 15:22:34 [LOG] Request sent, transaction 3184, function 0x03, 12 bytes
2026-09-16 15:22:34 [LOG] Response received, transaction 3184, function 0x03, 4 bytes PDU
2026-09-16 15:22:34 [LOG] Reading 0x242e = 0
2026-09-16 15:22:34 [LOG] Request sent, transaction 3185, function 0x03, 12 bytes
2026-09-16 15:22:34 [LOG] Response received, transaction 3185, function 0x03, 4 bytes PDU
2026-09-16 15:22:34 [LOG] Reading 0x242f = 0
2026-09-16 15:22:34 [LOG] Request sent, transaction 3186, function 0x03, 12 bytes
2026-09-16 15:22:34 [LOG] Response received, transaction 3186, function 0x03, 4 bytes PDU
2026-09-16 15:22:34 [LOG] Reading 0x2430 = 0
2026-09-16 15:22:34 [LOG] Request sent, transaction 3187, function 0x03, 12 bytes
2026-09-16 15:22:34 [LOG] Response received, transaction 3187, function 0x03, 4 bytes PDU
2026-09-16 15:22:34 [LOG] Reading 0x2431 = 0
2026-09-16 15:22:34 [LOG] Request sent, transaction 3188, function 0x03, 12 bytes
2026-09-16 15:22:34 [LOG] Response received, transaction 3188, function 0x03, 4 bytes PDU
2026-09-16 15:22:34 [LOG] Reading 0x2432 = 0
2026-09-16 15:22:34 [LOG] Request sent, transaction 3189, function 0x03, 12 bytes
2026-09-16 15:22:34 [LOG] Response received, transaction 3189, function 0x03, 4 bytes PDU
2026-09-16 15:22:34 [LOG] Reading 0x2433 = 0
2026-09-16 15:22:34 [LOG] Request sent, transaction 3190, function 0x03, 12 bytes
2026-09-16 15:22:34 [LOG] Response received, transaction 3190, function 0x03, 4 bytes PDU
2026-09-16 15:22:34 [LOG] Reading 0x2434 = 0
2026-09-16 15:22:34 No connected clients to send
2026-09-16 15:22:54 [LOG] Request sent, transaction 3191, function 0x03, 12 bytes
2026-09-16 15:22:54 [LOG] Response received, transaction 3191, function 0x03, 4 bytes PDU
2026-09-16 15:22:54 [LOG] Reading 0x242c = 0
2026-09-16 15:22:54 [LOG] Request sent, transaction 3192, function 0x03, 12 bytes
2026-09-16 15:22:54 [LOG] Response received, transaction 3192, function 0x03, 4 bytes PDU
2026-09-16 15:22:54 [LOG] Reading 0x242d = 0
2026-09-16 15:22:54 [LOG] Request sent, transaction 3193, function 0x03, 12 bytes
2026-09-16 15:22:54 [LOG] Response received, transaction 3193, function 0x03, 4 bytes PDU
2026-09-16 15:22:54 [LOG] Reading 0x242e = 0
2026-09-16 15:22:54 [LOG] Request sent, transaction 3194, function 0x03, 12 bytes
2026-09-16 15:22:54 [LOG] Response received, transaction 3194, function 0x03, 4 bytes PDU
2026-09-16 15:22:54 [LOG] Reading 0x242f = 0
2026-09-16 15:22:54 [LOG] Request sent, transaction 3195, function 0x03, 12 bytes
2026-09-16 15:22:54 [LOG] Response received, transaction 3195, function 0x03, 4 bytes PDU
2026-09-16 15:22:54 [LOG] Reading 0x2430 = 0
2026-09-16 15:22:54 [LOG] Request sent, transaction 3196, function 0x03, 12 bytes
2026-09-16 15:22:54 [LOG] Response received, transaction 3196, function 0x03, 4 bytes PDU
2026-09-16 15:22:54 [LOG] Reading 0x2431 = 0
2026-09-16 15:22:54 [LOG] Request sent, transaction 3197, function 0x03, 12 bytes
2026-09-16 15:22:54 [LOG] Response received, transaction 3197, function 0x03, 4 bytes PDU
2026-09-16 15:22:54 [LOG] Reading 0x2432 = 0
2026-09-16 15:22:54 [LOG] Request sent, transaction 3198, function 0x03, 12 bytes
2026-09-16 15:22:54 [LOG] Response received, transaction 3198, function 0x03, 4 bytes PDU
2026-09-16 15:22:54 [LOG] Reading 0x2433 = 0
2026-09-16 15:22:54 [LOG] Request sent, transaction 3199, function 0x03, 12 bytes
2026-09-16 15:22:54 [LOG] Response received, transaction 3199, function 0x03, 4 bytes PDU
2026-09-16 15:22:54 [LOG] Reading 0x2434 = 0
2026-09-16 15:22:54 No connected clients to send
2026-09-16 15:23:14 [LOG] Request sent, transaction 3200, function 0x03, 12 bytes
2026-09-16 15:23:14 [LOG] Response received, transaction 3200, function 0x03, 4 bytes PDU
2026-09-16 15:23:14 [LOG] Reading 0x242c = 0
2026-09-16 15:23:14 [LOG] Request sent, transaction 3201, function 0x03, 12 bytes
2026-09-16 15:23:14 [LOG] Response received, transaction 3201, function 0x03, 4 bytes PDU
2026-09-16 15:23:14 [LOG] Reading 0x242d = 0
2026-09-16 15:23:14 [LOG] Request sent, transaction 3202, function 0x03, 12 bytes
2026-09-16 15:23:14 [LOG] Response received, transaction 3202, function 0x03, 4 bytes PDU
2026-09-16 15:23:14 [LOG] Reading 0x242e = 0
2026-09-16 15:23:14 [LOG] Request sent, transaction 3203, function 0x03, 12 bytes
2026-09-16 15:23:14 [LOG] Response received, transaction 3203, function 0x03, 4 bytes PDU
2026-09-16 15:23:14 [LOG] Reading 0x242f = 0
2026-09-16 15:23:14 [LOG] Request sent, transaction 3204, function 0x03, 12 bytes
2026-09-16 15:23:14 [LOG] Response received, transaction 3204, function 0x03, 4 bytes PDU
2026-09-16 15:23:14 [LOG] Reading 0x2430 = 0
2026-09-16 15:23:14 [LOG] Request sent, transaction 3205, function 0x03, 12 bytes
2026-09-16 15:23:14 [LOG] Response received, transaction 3205, function 0x03, 4 bytes PDU
2026-09-16 15:23:14 [LOG] Reading 0x2431 = 0
2026-09-16 15:23:14 [LOG] Request sent, transaction 3206, function 0x03, 12 bytes
2026-09-16 15:23:14 [LOG] Response received, transaction 3206, function 0x03, 4 bytes PDU
2026-09-16 15:23:14 [LOG] Reading 0x2432 = 0
2026-09-16 15:23:14 [LOG] Request sent, transaction 3207, function 0x03, 12 bytes
2026-09-16 15:23:14 [LOG] Response received, transaction 3207, function 0x03, 4 bytes PDU
2026-09-16 15:23:14 [LOG] Reading 0x2433 = 0
2026-09-16 15:23:14 [LOG] Request sent, transaction 3208, function 0x03, 12 bytes
2026-09-16 15:23:14 [LOG] Response received, transaction 3208, function 0x03, 4 bytes PDU
2026-09-16 15:23:14 [LOG] Reading 0x2434 = 0
2026-09-16 15:23:14 No connected clients to send
2026-09-16 15:23:34 [LOG] Request sent, transaction 3209, function 0x03, 12 bytes
2026-09-16 15:23:34 [LOG] Response received, transaction 3209, function 0x03, 4 bytes PDU
2026-09-16 15:23:34 [LOG] Reading 0x242c = 0
2026-09-16 15:23:34 [LOG] Request sent, transaction 3210, function 0x03, 12 bytes
2026-09-16 15:23:34 [LOG] Response received, transaction 3210, function 0x03, 4 bytes PDU
2026-09-16 15:23:34 [LOG] Reading 0x242d = 0
2026-09-16 15:23:34 [LOG] Request sent, transaction 3211, function 0x03, 12 bytes
2026-09-16 15:23:34 [LOG] Response received, transaction 3211, function 0x03, 4 bytes PDU
2026-09-16 15:23:34 [LOG] Reading 0x242e = 0
2026-09-16 15:23:34 [LOG] Request sent, transaction 3212, function 0x03, 12 bytes
2026-09-16 15:23:34 [LOG] Response received, transaction 3212, function 0x03, 4 bytes PDU
2026-09-16 15:23:34 [LOG] Reading 0x242f = 0
2026-09-16 15:23:34 [LOG] Request sent, transaction 3213, function 0x03, 12 bytes
2026-09-16 15:23:34 [LOG] Response received, transaction 3213, function 0x03, 4 bytes PDU
2026-09-16 15:23:34 [LOG] Reading 0x2430 = 0
2026-09-16 15:23:34 [LOG] Request sent, transaction 3214, function 0x03, 12 bytes
2026-09-16 15:23:34 [LOG] Response received, transaction 3214, function 0x03, 4 bytes PDU
2026-09-16 15:23:34 [LOG] Reading 0x2431 = 0
2026-09-16 15:23:34 [LOG] Request sent, transaction 3215, function 0x03, 12 bytes
2026-09-16 15:23:34 [LOG] Response received, transaction 3215, function 0x03, 4 bytes PDU
2026-09-16 15:23:34 [LOG] Reading 0x2432 = 0
2026-09-16 15:23:34 [LOG] Request sent, transaction 3216, function 0x03, 12 bytes
2026-09-16 15:23:34 [LOG] Response received, transaction 3216, function 0x03, 4 bytes PDU
2026-09-16 15:23:34 [LOG] Reading 0x2433 = 0
2026-09-16 15:23:34 [LOG] Request sent, transaction 3217, function 0x03, 12 bytes
2026-09-16 15:23:34 [LOG] Response received, transaction 3217, function 0x03, 4 bytes PDU
2026-09-16 15:23:34 [LOG] Reading 0x2434 = 0
2026-09-16 15:23:34 No connected clients to send
2026-09-16 15:23:54 [LOG] Request sent, transaction 3218, function 0x03, 12 bytes
2026-09-16 15:23:54 [LOG] Response received, transaction 3218, function 0x03, 4 bytes PDU
2026-09-16 15:23:54 [LOG] Reading 0x242c = 0
2026-09-16 15:23:54 [LOG] Request sent, transaction 3219, function 0x03, 12 bytes
2026-09-16 15:23:54 [LOG] Response received, transaction 3219, function 0x03, 4 bytes PDU
2026-09-16 15:23:54 [LOG] Reading 0x242d = 0
2026-09-16 15:23:54 [LOG] Request sent, transaction 3220, function 0x03, 12 bytes
2026-09-16 15:23:54 [LOG] Response received, transaction 3220, function 0x03, 4 bytes PDU
2026-09-16 15:23:54 [LOG] Reading 0x242e = 0
2026-09-16 15:23:54 [LOG] Request sent, transaction 3221, function 0x03, 12 bytes
2026-09-16 15:23:54 [LOG] Response received, transaction 3221, function 0x03, 4 bytes PDU
2026-09-16 15:23:54 [LOG] Reading 0x242f = 0
2026-09-16 15:23:54 [LOG] Request sent, transaction 3222, function 0x03, 12 bytes
2026-09-16 15:23:54 [LOG] Response received, transaction 3222, function 0x03, 4 bytes PDU
2026-09-16 15:23:54 [LOG] Reading 0x2430 = 0
2026-09-16 15:23:54 [LOG] Request sent, transaction 3223, function 0x03, 12 bytes
2026-09-16 15:23:54 [LOG] Response received, transaction 3223, function 0x03, 4 bytes PDU
2026-09-16 15:23:54 [LOG] Reading 0x2431 = 0
2026-09-16 15:23:54 [LOG] Request sent, transaction 3224, function 0x03, 12 bytes
2026-09-16 15:23:54 [LOG] Response received, transaction 3224, function 0x03, 4 bytes PDU
2026-09-16 15:23:54 [LOG] Reading 0x2432 = 0
2026-09-16 15:23:54 [LOG] Request sent, transaction 3225, function 0x03, 12 bytes
2026-09-16 15:23:54 [LOG] Response received, transaction 3225, function 0x03, 4 bytes PDU
2026-09-16 15:23:54 [LOG] Reading 0x2433 = 0
2026-09-16 15:23:54 [LOG] Request sent, transaction 3226, function 0x03, 12 bytes
2026-09-16 15:23:54 [LOG] Response received, transaction 3226, function 0x03, 4 bytes PDU
2026-09-16 15:23:54 [LOG] Reading 0x2434 = 0
2026-09-16 15:23:54 No connected clients to send
2026-09-16 15:24:14 [LOG] Request sent, transaction 3227, function 0x03, 12 bytes
2026-09-16 15:24:14 [LOG] Response received, transaction 3227, function 0x03, 4 bytes PDU
2026-09-16 15:24:14 [LOG] Reading 0x242c = 0
2026-09-16 15:24:14 [LOG] Request sent, transaction 3228, function 0x03, 12 bytes
2026-09-16 15:24:14 [LOG] Response received, transaction 3228, function 0x03, 4 bytes PDU
2026-09-16 15:24:14 [LOG] Reading 0x242d = 0
2026-09-16 15:24:14 [LOG] Request sent, transaction 3229, function 0x03, 12 bytes
2026-09-16 15:24:14 [LOG] Response received, transaction 3229, function 0x03, 4 bytes PDU
2026-09-16 15:24:14 [LOG] Reading 0x242e = 0
2026-09-16 15:24:14 [LOG] Request sent, transaction 3230, function 0x03, 12 bytes
2026-09-16 15:24:14 [LOG] Response received, transaction 3230, function 0x03, 4 bytes PDU
2026-09-16 15:24:14 [LOG] Reading 0x242f = 0
2026-09-16 15:24:14 [LOG] Request sent, transaction 3231, function 0x03, 12 bytes
2026-09-16 15:24:14 [LOG] Response received, transaction 3231, function 0x03, 4 bytes PDU
2026-09-16 15:24:14 [LOG] Reading 0x2430 = 0
2026-09-16 15:24:14 [LOG] Request sent, transaction 3232, function 0x03, 12 bytes
2026-09-16 15:24:14 [LOG] Response received, transaction 3232, function 0x03, 4 bytes PDU
2026-09-16 15:24:14 [LOG] Reading 0x2431 = 0
2026-09-16 15:24:14 [LOG] Request sent, transaction 3233, function 0x03, 12 bytes
2026-09-16 15:24:14 [LOG] Response received, transaction 3233, function 0x03, 4 bytes PDU
2026-09-16 15:24:14 [LOG] Reading 0x2432 = 0
2026-09-16 15:24:14 [LOG] Request sent, transaction 3234, function 0x03, 12 bytes
2026-09-16 15:24:14 [LOG] Response received, transaction 3234, function 0x03, 4 bytes PDU
2026-09-16 15:24:14 [LOG] Reading 0x2433 = 0
2026-09-16 15:24:14 [LOG] Request sent, transaction 3235, function 0x03, 12 bytes
2026-09-16 15:24:14 [LOG] Response received, transaction 3235, function 0x03, 4 bytes PDU
2026-09-16 15:24:14 [LOG] Reading 0x2434 = 0
2026-09-16 15:24:14 No connected clients to send
2026-09-16 15:24:34 [LOG] Request sent, transaction 3236, function 0x03, 12 bytes
2026-09-16 15:24:34 [LOG] Response received, transaction 3236, function 0x03, 4 bytes PDU
2026-09-16 15:24:34 [LOG] Reading 0x242c = 0
2026-09-16 15:24:34 [LOG] Request sent, transaction 3237, function 0x03, 12 bytes
2026-09-16 15:24:34 [LOG] Response received, transaction 3237, function 0x03, 4 bytes PDU
2026-09-16 15:24:34 [LOG] Reading 0x242d = 0
2026-09-16 15:24:34 [LOG] Request sent, transaction 3238, function 0x03, 12 bytes
2026-09-16 15:24:34 [LOG] Response received, transaction 3238, function 0x03, 4 bytes PDU
2026-09-16 15:24:34 [LOG] Reading 0x242e = 0
2026-09-16 15:24:34 [LOG] Request sent, transaction 3239, function 0x03, 12 bytes
2026-09-16 15:24:34 [LOG] Response received, transaction 3239, function 0x03, 4 bytes PDU
2026-09-16 15:24:34 [LOG] Reading 0x242f = 0
2026-09-16 15:24:34 [LOG] Request sent, transaction 3240, function 0x03, 12 bytes
2026-09-16 15:24:34 [LOG] Response received, transaction 3240, function 0x03, 4 bytes PDU
2026-09-16 15:24:34 [LOG] Reading 0x2430 = 0
2026-09-16 15:24:34 [LOG] Request sent, transaction 3241, function 0x03, 12 bytes
2026-09-16 15:24:34 [LOG] Response received, transaction 3241, function 0x03, 4 bytes PDU
2026-09-16 15:24:34 [LOG] Reading 0x2431 = 0
2026-09-16 15:24:34 [LOG] Request sent, transaction 3242, function 0x03, 12 bytes
2026-09-16 15:24:34 [LOG] Response received, transaction 3242, function 0x03, 4 bytes PDU
2026-09-16 15:24:34 [LOG] Reading 0x2432 = 0
2026-09-16 15:24:34 [LOG] Request sent, transaction 3243, function 0x03, 12 bytes
2026-09-16 15:24:34 [LOG] Response received, transaction 3243, function 0x03, 4 bytes PDU
2026-09-16 15:24:34 [LOG] Reading 0x2433 = 0
2026-09-16 15:24:34 [LOG] Request sent, transaction 3244, function 0x03, 12 bytes
2026-09-16 15:24:34 [LOG] Response received, transaction 3244, function 0x03, 4 bytes PDU
2026-09-16 15:24:34 [LOG] Reading 0x2434 = 0
2026-09-16 15:24:34 No connected clients to send
2026-09-16 15:24:54 [LOG] Request sent, transaction 3245, function 0x03, 12 bytes
2026-09-16 15:24:54 [LOG] Response received, transaction 3245, function 0x03, 4 bytes PDU
2026-09-16 15:24:54 [LOG] Reading 0x242c = 0
2026-09-16 15:24:54 [LOG] Request sent, transaction 3246, function 0x03, 12 bytes
2026-09-16 15:24:54 [LOG] Response received, transaction 3246, function 0x03, 4 bytes PDU
2026-09-16 15:24:54 [LOG] Reading 0x242d = 0
2026-09-16 15:24:54 [LOG] Request sent, transaction 3247, function 0x03, 12 bytes
2026-09-16 15:24:54 [LOG] Response received, transaction 3247, function 0x03, 4 bytes PDU
2026-09-16 15:24:54 [LOG] Reading 0x242e = 0
2026-09-16 15:24:54 [LOG] Request sent, transaction 3248, function 0x03, 12 bytes
2026-09-16 15:24:54 [LOG] Response received, transaction 3248, function 0x03, 4 bytes PDU
2026-09-16 15:24:54 [LOG] Reading 0x242f = 0
2026-09-16 15:24:54 [LOG] Request sent, transaction 3249, function 0x03, 12 bytes
2026-09-16 15:24:54 [LOG] Response received, transaction 3249, function 0x03, 4 bytes PDU
2026-09-16 15:24:54 [LOG] Reading 0x2430 = 0
2026-09-16 15:24:54 [LOG] Request sent, transaction 3250, function 0x03, 12 bytes
2026-09-16 15:24:54 [LOG] Response received, transaction 3250, function 0x03, 4 bytes PDU
2026-09-16 15:24:54 [LOG] Reading 0x2431 = 0
2026-09-16 15:24:54 [LOG] Request sent, transaction 3251, function 0x03, 12 bytes
2026-09-16 15:24:54 [LOG] Response received, transaction 3251, function 0x03, 4 bytes PDU
2026-09-16 15:24:54 [LOG] Reading 0x2432 = 0
2026-09-16 15:24:54 [LOG] Request sent, transaction 3252, function 0x03, 12 bytes
2026-09-16 15:24:54 [LOG] Response received, transaction 3252, function 0x03, 4 bytes PDU
2026-09-16 15:24:54 [LOG] Reading 0x2433 = 0
2026-09-16 15:24:54 [LOG] Request sent, transaction 3253, function 0x03, 12 bytes
2026-09-16 15:24:54 [LOG] Response received, transaction 3253, function 0x03, 4 bytes PDU
2026-09-16 15:24:54 [LOG] Reading 0x2434 = 0
2026-09-16 15:24:54 No connected clients to send
2026-09-16 15:25:14 [LOG] Request sent, transaction 3254, function 0x03, 12 bytes
2026-09-16 15:25:14 [LOG] Response received, transaction 3254, function 0x03, 4 bytes PDU
2026-09-16 15:25:14 [LOG] Reading 0x242c = 0
2026-09-16 15:25:14 [LOG] Request sent, transaction 3255, function 0x03, 12 bytes
2026-09-16 15:25:14 [LOG] Response received, transaction 3255, function 0x03, 4 bytes PDU
2026-09-16 15:25:14 [LOG] Reading 0x242d = 0
2026-09-16 15:25:14 [LOG] Request sent, transaction 3256, function 0x03, 12 bytes
2026-09-16 15:25:14 [LOG] Response received, transaction 3256, function 0x03, 4 bytes PDU
2026-09-16 15:25:14 [LOG] Reading 0x242e = 0
2026-09-16 15:25:14 [LOG] Request sent, transaction 3257, function 0x03, 12 bytes
2026-09-16 15:25:14 [LOG] Response received, transaction 3257, function 0x03, 4 bytes PDU
2026-09-16 15:25:14 [LOG] Reading 0x242f = 0
2026-09-16 15:25:14 [LOG] Request sent, transaction 3258, function 0x03, 12 bytes
2026-09-16 15:25:14 [LOG] Response received, transaction 3258, function 0x03, 4 bytes PDU
2026-09-16 15:25:14 [LOG] Reading 0x2430 = 0
2026-09-16 15:25:14 [LOG] Request sent, transaction 3259, function 0x03, 12 bytes
2026-09-16 15:25:14 [LOG] Response received, transaction 3259, function 0x03, 4 bytes PDU
2026-09-16 15:25:14 [LOG] Reading 0x2431 = 0
2026-09-16 15:25:14 [LOG] Request sent, transaction 3260, function 0x03, 12 bytes
2026-09-16 15:25:14 [LOG] Response received, transaction 3260, function 0x03, 4 bytes PDU
2026-09-16 15:25:14 [LOG] Reading 0x2432 = 0
2026-09-16 15:25:14 [LOG] Request sent, transaction 3261, function 0x03, 12 bytes
2026-09-16 15:25:14 [LOG] Response received, transaction 3261, function 0x03, 4 bytes PDU
2026-09-16 15:25:14 [LOG] Reading 0x2433 = 0
2026-09-16 15:25:14 [LOG] Request sent, transaction 3262, function 0x03, 12 bytes
2026-09-16 15:25:14 [LOG] Response received, transaction 3262, function 0x03, 4 bytes PDU
2026-09-16 15:25:14 [LOG] Reading 0x2434 = 0
2026-09-16 15:25:14 No connected clients to send
2026-09-16 15:25:34 [LOG] Request sent, transaction 3263, function 0x03, 12 bytes
2026-09-16 15:25:34 [LOG] Response received, transaction 3263, function 0x03, 4 bytes PDU
2026-09-16 15:25:34 [LOG] Reading 0x242c = 0
2026-09-16 15:25:34 [LOG] Request sent, transaction 3264, function 0x03, 12 bytes
2026-09-16 15:25:34 [LOG] Response received, transaction 3264, function 0x03, 4 bytes PDU
2026-09-16 15:25:34 [LOG] Reading 0x242d = 0
2026-09-16 15:25:34 [LOG] Request sent, transaction 3265, function 0x03, 12 bytes
2026-09-16 15:25:34 [LOG] Response received, transaction 3265, function 0x03, 4 bytes PDU
2026-09-16 15:25:34 [LOG] Reading 0x242e = 0
2026-09-16 15:25:34 [LOG] Request sent, transaction 3266, function 0x03, 12 bytes
2026-09-16 15:25:34 [LOG] Response received, transaction 3266, function 0x03, 4 bytes PDU
2026-09-16 15:25:34 [LOG] Reading 0x242f = 0
2026-09-16 15:25:34 [LOG] Request sent, transaction 3267, function 0x03, 12 bytes
2026-09-16 15:25:34 [LOG] Response received, transaction 3267, function 0x03, 4 bytes PDU
2026-09-16 15:25:34 [LOG] Reading 0x2430 = 0
2026-09-16 15:25:34 [LOG] Request sent, transaction 3268, function 0x03, 12 bytes
2026-09-16 15:25:34 [LOG] Response received, transaction 3268, function 0x03, 4 bytes PDU
2026-09-16 15:25:34 [LOG] Reading 0x2431 = 0
2026-09-16 15:25:34 [LOG] Request sent, transaction 3269, function 0x03, 12 bytes
2026-09-16 15:25:34 [LOG] Response received, transaction 3269, function 0x03, 4 bytes PDU
2026-09-16 15:25:34 [LOG] Reading 0x2432 = 0
2026-09-16 15:25:34 [LOG] Request sent, transaction 3270, function 0x03, 12 bytes
2026-09-16 15:25:34 [LOG] Response received, transaction 3270, function 0x03, 4 bytes PDU
2026-09-16 15:25:34 [LOG] Reading 0x2433 = 0
2026-09-16 15:25:34 [LOG] Request sent, transaction 3271, function 0x03, 12 bytes
2026-09-16 15:25:34 [LOG] Response received, transaction 3271, function 0x03, 4 bytes PDU
2026-09-16 15:25:34 [LOG] Reading 0x2434 = 0
2026-09-16 15:25:34 No connected clients to send
2026-09-16 15:25:54 [LOG] Request sent, transaction 3272, function 0x03, 12 bytes
2026-09-16 15:25:54 [LOG] Response received, transaction 3272, function 0x03, 4 bytes PDU
2026-09-16 15:25:54 [LOG] Reading 0x242c = 0
2026-09-16 15:25:54 [LOG] Request sent, transaction 3273, function 0x03, 12 bytes
2026-09-16 15:25:54 [LOG] Response received, transaction 3273, function 0x03, 4 bytes PDU
2026-09-16 15:25:54 [LOG] Reading 0x242d = 0
2026-09-16 15:25:54 [LOG] Request sent, transaction 3274, function 0x03, 12 bytes
2026-09-16 15:25:54 [LOG] Response received, transaction 3274, function 0x03, 4 bytes PDU
2026-09-16 15:25:54 [LOG] Reading 0x242e = 0
2026-09-16 15:25:54 [LOG] Request sent, transaction 3275, function 0x03, 12 bytes
2026-09-16 15:25:54 [LOG] Response received, transaction 3275, function 0x03, 4 bytes PDU
2026-09-16 15:25:54 [LOG] Reading 0x242f = 0
2026-09-16 15:25:54 [LOG] Request sent, transaction 3276, function 0x03, 12 bytes
2026-09-16 15:25:54 [LOG] Response received, transaction 3276, function 0x03, 4 bytes PDU
2026-09-16 15:25:54 [LOG] Reading 0x2430 = 0
2026-09-16 15:25:54 [LOG] Request sent, transaction 3277, function 0x03, 12 bytes
2026-09-16 15:25:54 [LOG] Response received, transaction 3277, function 0x03, 4 bytes PDU
2026-09-16 15:25:54 [LOG] Reading 0x2431 = 0
2026-09-16 15:25:54 [LOG] Request sent, transaction 3278, function 0x03, 12 bytes
2026-09-16 15:25:54 [LOG] Response received, transaction 3278, function 0x03, 4 bytes PDU
2026-09-16 15:25:54 [LOG] Reading 0x2432 = 0
2026-09-16 15:25:54 [LOG] Request sent, transaction 3279, function 0x03, 12 bytes
2026-09-16 15:25:54 [LOG] Response received, transaction 3279, function 0x03, 4 bytes PDU
2026-09-16 15:25:54 [LOG] Reading 0x2433 = 0
2026-09-16 15:25:54 [LOG] Request sent, transaction 3280, function 0x03, 12 bytes
2026-09-16 15:25:54 [LOG] Response received, transaction 3280, function 0x03, 4 bytes PDU
2026-09-16 15:25:54 [LOG] Reading 0x2434 = 0
2026-09-16 15:25:54 No connected clients to send
2026-09-16 15:26:14 [LOG] Request sent, transaction 3281, function 0x03, 12 bytes
2026-09-16 15:26:14 [LOG] Response received, transaction 3281, function 0x03, 4 bytes PDU
2026-09-16 15:26:14 [LOG] Reading 0x242c = 0
2026-09-16 15:26:14 [LOG] Request sent, transaction 3282, function 0x03, 12 bytes
2026-09-16 15:26:14 [LOG] Response received, transaction 3282, function 0x03, 4 bytes PDU
2026-09-16 15:26:14 [LOG] Reading 0x242d = 0
2026-09-16 15:26:14 [LOG] Request sent, transaction 3283, function 0x03, 12 bytes
2026-09-16 15:26:14 [LOG] Response received, transaction 3283, function 0x03, 4 bytes PDU
2026-09-16 15:26:14 [LOG] Reading 0x242e = 0
2026-09-16 15:26:14 [LOG] Request sent, transaction 3284, function 0x03, 12 bytes
2026-09-16 15:26:14 [LOG] Response received, transaction 3284, function 0x03, 4 bytes PDU
2026-09-16 15:26:14 [LOG] Reading 0x242f = 0
2026-09-16 15:26:14 [LOG] Request sent, transaction 3285, function 0x03, 12 bytes
2026-09-16 15:26:14 [LOG] Response received, transaction 3285, function 0x03, 4 bytes PDU
2026-09-16 15:26:14 [LOG] Reading 0x2430 = 0
2026-09-16 15:26:14 [LOG] Request sent, transaction 3286, function 0x03, 12 bytes
2026-09-16 15:26:14 [LOG] Response received, transaction 3286, function 0x03, 4 bytes PDU
2026-09-16 15:26:14 [LOG] Reading 0x2431 = 0
2026-09-16 15:26:14 [LOG] Request sent, transaction 3287, function 0x03, 12 bytes
2026-09-16 15:26:14 [LOG] Response received, transaction 3287, function 0x03, 4 bytes PDU
2026-09-16 15:26:14 [LOG] Reading 0x2432 = 0
2026-09-16 15:26:14 [LOG] Request sent, transaction 3288, function 0x03, 12 bytes
2026-09-16 15:26:14 [LOG] Response received, transaction 3288, function 0x03, 4 bytes PDU
2026-09-16 15:26:14 [LOG] Reading 0x2433 = 0
2026-09-16 15:26:14 [LOG] Request sent, transaction 3289, function 0x03, 12 bytes
2026-09-16 15:26:14 [LOG] Response received, transaction 3289, function 0x03, 4 bytes PDU
2026-09-16 15:26:14 [LOG] Reading 0x2434 = 0
2026-09-16 15:26:14 No connected clients to send
2026-09-16 15:26:34 [LOG] Request sent, transaction 3290, function 0x03, 12 bytes
2026-09-16 15:26:34 [LOG] Response received, transaction 3290, function 0x03, 4 bytes PDU
2026-09-16 15:26:34 [LOG] Reading 0x242c = 0
2026-09-16 15:26:34 [LOG] Request sent, transaction 3291, function 0x03, 12 bytes
2026-09-16 15:26:34 [LOG] Response received, transaction 3291, function 0x03, 4 bytes PDU
2026-09-16 15:26:34 [LOG] Reading 0x242d = 0
2026-09-16 15:26:34 [LOG] Request sent, transaction 3292, function 0x03, 12 bytes
2026-09-16 15:26:34 [LOG] Response received, transaction 3292, function 0x03, 4 bytes PDU
2026-09-16 15:26:34 [LOG] Reading 0x242e = 0
2026-09-16 15:26:34 [LOG] Request sent, transaction 3293, function 0x03, 12 bytes
2026-09-16 15:26:34 [LOG] Response received, transaction 3293, function 0x03, 4 bytes PDU
2026-09-16 15:26:34 [LOG] Reading 0x242f = 0
2026-09-16 15:26:34 [LOG] Request sent, transaction 3294, function 0x03, 12 bytes
2026-09-16 15:26:34 [LOG] Response received, transaction 3294, function 0x03, 4 bytes PDU
2026-09-16 15:26:34 [LOG] Reading 0x2430 = 0
2026-09-16 15:26:34 [LOG] Request sent, transaction 3295, function 0x03, 12 bytes
2026-09-16 15:26:34 [LOG] Response received, transaction 3295, function 0x03, 4 bytes PDU
2026-09-16 15:26:34 [LOG] Reading 0x2431 = 0
2026-09-16 15:26:34 [LOG] Request sent, transaction 3296, function 0x03, 12 bytes
2026-09-16 15:26:34 [LOG] Response received, transaction 3296, function 0x03, 4 bytes PDU
2026-09-16 15:26:34 [LOG] Reading 0x2432 = 0
2026-09-16 15:26:34 [LOG] Request sent, transaction 3297, function 0x03, 12 bytes
2026-09-16 15:26:34 [LOG] Response received, transaction 3297, function 0x03, 4 bytes PDU
2026-09-16 15:26:34 [LOG] Reading 0x2433 = 0
2026-09-16 15:26:34 [LOG] Request sent, transaction 3298, function 0x03, 12 bytes
2026-09-16 15:26:34 [LOG] Response received, transaction 3298, function 0x03, 4 bytes PDU
2026-09-16 15:26:34 [LOG] Reading 0x2434 = 0
2026-09-16 15:26:34 No connected clients to send
2026-09-16 15:26:54 [LOG] Request sent, transaction 3299, function 0x03, 12 bytes
2026-09-16 15:26:54 [LOG] Response received, transaction 3299, function 0x03, 4 bytes PDU
2026-09-16 15:26:54 [LOG] Reading 0x242c = 0
2026-09-16 15:26:54 [LOG] Request sent, transaction 3300, function 0x03, 12 bytes
2026-09-16 15:26:54 [LOG] Response received, transaction 3300, function 0x03, 4 bytes PDU
2026-09-16 15:26:54 [LOG] Reading 0x242d = 0
2026-09-16 15:26:54 [LOG] Request sent, transaction 3301, function 0x03, 12 bytes
2026-09-16 15:26:54 [LOG] Response received, transaction 3301, function 0x03, 4 bytes PDU
2026-09-16 15:26:54 [LOG] Reading 0x242e = 0
2026-09-16 15:26:54 [LOG] Request sent, transaction 3302, function 0x03, 12 bytes
2026-09-16 15:26:54 [LOG] Response received, transaction 3302, function 0x03, 4 bytes PDU
2026-09-16 15:26:54 [LOG] Reading 0x242f = 0
2026-09-16 15:26:54 [LOG] Request sent, transaction 3303, function 0x03, 12 bytes
2026-09-16 15:26:54 [LOG] Response received, transaction 3303, function 0x03, 4 bytes PDU
2026-09-16 15:26:54 [LOG] Reading 0x2430 = 0
2026-09-16 15:26:54 [LOG] Request sent, transaction 3304, function 0x03, 12 bytes
2026-09-16 15:26:54 [LOG] Response received, transaction 3304, function 0x03, 4 bytes PDU
2026-09-16 15:26:54 [LOG] Reading 0x2431 = 0
2026-09-16 15:26:54 [LOG] Request sent, transaction 3305, function 0x03, 12 bytes
2026-09-16 15:26:54 [LOG] Response received, transaction 3305, function 0x03, 4 bytes PDU
2026-09-16 15:26:54 [LOG] Reading 0x2432 = 0
2026-09-16 15:26:54 [LOG] Request sent, transaction 3306, function 0x03, 12 bytes
2026-09-16 15:26:54 [LOG] Response received, transaction 3306, function 0x03, 4 bytes PDU
2026-09-16 15:26:54 [LOG] Reading 0x2433 = 0
2026-09-16 15:26:54 [LOG] Request sent, transaction 3307, function 0x03, 12 bytes
2026-09-16 15:26:54 [LOG] Response received, transaction 3307, function 0x03, 4 bytes PDU
2026-09-16 15:26:54 [LOG] Reading 0x2434 = 0
2026-09-16 15:26:54 No connected clients to send
2026-09-16 15:27:14 [LOG] Request sent, transaction 3308, function 0x03, 12 bytes
2026-09-16 15:27:14 [LOG] Response received, transaction 3308, function 0x03, 4 bytes PDU
2026-09-16 15:27:14 [LOG] Reading 0x242c = 0
2026-09-16 15:27:14 [LOG] Request sent, transaction 3309, function 0x03, 12 bytes
2026-09-16 15:27:14 [LOG] Response received, transaction 3309, function 0x03, 4 bytes PDU
2026-09-16 15:27:14 [LOG] Reading 0x242d = 0
2026-09-16 15:27:14 [LOG] Request sent, transaction 3310, function 0x03, 12 bytes
2026-09-16 15:27:14 [LOG] Response received, transaction 3310, function 0x03, 4 bytes PDU
2026-09-16 15:27:14 [LOG] Reading 0x242e = 0
2026-09-16 15:27:14 [LOG] Request sent, transaction 3311, function 0x03, 12 bytes
2026-09-16 15:27:14 [LOG] Response received, transaction 3311, function 0x03, 4 bytes PDU
2026-09-16 15:27:14 [LOG] Reading 0x242f = 0
2026-09-16 15:27:14 [LOG] Request sent, transaction 3312, function 0x03, 12 bytes
2026-09-16 15:27:14 [LOG] Response received, transaction 3312, function 0x03, 4 bytes PDU
2026-09-16 15:27:14 [LOG] Reading 0x2430 = 0
2026-09-16 15:27:14 [LOG] Request sent, transaction 3313, function 0x03, 12 bytes
2026-09-16 15:27:14 [LOG] Response received, transaction 3313, function 0x03, 4 bytes PDU
2026-09-16 15:27:14 [LOG] Reading 0x2431 = 0
2026-09-16 15:27:14 [LOG] Request sent, transaction 3314, function 0x03, 12 bytes
2026-09-16 15:27:14 [LOG] Response received, transaction 3314, function 0x03, 4 bytes PDU
2026-09-16 15:27:14 [LOG] Reading 0x2432 = 0
2026-09-16 15:27:14 [LOG] Request sent, transaction 3315, function 0x03, 12 bytes
2026-09-16 15:27:14 [LOG] Response received, transaction 3315, function 0x03, 4 bytes PDU
2026-09-16 15:27:14 [LOG] Reading 0x2433 = 0
2026-09-16 15:27:14 [LOG] Request sent, transaction 3316, function 0x03, 12 bytes
2026-09-16 15:27:14 [LOG] Response received, transaction 3316, function 0x03, 4 bytes PDU
2026-09-16 15:27:14 [LOG] Reading 0x2434 = 0
2026-09-16 15:27:14 No connected clients to send
2026-09-16 15:27:34 [LOG] Request sent, transaction 3317, function 0x03, 12 bytes
2026-09-16 15:27:34 [LOG] Response received, transaction 3317, function 0x03, 4 bytes PDU
2026-09-16 15:27:34 [LOG] Reading 0x242c = 0
2026-09-16 15:27:34 [LOG] Request sent, transaction 3318, function 0x03, 12 bytes
2026-09-16 15:27:34 [LOG] Response received, transaction 3318, function 0x03, 4 bytes PDU
2026-09-16 15:27:34 [LOG] Reading 0x242d = 0
2026-09-16 15:27:34 [LOG] Request sent, transaction 3319, function 0x03, 12 bytes
2026-09-16 15:27:34 [LOG] Response received, transaction 3319, function 0x03, 4 bytes PDU
2026-09-16 15:27:34 [LOG] Reading 0x242e = 0
2026-09-16 15:27:34 [LOG] Request sent, transaction 3320, function 0x03, 12 bytes
2026-09-16 15:27:34 [LOG] Response received, transaction 3320, function 0x03, 4 bytes PDU
2026-09-16 15:27:34 [LOG] Reading 0x242f = 0
2026-09-16 15:27:34 [LOG] Request sent, transaction 3321, function 0x03, 12 bytes
2026-09-16 15:27:34 [LOG] Response received, transaction 3321, function 0x03, 4 bytes PDU
2026-09-16 15:27:34 [LOG] Reading 0x2430 = 0
2026-09-16 15:27:34 [LOG] Request sent, transaction 3322, function 0x03, 12 bytes
2026-09-16 15:27:34 [LOG] Response received, transaction 3322, function 0x03, 4 bytes PDU
2026-09-16 15:27:34 [LOG] Reading 0x2431 = 0
2026-09-16 15:27:34 [LOG] Request sent, transaction 3323, function 0x03, 12 bytes
2026-09-16 15:27:34 [LOG] Response received, transaction 3323, function 0x03, 4 bytes PDU
2026-09-16 15:27:34 [LOG] Reading 0x2432 = 0
2026-09-16 15:27:34 [LOG] Request sent, transaction 3324, function 0x03, 12 bytes
2026-09-16 15:27:34 [LOG] Response received, transaction 3324, function 0x03, 4 bytes PDU
2026-09-16 15:27:34 [LOG] Reading 0x2433 = 0
2026-09-16 15:27:34 [LOG] Request sent, transaction 3325, function 0x03, 12 bytes
2026-09-16 15:27:34 [LOG] Response received, transaction 3325, function 0x03, 4 bytes PDU
2026-09-16 15:27:34 [LOG] Reading 0x2434 = 0
2026-09-16 15:27:34 No connected clients to send
2026-09-16 15:27:54 [LOG] Request sent, transaction 3326, function 0x03, 12 bytes
2026-09-16 15:27:54 [LOG] Response received, transaction 3326, function 0x03, 4 bytes PDU
2026-09-16 15:27:54 [LOG] Reading 0x242c = 0
2026-09-16 15:27:54 [LOG] Request sent, transaction 3327, function 0x03, 12 bytes
2026-09-16 15:27:54 [LOG] Response received, transaction 3327, function 0x03, 4 bytes PDU
2026-09-16 15:27:54 [LOG] Reading 0x242d = 0
2026-09-16 15:27:54 [LOG] Request sent, transaction 3328, function 0x03, 12 bytes
2026-09-16 15:27:54 [LOG] Response received, transaction 3328, function 0x03, 4 bytes PDU
2026-09-16 15:27:54 [LOG] Reading 0x242e = 0
2026-09-16 15:27:54 [LOG] Request sent, transaction 3329, function 0x03, 12 bytes
2026-09-16 15:27:54 [LOG] Response received, transaction 3329, function 0x03, 4 bytes PDU
2026-09-16 15:27:54 [LOG] Reading 0x242f = 0
2026-09-16 15:27:54 [LOG] Request sent, transaction 3330, function 0x03, 12 bytes
2026-09-16 15:27:54 [LOG] Response received, transaction 3330, function 0x03, 4 bytes PDU
2026-09-16 15:27:54 [LOG] Reading 0x2430 = 0
2026-09-16 15:27:54 [LOG] Request sent, transaction 3331, function 0x03, 12 bytes
2026-09-16 15:27:54 [LOG] Response received, transaction 3331, function 0x03, 4 bytes PDU
2026-09-16 15:27:54 [LOG] Reading 0x2431 = 0
2026-09-16 15:27:54 [LOG] Request sent, transaction 3332, function 0x03, 12 bytes
2026-09-16 15:27:54 [LOG] Response received, transaction 3332, function 0x03, 4 bytes PDU
2026-09-16 15:27:54 [LOG] Reading 0x2432 = 0
2026-09-16 15:27:54 [LOG] Request sent, transaction 3333, function 0x03, 12 bytes
2026-09-16 15:27:54 [LOG] Response received, transaction 3333, function 0x03, 4 bytes PDU
2026-09-16 15:27:54 [LOG] Reading 0x2433 = 0
2026-09-16 15:27:54 [LOG] Request sent, transaction 3334, function 0x03, 12 bytes
2026-09-16 15:27:54 [LOG] Response received, transaction 3334, function 0x03, 4 bytes PDU
2026-09-16 15:27:54 [LOG] Reading 0x2434 = 0
2026-09-16 15:27:54 No connected clients to send
2026-09-16 15:28:14 [LOG] Request sent, transaction 3335, function 0x03, 12 bytes
2026-09-16 15:28:14 [LOG] Response received, transaction 3335, function 0x03, 4 bytes PDU
2026-09-16 15:28:14 [LOG] Reading 0x242c = 0
2026-09-16 15:28:14 [LOG] Request sent, transaction 3336, function 0x03, 12 bytes
2026-09-16 15:28:14 [LOG] Response received, transaction 3336, function 0x03, 4 bytes PDU
2026-09-16 15:28:14 [LOG] Reading 0x242d = 0
2026-09-16 15:28:14 [LOG] Request sent, transaction 3337, function 0x03, 12 bytes
2026-09-16 15:28:14 [LOG] Response received, transaction 3337, function 0x03, 4 bytes PDU
2026-09-16 15:28:14 [LOG] Reading 0x242e = 0
2026-09-16 15:28:14 [LOG] Request sent, transaction 3338, function 0x03, 12 bytes
2026-09-16 15:28:14 [LOG] Response received, transaction 3338, function 0x03, 4 bytes PDU
2026-09-16 15:28:14 [LOG] Reading 0x242f = 0
2026-09-16 15:28:14 [LOG] Request sent, transaction 3339, function 0x03, 12 bytes
2026-09-16 15:28:14 [LOG] Response received, transaction 3339, function 0x03, 4 bytes PDU
2026-09-16 15:28:14 [LOG] Reading 0x2430 = 0
2026-09-16 15:28:14 [LOG] Request sent, transaction 3340, function 0x03, 12 bytes
2026-09-16 15:28:14 [LOG] Response received, transaction 3340, function 0x03, 4 bytes PDU
2026-09-16 15:28:14 [LOG] Reading 0x2431 = 0
2026-09-16 15:28:14 [LOG] Request sent, transaction 3341, function 0x03, 12 bytes
2026-09-16 15:28:14 [LOG] Response received, transaction 3341, function 0x03, 4 bytes PDU
2026-09-16 15:28:14 [LOG] Reading 0x2432 = 0
2026-09-16 15:28:14 [LOG] Request sent, transaction 3342, function 0x03, 12 bytes
2026-09-16 15:28:14 [LOG] Response received, transaction 3342, function 0x03, 4 bytes PDU
2026-09-16 15:28:14 [LOG] Reading 0x2433 = 0
2026-09-16 15:28:14 [LOG] Request sent, transaction 3343, function 0x03, 12 bytes
2026-09-16 15:28:14 [LOG] Response received, transaction 3343, function 0x03, 4 bytes PDU
2026-09-16 15:28:14 [LOG] Reading 0x2434 = 0
2026-09-16 15:28:14 No connected clients to send
2026-09-16 15:28:34 [LOG] Request sent, transaction 3344, function 0x03, 12 bytes
2026-09-16 15:28:34 [LOG] Response received, transaction 3344, function 0x03, 4 bytes PDU
2026-09-16 15:28:34 [LOG] Reading 0x242c = 0
2026-09-16 15:28:34 [LOG] Request sent, transaction 3345, function 0x03, 12 bytes
2026-09-16 15:28:34 [LOG] Response received, transaction 3345, function 0x03, 4 bytes PDU
2026-09-16 15:28:34 [LOG] Reading 0x242d = 0
2026-09-16 15:28:34 [LOG] Request sent, transaction 3346, function 0x03, 12 bytes
2026-09-16 15:28:34 [LOG] Response received, transaction 3346, function 0x03, 4 bytes PDU
2026-09-16 15:28:34 [LOG] Reading 0x242e = 0
2026-09-16 15:28:34 [LOG] Request sent, transaction 3347, function 0x03, 12 bytes
2026-09-16 15:28:34 [LOG] Response received, transaction 3347, function 0x03, 4 bytes PDU
2026-09-16 15:28:34 [LOG] Reading 0x242f = 0
2026-09-16 15:28:34 [LOG] Request sent, transaction 3348, function 0x03, 12 bytes
2026-09-16 15:28:34 [LOG] Response received, transaction 3348, function 0x03, 4 bytes PDU
2026-09-16 15:28:34 [LOG] Reading 0x2430 = 0
2026-09-16 15:28:34 [LOG] Request sent, transaction 3349, function 0x03, 12 bytes
2026-09-16 15:28:34 [LOG] Response received, transaction 3349, function 0x03, 4 bytes PDU
2026-09-16 15:28:34 [LOG] Reading 0x2431 = 0
2026-09-16 15:28:34 [LOG] Request sent, transaction 3350, function 0x03, 12 bytes
2026-09-16 15:28:34 [LOG] Response received, transaction 3350, function 0x03, 4 bytes PDU
2026-09-16 15:28:34 [LOG] Reading 0x2432 = 0
2026-09-16 15:28:34 [LOG] Request sent, transaction 3351, function 0x03, 12 bytes
2026-09-16 15:28:34 [LOG] Response received, transaction 3351, function 0x03, 4 bytes PDU
2026-09-16 15:28:34 [LOG] Reading 0x2433 = 0
2026-09-16 15:28:34 [LOG] Request sent, transaction 3352, function 0x03, 12 bytes
2026-09-16 15:28:34 [LOG] Response received, transaction 3352, function 0x03, 4 bytes PDU
2026-09-16 15:28:34 [LOG] Reading 0x2434 = 0
2026-09-16 15:28:34 No connected clients to send
2026-09-16 15:28:54 [LOG] Request sent, transaction 3353, function 0x03, 12 bytes
2026-09-16 15:28:54 [LOG] Response received, transaction 3353, function 0x03, 4 bytes PDU
2026-09-16 15:28:54 [LOG] Reading 0x242c = 0
2026-09-16 15:28:54 [LOG] Request sent, transaction 3354, function 0x03, 12 bytes
2026-09-16 15:28:54 [LOG] Response received, transaction 3354, function 0x03, 4 bytes PDU
2026-09-16 15:28:54 [LOG] Reading 0x242d = 0
2026-09-16 15:28:54 [LOG] Request sent, transaction 3355, function 0x03, 12 bytes
2026-09-16 15:28:54 [LOG] Response received, transaction 3355, function 0x03, 4 bytes PDU
2026-09-16 15:28:54 [LOG] Reading 0x242e = 0
2026-09-16 15:28:54 [LOG] Request sent, transaction 3356, function 0x03, 12 bytes
2026-09-16 15:28:54 [LOG] Response received, transaction 3356, function 0x03, 4 bytes PDU
2026-09-16 15:28:54 [LOG] Reading 0x242f = 0
2026-09-16 15:28:54 [LOG] Request sent, transaction 3357, function 0x03, 12 bytes
2026-09-16 15:28:54 [LOG] Response received, transaction 3357, function 0x03, 4 bytes PDU
2026-09-16 15:28:54 [LOG] Reading 0x2430 = 0
2026-09-16 15:28:54 [LOG] Request sent, transaction 3358, function 0x03, 12 bytes
2026-09-16 15:28:54 [LOG] Response received, transaction 3358, function 0x03, 4 bytes PDU
2026-09-16 15:28:54 [LOG] Reading 0x2431 = 0
2026-09-16 15:28:54 [LOG] Request sent, transaction 3359, function 0x03, 12 bytes
2026-09-16 15:28:54 [LOG] Response received, transaction 3359, function 0x03, 4 bytes PDU
2026-09-16 15:28:54 [LOG] Reading 0x2432 = 0
2026-09-16 15:28:54 [LOG] Request sent, transaction 3360, function 0x03, 12 bytes
2026-09-16 15:28:54 [LOG] Response received, transaction 3360, function 0x03, 4 bytes PDU
2026-09-16 15:28:54 [LOG] Reading 0x2433 = 0
2026-09-16 15:28:54 [LOG] Request sent, transaction 3361, function 0x03, 12 bytes
2026-09-16 15:28:54 [LOG] Response received, transaction 3361, function 0x03, 4 bytes PDU
2026-09-16 15:28:54 [LOG] Reading 0x2434 = 0
2026-09-16 15:28:54 No connected clients to send
2026-09-16 15:29:14 [LOG] Request sent, transaction 3362, function 0x03, 12 bytes
2026-09-16 15:29:14 [LOG] Response received, transaction 3362, function 0x03, 4 bytes PDU
2026-09-16 15:29:14 [LOG] Reading 0x242c = 0
2026-09-16 15:29:14 [LOG] Request sent, transaction 3363, function 0x03, 12 bytes
2026-09-16 15:29:14 [LOG] Response received, transaction 3363, function 0x03, 4 bytes PDU
2026-09-16 15:29:14 [LOG] Reading 0x242d = 0
2026-09-16 15:29:14 [LOG] Request sent, transaction 3364, function 0x03, 12 bytes
2026-09-16 15:29:14 [LOG] Response received, transaction 3364, function 0x03, 4 bytes PDU
2026-09-16 15:29:14 [LOG] Reading 0x242e = 0
2026-09-16 15:29:14 [LOG] Request sent, transaction 3365, function 0x03, 12 bytes
2026-09-16 15:29:14 [LOG] Response received, transaction 3365, function 0x03, 4 bytes PDU
2026-09-16 15:29:14 [LOG] Reading 0x242f = 0
2026-09-16 15:29:14 [LOG] Request sent, transaction 3366, function 0x03, 12 bytes
2026-09-16 15:29:14 [LOG] Response received, transaction 3366, function 0x03, 4 bytes PDU
2026-09-16 15:29:14 [LOG] Reading 0x2430 = 0
2026-09-16 15:29:14 [LOG] Request sent, transaction 3367, function 0x03, 12 bytes
2026-09-16 15:29:14 [LOG] Response received, transaction 3367, function 0x03, 4 bytes PDU
2026-09-16 15:29:14 [LOG] Reading 0x2431 = 0
2026-09-16 15:29:14 [LOG] Request sent, transaction 3368, function 0x03, 12 bytes
2026-09-16 15:29:14 [LOG] Response received, transaction 3368, function 0x03, 4 bytes PDU
2026-09-16 15:29:14 [LOG] Reading 0x2432 = 0
2026-09-16 15:29:14 [LOG] Request sent, transaction 3369, function 0x03, 12 bytes
2026-09-16 15:29:14 [LOG] Response received, transaction 3369, function 0x03, 4 bytes PDU
2026-09-16 15:29:14 [LOG] Reading 0x2433 = 0
2026-09-16 15:29:14 [LOG] Request sent, transaction 3370, function 0x03, 12 bytes
2026-09-16 15:29:14 [LOG] Response received, transaction 3370, function 0x03, 4 bytes PDU
2026-09-16 15:29:14 [LOG] Reading 0x2434 = 0
2026-09-16 15:29:14 No connected clients to send
2026-09-16 15:29:34 [LOG] Request sent, transaction 3371, function 0x03, 12 bytes
2026-09-16 15:29:34 [LOG] Response received, transaction 3371, function 0x03, 4 bytes PDU
2026-09-16 15:29:34 [LOG] Reading 0x242c = 0
2026-09-16 15:29:34 [LOG] Request sent, transaction 3372, function 0x03, 12 bytes
2026-09-16 15:29:34 [LOG] Response received, transaction 3372, function 0x03, 4 bytes PDU
2026-09-16 15:29:34 [LOG] Reading 0x242d = 0
2026-09-16 15:29:34 [LOG] Request sent, transaction 3373, function 0x03, 12 bytes
2026-09-16 15:29:34 [LOG] Response received, transaction 3373, function 0x03, 4 bytes PDU
2026-09-16 15:29:34 [LOG] Reading 0x242e = 0
2026-09-16 15:29:34 [LOG] Request sent, transaction 3374, function 0x03, 12 bytes
2026-09-16 15:29:34 [LOG] Response received, transaction 3374, function 0x03, 4 bytes PDU
2026-09-16 15:29:34 [LOG] Reading 0x242f = 0
2026-09-16 15:29:34 [LOG] Request sent, transaction 3375, function 0x03, 12 bytes
2026-09-16 15:29:34 [LOG] Response received, transaction 3375, function 0x03, 4 bytes PDU
2026-09-16 15:29:34 [LOG] Reading 0x2430 = 0
2026-09-16 15:29:34 [LOG] Request sent, transaction 3376, function 0x03, 12 bytes
2026-09-16 15:29:34 [LOG] Response received, transaction 3376, function 0x03, 4 bytes PDU
2026-09-16 15:29:34 [LOG] Reading 0x2431 = 0
2026-09-16 15:29:34 [LOG] Request sent, transaction 3377, function 0x03, 12 bytes
2026-09-16 15:29:34 [LOG] Response received, transaction 3377, function 0x03, 4 bytes PDU
2026-09-16 15:29:34 [LOG] Reading 0x2432 = 0
2026-09-16 15:29:34 [LOG] Request sent, transaction 3378, function 0x03, 12 bytes
2026-09-16 15:29:34 [LOG] Response received, transaction 3378, function 0x03, 4 bytes PDU
2026-09-16 15:29:34 [LOG] Reading 0x2433 = 0
2026-09-16 15:29:34 [LOG] Request sent, transaction 3379, function 0x03, 12 bytes
2026-09-16 15:29:34 [LOG] Response received, transaction 3379, function 0x03, 4 bytes PDU
2026-09-16 15:29:34 [LOG] Reading 0x2434 = 0
2026-09-16 15:29:34 No connected clients to send
2026-09-16 15:29:54 [LOG] Request sent, transaction 3380, function 0x03, 12 bytes
2026-09-16 15:29:54 [LOG] Response received, transaction 3380, function 0x03, 4 bytes PDU
2026-09-16 15:29:54 [LOG] Reading 0x242c = 0
2026-09-16 15:29:54 [LOG] Request sent, transaction 3381, function 0x03, 12 bytes
2026-09-16 15:29:54 [LOG] Response received, transaction 3381, function 0x03, 4 bytes PDU
2026-09-16 15:29:54 [LOG] Reading 0x242d = 0
2026-09-16 15:29:54 [LOG] Request sent, transaction 3382, function 0x03, 12 bytes
2026-09-16 15:29:54 [LOG] Response received, transaction 3382, function 0x03, 4 bytes PDU
2026-09-16 15:29:54 [LOG] Reading 0x242e = 0
2026-09-16 15:29:54 [LOG] Request sent, transaction 3383, function 0x03, 12 bytes
2026-09-16 15:29:54 [LOG] Response received, transaction 3383, function 0x03, 4 bytes PDU
2026-09-16 15:29:54 [LOG] Reading 0x242f = 0
2026-09-16 15:29:54 [LOG] Request sent, transaction 3384, function 0x03, 12 bytes
2026-09-16 15:29:54 [LOG] Response received, transaction 3384, function 0x03, 4 bytes PDU
2026-09-16 15:29:54 [LOG] Reading 0x2430 = 0
2026-09-16 15:29:54 [LOG] Request sent, transaction 3385, function 0x03, 12 bytes
2026-09-16 15:29:54 [LOG] Response received, transaction 3385, function 0x03, 4 bytes PDU
2026-09-16 15:29:54 [LOG] Reading 0x2431 = 0
2026-09-16 15:29:54 [LOG] Request sent, transaction 3386, function 0x03, 12 bytes
2026-09-16 15:29:54 [LOG] Response received, transaction 3386, function 0x03, 4 bytes PDU
2026-09-16 15:29:54 [LOG] Reading 0x2432 = 0
2026-09-16 15:29:54 [LOG] Request sent, transaction 3387, function 0x03, 12 bytes
2026-09-16 15:29:54 [LOG] Response received, transaction 3387, function 0x03, 4 bytes PDU
2026-09-16 15:29:54 [LOG] Reading 0x2433 = 0
2026-09-16 15:29:54 [LOG] Request sent, transaction 3388, function 0x03, 12 bytes
2026-09-16 15:29:54 [LOG] Response received, transaction 3388, function 0x03, 4 bytes PDU
2026-09-16 15:29:54 [LOG] Reading 0x2434 = 0
2026-09-16 15:29:54 No connected clients to send
2026-09-16 15:30:14 [LOG] Request sent, transaction 3389, function 0x03, 12 bytes
2026-09-16 15:30:14 [LOG] Response received, transaction 3389, function 0x03, 4 bytes PDU
2026-09-16 15:30:14 [LOG] Reading 0x242c = 0
2026-09-16 15:30:14 [LOG] Request sent, transaction 3390, function 0x03, 12 bytes
2026-09-16 15:30:14 [LOG] Response received, transaction 3390, function 0x03, 4 bytes PDU
2026-09-16 15:30:14 [LOG] Reading 0x242d = 0
2026-09-16 15:30:14 [LOG] Request sent, transaction 3391, function 0x03, 12 bytes
2026-09-16 15:30:14 [LOG] Response received, transaction 3391, function 0x03, 4 bytes PDU
2026-09-16 15:30:14 [LOG] Reading 0x242e = 0
2026-09-16 15:30:14 [LOG] Request sent, transaction 3392, function 0x03, 12 bytes
2026-09-16 15:30:14 [LOG] Response received, transaction 3392, function 0x03, 4 bytes PDU
2026-09-16 15:30:14 [LOG] Reading 0x242f = 0
2026-09-16 15:30:14 [LOG] Request sent, transaction 3393, function 0x03, 12 bytes
2026-09-16 15:30:14 [LOG] Response received, transaction 3393, function 0x03, 4 bytes PDU
2026-09-16 15:30:14 [LOG] Reading 0x2430 = 0
2026-09-16 15:30:14 [LOG] Request sent, transaction 3394, function 0x03, 12 bytes
2026-09-16 15:30:14 [LOG] Response received, transaction 3394, function 0x03, 4 bytes PDU
2026-09-16 15:30:14 [LOG] Reading 0x2431 = 0
2026-09-16 15:30:14 [LOG] Request sent, transaction 3395, function 0x03, 12 bytes
2026-09-16 15:30:14 [LOG] Response received, transaction 3395, function 0x03, 4 bytes PDU
2026-09-16 15:30:14 [LOG] Reading 0x2432 = 0
2026-09-16 15:30:14 [LOG] Request sent, transaction 3396, function 0x03, 12 bytes
2026-09-16 15:30:14 [LOG] Response received, transaction 3396, function 0x03, 4 bytes PDU
2026-09-16 15:30:14 [LOG] Reading 0x2433 = 0
2026-09-16 15:30:14 [LOG] Request sent, transaction 3397, function 0x03, 12 bytes
2026-09-16 15:30:14 [LOG] Response received, transaction 3397, function 0x03, 4 bytes PDU
2026-09-16 15:30:14 [LOG] Reading 0x2434 = 0
2026-09-16 15:30:14 No connected clients to send
2026-09-16 15:30:34 [LOG] Request sent, transaction 3398, function 0x03, 12 bytes
2026-09-16 15:30:34 [LOG] Response received, transaction 3398, function 0x03, 4 bytes PDU
2026-09-16 15:30:34 [LOG] Reading 0x242c = 0
2026-09-16 15:30:34 [LOG] Request sent, transaction 3399, function 0x03, 12 bytes
2026-09-16 15:30:34 [LOG] Response received, transaction 3399, function 0x03, 4 bytes PDU
2026-09-16 15:30:34 [LOG] Reading 0x242d = 0
2026-09-16 15:30:34 [LOG] Request sent, transaction 3400, function 0x03, 12 bytes
2026-09-16 15:30:34 [LOG] Response received, transaction 3400, function 0x03, 4 bytes PDU
2026-09-16 15:30:34 [LOG] Reading 0x242e = 0
2026-09-16 15:30:34 [LOG] Request sent, transaction 3401, function 0x03, 12 bytes
2026-09-16 15:30:34 [LOG] Response received, transaction 3401, function 0x03, 4 bytes PDU
2026-09-16 15:30:34 [LOG] Reading 0x242f = 0
2026-09-16 15:30:34 [LOG] Request sent, transaction 3402, function 0x03, 12 bytes
2026-09-16 15:30:34 [LOG] Response received, transaction 3402, function 0x03, 4 bytes PDU
2026-09-16 15:30:34 [LOG] Reading 0x2430 = 0
2026-09-16 15:30:34 [LOG] Request sent, transaction 3403, function 0x03, 12 bytes
2026-09-16 15:30:34 [LOG] Response received, transaction 3403, function 0x03, 4 bytes PDU
2026-09-16 15:30:34 [LOG] Reading 0x2431 = 0
2026-09-16 15:30:34 [LOG] Request sent, transaction 3404, function 0x03, 12 bytes
2026-09-16 15:30:34 [LOG] Response received, transaction 3404, function 0x03, 4 bytes PDU
2026-09-16 15:30:34 [LOG] Reading 0x2432 = 0
2026-09-16 15:30:34 [LOG] Request sent, transaction 3405, function 0x03, 12 bytes
2026-09-16 15:30:34 [LOG] Response received, transaction 3405, function 0x03, 4 bytes PDU
2026-09-16 15:30:34 [LOG] Reading 0x2433 = 0
2026-09-16 15:30:34 [LOG] Request sent, transaction 3406, function 0x03, 12 bytes
2026-09-16 15:30:34 [LOG] Response received, transaction 3406, function 0x03, 4 bytes PDU
2026-09-16 15:30:34 [LOG] Reading 0x2434 = 0
2026-09-16 15:30:34 No connected clients to send
2026-09-16 15:30:54 [LOG] Request sent, transaction 3407, function 0x03, 12 bytes
2026-09-16 15:30:54 [LOG] Response received, transaction 3407, function 0x03, 4 bytes PDU
2026-09-16 15:30:54 [LOG] Reading 0x242c = 0
2026-09-16 15:30:54 [LOG] Request sent, transaction 3408, function 0x03, 12 bytes
2026-09-16 15:30:54 [LOG] Response received, transaction 3408, function 0x03, 4 bytes PDU
2026-09-16 15:30:54 [LOG] Reading 0x242d = 0
2026-09-16 15:30:54 [LOG] Request sent, transaction 3409, function 0x03, 12 bytes
2026-09-16 15:30:54 [LOG] Response received, transaction 3409, function 0x03, 4 bytes PDU
2026-09-16 15:30:54 [LOG] Reading 0x242e = 0
2026-09-16 15:30:54 [LOG] Request sent, transaction 3410, function 0x03, 12 bytes
2026-09-16 15:30:54 [LOG] Response received, transaction 3410, function 0x03, 4 bytes PDU
2026-09-16 15:30:54 [LOG] Reading 0x242f = 0
2026-09-16 15:30:54 [LOG] Request sent, transaction 3411, function 0x03, 12 bytes
2026-09-16 15:30:54 [LOG] Response received, transaction 3411, function 0x03, 4 bytes PDU
2026-09-16 15:30:54 [LOG] Reading 0x2430 = 0
2026-09-16 15:30:54 [LOG] Request sent, transaction 3412, function 0x03, 12 bytes
2026-09-16 15:30:54 [LOG] Response received, transaction 3412, function 0x03, 4 bytes PDU
2026-09-16 15:30:54 [LOG] Reading 0x2431 = 0
2026-09-16 15:30:54 [LOG] Request sent, transaction 3413, function 0x03, 12 bytes
2026-09-16 15:30:54 [LOG] Response received, transaction 3413, function 0x03, 4 bytes PDU
2026-09-16 15:30:54 [LOG] Reading 0x2432 = 0
2026-09-16 15:30:54 [LOG] Request sent, transaction 3414, function 0x03, 12 bytes
2026-09-16 15:30:54 [LOG] Response received, transaction 3414, function 0x03, 4 bytes PDU
2026-09-16 15:30:54 [LOG] Reading 0x2433 = 0
2026-09-16 15:30:54 [LOG] Request sent, transaction 3415, function 0x03, 12 bytes
2026-09-16 15:30:54 [LOG] Response received, transaction 3415, function 0x03, 4 bytes PDU
2026-09-16 15:30:54 [LOG] Reading 0x2434 = 0
2026-09-16 15:30:54 No connected clients to send
2026-09-16 15:31:14 [LOG] Request sent, transaction 3416, function 0x03, 12 bytes
2026-09-16 15:31:14 [LOG] Response received, transaction 3416, function 0x03, 4 bytes PDU
2026-09-16 15:31:14 [LOG] Reading 0x242c = 0
2026-09-16 15:31:14 [LOG] Request sent, transaction 3417, function 0x03, 12 bytes
2026-09-16 15:31:14 [LOG] Response received, transaction 3417, function 0x03, 4 bytes PDU
2026-09-16 15:31:14 [LOG] Reading 0x242d = 0
2026-09-16 15:31:14 [LOG] Request sent, transaction 3418, function 0x03, 12 bytes
2026-09-16 15:31:14 [LOG] Response received, transaction 3418, function 0x03, 4 bytes PDU
2026-09-16 15:31:14 [LOG] Reading 0x242e = 0
2026-09-16 15:31:14 [LOG] Request sent, transaction 3419, function 0x03, 12 bytes
2026-09-16 15:31:14 [LOG] Response received, transaction 3419, function 0x03, 4 bytes PDU
2026-09-16 15:31:14 [LOG] Reading 0x242f = 0
2026-09-16 15:31:14 [LOG] Request sent, transaction 3420, function 0x03, 12 bytes
2026-09-16 15:31:14 [LOG] Response received, transaction 3420, function 0x03, 4 bytes PDU
2026-09-16 15:31:14 [LOG] Reading 0x2430 = 0
2026-09-16 15:31:14 [LOG] Request sent, transaction 3421, function 0x03, 12 bytes
2026-09-16 15:31:14 [LOG] Response received, transaction 3421, function 0x03, 4 bytes PDU
2026-09-16 15:31:14 [LOG] Reading 0x2431 = 0
2026-09-16 15:31:14 [LOG] Request sent, transaction 3422, function 0x03, 12 bytes
2026-09-16 15:31:14 [LOG] Response received, transaction 3422, function 0x03, 4 bytes PDU
2026-09-16 15:31:14 [LOG] Reading 0x2432 = 0
2026-09-16 15:31:14 [LOG] Request sent, transaction 3423, function 0x03, 12 bytes
2026-09-16 15:31:14 [LOG] Response received, transaction 3423, function 0x03, 4 bytes PDU
2026-09-16 15:31:14 [LOG] Reading 0x2433 = 0
2026-09-16 15:31:14 [LOG] Request sent, transaction 3424, function 0x03, 12 bytes
2026-09-16 15:31:14 [LOG] Response received, transaction 3424, function 0x03, 4 bytes PDU
2026-09-16 15:31:14 [LOG] Reading 0x2434 = 0
2026-09-16 15:31:14 No connected clients to send
2026-09-16 15:31:34 [LOG] Request sent, transaction 3425, function 0x03, 12 bytes
2026-09-16 15:31:34 [LOG] Response received, transaction 3425, function 0x03, 4 bytes PDU
2026-09-16 15:31:34 [LOG] Reading 0x242c = 0
2026-09-16 15:31:34 [LOG] Request sent, transaction 3426, function 0x03, 12 bytes
2026-09-16 15:31:34 [LOG] Response received, transaction 3426, function 0x03, 4 bytes PDU
2026-09-16 15:31:34 [LOG] Reading 0x242d = 0
2026-09-16 15:31:34 [LOG] Request sent, transaction 3427, function 0x03, 12 bytes
2026-09-16 15:31:34 [LOG] Response received, transaction 3427, function 0x03, 4 bytes PDU
2026-09-16 15:31:34 [LOG] Reading 0x242e = 0
2026-09-16 15:31:34 [LOG] Request sent, transaction 3428, function 0x03, 12 bytes
2026-09-16 15:31:34 [LOG] Response received, transaction 3428, function 0x03, 4 bytes PDU
2026-09-16 15:31:34 [LOG] Reading 0x242f = 0
2026-09-16 15:31:34 [LOG] Request sent, transaction 3429, function 0x03, 12 bytes
2026-09-16 15:31:34 [LOG] Response received, transaction 3429, function 0x03, 4 bytes PDU
2026-09-16 15:31:34 [LOG] Reading 0x2430 = 0
2026-09-16 15:31:34 [LOG] Request sent, transaction 3430, function 0x03, 12 bytes
2026-09-16 15:31:34 [LOG] Response received, transaction 3430, function 0x03, 4 bytes PDU
2026-09-16 15:31:34 [LOG] Reading 0x2431 = 0
2026-09-16 15:31:34 [LOG] Request sent, transaction 3431, function 0x03, 12 bytes
2026-09-16 15:31:34 [LOG] Response received, transaction 3431, function 0x03, 4 bytes PDU
2026-09-16 15:31:34 [LOG] Reading 0x2432 = 0
2026-09-16 15:31:34 [LOG] Request sent, transaction 3432, function 0x03, 12 bytes
2026-09-16 15:31:34 [LOG] Response received, transaction 3432, function 0x03, 4 bytes PDU
2026-09-16 15:31:34 [LOG] Reading 0x2433 = 0
2026-09-16 15:31:34 [LOG] Request sent, transaction 3433, function 0x03, 12 bytes
2026-09-16 15:31:34 [LOG] Response received, transaction 3433, function 0x03, 4 bytes PDU
2026-09-16 15:31:34 [LOG] Reading 0x2434 = 0
2026-09-16 15:31:34 No connected clients to send
2026-09-16 15:31:54 [LOG] Request sent, transaction 3434, function 0x03, 12 bytes
2026-09-16 15:31:54 [LOG] Response received, transaction 3434, function 0x03, 4 bytes PDU
2026-09-16 15:31:54 [LOG] Reading 0x242c = 0
2026-09-16 15:31:54 [LOG] Request sent, transaction 3435, function 0x03, 12 bytes
2026-09-16 15:31:54 [LOG] Response received, transaction 3435, function 0x03, 4 bytes PDU
2026-09-16 15:31:54 [LOG] Reading 0x242d = 0
2026-09-16 15:31:54 [LOG] Request sent, transaction 3436, function 0x03, 12 bytes
2026-09-16 15:31:54 [LOG] Response received, transaction 3436, function 0x03, 4 bytes PDU
2026-09-16 15:31:54 [LOG] Reading 0x242e = 0
2026-09-16 15:31:54 [LOG] Request sent, transaction 3437, function 0x03, 12 bytes
2026-09-16 15:31:54 [LOG] Response received, transaction 3437, function 0x03, 4 bytes PDU
2026-09-16 15:31:54 [LOG] Reading 0x242f = 0
2026-09-16 15:31:54 [LOG] Request sent, transaction 3438, function 0x03, 12 bytes
2026-09-16 15:31:54 [LOG] Response received, transaction 3438, function 0x03, 4 bytes PDU
2026-09-16 15:31:54 [LOG] Reading 0x2430 = 0
2026-09-16 15:31:54 [LOG] Request sent, transaction 3439, function 0x03, 12 bytes
2026-09-16 15:31:54 [LOG] Response received, transaction 3439, function 0x03, 4 bytes PDU
2026-09-16 15:31:54 [LOG] Reading 0x2431 = 0
2026-09-16 15:31:54 [LOG] Request sent, transaction 3440, function 0x03, 12 bytes
2026-09-16 15:31:54 [LOG] Response received, transaction 3440, function 0x03, 4 bytes PDU
2026-09-16 15:31:54 [LOG] Reading 0x2432 = 0
2026-09-16 15:31:54 [LOG] Request sent, transaction 3441, function 0x03, 12 bytes
2026-09-16 15:31:54 [LOG] Response received, transaction 3441, function 0x03, 4 bytes PDU
2026-09-16 15:31:54 [LOG] Reading 0x2433 = 0
2026-09-16 15:31:54 [LOG] Request sent, transaction 3442, function 0x03, 12 bytes
2026-09-16 15:31:54 [LOG] Response received, transaction 3442, function 0x03, 4 bytes PDU
2026-09-16 15:31:54 [LOG] Reading 0x2434 = 0
2026-09-16 15:31:54 No connected clients to send
2026-09-16 15:32:14 [LOG] Request sent, transaction 3443, function 0x03, 12 bytes
2026-09-16 15:32:14 [LOG] Response received, transaction 3443, function 0x03, 4 bytes PDU
2026-09-16 15:32:14 [LOG] Reading 0x242c = 0
2026-09-16 15:32:14 [LOG] Request sent, transaction 3444, function 0x03, 12 bytes
2026-09-16 15:32:14 [LOG] Response received, transaction 3444, function 0x03, 4 bytes PDU
2026-09-16 15:32:14 [LOG] Reading 0x242d = 0
2026-09-16 15:32:14 [LOG] Request sent, transaction 3445, function 0x03, 12 bytes
2026-09-16 15:32:14 [LOG] Response received, transaction 3445, function 0x03, 4 bytes PDU
2026-09-16 15:32:14 [LOG] Reading 0x242e = 0
2026-09-16 15:32:14 [LOG] Request sent, transaction 3446, function 0x03, 12 bytes
2026-09-16 15:32:14 [LOG] Response received, transaction 3446, function 0x03, 4 bytes PDU
2026-09-16 15:32:14 [LOG] Reading 0x242f = 0
2026-09-16 15:32:14 [LOG] Request sent, transaction 3447, function 0x03, 12 bytes
2026-09-16 15:32:14 [LOG] Response received, transaction 3447, function 0x03, 4 bytes PDU
2026-09-16 15:32:14 [LOG] Reading 0x2430 = 0
2026-09-16 15:32:14 [LOG] Request sent, transaction 3448, function 0x03, 12 bytes
2026-09-16 15:32:14 [LOG] Response received, transaction 3448, function 0x03, 4 bytes PDU
2026-09-16 15:32:14 [LOG] Reading 0x2431 = 0
2026-09-16 15:32:14 [LOG] Request sent, transaction 3449, function 0x03, 12 bytes
2026-09-16 15:32:14 [LOG] Response received, transaction 3449, function 0x03, 4 bytes PDU
2026-09-16 15:32:14 [LOG] Reading 0x2432 = 0
2026-09-16 15:32:14 [LOG] Request sent, transaction 3450, function 0x03, 12 bytes
2026-09-16 15:32:14 [LOG] Response received, transaction 3450, function 0x03, 4 bytes PDU
2026-09-16 15:32:14 [LOG] Reading 0x2433 = 0
2026-09-16 15:32:14 [LOG] Request sent, transaction 3451, function 0x03, 12 bytes
2026-09-16 15:32:14 [LOG] Response received, transaction 3451, function 0x03, 4 bytes PDU
2026-09-16 15:32:14 [LOG] Reading 0x2434 = 0
2026-09-16 15:32:14 No connected clients to send
2026-09-16 15:32:34 [LOG] Request sent, transaction 3452, function 0x03, 12 bytes
2026-09-16 15:32:34 [LOG] Response received, transaction 3452, function 0x03, 4 bytes PDU
2026-09-16 15:32:34 [LOG] Reading 0x242c = 0
2026-09-16 15:32:34 [LOG] Request sent, transaction 3453, function 0x03, 12 bytes
2026-09-16 15:32:34 [LOG] Response received, transaction 3453, function 0x03, 4 bytes PDU
2026-09-16 15:32:34 [LOG] Reading 0x242d = 0
2026-09-16 15:32:34 [LOG] Request sent, transaction 3454, function 0x03, 12 bytes
2026-09-16 15:32:34 [LOG] Response received, transaction 3454, function 0x03, 4 bytes PDU
2026-09-16 15:32:34 [LOG] Reading 0x242e = 0
2026-09-16 15:32:34 [LOG] Request sent, transaction 3455, function 0x03, 12 bytes
2026-09-16 15:32:34 [LOG] Response received, transaction 3455, function 0x03, 4 bytes PDU
2026-09-16 15:32:34 [LOG] Reading 0x242f = 0
2026-09-16 15:32:34 [LOG] Request sent, transaction 3456, function 0x03, 12 bytes
2026-09-16 15:32:34 [LOG] Response received, transaction 3456, function 0x03, 4 bytes PDU
2026-09-16 15:32:34 [LOG] Reading 0x2430 = 0
2026-09-16 15:32:34 [LOG] Request sent, transaction 3457, function 0x03, 12 bytes
2026-09-16 15:32:34 [LOG] Response received, transaction 3457, function 0x03, 4 bytes PDU
2026-09-16 15:32:34 [LOG] Reading 0x2431 = 0
2026-09-16 15:32:34 [LOG] Request sent, transaction 3458, function 0x03, 12 bytes
2026-09-16 15:32:34 [LOG] Response received, transaction 3458, function 0x03, 4 bytes PDU
2026-09-16 15:32:34 [LOG] Reading 0x2432 = 0
2026-09-16 15:32:34 [LOG] Request sent, transaction 3459, function 0x03, 12 bytes
2026-09-16 15:32:34 [LOG] Response received, transaction 3459, function 0x03, 4 bytes PDU
2026-09-16 15:32:34 [LOG] Reading 0x2433 = 0
2026-09-16 15:32:34 [LOG] Request sent, transaction 3460, function 0x03, 12 bytes
2026-09-16 15:32:34 [LOG] Response received, transaction 3460, function 0x03, 4 bytes PDU
2026-09-16 15:32:34 [LOG] Reading 0x2434 = 0
2026-09-16 15:32:34 No connected clients to send
2026-09-16 15:32:54 [LOG] Request sent, transaction 3461, function 0x03, 12 bytes
2026-09-16 15:32:54 [LOG] Response received, transaction 3461, function 0x03, 4 bytes PDU
2026-09-16 15:32:54 [LOG] Reading 0x242c = 0
2026-09-16 15:32:54 [LOG] Request sent, transaction 3462, function 0x03, 12 bytes
2026-09-16 15:32:54 [LOG] Response received, transaction 3462, function 0x03, 4 bytes PDU
2026-09-16 15:32:54 [LOG] Reading 0x242d = 0
2026-09-16 15:32:54 [LOG] Request sent, transaction 3463, function 0x03, 12 bytes
2026-09-16 15:32:54 [LOG] Response received, transaction 3463, function 0x03, 4 bytes PDU
2026-09-16 15:32:54 [LOG] Reading 0x242e = 0
2026-09-16 15:32:54 [LOG] Request sent, transaction 3464, function 0x03, 12 bytes
2026-09-16 15:32:54 [LOG] Response received, transaction 3464, function 0x03, 4 bytes PDU
2026-09-16 15:32:54 [LOG] Reading 0x242f = 0
2026-09-16 15:32:54 [LOG] Request sent, transaction 3465, function 0x03, 12 bytes
2026-09-16 15:32:54 [LOG] Response received, transaction 3465, function 0x03, 4 bytes PDU
2026-09-16 15:32:54 [LOG] Reading 0x2430 = 0
2026-09-16 15:32:54 [LOG] Request sent, transaction 3466, function 0x03, 12 bytes
2026-09-16 15:32:54 [LOG] Response received, transaction 3466, function 0x03, 4 bytes PDU
2026-09-16 15:32:54 [LOG] Reading 0x2431 = 0
2026-09-16 15:32:54 [LOG] Request sent, transaction 3467, function 0x03, 12 bytes
2026-09-16 15:32:54 [LOG] Response received, transaction 3467, function 0x03, 4 bytes PDU
2026-09-16 15:32:54 [LOG] Reading 0x2432 = 0
2026-09-16 15:32:54 [LOG] Request sent, transaction 3468, function 0x03, 12 bytes
2026-09-16 15:32:54 [LOG] Response received, transaction 3468, function 0x03, 4 bytes PDU
2026-09-16 15:32:54 [LOG] Reading 0x2433 = 0
2026-09-16 15:32:54 [LOG] Request sent, transaction 3469, function 0x03, 12 bytes
2026-09-16 15:32:54 [LOG] Response received, transaction 3469, function 0x03, 4 bytes PDU
2026-09-16 15:32:54 [LOG] Reading 0x2434 = 0
2026-09-16 15:32:54 No connected clients to send
2026-09-16 15:33:14 [LOG] Request sent, transaction 3470, function 0x03, 12 bytes
2026-09-16 15:33:14 [LOG] Response received, transaction 3470, function 0x03, 4 bytes PDU
2026-09-16 15:33:14 [LOG] Reading 0x242c = 0
2026-09-16 15:33:14 [LOG] Request sent, transaction 3471, function 0x03, 12 bytes
2026-09-16 15:33:14 [LOG] Response received, transaction 3471, function 0x03, 4 bytes PDU
2026-09-16 15:33:14 [LOG] Reading 0x242d = 0
2026-09-16 15:33:14 [LOG] Request sent, transaction 3472, function 0x03, 12 bytes
2026-09-16 15:33:14 [LOG] Response received, transaction 3472, function 0x03, 4 bytes PDU
2026-09-16 15:33:14 [LOG] Reading 0x242e = 0
2026-09-16 15:33:14 [LOG] Request sent, transaction 3473, function 0x03, 12 bytes
2026-09-16 15:33:14 [LOG] Response received, transaction 3473, function 0x03, 4 bytes PDU
2026-09-16 15:33:14 [LOG] Reading 0x242f = 0
2026-09-16 15:33:14 [LOG] Request sent, transaction 3474, function 0x03, 12 bytes
2026-09-16 15:33:14 [LOG] Response received, transaction 3474, function 0x03, 4 bytes PDU
2026-09-16 15:33:14 [LOG] Reading 0x2430 = 0
2026-09-16 15:33:14 [LOG] Request sent, transaction 3475, function 0x03, 12 bytes
2026-09-16 15:33:14 [LOG] Response received, transaction 3475, function 0x03, 4 bytes PDU
2026-09-16 15:33:14 [LOG] Reading 0x2431 = 0
2026-09-16 15:33:14 [LOG] Request sent, transaction 3476, function 0x03, 12 bytes
2026-09-16 15:33:14 [LOG] Response received, transaction 3476, function 0x03, 4 bytes PDU
2026-09-16 15:33:14 [LOG] Reading 0x2432 = 0
2026-09-16 15:33:14 [LOG] Request sent, transaction 3477, function 0x03, 12 bytes
2026-09-16 15:33:14 [LOG] Response received, transaction 3477, function 0x03, 4 bytes PDU
2026-09-16 15:33:14 [LOG] Reading 0x2433 = 0
2026-09-16 15:33:14 [LOG] Request sent, transaction 3478, function 0x03, 12 bytes
2026-09-16 15:33:14 [LOG] Response received, transaction 3478, function 0x03, 4 bytes PDU
2026-09-16 15:33:14 [LOG] Reading 0x2434 = 0
2026-09-16 15:33:14 No connected clients to send
2026-09-16 15:33:34 [LOG] Request sent, transaction 3479, function 0x03, 12 bytes
2026-09-16 15:33:34 [LOG] Response received, transaction 3479, function 0x03, 4 bytes PDU
2026-09-16 15:33:34 [LOG] Reading 0x242c = 0
2026-09-16 15:33:34 [LOG] Request sent, transaction 3480, function 0x03, 12 bytes
2026-09-16 15:33:34 [LOG] Response received, transaction 3480, function 0x03, 4 bytes PDU
2026-09-16 15:33:34 [LOG] Reading 0x242d = 0
2026-09-16 15:33:34 [LOG] Request sent, transaction 3481, function 0x03, 12 bytes
2026-09-16 15:33:34 [LOG] Response received, transaction 3481, function 0x03, 4 bytes PDU
2026-09-16 15:33:34 [LOG] Reading 0x242e = 0
2026-09-16 15:33:34 [LOG] Request sent, transaction 3482, function 0x03, 12 bytes
2026-09-16 15:33:34 [LOG] Response received, transaction 3482, function 0x03, 4 bytes PDU
2026-09-16 15:33:34 [LOG] Reading 0x242f = 0
2026-09-16 15:33:34 [LOG] Request sent, transaction 3483, function 0x03, 12 bytes
2026-09-16 15:33:34 [LOG] Response received, transaction 3483, function 0x03, 4 bytes PDU
2026-09-16 15:33:34 [LOG] Reading 0x2430 = 0
2026-09-16 15:33:34 [LOG] Request sent, transaction 3484, function 0x03, 12 bytes
2026-09-16 15:33:34 [LOG] Response received, transaction 3484, function 0x03, 4 bytes PDU
2026-09-16 15:33:34 [LOG] Reading 0x2431 = 0
2026-09-16 15:33:34 [LOG] Request sent, transaction 3485, function 0x03, 12 bytes
2026-09-16 15:33:34 [LOG] Response received, transaction 3485, function 0x03, 4 bytes PDU
2026-09-16 15:33:34 [LOG] Reading 0x2432 = 0
2026-09-16 15:33:34 [LOG] Request sent, transaction 3486, function 0x03, 12 bytes
2026-09-16 15:33:34 [LOG] Response received, transaction 3486, function 0x03, 4 bytes PDU
2026-09-16 15:33:34 [LOG] Reading 0x2433 = 0
2026-09-16 15:33:34 [LOG] Request sent, transaction 3487, function 0x03, 12 bytes
2026-09-16 15:33:34 [LOG] Response received, transaction 3487, function 0x03, 4 bytes PDU
2026-09-16 15:33:34 [LOG] Reading 0x2434 = 0
2026-09-16 15:33:34 No connected clients to send
2026-09-16 15:33:54 [LOG] Request sent, transaction 3488, function 0x03, 12 bytes
2026-09-16 15:33:54 [LOG] Response received, transaction 3488, function 0x03, 4 bytes PDU
2026-09-16 15:33:54 [LOG] Reading 0x242c = 0
2026-09-16 15:33:54 [LOG] Request sent, transaction 3489, function 0x03, 12 bytes
2026-09-16 15:33:54 [LOG] Response received, transaction 3489, function 0x03, 4 bytes PDU
2026-09-16 15:33:54 [LOG] Reading 0x242d = 0
2026-09-16 15:33:54 [LOG] Request sent, transaction 3490, function 0x03, 12 bytes
2026-09-16 15:33:54 [LOG] Response received, transaction 3490, function 0x03, 4 bytes PDU
2026-09-16 15:33:54 [LOG] Reading 0x242e = 0
2026-09-16 15:33:54 [LOG] Request sent, transaction 3491, function 0x03, 12 bytes
2026-09-16 15:33:54 [LOG] Response received, transaction 3491, function 0x03, 4 bytes PDU
2026-09-16 15:33:54 [LOG] Reading 0x242f = 0
2026-09-16 15:33:54 [LOG] Request sent, transaction 3492, function 0x03, 12 bytes
2026-09-16 15:33:54 [LOG] Response received, transaction 3492, function 0x03, 4 bytes PDU
2026-09-16 15:33:54 [LOG] Reading 0x2430 = 0
2026-09-16 15:33:54 [LOG] Request sent, transaction 3493, function 0x03, 12 bytes
2026-09-16 15:33:54 [LOG] Response received, transaction 3493, function 0x03, 4 bytes PDU
2026-09-16 15:33:54 [LOG] Reading 0x2431 = 0
2026-09-16 15:33:54 [LOG] Request sent, transaction 3494, function 0x03, 12 bytes
2026-09-16 15:33:54 [LOG] Response received, transaction 3494, function 0x03, 4 bytes PDU
2026-09-16 15:33:54 [LOG] Reading 0x2432 = 0
2026-09-16 15:33:54 [LOG] Request sent, transaction 3495, function 0x03, 12 bytes
2026-09-16 15:33:54 [LOG] Response received, transaction 3495, function 0x03, 4 bytes PDU
2026-09-16 15:33:54 [LOG] Reading 0x2433 = 0
2026-09-16 15:33:54 [LOG] Request sent, transaction 3496, function 0x03, 12 bytes
2026-09-16 15:33:54 [LOG] Response received, transaction 3496, function 0x03, 4 bytes PDU
2026-09-16 15:33:54 [LOG] Reading 0x2434 = 0
2026-09-16 15:33:54 No connected clients to send
2026-09-16 15:34:14 [LOG] Request sent, transaction 3497, function 0x03, 12 bytes
2026-09-16 15:34:14 [LOG] Response received, transaction 3497, function 0x03, 4 bytes PDU
2026-09-16 15:34:14 [LOG] Reading 0x242c = 0
2026-09-16 15:34:14 [LOG] Request sent, transaction 3498, function 0x03, 12 bytes
2026-09-16 15:34:14 [LOG] Response received, transaction 3498, function 0x03, 4 bytes PDU
2026-09-16 15:34:14 [LOG] Reading 0x242d = 0
2026-09-16 15:34:14 [LOG] Request sent, transaction 3499, function 0x03, 12 bytes
2026-09-16 15:34:14 [LOG] Response received, transaction 3499, function 0x03, 4 bytes PDU
2026-09-16 15:34:14 [LOG] Reading 0x242e = 0
2026-09-16 15:34:14 [LOG] Request sent, transaction 3500, function 0x03, 12 bytes
2026-09-16 15:34:14 [LOG] Response received, transaction 3500, function 0x03, 4 bytes PDU
2026-09-16 15:34:14 [LOG] Reading 0x242f = 0
2026-09-16 15:34:14 [LOG] Request sent, transaction 3501, function 0x03, 12 bytes
2026-09-16 15:34:14 [LOG] Response received, transaction 3501, function 0x03, 4 bytes PDU
2026-09-16 15:34:14 [LOG] Reading 0x2430 = 0
2026-09-16 15:34:14 [LOG] Request sent, transaction 3502, function 0x03, 12 bytes
2026-09-16 15:34:14 [LOG] Response received, transaction 3502, function 0x03, 4 bytes PDU
2026-09-16 15:34:14 [LOG] Reading 0x2431 = 0
2026-09-16 15:34:14 [LOG] Request sent, transaction 3503, function 0x03, 12 bytes
2026-09-16 15:34:14 [LOG] Response received, transaction 3503, function 0x03, 4 bytes PDU
2026-09-16 15:34:14 [LOG] Reading 0x2432 = 0
2026-09-16 15:34:14 [LOG] Request sent, transaction 3504, function 0x03, 12 bytes
2026-09-16 15:34:14 [LOG] Response received, transaction 3504, function 0x03, 4 bytes PDU
2026-09-16 15:34:14 [LOG] Reading 0x2433 = 0
2026-09-16 15:34:14 [LOG] Request sent, transaction 3505, function 0x03, 12 bytes
2026-09-16 15:34:14 [LOG] Response received, transaction 3505, function 0x03, 4 bytes PDU
2026-09-16 15:34:14 [LOG] Reading 0x2434 = 0
2026-09-16 15:34:14 No connected clients to send
2026-09-16 15:34:34 [LOG] Request sent, transaction 3506, function 0x03, 12 bytes
2026-09-16 15:34:34 [LOG] Response received, transaction 3506, function 0x03, 4 bytes PDU
2026-09-16 15:34:34 [LOG] Reading 0x242c = 0
2026-09-16 15:34:34 [LOG] Request sent, transaction 3507, function 0x03, 12 bytes
2026-09-16 15:34:34 [LOG] Response received, transaction 3507, function 0x03, 4 bytes PDU
2026-09-16 15:34:34 [LOG] Reading 0x242d = 0
2026-09-16 15:34:34 [LOG] Request sent, transaction 3508, function 0x03, 12 bytes
2026-09-16 15:34:34 [LOG] Response received, transaction 3508, function 0x03, 4 bytes PDU
2026-09-16 15:34:34 [LOG] Reading 0x242e = 0
2026-09-16 15:34:34 [LOG] Request sent, transaction 3509, function 0x03, 12 bytes
2026-09-16 15:34:34 [LOG] Response received, transaction 3509, function 0x03, 4 bytes PDU
2026-09-16 15:34:34 [LOG] Reading 0x242f = 0
2026-09-16 15:34:34 [LOG] Request sent, transaction 3510, function 0x03, 12 bytes
2026-09-16 15:34:34 [LOG] Response received, transaction 3510, function 0x03, 4 bytes PDU
2026-09-16 15:34:34 [LOG] Reading 0x2430 = 0
2026-09-16 15:34:34 [LOG] Request sent, transaction 3511, function 0x03, 12 bytes
2026-09-16 15:34:34 [LOG] Response received, transaction 3511, function 0x03, 4 bytes PDU
2026-09-16 15:34:34 [LOG] Reading 0x2431 = 0
2026-09-16 15:34:34 [LOG] Request sent, transaction 3512, function 0x03, 12 bytes
2026-09-16 15:34:34 [LOG] Response received, transaction 3512, function 0x03, 4 bytes PDU
2026-09-16 15:34:34 [LOG] Reading 0x2432 = 0
2026-09-16 15:34:34 [LOG] Request sent, transaction 3513, function 0x03, 12 bytes
2026-09-16 15:34:34 [LOG] Response received, transaction 3513, function 0x03, 4 bytes PDU
2026-09-16 15:34:34 [LOG] Reading 0x2433 = 0
2026-09-16 15:34:34 [LOG] Request sent, transaction 3514, function 0x03, 12 bytes
2026-09-16 15:34:34 [LOG] Response received, transaction 3514, function 0x03, 4 bytes PDU
2026-09-16 15:34:34 [LOG] Reading 0x2434 = 0
2026-09-16 15:34:34 No connected clients to send
2026-09-16 15:34:54 [LOG] Request sent, transaction 3515, function 0x03, 12 bytes
2026-09-16 15:34:54 [LOG] Response received, transaction 3515, function 0x03, 4 bytes PDU
2026-09-16 15:34:54 [LOG] Reading 0x242c = 0
2026-09-16 15:34:54 [LOG] Request sent, transaction 3516, function 0x03, 12 bytes
2026-09-16 15:34:54 [LOG] Response received, transaction 3516, function 0x03, 4 bytes PDU
2026-09-16 15:34:54 [LOG] Reading 0x242d = 0
2026-09-16 15:34:54 [LOG] Request sent, transaction 3517, function 0x03, 12 bytes
2026-09-16 15:34:54 [LOG] Response received, transaction 3517, function 0x03, 4 bytes PDU
2026-09-16 15:34:54 [LOG] Reading 0x242e = 0
2026-09-16 15:34:54 [LOG] Request sent, transaction 3518, function 0x03, 12 bytes
2026-09-16 15:34:54 [LOG] Response received, transaction 3518, function 0x03, 4 bytes PDU
2026-09-16 15:34:54 [LOG] Reading 0x242f = 0
2026-09-16 15:34:54 [LOG] Request sent, transaction 3519, function 0x03, 12 bytes
2026-09-16 15:34:54 [LOG] Response received, transaction 3519, function 0x03, 4 bytes PDU
2026-09-16 15:34:54 [LOG] Reading 0x2430 = 0
2026-09-16 15:34:54 [LOG] Request sent, transaction 3520, function 0x03, 12 bytes
2026-09-16 15:34:54 [LOG] Response received, transaction 3520, function 0x03, 4 bytes PDU
2026-09-16 15:34:54 [LOG] Reading 0x2431 = 0
2026-09-16 15:34:54 [LOG] Request sent, transaction 3521, function 0x03, 12 bytes
2026-09-16 15:34:54 [LOG] Response received, transaction 3521, function 0x03, 4 bytes PDU
2026-09-16 15:34:54 [LOG] Reading 0x2432 = 0
2026-09-16 15:34:54 [LOG] Request sent, transaction 3522, function 0x03, 12 bytes
2026-09-16 15:34:54 [LOG] Response received, transaction 3522, function 0x03, 4 bytes PDU
2026-09-16 15:34:54 [LOG] Reading 0x2433 = 0
2026-09-16 15:34:54 [LOG] Request sent, transaction 3523, function 0x03, 12 bytes
2026-09-16 15:34:54 [LOG] Response received, transaction 3523, function 0x03, 4 bytes PDU
2026-09-16 15:34:54 [LOG] Reading 0x2434 = 0
2026-09-16 15:34:54 No connected clients to send
2026-09-16 15:35:14 [LOG] Request sent, transaction 3524, function 0x03, 12 bytes
2026-09-16 15:35:14 [LOG] Response received, transaction 3524, function 0x03, 4 bytes PDU
2026-09-16 15:35:14 [LOG] Reading 0x242c = 0
2026-09-16 15:35:14 [LOG] Request sent, transaction 3525, function 0x03, 12 bytes
2026-09-16 15:35:14 [LOG] Response received, transaction 3525, function 0x03, 4 bytes PDU
2026-09-16 15:35:14 [LOG] Reading 0x242d = 0
2026-09-16 15:35:14 [LOG] Request sent, transaction 3526, function 0x03, 12 bytes
2026-09-16 15:35:14 [LOG] Response received, transaction 3526, function 0x03, 4 bytes PDU
2026-09-16 15:35:14 [LOG] Reading 0x242e = 0
2026-09-16 15:35:14 [LOG] Request sent, transaction 3527, function 0x03, 12 bytes
2026-09-16 15:35:14 [LOG] Response received, transaction 3527, function 0x03, 4 bytes PDU
2026-09-16 15:35:14 [LOG] Reading 0x242f = 0
2026-09-16 15:35:14 [LOG] Request sent, transaction 3528, function 0x03, 12 bytes
2026-09-16 15:35:14 [LOG] Response received, transaction 3528, function 0x03, 4 bytes PDU
2026-09-16 15:35:14 [LOG] Reading 0x2430 = 0
2026-09-16 15:35:14 [LOG] Request sent, transaction 3529, function 0x03, 12 bytes
2026-09-16 15:35:14 [LOG] Response received, transaction 3529, function 0x03, 4 bytes PDU
2026-09-16 15:35:14 [LOG] Reading 0x2431 = 0
2026-09-16 15:35:14 [LOG] Request sent, transaction 3530, function 0x03, 12 bytes
2026-09-16 15:35:14 [LOG] Response received, transaction 3530, function 0x03, 4 bytes PDU
2026-09-16 15:35:14 [LOG] Reading 0x2432 = 0
2026-09-16 15:35:14 [LOG] Request sent, transaction 3531, function 0x03, 12 bytes
2026-09-16 15:35:14 [LOG] Response received, transaction 3531, function 0x03, 4 bytes PDU
2026-09-16 15:35:14 [LOG] Reading 0x2433 = 0
2026-09-16 15:35:14 [LOG] Request sent, transaction 3532, function 0x03, 12 bytes
2026-09-16 15:35:14 [LOG] Response received, transaction 3532, function 0x03, 4 bytes PDU
2026-09-16 15:35:14 [LOG] Reading 0x2434 = 0
2026-09-16 15:35:14 No connected clients to send
2026-09-16 15:35:34 [LOG] Request sent, transaction 3533, function 0x03, 12 bytes
2026-09-16 15:35:34 [LOG] Response received, transaction 3533, function 0x03, 4 bytes PDU
2026-09-16 15:35:34 [LOG] Reading 0x242c = 0
2026-09-16 15:35:34 [LOG] Request sent, transaction 3534, function 0x03, 12 bytes
2026-09-16 15:35:34 [LOG] Response received, transaction 3534, function 0x03, 4 bytes PDU
2026-09-16 15:35:34 [LOG] Reading 0x242d = 0
2026-09-16 15:35:34 [LOG] Request sent, transaction 3535, function 0x03, 12 bytes
2026-09-16 15:35:34 [LOG] Response received, transaction 3535, function 0x03, 4 bytes PDU
2026-09-16 15:35:34 [LOG] Reading 0x242e = 0
2026-09-16 15:35:34 [LOG] Request sent, transaction 3536, function 0x03, 12 bytes
2026-09-16 15:35:34 [LOG] Response received, transaction 3536, function 0x03, 4 bytes PDU
2026-09-16 15:35:34 [LOG] Reading 0x242f = 0
2026-09-16 15:35:34 [LOG] Request sent, transaction 3537, function 0x03, 12 bytes
2026-09-16 15:35:34 [LOG] Response received, transaction 3537, function 0x03, 4 bytes PDU
2026-09-16 15:35:34 [LOG] Reading 0x2430 = 0
2026-09-16 15:35:34 [LOG] Request sent, transaction 3538, function 0x03, 12 bytes
2026-09-16 15:35:34 [LOG] Response received, transaction 3538, function 0x03, 4 bytes PDU
2026-09-16 15:35:34 [LOG] Reading 0x2431 = 0
2026-09-16 15:35:34 [LOG] Request sent, transaction 3539, function 0x03, 12 bytes
2026-09-16 15:35:34 [LOG] Response received, transaction 3539, function 0x03, 4 bytes PDU
2026-09-16 15:35:34 [LOG] Reading 0x2432 = 0
2026-09-16 15:35:34 [LOG] Request sent, transaction 3540, function 0x03, 12 bytes
2026-09-16 15:35:34 [LOG] Response received, transaction 3540, function 0x03, 4 bytes PDU
2026-09-16 15:35:34 [LOG] Reading 0x2433 = 0
2026-09-16 15:35:34 [LOG] Request sent, transaction 3541, function 0x03, 12 bytes
2026-09-16 15:35:34 [LOG] Response received, transaction 3541, function 0x03, 4 bytes PDU
2026-09-16 15:35:34 [LOG] Reading 0x2434 = 0
2026-09-16 15:35:34 No connected clients to send
2026-09-16 15:35:54 [LOG] Request sent, transaction 3542, function 0x03, 12 bytes
2026-09-16 15:35:54 [LOG] Response received, transaction 3542, function 0x03, 4 bytes PDU
2026-09-16 15:35:54 [LOG] Reading 0x242c = 0
2026-09-16 15:35:54 [LOG] Request sent, transaction 3543, function 0x03, 12 bytes
2026-09-16 15:35:54 [LOG] Response received, transaction 3543, function 0x03, 4 bytes PDU
2026-09-16 15:35:54 [LOG] Reading 0x242d = 0
2026-09-16 15:35:54 [LOG] Request sent, transaction 3544, function 0x03, 12 bytes
2026-09-16 15:35:54 [LOG] Response received, transaction 3544, function 0x03, 4 bytes PDU
2026-09-16 15:35:54 [LOG] Reading 0x242e = 0
2026-09-16 15:35:54 [LOG] Request sent, transaction 3545, function 0x03, 12 bytes
2026-09-16 15:35:54 [LOG] Response received, transaction 3545, function 0x03, 4 bytes PDU
2026-09-16 15:35:54 [LOG] Reading 0x242f = 0
2026-09-16 15:35:54 [LOG] Request sent, transaction 3546, function 0x03, 12 bytes
2026-09-16 15:35:54 [LOG] Response received, transaction 3546, function 0x03, 4 bytes PDU
2026-09-16 15:35:54 [LOG] Reading 0x2430 = 0
2026-09-16 15:35:54 [LOG] Request sent, transaction 3547, function 0x03, 12 bytes
2026-09-16 15:35:54 [LOG] Response received, transaction 3547, function 0x03, 4 bytes PDU
2026-09-16 15:35:54 [LOG] Reading 0x2431 = 0
2026-09-16 15:35:54 [LOG] Request sent, transaction 3548, function 0x03, 12 bytes
2026-09-16 15:35:54 [LOG] Response received, transaction 3548, function 0x03, 4 bytes PDU
2026-09-16 15:35:54 [LOG] Reading 0x2432 = 0
2026-09-16 15:35:54 [LOG] Request sent, transaction 3549, function 0x03, 12 bytes
2026-09-16 15:35:54 [LOG] Response received, transaction 3549, function 0x03, 4 bytes PDU
2026-09-16 15:35:54 [LOG] Reading 0x2433 = 0
2026-09-16 15:35:54 [LOG] Request sent, transaction 3550, function 0x03, 12 bytes
2026-09-16 15:35:54 [LOG] Response received, transaction 3550, function 0x03, 4 bytes PDU
2026-09-16 15:35:54 [LOG] Reading 0x2434 = 0
2026-09-16 15:35:54 No connected clients to send
2026-09-16 15:36:14 [LOG] Request sent, transaction 3551, function 0x03, 12 bytes
2026-09-16 15:36:14 [LOG] Response received, transaction 3551, function 0x03, 4 bytes PDU
2026-09-16 15:36:14 [LOG] Reading 0x242c = 0
2026-09-16 15:36:14 [LOG] Request sent, transaction 3552, function 0x03, 12 bytes
2026-09-16 15:36:14 [LOG] Response received, transaction 3552, function 0x03, 4 bytes PDU
2026-09-16 15:36:14 [LOG] Reading 0x242d = 0
2026-09-16 15:36:14 [LOG] Request sent, transaction 3553, function 0x03, 12 bytes
2026-09-16 15:36:14 [LOG] Response received, transaction 3553, function 0x03, 4 bytes PDU
2026-09-16 15:36:14 [LOG] Reading 0x242e = 0
2026-09-16 15:36:14 [LOG] Request sent, transaction 3554, function 0x03, 12 bytes
2026-09-16 15:36:14 [LOG] Response received, transaction 3554, function 0x03, 4 bytes PDU
2026-09-16 15:36:14 [LOG] Reading 0x242f = 0
2026-09-16 15:36:14 [LOG] Request sent, transaction 3555, function 0x03, 12 bytes
2026-09-16 15:36:14 [LOG] Response received, transaction 3555, function 0x03, 4 bytes PDU
2026-09-16 15:36:14 [LOG] Reading 0x2430 = 0
2026-09-16 15:36:14 [LOG] Request sent, transaction 3556, function 0x03, 12 bytes
2026-09-16 15:36:14 [LOG] Response received, transaction 3556, function 0x03, 4 bytes PDU
2026-09-16 15:36:14 [LOG] Reading 0x2431 = 0
2026-09-16 15:36:14 [LOG] Request sent, transaction 3557, function 0x03, 12 bytes
2026-09-16 15:36:14 [LOG] Response received, transaction 3557, function 0x03, 4 bytes PDU
2026-09-16 15:36:14 [LOG] Reading 0x2432 = 0
2026-09-16 15:36:14 [LOG] Request sent, transaction 3558, function 0x03, 12 bytes
2026-09-16 15:36:14 [LOG] Response received, transaction 3558, function 0x03, 4 bytes PDU
2026-09-16 15:36:14 [LOG] Reading 0x2433 = 0
2026-09-16 15:36:14 [LOG] Request sent, transaction 3559, function 0x03, 12 bytes
2026-09-16 15:36:14 [LOG] Response received, transaction 3559, function 0x03, 4 bytes PDU
2026-09-16 15:36:14 [LOG] Reading 0x2434 = 0
2026-09-16 15:36:14 No connected clients to send
2026-09-16 15:36:34 [LOG] Request sent, transaction 3560, function 0x03, 12 bytes
2026-09-16 15:36:34 [LOG] Response received, transaction 3560, function 0x03, 4 bytes PDU
2026-09-16 15:36:34 [LOG] Reading 0x242c = 0
2026-09-16 15:36:34 [LOG] Request sent, transaction 3561, function 0x03, 12 bytes
2026-09-16 15:36:34 [LOG] Response received, transaction 3561, function 0x03, 4 bytes PDU
2026-09-16 15:36:34 [LOG] Reading 0x242d = 0
2026-09-16 15:36:34 [LOG] Request sent, transaction 3562, function 0x03, 12 bytes
2026-09-16 15:36:34 [LOG] Response received, transaction 3562, function 0x03, 4 bytes PDU
2026-09-16 15:36:34 [LOG] Reading 0x242e = 0
2026-09-16 15:36:34 [LOG] Request sent, transaction 3563, function 0x03, 12 bytes
2026-09-16 15:36:34 [LOG] Response received, transaction 3563, function 0x03, 4 bytes PDU
2026-09-16 15:36:34 [LOG] Reading 0x242f = 0
2026-09-16 15:36:34 [LOG] Request sent, transaction 3564, function 0x03, 12 bytes
2026-09-16 15:36:34 [LOG] Response received, transaction 3564, function 0x03, 4 bytes PDU
2026-09-16 15:36:34 [LOG] Reading 0x2430 = 0
2026-09-16 15:36:34 [LOG] Request sent, transaction 3565, function 0x03, 12 bytes
2026-09-16 15:36:34 [LOG] Response received, transaction 3565, function 0x03, 4 bytes PDU
2026-09-16 15:36:34 [LOG] Reading 0x2431 = 0
2026-09-16 15:36:34 [LOG] Request sent, transaction 3566, function 0x03, 12 bytes
2026-09-16 15:36:34 [LOG] Response received, transaction 3566, function 0x03, 4 bytes PDU
2026-09-16 15:36:34 [LOG] Reading 0x2432 = 0
2026-09-16 15:36:34 [LOG] Request sent, transaction 3567, function 0x03, 12 bytes
2026-09-16 15:36:34 [LOG] Response received, transaction 3567, function 0x03, 4 bytes PDU
2026-09-16 15:36:34 [LOG] Reading 0x2433 = 0
2026-09-16 15:36:34 [LOG] Request sent, transaction 3568, function 0x03, 12 bytes
2026-09-16 15:36:34 [LOG] Response received, transaction 3568, function 0x03, 4 bytes PDU
2026-09-16 15:36:34 [LOG] Reading 0x2434 = 0
2026-09-16 15:36:34 No connected clients to send
2026-09-16 15:36:54 [LOG] Request sent, transaction 3569, function 0x03, 12 bytes
2026-09-16 15:36:54 [LOG] Response received, transaction 3569, function 0x03, 4 bytes PDU
2026-09-16 15:36:54 [LOG] Reading 0x242c = 0
2026-09-16 15:36:54 [LOG] Request sent, transaction 3570, function 0x03, 12 bytes
2026-09-16 15:36:54 [LOG] Response received, transaction 3570, function 0x03, 4 bytes PDU
2026-09-16 15:36:54 [LOG] Reading 0x242d = 0
2026-09-16 15:36:54 [LOG] Request sent, transaction 3571, function 0x03, 12 bytes
2026-09-16 15:36:54 [LOG] Response received, transaction 3571, function 0x03, 4 bytes PDU
2026-09-16 15:36:54 [LOG] Reading 0x242e = 0
2026-09-16 15:36:54 [LOG] Request sent, transaction 3572, function 0x03, 12 bytes
2026-09-16 15:36:54 [LOG] Response received, transaction 3572, function 0x03, 4 bytes PDU
2026-09-16 15:36:54 [LOG] Reading 0x242f = 0
2026-09-16 15:36:54 [LOG] Request sent, transaction 3573, function 0x03, 12 bytes
2026-09-16 15:36:54 [LOG] Response received, transaction 3573, function 0x03, 4 bytes PDU
2026-09-16 15:36:54 [LOG] Reading 0x2430 = 0
2026-09-16 15:36:54 [LOG] Request sent, transaction 3574, function 0x03, 12 bytes
2026-09-16 15:36:54 [LOG] Response received, transaction 3574, function 0x03, 4 bytes PDU
2026-09-16 15:36:54 [LOG] Reading 0x2431 = 0
2026-09-16 15:36:54 [LOG] Request sent, transaction 3575, function 0x03, 12 bytes
2026-09-16 15:36:54 [LOG] Response received, transaction 3575, function 0x03, 4 bytes PDU
2026-09-16 15:36:54 [LOG] Reading 0x2432 = 0
2026-09-16 15:36:54 [LOG] Request sent, transaction 3576, function 0x03, 12 bytes
2026-09-16 15:36:54 [LOG] Response received, transaction 3576, function 0x03, 4 bytes PDU
2026-09-16 15:36:54 [LOG] Reading 0x2433 = 0
2026-09-16 15:36:54 [LOG] Request sent, transaction 3577, function 0x03, 12 bytes
2026-09-16 15:36:54 [LOG] Response received, transaction 3577, function 0x03, 4 bytes PDU
2026-09-16 15:36:54 [LOG] Reading 0x2434 = 0
2026-09-16 15:36:54 No connected clients to send
2026-09-16 15:37:14 [LOG] Request sent, transaction 3578, function 0x03, 12 bytes
2026-09-16 15:37:14 [LOG] Response received, transaction 3578, function 0x03, 4 bytes PDU
2026-09-16 15:37:14 [LOG] Reading 0x242c = 0
2026-09-16 15:37:14 [LOG] Request sent, transaction 3579, function 0x03, 12 bytes
2026-09-16 15:37:14 [LOG] Response received, transaction 3579, function 0x03, 4 bytes PDU
2026-09-16 15:37:14 [LOG] Reading 0x242d = 0
2026-09-16 15:37:14 [LOG] Request sent, transaction 3580, function 0x03, 12 bytes
2026-09-16 15:37:14 [LOG] Response received, transaction 3580, function 0x03, 4 bytes PDU
2026-09-16 15:37:14 [LOG] Reading 0x242e = 0
2026-09-16 15:37:14 [LOG] Request sent, transaction 3581, function 0x03, 12 bytes
2026-09-16 15:37:14 [LOG] Response received, transaction 3581, function 0x03, 4 bytes PDU
2026-09-16 15:37:14 [LOG] Reading 0x242f = 0
2026-09-16 15:37:14 [LOG] Request sent, transaction 3582, function 0x03, 12 bytes
2026-09-16 15:37:14 [LOG] Response received, transaction 3582, function 0x03, 4 bytes PDU
2026-09-16 15:37:14 [LOG] Reading 0x2430 = 0
2026-09-16 15:37:14 [LOG] Request sent, transaction 3583, function 0x03, 12 bytes
2026-09-16 15:37:14 [LOG] Response received, transaction 3583, function 0x03, 4 bytes PDU
2026-09-16 15:37:14 [LOG] Reading 0x2431 = 0
2026-09-16 15:37:14 [LOG] Request sent, transaction 3584, function 0x03, 12 bytes
2026-09-16 15:37:14 [LOG] Response received, transaction 3584, function 0x03, 4 bytes PDU
2026-09-16 15:37:14 [LOG] Reading 0x2432 = 0
2026-09-16 15:37:14 [LOG] Request sent, transaction 3585, function 0x03, 12 bytes
2026-09-16 15:37:14 [LOG] Response received, transaction 3585, function 0x03, 4 bytes PDU
2026-09-16 15:37:14 [LOG] Reading 0x2433 = 0
2026-09-16 15:37:14 [LOG] Request sent, transaction 3586, function 0x03, 12 bytes
2026-09-16 15:37:14 [LOG] Response received, transaction 3586, function 0x03, 4 bytes PDU
2026-09-16 15:37:14 [LOG] Reading 0x2434 = 0
2026-09-16 15:37:14 No connected clients to send
2026-09-16 15:37:34 [LOG] Request sent, transaction 3587, function 0x03, 12 bytes
2026-09-16 15:37:34 [LOG] Response received, transaction 3587, function 0x03, 4 bytes PDU
2026-09-16 15:37:34 [LOG] Reading 0x242c = 0
2026-09-16 15:37:34 [LOG] Request sent, transaction 3588, function 0x03, 12 bytes
2026-09-16 15:37:34 [LOG] Response received, transaction 3588, function 0x03, 4 bytes PDU
2026-09-16 15:37:34 [LOG] Reading 0x242d = 0
2026-09-16 15:37:34 [LOG] Request sent, transaction 3589, function 0x03, 12 bytes
2026-09-16 15:37:34 [LOG] Response received, transaction 3589, function 0x03, 4 bytes PDU
2026-09-16 15:37:34 [LOG] Reading 0x242e = 0
2026-09-16 15:37:34 [LOG] Request sent, transaction 3590, function 0x03, 12 bytes
2026-09-16 15:37:34 [LOG] Response received, transaction 3590, function 0x03, 4 bytes PDU
2026-09-16 15:37:34 [LOG] Reading 0x242f = 0
2026-09-16 15:37:34 [LOG] Request sent, transaction 3591, function 0x03, 12 bytes
2026-09-16 15:37:34 [LOG] Response received, transaction 3591, function 0x03, 4 bytes PDU
2026-09-16 15:37:34 [LOG] Reading 0x2430 = 0
2026-09-16 15:37:34 [LOG] Request sent, transaction 3592, function 0x03, 12 bytes
2026-09-16 15:37:34 [LOG] Response received, transaction 3592, function 0x03, 4 bytes PDU
2026-09-16 15:37:34 [LOG] Reading 0x2431 = 0
2026-09-16 15:37:34 [LOG] Request sent, transaction 3593, function 0x03, 12 bytes
2026-09-16 15:37:34 [LOG] Response received, transaction 3593, function 0x03, 4 bytes PDU
2026-09-16 15:37:34 [LOG] Reading 0x2432 = 0
2026-09-16 15:37:34 [LOG] Request sent, transaction 3594, function 0x03, 12 bytes
2026-09-16 15:37:34 [LOG] Response received, transaction 3594, function 0x03, 4 bytes PDU
2026-09-16 15:37:34 [LOG] Reading 0x2433 = 0
2026-09-16 15:37:34 [LOG] Request sent, transaction 3595, function 0x03, 12 bytes
2026-09-16 15:37:34 [LOG] Response received, transaction 3595, function 0x03, 4 bytes PDU
2026-09-16 15:37:34 [LOG] Reading 0x2434 = 0
2026-09-16 15:37:34 No connected clients to send
2026-09-16 15:37:54 [LOG] Request sent, transaction 3596, function 0x03, 12 bytes
2026-09-16 15:37:54 [LOG] Response received, transaction 3596, function 0x03, 4 bytes PDU
2026-09-16 15:37:54 [LOG] Reading 0x242c = 0
2026-09-16 15:37:54 [LOG] Request sent, transaction 3597, function 0x03, 12 bytes
2026-09-16 15:37:54 [LOG] Response received, transaction 3597, function 0x03, 4 bytes PDU
2026-09-16 15:37:54 [LOG] Reading 0x242d = 0
2026-09-16 15:37:54 [LOG] Request sent, transaction 3598, function 0x03, 12 bytes
2026-09-16 15:37:54 [LOG] Response received, transaction 3598, function 0x03, 4 bytes PDU
2026-09-16 15:37:54 [LOG] Reading 0x242e = 0
2026-09-16 15:37:54 [LOG] Request sent, transaction 3599, function 0x03, 12 bytes
2026-09-16 15:37:54 [LOG] Response received, transaction 3599, function 0x03, 4 bytes PDU
2026-09-16 15:37:54 [LOG] Reading 0x242f = 0
2026-09-16 15:37:54 [LOG] Request sent, transaction 3600, function 0x03, 12 bytes
2026-09-16 15:37:54 [LOG] Response received, transaction 3600, function 0x03, 4 bytes PDU
2026-09-16 15:37:54 [LOG] Reading 0x2430 = 0
2026-09-16 15:37:54 [LOG] Request sent, transaction 3601, function 0x03, 12 bytes
2026-09-16 15:37:54 [LOG] Response received, transaction 3601, function 0x03, 4 bytes PDU
2026-09-16 15:37:54 [LOG] Reading 0x2431 = 0
2026-09-16 15:37:54 [LOG] Request sent, transaction 3602, function 0x03, 12 bytes
2026-09-16 15:37:54 [LOG] Response received, transaction 3602, function 0x03, 4 bytes PDU
2026-09-16 15:37:54 [LOG] Reading 0x2432 = 0
2026-09-16 15:37:54 [LOG] Request sent, transaction 3603, function 0x03, 12 bytes
2026-09-16 15:37:54 [LOG] Response received, transaction 3603, function 0x03, 4 bytes PDU
2026-09-16 15:37:54 [LOG] Reading 0x2433 = 0
2026-09-16 15:37:54 [LOG] Request sent, transaction 3604, function 0x03, 12 bytes
2026-09-16 15:37:54 [LOG] Response received, transaction 3604, function 0x03, 4 bytes PDU
2026-09-16 15:37:54 [LOG] Reading 0x2434 = 0
2026-09-16 15:37:54 No connected clients to send
2026-09-16 15:38:14 [LOG] Request sent, transaction 3605, function 0x03, 12 bytes
2026-09-16 15:38:14 [LOG] Response received, transaction 3605, function 0x03, 4 bytes PDU
2026-09-16 15:38:14 [LOG] Reading 0x242c = 0
2026-09-16 15:38:14 [LOG] Request sent, transaction 3606, function 0x03, 12 bytes
2026-09-16 15:38:14 [LOG] Response received, transaction 3606, function 0x03, 4 bytes PDU
2026-09-16 15:38:14 [LOG] Reading 0x242d = 0
2026-09-16 15:38:14 [LOG] Request sent, transaction 3607, function 0x03, 12 bytes
2026-09-16 15:38:14 [LOG] Response received, transaction 3607, function 0x03, 4 bytes PDU
2026-09-16 15:38:14 [LOG] Reading 0x242e = 0
2026-09-16 15:38:14 [LOG] Request sent, transaction 3608, function 0x03, 12 bytes
2026-09-16 15:38:14 [LOG] Response received, transaction 3608, function 0x03, 4 bytes PDU
2026-09-16 15:38:14 [LOG] Reading 0x242f = 0
2026-09-16 15:38:14 [LOG] Request sent, transaction 3609, function 0x03, 12 bytes
2026-09-16 15:38:14 [LOG] Response received, transaction 3609, function 0x03, 4 bytes PDU
2026-09-16 15:38:14 [LOG] Reading 0x2430 = 0
2026-09-16 15:38:14 [LOG] Request sent, transaction 3610, function 0x03, 12 bytes
2026-09-16 15:38:14 [LOG] Response received, transaction 3610, function 0x03, 4 bytes PDU
2026-09-16 15:38:14 [LOG] Reading 0x2431 = 0
2026-09-16 15:38:14 [LOG] Request sent, transaction 3611, function 0x03, 12 bytes
2026-09-16 15:38:14 [LOG] Response received, transaction 3611, function 0x03, 4 bytes PDU
2026-09-16 15:38:14 [LOG] Reading 0x2432 = 0
2026-09-16 15:38:14 [LOG] Request sent, transaction 3612, function 0x03, 12 bytes
2026-09-16 15:38:14 [LOG] Response received, transaction 3612, function 0x03, 4 bytes PDU
2026-09-16 15:38:14 [LOG] Reading 0x2433 = 0
2026-09-16 15:38:14 [LOG] Request sent, transaction 3613, function 0x03, 12 bytes
2026-09-16 15:38:14 [LOG] Response received, transaction 3613, function 0x03, 4 bytes PDU
2026-09-16 15:38:14 [LOG] Reading 0x2434 = 0
2026-09-16 15:38:14 No connected clients to send
2026-09-16 15:38:34 [LOG] Request sent, transaction 3614, function 0x03, 12 bytes
2026-09-16 15:38:34 [LOG] Response received, transaction 3614, function 0x03, 4 bytes PDU
2026-09-16 15:38:34 [LOG] Reading 0x242c = 0
2026-09-16 15:38:34 [LOG] Request sent, transaction 3615, function 0x03, 12 bytes
2026-09-16 15:38:34 [LOG] Response received, transaction 3615, function 0x03, 4 bytes PDU
2026-09-16 15:38:34 [LOG] Reading 0x242d = 0
2026-09-16 15:38:34 [LOG] Request sent, transaction 3616, function 0x03, 12 bytes
2026-09-16 15:38:34 [LOG] Response received, transaction 3616, function 0x03, 4 bytes PDU
2026-09-16 15:38:34 [LOG] Reading 0x242e = 0
2026-09-16 15:38:34 [LOG] Request sent, transaction 3617, function 0x03, 12 bytes
2026-09-16 15:38:34 [LOG] Response received, transaction 3617, function 0x03, 4 bytes PDU
2026-09-16 15:38:34 [LOG] Reading 0x242f = 0
2026-09-16 15:38:34 [LOG] Request sent, transaction 3618, function 0x03, 12 bytes
2026-09-16 15:38:34 [LOG] Response received, transaction 3618, function 0x03, 4 bytes PDU
2026-09-16 15:38:34 [LOG] Reading 0x2430 = 0
2026-09-16 15:38:34 [LOG] Request sent, transaction 3619, function 0x03, 12 bytes
2026-09-16 15:38:34 [LOG] Response received, transaction 3619, function 0x03, 4 bytes PDU
2026-09-16 15:38:34 [LOG] Reading 0x2431 = 0
2026-09-16 15:38:34 [LOG] Request sent, transaction 3620, function 0x03, 12 bytes
2026-09-16 15:38:34 [LOG] Response received, transaction 3620, function 0x03, 4 bytes PDU
2026-09-16 15:38:34 [LOG] Reading 0x2432 = 0
2026-09-16 15:38:34 [LOG] Request sent, transaction 3621, function 0x03, 12 bytes
2026-09-16 15:38:34 [LOG] Response received, transaction 3621, function 0x03, 4 bytes PDU
2026-09-16 15:38:34 [LOG] Reading 0x2433 = 0
2026-09-16 15:38:34 [LOG] Request sent, transaction 3622, function 0x03, 12 bytes
2026-09-16 15:38:34 [LOG] Response received, transaction 3622, function 0x03, 4 bytes PDU
2026-09-16 15:38:34 [LOG] Reading 0x2434 = 0
2026-09-16 15:38:34 No connected clients to send
2026-09-16 15:38:54 [LOG] Request sent, transaction 3623, function 0x03, 12 bytes
2026-09-16 15:38:54 [LOG] Response received, transaction 3623, function 0x03, 4 bytes PDU
2026-09-16 15:38:54 [LOG] Reading 0x242c = 0
2026-09-16 15:38:54 [LOG] Request sent, transaction 3624, function 0x03, 12 bytes
2026-09-16 15:38:54 [LOG] Response received, transaction 3624, function 0x03, 4 bytes PDU
2026-09-16 15:38:54 [LOG] Reading 0x242d = 0
2026-09-16 15:38:54 [LOG] Request sent, transaction 3625, function 0x03, 12 bytes
2026-09-16 15:38:54 [LOG] Response received, transaction 3625, function 0x03, 4 bytes PDU
2026-09-16 15:38:54 [LOG] Reading 0x242e = 0
2026-09-16 15:38:54 [LOG] Request sent, transaction 3626, function 0x03, 12 bytes
2026-09-16 15:38:54 [LOG] Response received, transaction 3626, function 0x03, 4 bytes PDU
2026-09-16 15:38:54 [LOG] Reading 0x242f = 0
2026-09-16 15:38:54 [LOG] Request sent, transaction 3627, function 0x03, 12 bytes
2026-09-16 15:38:54 [LOG] Response received, transaction 3627, function 0x03, 4 bytes PDU
2026-09-16 15:38:54 [LOG] Reading 0x2430 = 0
2026-09-16 15:38:54 [LOG] Request sent, transaction 3628, function 0x03, 12 bytes
2026-09-16 15:38:54 [LOG] Response received, transaction 3628, function 0x03, 4 bytes PDU
2026-09-16 15:38:54 [LOG] Reading 0x2431 = 0
2026-09-16 15:38:54 [LOG] Request sent, transaction 3629, function 0x03, 12 bytes
2026-09-16 15:38:54 [LOG] Response received, transaction 3629, function 0x03, 4 bytes PDU
2026-09-16 15:38:54 [LOG] Reading 0x2432 = 0
2026-09-16 15:38:54 [LOG] Request sent, transaction 3630, function 0x03, 12 bytes
2026-09-16 15:38:54 [LOG] Response received, transaction 3630, function 0x03, 4 bytes PDU
2026-09-16 15:38:54 [LOG] Reading 0x2433 = 0
2026-09-16 15:38:54 [LOG] Request sent, transaction 3631, function 0x03, 12 bytes
2026-09-16 15:38:54 [LOG] Response received, transaction 3631, function 0x03, 4 bytes PDU
2026-09-16 15:38:54 [LOG] Reading 0x2434 = 0
2026-09-16 15:38:54 No connected clients to send
2026-09-16 15:39:14 [LOG] Request sent, transaction 3632, function 0x03, 12 bytes
2026-09-16 15:39:14 [LOG] Response received, transaction 3632, function 0x03, 4 bytes PDU
2026-09-16 15:39:14 [LOG] Reading 0x242c = 0
2026-09-16 15:39:14 [LOG] Request sent, transaction 3633, function 0x03, 12 bytes
2026-09-16 15:39:14 [LOG] Response received, transaction 3633, function 0x03, 4 bytes PDU
2026-09-16 15:39:14 [LOG] Reading 0x242d = 0
2026-09-16 15:39:14 [LOG] Request sent, transaction 3634, function 0x03, 12 bytes
2026-09-16 15:39:14 [LOG] Response received, transaction 3634, function 0x03, 4 bytes PDU
2026-09-16 15:39:14 [LOG] Reading 0x242e = 0
2026-09-16 15:39:14 [LOG] Request sent, transaction 3635, function 0x03, 12 bytes
2026-09-16 15:39:14 [LOG] Response received, transaction 3635, function 0x03, 4 bytes PDU
2026-09-16 15:39:14 [LOG] Reading 0x242f = 0
2026-09-16 15:39:14 [LOG] Request sent, transaction 3636, function 0x03, 12 bytes
2026-09-16 15:39:14 [LOG] Response received, transaction 3636, function 0x03, 4 bytes PDU
2026-09-16 15:39:14 [LOG] Reading 0x2430 = 0
2026-09-16 15:39:14 [LOG] Request sent, transaction 3637, function 0x03, 12 bytes
2026-09-16 15:39:14 [LOG] Response received, transaction 3637, function 0x03, 4 bytes PDU
2026-09-16 15:39:14 [LOG] Reading 0x2431 = 0
2026-09-16 15:39:15 [LOG] Request sent, transaction 3638, function 0x03, 12 bytes
2026-09-16 15:39:15 [LOG] Response received, transaction 3638, function 0x03, 4 bytes PDU
2026-09-16 15:39:15 [LOG] Reading 0x2432 = 0
2026-09-16 15:39:15 [LOG] Request sent, transaction 3639, function 0x03, 12 bytes
2026-09-16 15:39:15 [LOG] Response received, transaction 3639, function 0x03, 4 bytes PDU
2026-09-16 15:39:15 [LOG] Reading 0x2433 = 0
2026-09-16 15:39:15 [LOG] Request sent, transaction 3640, function 0x03, 12 bytes
2026-09-16 15:39:15 [LOG] Response received, transaction 3640, function 0x03, 4 bytes PDU
2026-09-16 15:39:15 [LOG] Reading 0x2434 = 0
2026-09-16 15:39:15 No connected clients to send
2026-09-16 15:39:35 [LOG] Request sent, transaction 3641, function 0x03, 12 bytes
2026-09-16 15:39:35 [LOG] Response received, transaction 3641, function 0x03, 4 bytes PDU
2026-09-16 15:39:35 [LOG] Reading 0x242c = 0
2026-09-16 15:39:35 [LOG] Request sent, transaction 3642, function 0x03, 12 bytes
2026-09-16 15:39:35 [LOG] Response received, transaction 3642, function 0x03, 4 bytes PDU
2026-09-16 15:39:35 [LOG] Reading 0x242d = 0
2026-09-16 15:39:35 [LOG] Request sent, transaction 3643, function 0x03, 12 bytes
2026-09-16 15:39:35 [LOG] Response received, transaction 3643, function 0x03, 4 bytes PDU
2026-09-16 15:39:35 [LOG] Reading 0x242e = 0
2026-09-16 15:39:35 [LOG] Request sent, transaction 3644, function 0x03, 12 bytes
2026-09-16 15:39:35 [LOG] Response received, transaction 3644, function 0x03, 4 bytes PDU
2026-09-16 15:39:35 [LOG] Reading 0x242f = 0
2026-09-16 15:39:35 [LOG] Request sent, transaction 3645, function 0x03, 12 bytes
2026-09-16 15:39:35 [LOG] Response received, transaction 3645, function 0x03, 4 bytes PDU
2026-09-16 15:39:35 [LOG] Reading 0x2430 = 0
2026-09-16 15:39:35 [LOG] Request sent, transaction 3646, function 0x03, 12 bytes
2026-09-16 15:39:35 [LOG] Response received, transaction 3646, function 0x03, 4 bytes PDU
2026-09-16 15:39:35 [LOG] Reading 0x2431 = 0
2026-09-16 15:39:35 [LOG] Request sent, transaction 3647, function 0x03, 12 bytes
2026-09-16 15:39:35 [LOG] Response received, transaction 3647, function 0x03, 4 bytes PDU
2026-09-16 15:39:35 [LOG] Reading 0x2432 = 0
2026-09-16 15:39:35 [LOG] Request sent, transaction 3648, function 0x03, 12 bytes
2026-09-16 15:39:35 [LOG] Response received, transaction 3648, function 0x03, 4 bytes PDU
2026-09-16 15:39:35 [LOG] Reading 0x2433 = 0
2026-09-16 15:39:35 [LOG] Request sent, transaction 3649, function 0x03, 12 bytes
2026-09-16 15:39:35 [LOG] Response received, transaction 3649, function 0x03, 4 bytes PDU
2026-09-16 15:39:35 [LOG] Reading 0x2434 = 0
2026-09-16 15:39:35 No connected clients to send
2026-09-16 15:39:55 [LOG] Request sent, transaction 3650, function 0x03, 12 bytes
2026-09-16 15:39:55 [LOG] Response received, transaction 3650, function 0x03, 4 bytes PDU
2026-09-16 15:39:55 [LOG] Reading 0x242c = 0
2026-09-16 15:39:55 [LOG] Request sent, transaction 3651, function 0x03, 12 bytes
2026-09-16 15:39:55 [LOG] Response received, transaction 3651, function 0x03, 4 bytes PDU
2026-09-16 15:39:55 [LOG] Reading 0x242d = 0
2026-09-16 15:39:55 [LOG] Request sent, transaction 3652, function 0x03, 12 bytes
2026-09-16 15:39:55 [LOG] Response received, transaction 3652, function 0x03, 4 bytes PDU
2026-09-16 15:39:55 [LOG] Reading 0x242e = 0
2026-09-16 15:39:55 [LOG] Request sent, transaction 3653, function 0x03, 12 bytes
2026-09-16 15:39:55 [LOG] Response received, transaction 3653, function 0x03, 4 bytes PDU
2026-09-16 15:39:55 [LOG] Reading 0x242f = 0
2026-09-16 15:39:55 [LOG] Request sent, transaction 3654, function 0x03, 12 bytes
2026-09-16 15:39:55 [LOG] Response received, transaction 3654, function 0x03, 4 bytes PDU
2026-09-16 15:39:55 [LOG] Reading 0x2430 = 0
2026-09-16 15:39:55 [LOG] Request sent, transaction 3655, function 0x03, 12 bytes
2026-09-16 15:39:55 [LOG] Response received, transaction 3655, function 0x03, 4 bytes PDU
2026-09-16 15:39:55 [LOG] Reading 0x2431 = 0
2026-09-16 15:39:55 [LOG] Request sent, transaction 3656, function 0x03, 12 bytes
2026-09-16 15:39:55 [LOG] Response received, transaction 3656, function 0x03, 4 bytes PDU
2026-09-16 15:39:55 [LOG] Reading 0x2432 = 0
2026-09-16 15:39:55 [LOG] Request sent, transaction 3657, function 0x03, 12 bytes
2026-09-16 15:39:55 [LOG] Response received, transaction 3657, function 0x03, 4 bytes PDU
2026-09-16 15:39:55 [LOG] Reading 0x2433 = 0
2026-09-16 15:39:55 [LOG] Request sent, transaction 3658, function 0x03, 12 bytes
2026-09-16 15:39:55 [LOG] Response received, transaction 3658, function 0x03, 4 bytes PDU
2026-09-16 15:39:55 [LOG] Reading 0x2434 = 0
2026-09-16 15:39:55 No connected clients to send
2026-09-16 15:40:15 [LOG] Request sent, transaction 3659, function 0x03, 12 bytes
2026-09-16 15:40:15 [LOG] Response received, transaction 3659, function 0x03, 4 bytes PDU
2026-09-16 15:40:15 [LOG] Reading 0x242c = 0
2026-09-16 15:40:15 [LOG] Request sent, transaction 3660, function 0x03, 12 bytes
2026-09-16 15:40:15 [LOG] Response received, transaction 3660, function 0x03, 4 bytes PDU
2026-09-16 15:40:15 [LOG] Reading 0x242d = 0
2026-09-16 15:40:15 [LOG] Request sent, transaction 3661, function 0x03, 12 bytes
2026-09-16 15:40:15 [LOG] Response received, transaction 3661, function 0x03, 4 bytes PDU
2026-09-16 15:40:15 [LOG] Reading 0x242e = 0
2026-09-16 15:40:15 [LOG] Request sent, transaction 3662, function 0x03, 12 bytes
2026-09-16 15:40:15 [LOG] Response received, transaction 3662, function 0x03, 4 bytes PDU
2026-09-16 15:40:15 [LOG] Reading 0x242f = 0
2026-09-16 15:40:15 [LOG] Request sent, transaction 3663, function 0x03, 12 bytes
2026-09-16 15:40:15 [LOG] Response received, transaction 3663, function 0x03, 4 bytes PDU
2026-09-16 15:40:15 [LOG] Reading 0x2430 = 0
2026-09-16 15:40:15 [LOG] Request sent, transaction 3664, function 0x03, 12 bytes
2026-09-16 15:40:15 [LOG] Response received, transaction 3664, function 0x03, 4 bytes PDU
2026-09-16 15:40:15 [LOG] Reading 0x2431 = 0
2026-09-16 15:40:15 [LOG] Request sent, transaction 3665, function 0x03, 12 bytes
2026-09-16 15:40:15 [LOG] Response received, transaction 3665, function 0x03, 4 bytes PDU
2026-09-16 15:40:15 [LOG] Reading 0x2432 = 0
2026-09-16 15:40:15 [LOG] Request sent, transaction 3666, function 0x03, 12 bytes
2026-09-16 15:40:15 [LOG] Response received, transaction 3666, function 0x03, 4 bytes PDU
2026-09-16 15:40:15 [LOG] Reading 0x2433 = 0
2026-09-16 15:40:15 [LOG] Request sent, transaction 3667, function 0x03, 12 bytes
2026-09-16 15:40:15 [LOG] Response received, transaction 3667, function 0x03, 4 bytes PDU
2026-09-16 15:40:15 [LOG] Reading 0x2434 = 0
2026-09-16 15:40:15 No connected clients to send
2026-09-16 15:40:35 [LOG] Request sent, transaction 3668, function 0x03, 12 bytes
2026-09-16 15:40:35 [LOG] Response received, transaction 3668, function 0x03, 4 bytes PDU
2026-09-16 15:40:35 [LOG] Reading 0x242c = 0
2026-09-16 15:40:35 [LOG] Request sent, transaction 3669, function 0x03, 12 bytes
2026-09-16 15:40:35 [LOG] Response received, transaction 3669, function 0x03, 4 bytes PDU
2026-09-16 15:40:35 [LOG] Reading 0x242d = 0
2026-09-16 15:40:35 [LOG] Request sent, transaction 3670, function 0x03, 12 bytes
2026-09-16 15:40:35 [LOG] Response received, transaction 3670, function 0x03, 4 bytes PDU
2026-09-16 15:40:35 [LOG] Reading 0x242e = 0
2026-09-16 15:40:35 [LOG] Request sent, transaction 3671, function 0x03, 12 bytes
2026-09-16 15:40:35 [LOG] Response received, transaction 3671, function 0x03, 4 bytes PDU
2026-09-16 15:40:35 [LOG] Reading 0x242f = 0
2026-09-16 15:40:35 [LOG] Request sent, transaction 3672, function 0x03, 12 bytes
2026-09-16 15:40:35 [LOG] Response received, transaction 3672, function 0x03, 4 bytes PDU
2026-09-16 15:40:35 [LOG] Reading 0x2430 = 0
2026-09-16 15:40:35 [LOG] Request sent, transaction 3673, function 0x03, 12 bytes
2026-09-16 15:40:35 [LOG] Response received, transaction 3673, function 0x03, 4 bytes PDU
2026-09-16 15:40:35 [LOG] Reading 0x2431 = 0
2026-09-16 15:40:35 [LOG] Request sent, transaction 3674, function 0x03, 12 bytes
2026-09-16 15:40:35 [LOG] Response received, transaction 3674, function 0x03, 4 bytes PDU
2026-09-16 15:40:35 [LOG] Reading 0x2432 = 0
2026-09-16 15:40:35 [LOG] Request sent, transaction 3675, function 0x03, 12 bytes
2026-09-16 15:40:35 [LOG] Response received, transaction 3675, function 0x03, 4 bytes PDU
2026-09-16 15:40:35 [LOG] Reading 0x2433 = 0
2026-09-16 15:40:35 [LOG] Request sent, transaction 3676, function 0x03, 12 bytes
2026-09-16 15:40:35 [LOG] Response received, transaction 3676, function 0x03, 4 bytes PDU
2026-09-16 15:40:35 [LOG] Reading 0x2434 = 0
2026-09-16 15:40:35 No connected clients to send
2026-09-16 15:40:55 [LOG] Request sent, transaction 3677, function 0x03, 12 bytes
2026-09-16 15:40:55 [LOG] Response received, transaction 3677, function 0x03, 4 bytes PDU
2026-09-16 15:40:55 [LOG] Reading 0x242c = 0
2026-09-16 15:40:55 [LOG] Request sent, transaction 3678, function 0x03, 12 bytes
2026-09-16 15:40:55 [LOG] Response received, transaction 3678, function 0x03, 4 bytes PDU
2026-09-16 15:40:55 [LOG] Reading 0x242d = 0
2026-09-16 15:40:55 [LOG] Request sent, transaction 3679, function 0x03, 12 bytes
2026-09-16 15:40:55 [LOG] Response received, transaction 3679, function 0x03, 4 bytes PDU
2026-09-16 15:40:55 [LOG] Reading 0x242e = 0
2026-09-16 15:40:55 [LOG] Request sent, transaction 3680, function 0x03, 12 bytes
2026-09-16 15:40:55 [LOG] Response received, transaction 3680, function 0x03, 4 bytes PDU
2026-09-16 15:40:55 [LOG] Reading 0x242f = 0
2026-09-16 15:40:55 [LOG] Request sent, transaction 3681, function 0x03, 12 bytes
2026-09-16 15:40:55 [LOG] Response received, transaction 3681, function 0x03, 4 bytes PDU
2026-09-16 15:40:55 [LOG] Reading 0x2430 = 0
2026-09-16 15:40:55 [LOG] Request sent, transaction 3682, function 0x03, 12 bytes
2026-09-16 15:40:55 [LOG] Response received, transaction 3682, function 0x03, 4 bytes PDU
2026-09-16 15:40:55 [LOG] Reading 0x2431 = 0
2026-09-16 15:40:55 [LOG] Request sent, transaction 3683, function 0x03, 12 bytes
2026-09-16 15:40:55 [LOG] Response received, transaction 3683, function 0x03, 4 bytes PDU
2026-09-16 15:40:55 [LOG] Reading 0x2432 = 0
2026-09-16 15:40:55 [LOG] Request sent, transaction 3684, function 0x03, 12 bytes
2026-09-16 15:40:55 [LOG] Response received, transaction 3684, function 0x03, 4 bytes PDU
2026-09-16 15:40:55 [LOG] Reading 0x2433 = 0
2026-09-16 15:40:55 [LOG] Request sent, transaction 3685, function 0x03, 12 bytes
2026-09-16 15:40:55 [LOG] Response received, transaction 3685, function 0x03, 4 bytes PDU
2026-09-16 15:40:55 [LOG] Reading 0x2434 = 0
2026-09-16 15:40:55 No connected clients to send
2026-09-16 15:41:15 [LOG] Request sent, transaction 3686, function 0x03, 12 bytes
2026-09-16 15:41:15 [LOG] Response received, transaction 3686, function 0x03, 4 bytes PDU
2026-09-16 15:41:15 [LOG] Reading 0x242c = 0
2026-09-16 15:41:15 [LOG] Request sent, transaction 3687, function 0x03, 12 bytes
2026-09-16 15:41:15 [LOG] Response received, transaction 3687, function 0x03, 4 bytes PDU
2026-09-16 15:41:15 [LOG] Reading 0x242d = 0
2026-09-16 15:41:15 [LOG] Request sent, transaction 3688, function 0x03, 12 bytes
2026-09-16 15:41:15 [LOG] Response received, transaction 3688, function 0x03, 4 bytes PDU
2026-09-16 15:41:15 [LOG] Reading 0x242e = 0
2026-09-16 15:41:15 [LOG] Request sent, transaction 3689, function 0x03, 12 bytes
2026-09-16 15:41:15 [LOG] Response received, transaction 3689, function 0x03, 4 bytes PDU
2026-09-16 15:41:15 [LOG] Reading 0x242f = 0
2026-09-16 15:41:15 [LOG] Request sent, transaction 3690, function 0x03, 12 bytes
2026-09-16 15:41:15 [LOG] Response received, transaction 3690, function 0x03, 4 bytes PDU
2026-09-16 15:41:15 [LOG] Reading 0x2430 = 0
2026-09-16 15:41:15 [LOG] Request sent, transaction 3691, function 0x03, 12 bytes
2026-09-16 15:41:15 [LOG] Response received, transaction 3691, function 0x03, 4 bytes PDU
2026-09-16 15:41:15 [LOG] Reading 0x2431 = 0
2026-09-16 15:41:15 [LOG] Request sent, transaction 3692, function 0x03, 12 bytes
2026-09-16 15:41:15 [LOG] Response received, transaction 3692, function 0x03, 4 bytes PDU
2026-09-16 15:41:15 [LOG] Reading 0x2432 = 0
2026-09-16 15:41:15 [LOG] Request sent, transaction 3693, function 0x03, 12 bytes
2026-09-16 15:41:15 [LOG] Response received, transaction 3693, function 0x03, 4 bytes PDU
2026-09-16 15:41:15 [LOG] Reading 0x2433 = 0
2026-09-16 15:41:15 [LOG] Request sent, transaction 3694, function 0x03, 12 bytes
2026-09-16 15:41:15 [LOG] Response received, transaction 3694, function 0x03, 4 bytes PDU
2026-09-16 15:41:15 [LOG] Reading 0x2434 = 0
2026-09-16 15:41:15 No connected clients to send
2026-09-16 15:41:35 [LOG] Request sent, transaction 3695, function 0x03, 12 bytes
2026-09-16 15:41:35 [LOG] Response received, transaction 3695, function 0x03, 4 bytes PDU
2026-09-16 15:41:35 [LOG] Reading 0x242c = 0
2026-09-16 15:41:35 [LOG] Request sent, transaction 3696, function 0x03, 12 bytes
2026-09-16 15:41:35 [LOG] Response received, transaction 3696, function 0x03, 4 bytes PDU
2026-09-16 15:41:35 [LOG] Reading 0x242d = 0
2026-09-16 15:41:35 [LOG] Request sent, transaction 3697, function 0x03, 12 bytes
2026-09-16 15:41:35 [LOG] Response received, transaction 3697, function 0x03, 4 bytes PDU
2026-09-16 15:41:35 [LOG] Reading 0x242e = 0
2026-09-16 15:41:35 [LOG] Request sent, transaction 3698, function 0x03, 12 bytes
2026-09-16 15:41:35 [LOG] Response received, transaction 3698, function 0x03, 4 bytes PDU
2026-09-16 15:41:35 [LOG] Reading 0x242f = 0
2026-09-16 15:41:35 [LOG] Request sent, transaction 3699, function 0x03, 12 bytes
2026-09-16 15:41:35 [LOG] Response received, transaction 3699, function 0x03, 4 bytes PDU
2026-09-16 15:41:35 [LOG] Reading 0x2430 = 0
2026-09-16 15:41:35 [LOG] Request sent, transaction 3700, function 0x03, 12 bytes
2026-09-16 15:41:35 [LOG] Response received, transaction 3700, function 0x03, 4 bytes PDU
2026-09-16 15:41:35 [LOG] Reading 0x2431 = 0
2026-09-16 15:41:35 [LOG] Request sent, transaction 3701, function 0x03, 12 bytes
2026-09-16 15:41:35 [LOG] Response received, transaction 3701, function 0x03, 4 bytes PDU
2026-09-16 15:41:35 [LOG] Reading 0x2432 = 0
2026-09-16 15:41:35 [LOG] Request sent, transaction 3702, function 0x03, 12 bytes
2026-09-16 15:41:35 [LOG] Response received, transaction 3702, function 0x03, 4 bytes PDU
2026-09-16 15:41:35 [LOG] Reading 0x2433 = 0
2026-09-16 15:41:35 [LOG] Request sent, transaction 3703, function 0x03, 12 bytes
2026-09-16 15:41:35 [LOG] Response received, transaction 3703, function 0x03, 4 bytes PDU
2026-09-16 15:41:35 [LOG] Reading 0x2434 = 0
2026-09-16 15:41:35 No connected clients to send
2026-09-16 15:41:55 [LOG] Request sent, transaction 3704, function 0x03, 12 bytes
2026-09-16 15:41:55 [LOG] Response received, transaction 3704, function 0x03, 4 bytes PDU
2026-09-16 15:41:55 [LOG] Reading 0x242c = 0
2026-09-16 15:41:55 [LOG] Request sent, transaction 3705, function 0x03, 12 bytes
2026-09-16 15:41:55 [LOG] Response received, transaction 3705, function 0x03, 4 bytes PDU
2026-09-16 15:41:55 [LOG] Reading 0x242d = 0
2026-09-16 15:41:55 [LOG] Request sent, transaction 3706, function 0x03, 12 bytes
2026-09-16 15:41:55 [LOG] Response received, transaction 3706, function 0x03, 4 bytes PDU
2026-09-16 15:41:55 [LOG] Reading 0x242e = 0
2026-09-16 15:41:55 [LOG] Request sent, transaction 3707, function 0x03, 12 bytes
2026-09-16 15:41:55 [LOG] Response received, transaction 3707, function 0x03, 4 bytes PDU
2026-09-16 15:41:55 [LOG] Reading 0x242f = 0
2026-09-16 15:41:55 [LOG] Request sent, transaction 3708, function 0x03, 12 bytes
2026-09-16 15:41:55 [LOG] Response received, transaction 3708, function 0x03, 4 bytes PDU
2026-09-16 15:41:55 [LOG] Reading 0x2430 = 0
2026-09-16 15:41:55 [LOG] Request sent, transaction 3709, function 0x03, 12 bytes
2026-09-16 15:41:55 [LOG] Response received, transaction 3709, function 0x03, 4 bytes PDU
2026-09-16 15:41:55 [LOG] Reading 0x2431 = 0
2026-09-16 15:41:55 [LOG] Request sent, transaction 3710, function 0x03, 12 bytes
2026-09-16 15:41:55 [LOG] Response received, transaction 3710, function 0x03, 4 bytes PDU
2026-09-16 15:41:55 [LOG] Reading 0x2432 = 0
2026-09-16 15:41:55 [LOG] Request sent, transaction 3711, function 0x03, 12 bytes
2026-09-16 15:41:55 [LOG] Response received, transaction 3711, function 0x03, 4 bytes PDU
2026-09-16 15:41:55 [LOG] Reading 0x2433 = 0
2026-09-16 15:41:55 [LOG] Request sent, transaction 3712, function 0x03, 12 bytes
2026-09-16 15:41:55 [LOG] Response received, transaction 3712, function 0x03, 4 bytes PDU
2026-09-16 15:41:55 [LOG] Reading 0x2434 = 0
2026-09-16 15:41:55 No connected clients to send
2026-09-16 15:42:15 [LOG] Request sent, transaction 3713, function 0x03, 12 bytes
2026-09-16 15:42:15 [LOG] Response received, transaction 3713, function 0x03, 4 bytes PDU
2026-09-16 15:42:15 [LOG] Reading 0x242c = 0
2026-09-16 15:42:15 [LOG] Request sent, transaction 3714, function 0x03, 12 bytes
2026-09-16 15:42:15 [LOG] Response received, transaction 3714, function 0x03, 4 bytes PDU
2026-09-16 15:42:15 [LOG] Reading 0x242d = 0
2026-09-16 15:42:15 [LOG] Request sent, transaction 3715, function 0x03, 12 bytes
2026-09-16 15:42:15 [LOG] Response received, transaction 3715, function 0x03, 4 bytes PDU
2026-09-16 15:42:15 [LOG] Reading 0x242e = 0
2026-09-16 15:42:15 [LOG] Request sent, transaction 3716, function 0x03, 12 bytes
2026-09-16 15:42:15 [LOG] Response received, transaction 3716, function 0x03, 4 bytes PDU
2026-09-16 15:42:15 [LOG] Reading 0x242f = 0
2026-09-16 15:42:15 [LOG] Request sent, transaction 3717, function 0x03, 12 bytes
2026-09-16 15:42:15 [LOG] Response received, transaction 3717, function 0x03, 4 bytes PDU
2026-09-16 15:42:15 [LOG] Reading 0x2430 = 0
2026-09-16 15:42:15 [LOG] Request sent, transaction 3718, function 0x03, 12 bytes
2026-09-16 15:42:15 [LOG] Response received, transaction 3718, function 0x03, 4 bytes PDU
2026-09-16 15:42:15 [LOG] Reading 0x2431 = 0
2026-09-16 15:42:15 [LOG] Request sent, transaction 3719, function 0x03, 12 bytes
2026-09-16 15:42:15 [LOG] Response received, transaction 3719, function 0x03, 4 bytes PDU
2026-09-16 15:42:15 [LOG] Reading 0x2432 = 0
2026-09-16 15:42:15 [LOG] Request sent, transaction 3720, function 0x03, 12 bytes
2026-09-16 15:42:15 [LOG] Response received, transaction 3720, function 0x03, 4 bytes PDU
2026-09-16 15:42:15 [LOG] Reading 0x2433 = 0
2026-09-16 15:42:15 [LOG] Request sent, transaction 3721, function 0x03, 12 bytes
2026-09-16 15:42:15 [LOG] Response received, transaction 3721, function 0x03, 4 bytes PDU
2026-09-16 15:42:15 [LOG] Reading 0x2434 = 0
2026-09-16 15:42:15 No connected clients to send
2026-09-16 15:42:35 [LOG] Request sent, transaction 3722, function 0x03, 12 bytes
2026-09-16 15:42:35 [LOG] Response received, transaction 3722, function 0x03, 4 bytes PDU
2026-09-16 15:42:35 [LOG] Reading 0x242c = 0
2026-09-16 15:42:35 [LOG] Request sent, transaction 3723, function 0x03, 12 bytes
2026-09-16 15:42:35 [LOG] Response received, transaction 3723, function 0x03, 4 bytes PDU
2026-09-16 15:42:35 [LOG] Reading 0x242d = 0
2026-09-16 15:42:35 [LOG] Request sent, transaction 3724, function 0x03, 12 bytes
2026-09-16 15:42:35 [LOG] Response received, transaction 3724, function 0x03, 4 bytes PDU
2026-09-16 15:42:35 [LOG] Reading 0x242e = 0
2026-09-16 15:42:35 [LOG] Request sent, transaction 3725, function 0x03, 12 bytes
2026-09-16 15:42:35 [LOG] Response received, transaction 3725, function 0x03, 4 bytes PDU
2026-09-16 15:42:35 [LOG] Reading 0x242f = 0
2026-09-16 15:42:35 [LOG] Request sent, transaction 3726, function 0x03, 12 bytes
2026-09-16 15:42:35 [LOG] Response received, transaction 3726, function 0x03, 4 bytes PDU
2026-09-16 15:42:35 [LOG] Reading 0x2430 = 0
2026-09-16 15:42:35 [LOG] Request sent, transaction 3727, function 0x03, 12 bytes
2026-09-16 15:42:35 [LOG] Response received, transaction 3727, function 0x03, 4 bytes PDU
2026-09-16 15:42:35 [LOG] Reading 0x2431 = 0
2026-09-16 15:42:35 [LOG] Request sent, transaction 3728, function 0x03, 12 bytes
2026-09-16 15:42:35 [LOG] Response received, transaction 3728, function 0x03, 4 bytes PDU
2026-09-16 15:42:35 [LOG] Reading 0x2432 = 0
2026-09-16 15:42:35 [LOG] Request sent, transaction 3729, function 0x03, 12 bytes
2026-09-16 15:42:35 [LOG] Response received, transaction 3729, function 0x03, 4 bytes PDU
2026-09-16 15:42:35 [LOG] Reading 0x2433 = 0
2026-09-16 15:42:35 [LOG] Request sent, transaction 3730, function 0x03, 12 bytes
2026-09-16 15:42:35 [LOG] Response received, transaction 3730, function 0x03, 4 bytes PDU
2026-09-16 15:42:35 [LOG] Reading 0x2434 = 0
2026-09-16 15:42:35 No connected clients to send
2026-09-16 15:42:55 [LOG] Request sent, transaction 3731, function 0x03, 12 bytes
2026-09-16 15:42:55 [LOG] Response received, transaction 3731, function 0x03, 4 bytes PDU
2026-09-16 15:42:55 [LOG] Reading 0x242c = 1
2026-09-16 15:42:55 [LOG] Request sent, transaction 3732, function 0x03, 12 bytes
2026-09-16 15:42:55 [LOG] Response received, transaction 3732, function 0x03, 4 bytes PDU
2026-09-16 15:42:55 [LOG] Reading 0x242d = 0
2026-09-16 15:42:55 [LOG] Request sent, transaction 3733, function 0x03, 12 bytes
2026-09-16 15:42:55 [LOG] Response received, transaction 3733, function 0x03, 4 bytes PDU
2026-09-16 15:42:55 [LOG] Reading 0x242e = 0
2026-09-16 15:42:55 [LOG] Request sent, transaction 3734, function 0x03, 12 bytes
2026-09-16 15:42:55 [LOG] Response received, transaction 3734, function 0x03, 4 bytes PDU
2026-09-16 15:42:55 [LOG] Reading 0x242f = 0
2026-09-16 15:42:55 [LOG] Request sent, transaction 3735, function 0x03, 12 bytes
2026-09-16 15:42:55 [LOG] Response received, transaction 3735, function 0x03, 4 bytes PDU
2026-09-16 15:42:55 [LOG] Reading 0x2430 = 0
2026-09-16 15:42:55 [LOG] Request sent, transaction 3736, function 0x03, 12 bytes
2026-09-16 15:42:55 [LOG] Response received, transaction 3736, function 0x03, 4 bytes PDU
2026-09-16 15:42:55 [LOG] Reading 0x2431 = 0
2026-09-16 15:42:55 [LOG] Request sent, transaction 3737, function 0x03, 12 bytes
2026-09-16 15:42:55 [LOG] Response received, transaction 3737, function 0x03, 4 bytes PDU
2026-09-16 15:42:55 [LOG] Reading 0x2432 = 0
2026-09-16 15:42:55 [LOG] Request sent, transaction 3738, function 0x03, 12 bytes
2026-09-16 15:42:55 [LOG] Response received, transaction 3738, function 0x03, 4 bytes PDU
2026-09-16 15:42:55 [LOG] Reading 0x2433 = 0
2026-09-16 15:42:55 [LOG] Request sent, transaction 3739, function 0x03, 12 bytes
2026-09-16 15:42:55 [LOG] Response received, transaction 3739, function 0x03, 4 bytes PDU
2026-09-16 15:42:55 [LOG] Reading 0x2434 = 0
2026-09-16 15:42:55 No connected clients to send
2026-09-16 15:43:15 [LOG] Request sent, transaction 3740, function 0x03, 12 bytes
2026-09-16 15:43:15 [LOG] Response received, transaction 3740, function 0x03, 4 bytes PDU
2026-09-16 15:43:15 [LOG] Reading 0x242c = 1
2026-09-16 15:43:15 [LOG] Request sent, transaction 3741, function 0x03, 12 bytes
2026-09-16 15:43:15 [LOG] Response received, transaction 3741, function 0x03, 4 bytes PDU
2026-09-16 15:43:15 [LOG] Reading 0x242d = 0
2026-09-16 15:43:15 [LOG] Request sent, transaction 3742, function 0x03, 12 bytes
2026-09-16 15:43:15 [LOG] Response received, transaction 3742, function 0x03, 4 bytes PDU
2026-09-16 15:43:15 [LOG] Reading 0x242e = 0
2026-09-16 15:43:15 [LOG] Request sent, transaction 3743, function 0x03, 12 bytes
2026-09-16 15:43:15 [LOG] Response received, transaction 3743, function 0x03, 4 bytes PDU
2026-09-16 15:43:15 [LOG] Reading 0x242f = 0
2026-09-16 15:43:15 [LOG] Request sent, transaction 3744, function 0x03, 12 bytes
2026-09-16 15:43:15 [LOG] Response received, transaction 3744, function 0x03, 4 bytes PDU
2026-09-16 15:43:15 [LOG] Reading 0x2430 = 0
2026-09-16 15:43:15 [LOG] Request sent, transaction 3745, function 0x03, 12 bytes
2026-09-16 15:43:15 [LOG] Response received, transaction 3745, function 0x03, 4 bytes PDU
2026-09-16 15:43:15 [LOG] Reading 0x2431 = 0
2026-09-16 15:43:15 [LOG] Request sent, transaction 3746, function 0x03, 12 bytes
2026-09-16 15:43:15 [LOG] Response received, transaction 3746, function 0x03, 4 bytes PDU
2026-09-16 15:43:15 [LOG] Reading 0x2432 = 0
2026-09-16 15:43:15 [LOG] Request sent, transaction 3747, function 0x03, 12 bytes
2026-09-16 15:43:15 [LOG] Response received, transaction 3747, function 0x03, 4 bytes PDU
2026-09-16 15:43:15 [LOG] Reading 0x2433 = 0
2026-09-16 15:43:15 [LOG] Request sent, transaction 3748, function 0x03, 12 bytes
2026-09-16 15:43:15 [LOG] Response received, transaction 3748, function 0x03, 4 bytes PDU
2026-09-16 15:43:15 [LOG] Reading 0x2434 = 0
2026-09-16 15:43:15 No connected clients to send
2026-09-16 15:43:35 [LOG] Request sent, transaction 3749, function 0x03, 12 bytes
2026-09-16 15:43:35 [LOG] Response received, transaction 3749, function 0x03, 4 bytes PDU
2026-09-16 15:43:35 [LOG] Reading 0x242c = 1
2026-09-16 15:43:35 [LOG] Request sent, transaction 3750, function 0x03, 12 bytes
2026-09-16 15:43:35 [LOG] Response received, transaction 3750, function 0x03, 4 bytes PDU
2026-09-16 15:43:35 [LOG] Reading 0x242d = 0
2026-09-16 15:43:35 [LOG] Request sent, transaction 3751, function 0x03, 12 bytes
2026-09-16 15:43:35 [LOG] Response received, transaction 3751, function 0x03, 4 bytes PDU
2026-09-16 15:43:35 [LOG] Reading 0x242e = 0
2026-09-16 15:43:35 [LOG] Request sent, transaction 3752, function 0x03, 12 bytes
2026-09-16 15:43:35 [LOG] Response received, transaction 3752, function 0x03, 4 bytes PDU
2026-09-16 15:43:35 [LOG] Reading 0x242f = 0
2026-09-16 15:43:35 [LOG] Request sent, transaction 3753, function 0x03, 12 bytes
2026-09-16 15:43:35 [LOG] Response received, transaction 3753, function 0x03, 4 bytes PDU
2026-09-16 15:43:35 [LOG] Reading 0x2430 = 0
2026-09-16 15:43:35 [LOG] Request sent, transaction 3754, function 0x03, 12 bytes
2026-09-16 15:43:35 [LOG] Response received, transaction 3754, function 0x03, 4 bytes PDU
2026-09-16 15:43:35 [LOG] Reading 0x2431 = 0
2026-09-16 15:43:35 [LOG] Request sent, transaction 3755, function 0x03, 12 bytes
2026-09-16 15:43:35 [LOG] Response received, transaction 3755, function 0x03, 4 bytes PDU
2026-09-16 15:43:35 [LOG] Reading 0x2432 = 0
2026-09-16 15:43:35 [LOG] Request sent, transaction 3756, function 0x03, 12 bytes
2026-09-16 15:43:35 [LOG] Response received, transaction 3756, function 0x03, 4 bytes PDU
2026-09-16 15:43:35 [LOG] Reading 0x2433 = 0
2026-09-16 15:43:35 [LOG] Request sent, transaction 3757, function 0x03, 12 bytes
2026-09-16 15:43:35 [LOG] Response received, transaction 3757, function 0x03, 4 bytes PDU
2026-09-16 15:43:35 [LOG] Reading 0x2434 = 0
2026-09-16 15:43:35 No connected clients to send
2026-09-16 15:43:55 [LOG] Request sent, transaction 3758, function 0x03, 12 bytes
2026-09-16 15:43:55 [LOG] Response received, transaction 3758, function 0x03, 4 bytes PDU
2026-09-16 15:43:55 [LOG] Reading 0x242c = 1
2026-09-16 15:43:55 [LOG] Request sent, transaction 3759, function 0x03, 12 bytes
2026-09-16 15:43:55 [LOG] Response received, transaction 3759, function 0x03, 4 bytes PDU
2026-09-16 15:43:55 [LOG] Reading 0x242d = 0
2026-09-16 15:43:55 [LOG] Request sent, transaction 3760, function 0x03, 12 bytes
2026-09-16 15:43:55 [LOG] Response received, transaction 3760, function 0x03, 4 bytes PDU
2026-09-16 15:43:55 [LOG] Reading 0x242e = 0
2026-09-16 15:43:55 [LOG] Request sent, transaction 3761, function 0x03, 12 bytes
2026-09-16 15:43:55 [LOG] Response received, transaction 3761, function 0x03, 4 bytes PDU
2026-09-16 15:43:55 [LOG] Reading 0x242f = 0
2026-09-16 15:43:55 [LOG] Request sent, transaction 3762, function 0x03, 12 bytes
2026-09-16 15:43:55 [LOG] Response received, transaction 3762, function 0x03, 4 bytes PDU
2026-09-16 15:43:55 [LOG] Reading 0x2430 = 0
2026-09-16 15:43:55 [LOG] Request sent, transaction 3763, function 0x03, 12 bytes
2026-09-16 15:43:55 [LOG] Response received, transaction 3763, function 0x03, 4 bytes PDU
2026-09-16 15:43:55 [LOG] Reading 0x2431 = 0
2026-09-16 15:43:55 [LOG] Request sent, transaction 3764, function 0x03, 12 bytes
2026-09-16 15:43:55 [LOG] Response received, transaction 3764, function 0x03, 4 bytes PDU
2026-09-16 15:43:55 [LOG] Reading 0x2432 = 0
2026-09-16 15:43:55 [LOG] Request sent, transaction 3765, function 0x03, 12 bytes
2026-09-16 15:43:55 [LOG] Response received, transaction 3765, function 0x03, 4 bytes PDU
2026-09-16 15:43:55 [LOG] Reading 0x2433 = 0
2026-09-16 15:43:55 [LOG] Request sent, transaction 3766, function 0x03, 12 bytes
2026-09-16 15:43:55 [LOG] Response received, transaction 3766, function 0x03, 4 bytes PDU
2026-09-16 15:43:55 [LOG] Reading 0x2434 = 0
2026-09-16 15:43:55 No connected clients to send
2026-09-16 15:44:15 [LOG] Request sent, transaction 3767, function 0x03, 12 bytes
2026-09-16 15:44:15 [LOG] Response received, transaction 3767, function 0x03, 4 bytes PDU
2026-09-16 15:44:15 [LOG] Reading 0x242c = 1
2026-09-16 15:44:15 [LOG] Request sent, transaction 3768, function 0x03, 12 bytes
2026-09-16 15:44:15 [LOG] Response received, transaction 3768, function 0x03, 4 bytes PDU
2026-09-16 15:44:15 [LOG] Reading 0x242d = 0
2026-09-16 15:44:15 [LOG] Request sent, transaction 3769, function 0x03, 12 bytes
2026-09-16 15:44:15 [LOG] Response received, transaction 3769, function 0x03, 4 bytes PDU
2026-09-16 15:44:15 [LOG] Reading 0x242e = 0
2026-09-16 15:44:15 [LOG] Request sent, transaction 3770, function 0x03, 12 bytes
2026-09-16 15:44:15 [LOG] Response received, transaction 3770, function 0x03, 4 bytes PDU
2026-09-16 15:44:15 [LOG] Reading 0x242f = 0
2026-09-16 15:44:15 [LOG] Request sent, transaction 3771, function 0x03, 12 bytes
2026-09-16 15:44:15 [LOG] Response received, transaction 3771, function 0x03, 4 bytes PDU
2026-09-16 15:44:15 [LOG] Reading 0x2430 = 0
2026-09-16 15:44:15 [LOG] Request sent, transaction 3772, function 0x03, 12 bytes
2026-09-16 15:44:15 [LOG] Response received, transaction 3772, function 0x03, 4 bytes PDU
2026-09-16 15:44:15 [LOG] Reading 0x2431 = 0
2026-09-16 15:44:15 [LOG] Request sent, transaction 3773, function 0x03, 12 bytes
2026-09-16 15:44:15 [LOG] Response received, transaction 3773, function 0x03, 4 bytes PDU
2026-09-16 15:44:15 [LOG] Reading 0x2432 = 0
2026-09-16 15:44:15 [LOG] Request sent, transaction 3774, function 0x03, 12 bytes
2026-09-16 15:44:15 [LOG] Response received, transaction 3774, function 0x03, 4 bytes PDU
2026-09-16 15:44:15 [LOG] Reading 0x2433 = 0
2026-09-16 15:44:15 [LOG] Request sent, transaction 3775, function 0x03, 12 bytes
2026-09-16 15:44:15 [LOG] Response received, transaction 3775, function 0x03, 4 bytes PDU
2026-09-16 15:44:15 [LOG] Reading 0x2434 = 0
2026-09-16 15:44:15 No connected clients to send
2026-09-16 15:44:35 [LOG] Request sent, transaction 3776, function 0x03, 12 bytes
2026-09-16 15:44:35 [LOG] Response received, transaction 3776, function 0x03, 4 bytes PDU
2026-09-16 15:44:35 [LOG] Reading 0x242c = 1
2026-09-16 15:44:35 [LOG] Request sent, transaction 3777, function 0x03, 12 bytes
2026-09-16 15:44:35 [LOG] Response received, transaction 3777, function 0x03, 4 bytes PDU
2026-09-16 15:44:35 [LOG] Reading 0x242d = 0
2026-09-16 15:44:35 [LOG] Request sent, transaction 3778, function 0x03, 12 bytes
2026-09-16 15:44:35 [LOG] Response received, transaction 3778, function 0x03, 4 bytes PDU
2026-09-16 15:44:35 [LOG] Reading 0x242e = 0
2026-09-16 15:44:35 [LOG] Request sent, transaction 3779, function 0x03, 12 bytes
2026-09-16 15:44:35 [LOG] Response received, transaction 3779, function 0x03, 4 bytes PDU
2026-09-16 15:44:35 [LOG] Reading 0x242f = 0
2026-09-16 15:44:35 [LOG] Request sent, transaction 3780, function 0x03, 12 bytes
2026-09-16 15:44:35 [LOG] Response received, transaction 3780, function 0x03, 4 bytes PDU
2026-09-16 15:44:35 [LOG] Reading 0x2430 = 0
2026-09-16 15:44:35 [LOG] Request sent, transaction 3781, function 0x03, 12 bytes
2026-09-16 15:44:35 [LOG] Response received, transaction 3781, function 0x03, 4 bytes PDU
2026-09-16 15:44:35 [LOG] Reading 0x2431 = 0
2026-09-16 15:44:35 [LOG] Request sent, transaction 3782, function 0x03, 12 bytes
2026-09-16 15:44:35 [LOG] Response received, transaction 3782, function 0x03, 4 bytes PDU
2026-09-16 15:44:35 [LOG] Reading 0x2432 = 0
2026-09-16 15:44:35 [LOG] Request sent, transaction 3783, function 0x03, 12 bytes
2026-09-16 15:44:35 [LOG] Response received, transaction 3783, function 0x03, 4 bytes PDU
2026-09-16 15:44:35 [LOG] Reading 0x2433 = 0
2026-09-16 15:44:35 [LOG] Request sent, transaction 3784, function 0x03, 12 bytes
2026-09-16 15:44:35 [LOG] Response received, transaction 3784, function 0x03, 4 bytes PDU
2026-09-16 15:44:35 [LOG] Reading 0x2434 = 0
2026-09-16 15:44:35 No connected clients to send
2026-09-16 15:44:55 [LOG] Request sent, transaction 3785, function 0x03, 12 bytes
2026-09-16 15:44:55 [LOG] Response received, transaction 3785, function 0x03, 4 bytes PDU
2026-09-16 15:44:55 [LOG] Reading 0x242c = 1
2026-09-16 15:44:55 [LOG] Request sent, transaction 3786, function 0x03, 12 bytes
2026-09-16 15:44:55 [LOG] Response received, transaction 3786, function 0x03, 4 bytes PDU
2026-09-16 15:44:55 [LOG] Reading 0x242d = 0
2026-09-16 15:44:55 [LOG] Request sent, transaction 3787, function 0x03, 12 bytes
2026-09-16 15:44:55 [LOG] Response received, transaction 3787, function 0x03, 4 bytes PDU
2026-09-16 15:44:55 [LOG] Reading 0x242e = 0
2026-09-16 15:44:55 [LOG] Request sent, transaction 3788, function 0x03, 12 bytes
2026-09-16 15:44:55 [LOG] Response received, transaction 3788, function 0x03, 4 bytes PDU
2026-09-16 15:44:55 [LOG] Reading 0x242f = 0
2026-09-16 15:44:55 [LOG] Request sent, transaction 3789, function 0x03, 12 bytes
2026-09-16 15:44:55 [LOG] Response received, transaction 3789, function 0x03, 4 bytes PDU
2026-09-16 15:44:55 [LOG] Reading 0x2430 = 0
2026-09-16 15:44:55 [LOG] Request sent, transaction 3790, function 0x03, 12 bytes
2026-09-16 15:44:55 [LOG] Response received, transaction 3790, function 0x03, 4 bytes PDU
2026-09-16 15:44:55 [LOG] Reading 0x2431 = 0
2026-09-16 15:44:55 [LOG] Request sent, transaction 3791, function 0x03, 12 bytes
2026-09-16 15:44:55 [LOG] Response received, transaction 3791, function 0x03, 4 bytes PDU
2026-09-16 15:44:55 [LOG] Reading 0x2432 = 0
2026-09-16 15:44:55 [LOG] Request sent, transaction 3792, function 0x03, 12 bytes
2026-09-16 15:44:55 [LOG] Response received, transaction 3792, function 0x03, 4 bytes PDU
2026-09-16 15:44:55 [LOG] Reading 0x2433 = 0
2026-09-16 15:44:55 [LOG] Request sent, transaction 3793, function 0x03, 12 bytes
2026-09-16 15:44:55 [LOG] Response received, transaction 3793, function 0x03, 4 bytes PDU
2026-09-16 15:44:55 [LOG] Reading 0x2434 = 0
2026-09-16 15:44:55 No connected clients to send
2026-09-16 15:45:15 [LOG] Request sent, transaction 3794, function 0x03, 12 bytes
2026-09-16 15:45:15 [LOG] Response received, transaction 3794, function 0x03, 4 bytes PDU
2026-09-16 15:45:15 [LOG] Reading 0x242c = 1
2026-09-16 15:45:15 [LOG] Request sent, transaction 3795, function 0x03, 12 bytes
2026-09-16 15:45:15 [LOG] Response received, transaction 3795, function 0x03, 4 bytes PDU
2026-09-16 15:45:15 [LOG] Reading 0x242d = 0
2026-09-16 15:45:15 [LOG] Request sent, transaction 3796, function 0x03, 12 bytes
2026-09-16 15:45:15 [LOG] Response received, transaction 3796, function 0x03, 4 bytes PDU
2026-09-16 15:45:15 [LOG] Reading 0x242e = 0
2026-09-16 15:45:15 [LOG] Request sent, transaction 3797, function 0x03, 12 bytes
2026-09-16 15:45:15 [LOG] Response received, transaction 3797, function 0x03, 4 bytes PDU
2026-09-16 15:45:15 [LOG] Reading 0x242f = 0
2026-09-16 15:45:15 [LOG] Request sent, transaction 3798, function 0x03, 12 bytes
2026-09-16 15:45:15 [LOG] Response received, transaction 3798, function 0x03, 4 bytes PDU
2026-09-16 15:45:15 [LOG] Reading 0x2430 = 0
2026-09-16 15:45:15 [LOG] Request sent, transaction 3799, function 0x03, 12 bytes
2026-09-16 15:45:15 [LOG] Response received, transaction 3799, function 0x03, 4 bytes PDU
2026-09-16 15:45:15 [LOG] Reading 0x2431 = 0
2026-09-16 15:45:15 [LOG] Request sent, transaction 3800, function 0x03, 12 bytes
2026-09-16 15:45:15 [LOG] Response received, transaction 3800, function 0x03, 4 bytes PDU
2026-09-16 15:45:15 [LOG] Reading 0x2432 = 0
2026-09-16 15:45:15 [LOG] Request sent, transaction 3801, function 0x03, 12 bytes
2026-09-16 15:45:15 [LOG] Response received, transaction 3801, function 0x03, 4 bytes PDU
2026-09-16 15:45:15 [LOG] Reading 0x2433 = 0
2026-09-16 15:45:15 [LOG] Request sent, transaction 3802, function 0x03, 12 bytes
2026-09-16 15:45:15 [LOG] Response received, transaction 3802, function 0x03, 4 bytes PDU
2026-09-16 15:45:15 [LOG] Reading 0x2434 = 0
2026-09-16 15:45:15 No connected clients to send
2026-09-16 15:45:35 [LOG] Request sent, transaction 3803, function 0x03, 12 bytes
2026-09-16 15:45:35 [LOG] Response received, transaction 3803, function 0x03, 4 bytes PDU
2026-09-16 15:45:35 [LOG] Reading 0x242c = 1
2026-09-16 15:45:35 [LOG] Request sent, transaction 3804, function 0x03, 12 bytes
2026-09-16 15:45:35 [LOG] Response received, transaction 3804, function 0x03, 4 bytes PDU
2026-09-16 15:45:35 [LOG] Reading 0x242d = 0
2026-09-16 15:45:35 [LOG] Request sent, transaction 3805, function 0x03, 12 bytes
2026-09-16 15:45:35 [LOG] Response received, transaction 3805, function 0x03, 4 bytes PDU
2026-09-16 15:45:35 [LOG] Reading 0x242e = 0
2026-09-16 15:45:35 [LOG] Request sent, transaction 3806, function 0x03, 12 bytes
2026-09-16 15:45:35 [LOG] Response received, transaction 3806, function 0x03, 4 bytes PDU
2026-09-16 15:45:35 [LOG] Reading 0x242f = 0
2026-09-16 15:45:35 [LOG] Request sent, transaction 3807, function 0x03, 12 bytes
2026-09-16 15:45:35 [LOG] Response received, transaction 3807, function 0x03, 4 bytes PDU
2026-09-16 15:45:35 [LOG] Reading 0x2430 = 0
2026-09-16 15:45:35 [LOG] Request sent, transaction 3808, function 0x03, 12 bytes
2026-09-16 15:45:35 [LOG] Response received, transaction 3808, function 0x03, 4 bytes PDU
2026-09-16 15:45:35 [LOG] Reading 0x2431 = 0
2026-09-16 15:45:35 [LOG] Request sent, transaction 3809, function 0x03, 12 bytes
2026-09-16 15:45:35 [LOG] Response received, transaction 3809, function 0x03, 4 bytes PDU
2026-09-16 15:45:35 [LOG] Reading 0x2432 = 0
2026-09-16 15:45:35 [LOG] Request sent, transaction 3810, function 0x03, 12 bytes
2026-09-16 15:45:35 [LOG] Response received, transaction 3810, function 0x03, 4 bytes PDU
2026-09-16 15:45:35 [LOG] Reading 0x2433 = 0
2026-09-16 15:45:35 [LOG] Request sent, transaction 3811, function 0x03, 12 bytes
2026-09-16 15:45:35 [LOG] Response received, transaction 3811, function 0x03, 4 bytes PDU
2026-09-16 15:45:35 [LOG] Reading 0x2434 = 0
2026-09-16 15:45:35 No connected clients to send
